Area Code,Area Code (M49),Area,Item Code,Item Code (CPC),Item,Element Code,Element,Unit,Y1961,Y1961F,Y1961N,Y1962,Y1962F,Y1962N,Y1963,Y1963F,Y1963N,Y1964,Y1964F,Y1964N,Y1965,Y1965F,Y1965N,Y1966,Y1966F,Y1966N,Y1967,Y1967F,Y1967N,Y1968,Y1968F,Y1968N,Y1969,Y1969F,Y1969N,Y1970,Y1970F,Y1970N,Y1971,Y1971F,Y1971N,Y1972,Y1972F,Y1972N,Y1973,Y1973F,Y1973N,Y1974,Y1974F,Y1974N,Y1975,Y1975F,Y1975N,Y1976,Y1976F,Y1976N,Y1977,Y1977F,Y1977N,Y1978,Y1978F,Y1978N,Y1979,Y1979F,Y1979N,Y1980,Y1980F,Y1980N,Y1981,Y1981F,Y1981N,Y1982,Y1982F,Y1982N,Y1983,Y1983F,Y1983N,Y1984,Y1984F,Y1984N,Y1985,Y1985F,Y1985N,Y1986,Y1986F,Y1986N,Y1987,Y1987F,Y1987N,Y1988,Y1988F,Y1988N,Y1989,Y1989F,Y1989N,Y1990,Y1990F,Y1990N,Y1991,Y1991F,Y1991N,Y1992,Y1992F,Y1992N,Y1993,Y1993F,Y1993N,Y1994,Y1994F,Y1994N,Y1995,Y1995F,Y1995N,Y1996,Y1996F,Y1996N,Y1997,Y1997F,Y1997N,Y1998,Y1998F,Y1998N,Y1999,Y1999F,Y1999N,Y2000,Y2000F,Y2000N,Y2001,Y2001F,Y2001N,Y2002,Y2002F,Y2002N,Y2003,Y2003F,Y2003N,Y2004,Y2004F,Y2004N,Y2005,Y2005F,Y2005N,Y2006,Y2006F,Y2006N,Y2007,Y2007F,Y2007N,Y2008,Y2008F,Y2008N,Y2009,Y2009F,Y2009N,Y2010,Y2010F,Y2010N,Y2011,Y2011F,Y2011N,Y2012,Y2012F,Y2012N,Y2013,Y2013F,Y2013N,Y2014,Y2014F,Y2014N,Y2015,Y2015F,Y2015N,Y2016,Y2016F,Y2016N,Y2017,Y2017F,Y2017N,Y2018,Y2018F,Y2018N,Y2019,Y2019F,Y2019N,Y2020,Y2020F,Y2020N,Y2021,Y2021F,Y2021N,Y2022,Y2022F,Y2022N,Y2023,Y2023F,Y2023N,Y2024,Y2024F,Y2024N
2,'004,Afghanistan,656,'01610,"Coffee, green",5610,Import quantity,t,0.0,A,,0.0,A,,0.0,A,,0.0,A,,0.0,A,,1.0,A,,1.0,A,,1.0,A,,1.0,A,,3.0,A,,1.0,A,,1.0,A,,1.0,A,,1.0,A,,0.0,A,,2.0,A,,0.0,A,,2.0,A,,2.0,A,,15.0,A,,0.0,A,,0.0,A,,0.0,A,,0.0,A,,0.0,A,,0.0,A,,0.0,A,,0.0,A,,0.0,A,,0.0,A,,0.0,A,,0.0,A,,0.0,A,,0.0,A,,0.0,A,,0.0,A,,80.0,X,Estimated data using trading partners database,0.0,I,,90.0,X,Estimated data using trading partners database,20.0,X,Estimated data using trading partners database,0.0,I,,0.0,E,,117.0,X,Estimated data using trading partners database,0.0,X,Estimated data using trading partners database,15.0,X,Estimated data using trading partners database,1.0,X,Estimated data using trading partners database,1.0,E,,1.0,E,,0.0,X,Estimated data using trading partners database,0.0,E,,0.0,X,Estimated data using trading partners database,0.0,E,,0.0,E,,15.54,X,Estimated data using trading partners database,41.99,X,Estimated data using trading partners database,0.08,X,Estimated data using trading partners database,18.1,A,,33.24,A,,78.81,A,,13.91,X,Estimated data using trading partners database,4.99,X,Estimated data using trading partners database,32.22,X,Estimated data using trading partners database,93.32,X,Estimated data using trading partners database,,,
2,'004,Afghanistan,656,'01610,"Coffee, green",5622,Import value,1000 USD,0.0,A,,0.0,A,,0.0,A,,0.0,A,,0.0,A,,1.0,A,,1.0,A,,1.0,A,,1.0,A,,4.0,A,,2.0,A,,3.0,A,,2.0,A,,12.0,A,,0.0,A,,8.0,A,,0.0,A,,10.0,A,,13.0,A,,59.0,A,,0.0,A,,0.0,A,,0.0,A,,0.0,A,,0.0,A,,0.0,A,,0.0,A,,0.0,A,,0.0,A,,0.0,A,,0.0,A,,0.0,A,,0.0,A,,0.0,A,,0.0,A,,0.0,A,,130.0,I,,0.0,I,,140.0,I,,50.0,I,,0.0,I,,0.0,E,,280.0,X,Estimated data using trading partners database,1.0,X,Estimated data using trading partners database,48.0,X,Estimated data using trading partners database,9.0,X,Estimated data using trading partners database,9.0,E,,9.0,E,,0.0,X,Estimated data using trading partners database,0.0,E,,0.0,X,Estimated data using trading partners database,0.0,E,,0.0,E,,40.0,X,Estimated data using trading partners database,241.0,X,Estimated data using trading partners database,1.0,X,Estimated data using trading partners database,62.0,A,,289.0,A,,383.0,A,,143.0,X,Estimated data using trading partners database,43.0,X,Estimated data using trading partners database,70.0,X,Estimated data using trading partners database,331.0,X,Estimated data using trading partners database,,,
2,'004,Afghanistan,656,'01610,"Coffee, green",5910,Export quantity,t,,,,,,,,,,,,,,,,,,,,,,,,,,,,,,,,,,,,,,,,,,,,,,,,,,,,,,,,,,,,,,,,,,,,,,,,,,,,,,,,,,,,,,,,,,,,,,,,,,,,,,,,,,,,,,,,,,,,,,,,,,,,,,,,,,,,,,,,,,,,,,,,,,,,,,,,,,,,,,,,,,,,,,,,,,,,,,,,,,0.01,X,Estimated data using trading partners database,0.0,X,Estimated data using trading partners database,0.27,X,Estimated data using trading partners database,0.03,X,Estimated data using trading partners database,0.0,X,Estimated data using trading partners database
2,'004,Afghanistan,656,'01610,"Coffee, green",5922,Export value,1000 USD,,,,,,,,,,,,,,,,,,,,,,,,,,,,,,,,,,,,,,,,,,,,,,,,,,,,,,,,,,,,,,,,,,,,,,,,,,,,,,,,,,,,,,,,,,,,,,,,,,,,,,,,,,,,,,,,,,,,,,,,,,,,,,,,,,,,,,,,,,,,,,,,,,,,,,,,,,,,,,,,,,,,,,,,,,,,,,,,,,0.0,X,Estimated data using trading partners database,0.0,X,Estimated data using trading partners database,0.0,X,Estimated data using trading partners database,0.0,X,Estimated data using trading partners database,0.0,X,Estimated data using trading partners database
3,'008,Albania,656,'01610,"Coffee, green",5610,Import quantity,t,0.0,A,,0.0,A,,0.0,A,,0.0,A,,0.0,A,,0.0,A,,0.0,A,,0.0,A,,0.0,A,,0.0,A,,0.0,A,,0.0,A,,0.0,A,,0.0,A,,0.0,A,,0.0,A,,0.0,A,,0.0,A,,0.0,A,,0.0,A,,0.0,A,,0.0,A,,0.0,A,,0.0,A,,811.0,A,,1285.0,A,,741.0,A,,1147.0,A,,1458.0,A,,1705.0,A,,1500.0,I,,2000.0,I,,3598.0,A,,2600.0,X,Estimated data using trading partners database,2200.0,X,Estimated data using trading partners database,617.0,A,,80.0,A,,157.0,A,,2209.0,A,,3537.0,A,,3932.0,A,,3473.0,A,,3689.0,A,,3320.0,A,,2956.0,A,,4781.0,A,,5015.0,A,,5129.0,A,,5277.0,A,,4657.0,A,,4922.0,A,,5189.0,A,,5216.0,A,,4199.23,A,,6375.55,A,,6363.61,A,,3176.32,A,,4666.34,A,,4377.43,A,,5404.38,A,,4701.72,A,,3057.59,X,Estimated data using trading partners database,5450.32,A,,5323.72,A,
3,'008,Albania,656,'01610,"Coffee, green",5622,Import value,1000 USD,0.0,A,,0.0,A,,0.0,A,,0.0,A,,0.0,A,,0.0,A,,0.0,A,,0.0,A,,0.0,A,,0.0,A,,0.0,A,,0.0,A,,0.0,A,,0.0,A,,0.0,A,,0.0,A,,0.0,A,,0.0,A,,0.0,A,,0.0,A,,0.0,A,,0.0,A,,0.0,A,,0.0,A,,2300.0,I,,5400.0,I,,2200.0,I,,3200.0,I,,3700.0,I,,2800.0,I,,2300.0,I,,4000.0,I,,6800.0,X,Estimated data using trading partners database,9100.0,X,Estimated data using trading partners database,9500.0,X,Estimated data using trading partners database,1400.0,A,,182.0,A,,381.0,A,,1948.0,A,,4173.0,A,,4795.0,A,,3933.0,A,,4915.0,A,,5135.0,A,,4774.0,A,,8376.0,A,,10175.0,A,,13545.0,A,,13922.0,A,,11908.0,A,,15311.0,A,,15964.0,A,,16404.0,A,,11698.0,A,,15358.0,A,,14750.0,A,,8945.0,A,,11623.0,A,,9612.0,A,,12455.0,A,,12229.0,A,,9602.0,X,Estimated data using trading partners database,17897.0,A,,24545.0,A,
3,'008,Albania,656,'01610,"Coffee, green",5910,Export quantity,t,,,,,,,,,,,,,,,,,,,,,,,,,,,,,,,,,,,,,,,,,,,,,,,,,,,,,,,,,,,,,,,,,,,,,,,,,,,,,,,,,,,,,,,,,,,,,,,,,,,,,,,,,,,,,,,,,,,2.0,A,,,,,,,,,,,,,,,,,,,,10.0,A,,2.0,A,,7.0,A,,49.0,A,,15.0,A,,0.0,X,Estimated data using trading partners database,0.0,E,,0.0,E,,,,,,,,,,,,,,,,,,,,,,,,,,5.2,X,Estimated data using trading partners database,,,,,,
3,'008,Albania,656,'01610,"Coffee, green",5922,Export value,1000 USD,,,,,,,,,,,,,,,,,,,,,,,,,,,,,,,,,,,,,,,,,,,,,,,,,,,,,,,,,,,,,,,,,,,,,,,,,,,,,,,,,,,,,,,,,,,,,,,,,,,,,,,,,,,,,,,,,,,6.0,A,,,,,,,,,,,,,,,,,,,,26.0,A,,8.0,A,,43.0,A,,294.0,A,,50.0,A,,0.0,X,Estimated data using trading partners database,0.0,E,,0.0,E,,,,,,,,,,,,,,,,,,,,,,,,,,32.0,X,Estimated data using trading partners database,,,,,,
4,'012,Algeria,656,'01610,"Coffee, green",5610,Import quantity,t,27183.0,A,,27772.0,A,,22413.0,A,,33908.0,A,,34653.0,A,,10000.0,A,,21000.0,A,,27055.0,A,,20251.0,A,,15258.0,A,,8051.0,A,,10503.0,A,,12056.0,A,,28975.0,A,,33717.0,A,,39651.0,A,,45179.0,A,,69517.0,A,,53960.0,A,,65192.0,A,,84228.0,A,,47470.0,A,,92659.0,A,,70544.0,A,,79575.0,A,,35890.0,A,,110931.0,A,,45579.0,A,,104308.0,A,,62938.0,A,,106936.0,A,,48434.0,A,,88195.0,A,,103717.0,A,,52273.0,A,,71874.0,A,,87539.0,A,,83911.0,A,,90880.0,A,,106505.0,A,,87026.0,A,,110586.0,A,,104814.0,A,,128994.0,A,,112804.0,A,,109792.0,A,,117000.0,A,,125786.0,A,,122775.0,A,,69159.0,X,Estimated data using trading partners database,115684.0,A,,126461.0,A,,126643.0,A,,128236.68,A,,128732.82,A,,138298.05,A,,130311.85,A,,115000.0,E,,121434.21,X,Estimated data using trading partners database,125889.43,I,,141949.43,X,Estimated data using trading partners database,100014.86,X,Estimated data using trading partners database,142842.06,X,Estimated data using trading partners database,71396.16,X,Estimated data using trading partners database
4,'012,Algeria,656,'01610,"Coffee, green",5622,Import value,1000 USD,16593.0,X,Estimated data using trading partners database,18882.0,X,Estimated data using trading partners database,12930.0,X,Estimated data using trading partners database,25384.0,X,Estimated data using trading partners database,24987.0,A,,5500.0,I,,12000.0,I,,14632.0,A,,15832.0,A,,8482.0,A,,4311.0,A,,6016.0,A,,11563.0,A,,35451.0,A,,42463.0,A,,83449.0,A,,207653.0,A,,260180.0,A,,181559.0,A,,250271.0,A,,220383.0,A,,104043.0,A,,200661.0,A,,130440.0,A,,129767.0,A,,117458.0,A,,294805.0,A,,98796.0,A,,165976.0,A,,85090.0,A,,148104.0,A,,54655.0,A,,105742.0,A,,323114.0,A,,168532.0,A,,132325.0,A,,117705.0,A,,159776.0,A,,150340.0,A,,123352.0,A,,64456.0,A,,69340.0,A,,97458.0,A,,112401.0,A,,126242.0,A,,152727.0,A,,221090.0,A,,302325.0,A,,230567.0,A,,119530.0,X,Estimated data using trading partners database,310112.0,A,,336037.0,A,,311449.0,A,,301777.0,A,,292305.0,A,,301189.0,A,,325349.0,A,,264500.0,E,,219582.0,X,Estimated data using trading partners database,210771.0,X,Estimated data using trading partners database,270195.0,X,Estimated data using trading partners database,217403.0,X,Estimated data using trading partners database,354936.0,X,Estimated data using trading partners database,251460.0,X,Estimated data using trading partners database
4,'012,Algeria,656,'01610,"Coffee, green",5910,Export quantity,t,0.0,A,,0.0,A,,0.0,A,,0.0,A,,0.0,A,,0.0,A,,0.0,A,,0.0,A,,1.0,A,,0.0,A,,0.0,A,,0.0,A,,0.0,A,,0.0,A,,1210.0,A,,294.0,A,,0.0,A,,0.0,A,,0.0,A,,0.0,A,,0.0,A,,0.0,A,,0.0,A,,0.0,A,,0.0,A,,0.0,A,,0.0,A,,0.0,A,,0.0,A,,1161.0,A,,0.0,I,,0.0,A,,0.0,A,,0.0,X,Estimated data using trading partners database,0.0,E,,0.0,E,,0.0,A,,114.0,A,,0.0,A,,0.0,A,,0.0,A,,0.0,E,,54.0,A,,0.0,X,Estimated data using trading partners database,1.0,A,,0.0,X,Estimated data using trading partners database,0.0,E,,1.0,A,,1.0,E,,1.0,E,,0.0,X,Estimated data using trading partners database,5.0,A,,0.0,X,Estimated data using trading partners database,,,,,,,,,,0.55,A,,4.09,X,Estimated data using trading partners database,0.35,X,Estimated data using trading partners database,0.08,X,Estimated data using trading partners database,439.76,X,Estimated data using trading partners database,1.04,X,Estimated data using trading partners database,2.92,X,Estimated data using trading partners database,17.43,X,Estimated data using trading partners database
4,'012,Algeria,656,'01610,"Coffee, green",5922,Export value,1000 USD,0.0,A,,0.0,A,,0.0,A,,0.0,A,,0.0,A,,0.0,A,,0.0,A,,0.0,A,,0.0,A,,0.0,A,,0.0,A,,0.0,A,,0.0,A,,0.0,A,,1438.0,A,,287.0,A,,0.0,A,,0.0,A,,0.0,A,,0.0,A,,0.0,A,,0.0,A,,0.0,A,,0.0,A,,0.0,A,,0.0,A,,0.0,A,,0.0,A,,0.0,A,,1503.0,A,,0.0,A,,0.0,A,,0.0,A,,0.0,X,Estimated data using trading partners database,0.0,E,,0.0,E,,0.0,A,,211.0,A,,0.0,A,,0.0,A,,0.0,A,,0.0,E,,47.0,A,,0.0,X,Estimated data using trading partners database,2.0,A,,0.0,X,Estimated data using trading partners database,0.0,E,,5.0,A,,5.0,E,,5.0,E,,0.0,X,Estimated data using trading partners database,31.0,A,,0.0,X,Estimated data using trading partners database,,,,,,,,,,2.0,A,,9.0,X,Estimated data using trading partners database,0.0,X,Estimated data using trading partners database,1.0,X,Estimated data using trading partners database,540.0,X,Estimated data using trading partners database,3.0,X,Estimated data using trading partners database,8.0,X,Estimated data using trading partners database,13.0,X,Estimated data using trading partners database
7,'024,Angola,656,'01610,"Coffee, green",5610,Import quantity,t,20.0,A,,10.0,A,,10.0,A,,30.0,A,,57.0,A,,48.0,A,,14.0,A,,16.0,A,,6.0,A,,9.0,A,,9.0,A,,4.0,A,,0.0,A,,5.0,A,,0.0,A,,0.0,A,,0.0,A,,0.0,A,,0.0,A,,0.0,A,,0.0,A,,0.0,A,,0.0,A,,0.0,A,,0.0,A,,0.0,A,,0.0,A,,0.0,A,,0.0,A,,0.0,A,,0.0,A,,0.0,A,,0.0,A,,0.0,E,,0.0,E,,0.0,E,,0.0,E,,0.0,E,,0.0,E,,0.0,E,,0.0,E,,117.0,X,Estimated data using trading partners database,77.0,X,Estimated data using trading partners database,76.0,X,Estimated data using trading partners database,41.0,X,Estimated data using trading partners database,25.0,X,Estimated data using trading partners database,17.0,X,Estimated data using trading partners database,50.0,X,Estimated data using trading partners database,47.0,X,Estimated data using trading partners database,27.0,X,Estimated data using trading partners database,54.0,X,Estimated data using trading partners database,57.0,X,Estimated data using trading partners database,38.0,X,Estimated data using trading partners database,38.13,X,Estimated data using trading partners database,144.63,X,Estimated data using trading partners database,150.71,X,Estimated data using trading partners database,23.38,X,Estimated data using trading partners database,25.0,E,,38.23,A,,28.89,A,,35.01,A,,40.29,A,,40.15,A,,43.79,A,
7,'024,Angola,656,'01610,"Coffee, green",5622,Import value,1000 USD,30.0,A,,20.0,A,,10.0,A,,20.0,A,,26.0,A,,18.0,A,,12.0,A,,25.0,A,,8.0,A,,13.0,A,,16.0,A,,8.0,A,,0.0,A,,10.0,A,,0.0,A,,0.0,A,,0.0,A,,0.0,A,,0.0,A,,0.0,A,,0.0,A,,0.0,A,,0.0,A,,0.0,A,,0.0,A,,0.0,A,,0.0,A,,0.0,A,,0.0,A,,0.0,A,,0.0,A,,0.0,A,,0.0,A,,0.0,E,,0.0,E,,0.0,E,,0.0,E,,0.0,E,,0.0,E,,0.0,E,,0.0,E,,150.0,X,Estimated data using trading partners database,164.0,X,Estimated data using trading partners database,128.0,X,Estimated data using trading partners database,143.0,X,Estimated data using trading partners database,192.0,X,Estimated data using trading partners database,179.0,X,Estimated data using trading partners database,343.0,X,Estimated data using trading partners database,183.0,X,Estimated data using trading partners database,180.0,X,Estimated data using trading partners database,271.0,X,Estimated data using trading partners database,330.0,X,Estimated data using trading partners database,231.0,X,Estimated data using trading partners database,222.0,X,Estimated data using trading partners database,407.0,X,Estimated data using trading partners database,306.0,X,Estimated data using trading partners database,130.0,X,Estimated data using trading partners database,202.0,X,Estimated data using trading partners database,233.0,A,,302.0,A,,142.0,A,,183.0,A,,297.0,A,,150.0,A,
7,'024,Angola,656,'01610,"Coffee, green",5910,Export quantity,t,118210.0,A,,164210.0,A,,137930.0,A,,138810.0,A,,159170.0,A,,156412.0,A,,196507.0,A,,188576.0,A,,182943.0,A,,180581.0,A,,181550.0,A,,176855.0,A,,218655.0,A,,217546.0,A,,159900.0,X,Estimated data using trading partners database,83700.0,X,Estimated data using trading partners database,62300.0,X,Estimated data using trading partners database,76769.0,A,,48507.0,A,,47218.0,A,,44634.0,A,,45650.0,X,Estimated data using trading partners database,26640.0,A,,22750.0,X,Estimated data using trading partners database,18660.0,X,Estimated data using trading partners database,18612.0,A,,16127.0,A,,10650.0,A,,7500.0,A,,5061.0,A,,4534.0,A,,4875.0,A,,1570.0,A,,269.0,A,,2460.0,X,Estimated data using trading partners database,3100.0,X,Estimated data using trading partners database,3000.0,X,Estimated data using trading partners database,3200.0,X,Estimated data using trading partners database,3000.0,X,Estimated data using trading partners database,2700.0,X,Estimated data using trading partners database,1000.0,X,Estimated data using trading partners database,525.0,X,Estimated data using trading partners database,846.0,X,Estimated data using trading partners database,712.0,X,Estimated data using trading partners database,427.0,X,Estimated data using trading partners database,398.0,X,Estimated data using trading partners database,222.0,X,Estimated data using trading partners database,337.0,X,Estimated data using trading partners database,428.0,X,Estimated data using trading partners database,268.0,X,Estimated data using trading partners database,385.0,X,Estimated data using trading partners database,489.0,X,Estimated data using trading partners database,218.0,X,Estimated data using trading partners database,375.9,X,Estimated data using trading partners database,630.0,E,,446.33,X,Estimated data using trading partners database,526.2,X,Estimated data using trading partners database,537.33,X,Estimated data using trading partners database,1311.68,A,,561.64,A,,1004.26,I,,,,,815.05,A,,1348.33,X,Estimated data using trading partners database
7,'024,Angola,656,'01610,"Coffee, green",5922,Export value,1000 USD,48670.0,A,,66070.0,A,,66230.0,A,,99510.0,A,,93470.0,A,,106380.0,A,,123367.0,A,,122803.0,A,,112589.0,A,,134978.0,A,,142598.0,A,,140743.0,A,,210440.0,A,,247360.0,A,,153900.0,X,Estimated data using trading partners database,149000.0,X,Estimated data using trading partners database,253600.0,X,Estimated data using trading partners database,224650.0,A,,154512.0,A,,163782.0,A,,97418.0,A,,94700.0,X,Estimated data using trading partners database,71910.0,A,,80790.0,A,,67353.0,A,,52407.0,A,,34100.0,A,,19000.0,A,,12100.0,A,,4621.0,A,,3903.0,A,,3520.0,A,,2000.0,A,,300.0,A,,4100.0,X,Estimated data using trading partners database,3900.0,X,Estimated data using trading partners database,3500.0,X,Estimated data using trading partners database,3800.0,X,Estimated data using trading partners database,2700.0,X,Estimated data using trading partners database,1400.0,I,,930.0,X,Estimated data using trading partners database,359.0,X,Estimated data using trading partners database,728.0,X,Estimated data using trading partners database,600.0,X,Estimated data using trading partners database,424.0,X,Estimated data using trading partners database,484.0,X,Estimated data using trading partners database,358.0,X,Estimated data using trading partners database,771.0,X,Estimated data using trading partners database,851.0,X,Estimated data using trading partners database,476.0,X,Estimated data using trading partners database,792.0,X,Estimated data using trading partners database,1004.0,X,Estimated data using trading partners database,412.0,X,Estimated data using trading partners database,661.0,X,Estimated data using trading partners database,1100.0,A,,732.0,X,Estimated data using trading partners database,915.0,X,Estimated data using trading partners database,954.0,X,Estimated data using trading partners database,2055.0,A,,885.0,A,,1535.0,A,,,,,1871.0,A,,3575.0,A,
8,'028,Antigua and Barbuda,656,'01610,"Coffee, green",5610,Import quantity,t,,,,,,,,,,,,,,,,,,,,,,,,,,,,,,,,,,,,,,,,,,,,,,,,,,,,,,,,,,,,,,,,,,,,,,,,,,,,,,,,,,,,,,,,,,,,,,,,,,,,,,,,,,,,,,,,,,,,,,,,,,,,,,,,,,,,,21.0,A,,0.0,X,Estimated data using trading partners database,0.0,X,Estimated data using trading partners database,0.0,E,,0.0,E,,22.0,X,Estimated data using trading partners database,21.0,A,,220.0,A,,17.0,A,,25.64,A,,26.09,A,,22.3,A,,38.21,A,,46.29,A,,39.65,A,,27.56,A,,35.4,A,,47.79,A,,20.03,A,,22.69,A,
8,'028,Antigua and Barbuda,656,'01610,"Coffee, green",5622,Import value,1000 USD,,,,,,,,,,,,,,,,,,,,,,,,,,,,,,,,,,,,,,,,,,,,,,,,,,,,,,,,,,,,,,,,,,,,,,,,,,,,,,,,,,,,,,,,,,,,,,,,,,,,,,,,,,,,,,,,,,,,,,,,,,,,,,,,,,,,,77.0,A,,1.0,X,Estimated data using trading partners database,1.0,X,Estimated data using trading partners database,3.0,X,Estimated data using trading partners database,3.0,E,,58.0,X,Estimated data using trading partners database,131.0,A,,545.0,A,,159.0,A,,160.0,A,,239.0,A,,171.0,A,,249.0,A,,327.0,A,,266.0,A,,158.0,A,,254.0,A,,267.0,A,,166.0,A,,193.0,A,
8,'028,Antigua and Barbuda,656,'01610,"Coffee, green",5910,Export quantity,t,,,,,,,,,,,,,,,,,,,,,,,,,,,,,,,,,,,,,,,,,,,,,,,,,,,,,,,,,,,,,,,,,,,,,,,,,,,,,,,,,,,,,,,,,,,,,,,,,,,,,,,,,,,,,,,,,,,,,,,,,,,,,,,,,,,,,,,,,,,,,,,,,,,,,,,1.0,A,,0.0,X,Estimated data using trading partners database,0.0,E,,,,,0.09,A,,,,,0.38,A,,,,,,,,,,,,,,,,,,,,,,
8,'028,Antigua and Barbuda,656,'01610,"Coffee, green",5922,Export value,1000 USD,,,,,,,,,,,,,,,,,,,,,,,,,,,,,,,,,,,,,,,,,,,,,,,,,,,,,,,,,,,,,,,,,,,,,,,,,,,,,,,,,,,,,,,,,,,,,,,,,,,,,,,,,,,,,,,,,,,,,,,,,,,,,,,,,,,,,,,,,,,,,,,,,,,,,,,1.0,A,,0.0,X,Estimated data using trading partners database,0.0,E,,,,,6.0,A,,,,,15.0,A,,,,,,,,,,,,,,,,,,,,,,
9,'032,Argentina,656,'01610,"Coffee, green",5610,Import quantity,t,34966.0,A,,29152.0,A,,29115.0,A,,31409.0,A,,29722.0,A,,37398.0,A,,32848.0,A,,31173.0,A,,44413.0,A,,34200.0,A,,33790.0,A,,39065.0,A,,35789.0,A,,43081.0,A,,40052.0,A,,29643.0,A,,18017.0,A,,22405.0,A,,35964.0,A,,30291.0,A,,33468.0,A,,40153.0,A,,36062.0,A,,41051.0,A,,29735.0,A,,32750.0,A,,33652.0,A,,34372.0,A,,29966.0,A,,30067.0,A,,33725.0,A,,39735.0,A,,35690.0,A,,33945.0,A,,35057.0,A,,40170.0,A,,41537.0,A,,35471.0,A,,35311.0,A,,34118.71,A,,29569.0,A,,25749.0,A,,30045.0,A,,30846.0,A,,30685.0,A,,29188.0,A,,31854.0,A,,28634.0,A,,28653.0,A,,31026.0,A,,28747.0,A,,31942.0,A,,33379.0,A,,24172.56,A,,30163.9,A,,24619.86,A,,30409.21,A,,27597.87,A,,29452.51,A,,27894.34,A,,25906.39,A,,32231.97,A,,31817.03,A,,24508.85,A,
9,'032,Argentina,656,'01610,"Coffee, green",5622,Import value,1000 USD,20042.0,A,,17316.0,A,,17528.0,A,,26338.0,A,,25487.0,A,,30058.0,A,,24773.0,A,,21544.0,A,,31724.0,A,,35600.0,A,,30825.0,A,,37872.0,A,,47635.0,A,,64284.0,A,,63076.0,A,,76226.0,A,,105888.0,A,,75368.0,A,,109647.0,A,,105115.0,A,,77511.0,A,,79280.0,A,,59230.0,A,,58017.0,A,,62560.0,A,,142624.0,A,,71666.0,A,,64093.0,A,,48420.0,A,,36756.0,A,,39193.0,A,,41563.0,A,,44417.0,A,,83324.0,A,,109529.0,A,,100099.0,A,,105711.0,A,,88764.0,A,,59332.0,A,,54561.0,A,,30883.0,A,,19373.0,A,,27772.0,A,,36113.0,A,,47799.0,A,,51066.0,A,,69850.0,A,,75701.0,A,,60147.0,A,,73389.0,A,,98315.0,A,,105795.0,A,,86144.0,A,,61201.0,A,,74305.0,A,,56672.0,A,,83223.0,A,,64313.0,A,,55665.0,A,,49326.0,A,,66045.0,A,,134467.0,A,,114955.0,A,,118278.0,A,
9,'032,Argentina,656,'01610,"Coffee, green",5910,Export quantity,t,0.0,A,,0.0,A,,21.0,A,,19.0,A,,0.0,A,,0.0,A,,42.0,A,,0.0,A,,21.0,A,,0.0,A,,17.0,A,,0.0,A,,0.0,A,,0.0,A,,0.0,A,,0.0,A,,0.0,A,,0.0,A,,0.0,A,,0.0,A,,69.0,A,,0.0,A,,0.0,A,,127.0,A,,239.0,A,,35.0,A,,0.0,A,,6.0,A,,182.0,A,,864.0,A,,177.0,A,,0.0,X,Estimated data using trading partners database,0.0,A,,0.0,X,Estimated data using trading partners database,1.0,A,,14.0,A,,1.0,A,,0.0,A,,0.0,X,Estimated data using trading partners database,0.02,A,,1.0,A,,0.0,X,Estimated data using trading partners database,0.0,I,,0.0,E,,4.0,A,,0.0,X,Estimated data using trading partners database,0.0,E,,0.0,E,,0.0,E,,0.0,E,,0.0,E,,0.0,E,,0.0,E,,,,,0.7,A,,1.82,A,,1.1,A,,,,,,,,,,,,,,,,,,,,,,
9,'032,Argentina,656,'01610,"Coffee, green",5922,Export value,1000 USD,0.0,A,,0.0,A,,15.0,A,,14.0,A,,0.0,A,,0.0,A,,50.0,A,,0.0,A,,19.0,A,,0.0,A,,19.0,A,,0.0,A,,0.0,A,,0.0,A,,0.0,A,,0.0,A,,0.0,A,,0.0,A,,0.0,A,,0.0,A,,182.0,A,,0.0,A,,0.0,A,,211.0,A,,421.0,A,,105.0,A,,0.0,A,,12.0,A,,139.0,A,,166.0,A,,62.0,A,,0.0,X,Estimated data using trading partners database,0.0,A,,0.0,X,Estimated data using trading partners database,5.0,A,,37.0,A,,4.0,A,,0.0,A,,0.0,X,Estimated data using trading partners database,0.0,A,,2.0,A,,0.0,X,Estimated data using trading partners database,0.0,E,,0.0,E,,9.0,A,,0.0,X,Estimated data using trading partners database,0.0,E,,0.0,E,,0.0,E,,0.0,E,,0.0,E,,0.0,E,,0.0,E,,,,,5.0,A,,12.0,A,,9.0,A,,,,,,,,,,,,,,,,,,,,,,
1,'051,Armenia,656,'01610,"Coffee, green",5610,Import quantity,t,,,,,,,,,,,,,,,,,,,,,,,,,,,,,,,,,,,,,,,,,,,,,,,,,,,,,,,,,,,,,,,,,,,,,,,,,,,,,,,,,,,,,,,,,,,,,,,,,,,,,,,523.0,A,,1849.0,A,,3425.0,A,,3600.0,I,,6811.0,A,,7830.0,A,,10184.0,A,,10309.0,A,,9998.0,A,,9338.0,A,,10832.0,A,,9752.0,A,,10805.0,A,,11535.0,A,,10494.0,A,,11485.0,A,,10828.0,A,,10494.0,A,,11463.0,A,,10855.52,A,,11302.09,A,,11498.0,A,,10634.78,A,,11680.94,A,,12412.04,A,,11778.12,A,,12045.04,A,,15045.74,A,,15619.09,A,,11801.78,A,
1,'051,Armenia,656,'01610,"Coffee, green",5622,Import value,1000 USD,,,,,,,,,,,,,,,,,,,,,,,,,,,,,,,,,,,,,,,,,,,,,,,,,,,,,,,,,,,,,,,,,,,,,,,,,,,,,,,,,,,,,,,,,,,,,,,,,,,,,,,2483.0,A,,5085.0,A,,5037.0,A,,6400.0,I,,12204.0,A,,13428.0,A,,13710.0,A,,8536.0,A,,7934.0,A,,9754.0,A,,12868.0,A,,13239.0,A,,19474.0,A,,28263.0,A,,22407.0,A,,24298.0,A,,26199.0,A,,25190.0,A,,24890.0,A,,23568.0,A,,24079.0,A,,23927.0,A,,24095.0,A,,23749.0,A,,22596.0,A,,20909.0,A,,25677.0,A,,40173.0,A,,43698.0,A,,53708.0,A,
1,'051,Armenia,656,'01610,"Coffee, green",5910,Export quantity,t,,,,,,,,,,,,,,,,,,,,,,,,,,,,,,,,,,,,,,,,,,,,,,,,,,,,,,,,,,,,,,,,,,,,,,,,,,,,,,,,,,,,,,,,,,,,,,,,,,,,,,,,,,,,,,,,,,,19.0,A,,40.42,A,,0.0,A,,244.0,A,,862.0,A,,2585.0,A,,2669.0,A,,3164.0,A,,3721.0,A,,3241.0,A,,1703.0,A,,135.0,A,,0.0,A,,2.0,A,,0.0,X,Estimated data using trading partners database,122.55,A,,461.65,A,,28.0,A,,136.43,A,,223.14,A,,85.83,A,,223.65,A,,417.35,A,,1438.71,A,,1658.4,A,,790.92,A,
1,'051,Armenia,656,'01610,"Coffee, green",5922,Export value,1000 USD,,,,,,,,,,,,,,,,,,,,,,,,,,,,,,,,,,,,,,,,,,,,,,,,,,,,,,,,,,,,,,,,,,,,,,,,,,,,,,,,,,,,,,,,,,,,,,,,,,,,,,,,,,,,,,,,,,,55.0,A,,109.0,A,,0.0,A,,193.0,A,,482.0,A,,2277.0,A,,3361.0,A,,4225.0,A,,6662.0,A,,6945.0,A,,3890.0,A,,315.0,A,,0.0,A,,17.0,A,,0.0,X,Estimated data using trading partners database,243.0,A,,939.0,A,,49.0,A,,165.0,A,,299.0,A,,113.0,A,,414.0,A,,749.0,A,,5239.0,A,,5223.0,A,,3802.0,A,
10,'036,Australia,656,'01610,"Coffee, green",5610,Import quantity,t,11566.0,A,,9110.0,A,,10796.0,A,,13738.0,A,,14581.0,A,,13943.0,A,,17042.0,A,,16577.0,A,,19399.0,A,,21541.0,A,,22604.0,A,,22389.0,A,,23791.0,A,,26578.0,A,,27733.0,A,,25664.0,A,,28613.0,A,,22417.0,A,,28453.0,A,,33220.0,A,,31466.0,A,,34042.0,A,,31515.0,A,,30077.0,A,,29571.0,A,,31006.0,A,,28200.0,A,,34212.0,A,,31509.0,A,,32998.0,A,,37827.0,A,,37835.0,A,,40753.0,A,,46593.0,X,Estimated data using trading partners database,74300.0,X,Estimated data using trading partners database,46944.0,A,,50000.0,X,Estimated data using trading partners database,43000.0,X,Estimated data using trading partners database,51017.0,A,,32427.0,X,Estimated data using trading partners database,23189.0,X,Estimated data using trading partners database,23842.0,X,Estimated data using trading partners database,42358.0,A,,42978.0,A,,51225.0,A,,51259.0,A,,54262.0,A,,54797.0,A,,58179.0,A,,65342.0,A,,66291.0,A,,70826.0,A,,70352.0,X,Estimated data using trading partners database,75323.24,A,,82255.72,A,,83039.32,A,,91375.78,A,,92102.33,A,,95710.92,A,,90625.86,A,,97846.66,A,,105340.38,A,,95778.14,A,,98059.81,A,
10,'036,Australia,656,'01610,"Coffee, green",5622,Import value,1000 USD,7416.0,A,,5740.0,A,,6817.0,A,,9722.0,A,,11095.0,A,,10809.0,A,,12649.0,A,,12010.0,A,,13601.0,A,,15528.0,A,,18981.0,A,,18151.0,A,,23436.0,A,,30484.0,A,,32022.0,A,,37284.0,A,,93000.0,A,,94573.0,A,,80254.0,A,,119204.0,A,,91145.0,A,,79202.0,A,,75440.0,A,,80150.0,A,,81865.0,A,,108867.0,A,,89313.0,A,,83986.0,A,,79959.0,A,,56395.0,A,,57615.0,A,,52001.0,A,,46061.0,A,,58546.0,A,,134222.0,A,,105334.0,A,,122080.0,A,,105119.0,A,,97540.0,A,,75662.0,A,,38319.0,A,,36798.0,A,,47293.0,A,,51912.0,A,,91243.0,A,,100640.0,A,,130895.0,A,,156733.0,A,,149701.0,A,,199061.0,A,,317352.0,A,,300566.0,A,,233376.0,A,,265558.0,A,,289039.0,A,,275585.0,A,,326032.0,A,,298949.0,A,,288351.0,A,,280208.0,A,,352531.0,A,,509413.0,A,,447043.0,A,,478141.0,A,
10,'036,Australia,656,'01610,"Coffee, green",5910,Export quantity,t,60.0,A,,104.0,A,,67.0,A,,100.0,A,,80.0,A,,50.0,A,,17.0,A,,0.0,A,,18.0,A,,155.0,A,,122.0,A,,386.0,A,,128.0,A,,75.0,A,,89.0,A,,100.0,A,,117.0,A,,143.0,A,,33.0,A,,59.0,A,,49.0,A,,119.0,A,,107.0,A,,36.0,A,,54.0,A,,45.0,A,,73.0,A,,52.0,A,,58.0,A,,73.0,A,,158.0,A,,90.0,A,,261.0,A,,475.0,A,,905.0,A,,601.0,A,,1222.0,A,,943.0,A,,2399.0,A,,3002.0,A,,501.0,X,Estimated data using trading partners database,288.0,A,,485.0,A,,590.0,A,,568.0,A,,765.0,A,,637.0,A,,440.0,A,,379.0,A,,506.0,A,,506.0,A,,480.0,A,,538.0,A,,983.23,A,,1076.88,A,,823.78,A,,1359.29,I,,809.66,A,,753.68,A,,1400.7,A,,848.42,A,,536.56,A,,792.23,A,,737.53,A,
10,'036,Australia,656,'01610,"Coffee, green",5922,Export value,1000 USD,53.0,A,,84.0,A,,33.0,A,,84.0,A,,76.0,A,,49.0,A,,16.0,A,,0.0,A,,10.0,A,,116.0,A,,129.0,A,,350.0,A,,166.0,A,,106.0,A,,141.0,A,,153.0,A,,512.0,A,,622.0,A,,60.0,A,,111.0,A,,164.0,A,,623.0,A,,914.0,A,,159.0,A,,209.0,A,,260.0,A,,393.0,A,,285.0,A,,389.0,A,,312.0,A,,603.0,A,,484.0,A,,1687.0,A,,1978.0,A,,5373.0,A,,4155.0,A,,5554.0,A,,4967.0,A,,11599.0,A,,13888.0,A,,2270.0,A,,905.0,A,,1411.0,A,,1961.0,A,,2185.0,A,,3069.0,A,,2856.0,A,,1979.0,A,,1987.0,A,,2370.0,A,,3483.0,A,,2759.0,A,,2750.0,A,,4341.0,A,,5469.0,A,,5094.0,A,,5288.0,A,,5665.0,A,,4265.0,A,,5819.0,A,,5221.0,A,,4401.0,A,,5405.0,A,,5393.0,A,
11,'040,Austria,656,'01610,"Coffee, green",5610,Import quantity,t,13100.0,A,,13470.0,A,,15140.0,A,,17080.0,A,,16920.0,A,,17495.0,A,,18813.0,A,,20541.0,A,,22584.0,A,,20523.0,A,,25907.0,A,,28156.0,A,,24967.0,A,,24785.0,A,,30590.0,A,,31383.0,A,,25293.0,A,,31027.0,A,,39125.0,A,,44570.0,A,,47338.0,A,,56452.0,A,,66530.0,A,,56908.0,A,,63489.0,A,,62457.0,A,,63607.0,A,,74280.0,A,,92167.0,A,,105027.0,A,,113387.0,A,,120365.0,A,,99236.0,A,,76200.0,A,,62295.0,A,,62914.0,A,,66641.0,A,,66356.0,A,,69790.0,A,,50450.0,A,,64608.0,A,,63502.0,A,,64807.0,A,,62428.0,A,,52036.0,A,,65881.0,A,,68960.0,A,,65437.0,A,,27059.0,A,,31650.0,A,,35282.0,A,,36710.0,A,,25796.0,A,,17694.76,A,,16426.24,A,,16134.62,A,,16938.61,A,,16976.12,A,,18090.98,A,,15280.69,A,,13064.93,A,,14507.73,A,,13382.89,A,,12643.89,A,
11,'040,Austria,656,'01610,"Coffee, green",5622,Import value,1000 USD,11190.0,A,,11260.0,A,,12660.0,A,,16220.0,A,,17580.0,A,,18084.0,A,,18290.0,A,,19413.0,A,,21024.0,A,,23773.0,A,,29055.0,A,,31670.0,A,,35965.0,A,,40405.0,A,,46344.0,A,,80319.0,A,,128023.0,A,,127713.0,A,,150027.0,A,,176070.0,A,,142016.0,A,,164699.0,A,,182490.0,A,,168719.0,A,,180882.0,A,,263754.0,A,,186056.0,A,,210627.0,A,,233533.0,A,,174181.0,A,,174179.0,A,,156291.0,A,,126967.0,A,,196913.0,A,,228043.0,A,,170182.0,A,,218741.0,A,,215735.0,A,,151958.0,A,,98438.0,A,,92156.0,A,,72779.0,A,,82688.0,A,,84884.0,A,,92914.0,A,,136761.0,A,,165334.0,A,,187736.0,A,,73485.0,A,,89265.0,A,,143182.0,A,,124111.0,A,,76140.0,A,,55058.0,A,,49505.0,A,,47807.0,A,,51975.0,A,,50817.0,A,,48467.0,A,,43932.0,A,,39536.0,A,,54173.0,A,,53044.0,A,,58924.0,A,
11,'040,Austria,656,'01610,"Coffee, green",5910,Export quantity,t,30.0,A,,30.0,A,,40.0,A,,50.0,A,,70.0,A,,84.0,A,,12.0,A,,1.0,A,,1.0,A,,0.0,A,,1075.0,A,,2456.0,A,,254.0,A,,408.0,A,,257.0,A,,328.0,A,,30.0,A,,1.0,A,,81.0,A,,55.0,A,,567.0,A,,120.0,A,,740.0,A,,1387.0,A,,6497.0,A,,5288.0,A,,3763.0,A,,7727.0,A,,5863.0,A,,2174.0,A,,2504.0,A,,4465.0,A,,6662.0,A,,11540.0,A,,4467.0,A,,1986.0,A,,1085.0,A,,1199.0,A,,525.0,A,,294.0,A,,1697.0,A,,496.0,A,,620.0,A,,1659.0,A,,1355.0,A,,5066.0,A,,1188.0,A,,2093.0,A,,1422.0,A,,542.0,A,,173.0,A,,429.0,A,,253.0,A,,98.65,A,,93.25,A,,180.11,A,,114.35,A,,100.26,A,,105.65,A,,1280.17,A,,1064.26,A,,880.52,A,,454.52,A,,277.58,A,
11,'040,Austria,656,'01610,"Coffee, green",5922,Export value,1000 USD,40.0,A,,50.0,A,,60.0,A,,60.0,A,,100.0,A,,102.0,A,,16.0,A,,1.0,A,,2.0,A,,0.0,A,,958.0,A,,2508.0,A,,344.0,A,,641.0,A,,365.0,A,,823.0,A,,115.0,A,,5.0,A,,265.0,A,,243.0,A,,1647.0,A,,328.0,A,,2131.0,A,,3926.0,A,,19411.0,A,,20286.0,A,,8681.0,A,,24665.0,A,,16314.0,A,,3316.0,A,,3956.0,A,,6414.0,A,,7639.0,A,,22752.0,A,,13968.0,A,,5399.0,A,,3040.0,A,,2816.0,A,,1134.0,A,,710.0,A,,4087.0,A,,1086.0,A,,829.0,A,,2693.0,A,,1844.0,A,,12374.0,A,,3675.0,A,,6177.0,A,,4362.0,A,,1634.0,A,,1076.0,A,,1746.0,A,,1092.0,A,,424.0,A,,525.0,A,,957.0,A,,713.0,A,,655.0,A,,863.0,A,,6463.0,A,,5380.0,A,,4236.0,A,,2519.0,A,,2151.0,A,
52,'031,Azerbaijan,656,'01610,"Coffee, green",5610,Import quantity,t,,,,,,,,,,,,,,,,,,,,,,,,,,,,,,,,,,,,,,,,,,,,,,,,,,,,,,,,,,,,,,,,,,,,,,,,,,,,,,,,,,,,,,,,,,,,,,,,,,,,155.0,A,,40.0,A,,68.0,A,,40.0,A,,0.0,X,Estimated data using trading partners database,10.0,X,Estimated data using trading partners database,36.0,A,,57.0,A,,7.0,A,,6.0,A,,33.0,A,,39.0,A,,2.0,A,,3.0,A,,19.0,A,,2.0,A,,0.0,A,,6.0,A,,3.0,A,,45.0,A,,13.73,A,,0.33,X,Estimated data using trading partners database,4.74,X,Estimated data using trading partners database,7.13,X,Estimated data using trading partners database,10.21,A,,17.75,A,,34.36,A,,88.4,A,,124.97,A,,206.55,A,,258.94,A,
52,'031,Azerbaijan,656,'01610,"Coffee, green",5622,Import value,1000 USD,,,,,,,,,,,,,,,,,,,,,,,,,,,,,,,,,,,,,,,,,,,,,,,,,,,,,,,,,,,,,,,,,,,,,,,,,,,,,,,,,,,,,,,,,,,,,,,,,,,,228.0,A,,135.0,A,,154.0,A,,72.0,A,,0.0,X,Estimated data using trading partners database,18.0,A,,70.0,I,,122.0,A,,22.0,A,,28.0,A,,109.0,A,,119.0,A,,9.0,A,,3.0,A,,23.0,A,,35.0,A,,1.0,A,,39.0,A,,21.0,A,,122.0,A,,38.0,A,,4.0,X,Estimated data using trading partners database,83.0,X,Estimated data using trading partners database,31.0,X,Estimated data using trading partners database,72.0,A,,99.0,A,,184.0,A,,460.0,A,,784.0,A,,1080.0,A,,1657.0,A,
52,'031,Azerbaijan,656,'01610,"Coffee, green",5910,Export quantity,t,,,,,,,,,,,,,,,,,,,,,,,,,,,,,,,,,,,,,,,,,,,,,,,,,,,,,,,,,,,,,,,,,,,,,,,,,,,,,,,,,,,,,,,,,,,,,,,,,,,,,,,,,,,,,,,,,,,,,,,,,,,,,,,,,,,,,,,,,,,,,,,,,,,,,,,,,,,,,,,,,,,,,,0.01,X,Estimated data using trading partners database,,,,,,,,,,,,,,,,0.04,A,,0.03,A,,,,
52,'031,Azerbaijan,656,'01610,"Coffee, green",5922,Export value,1000 USD,,,,,,,,,,,,,,,,,,,,,,,,,,,,,,,,,,,,,,,,,,,,,,,,,,,,,,,,,,,,,,,,,,,,,,,,,,,,,,,,,,,,,,,,,,,,,,,,,,,,,,,,,,,,,,,,,,,,,,,,,,,,,,,,,,,,,,,,,,,,,,,,,,,,,,,,,,,,,,,,,,,,,,0.0,X,Estimated data using trading partners database,,,,,,,,,,,,,,,,0.0,A,,0.0,A,,,,
12,'044,Bahamas,656,'01610,"Coffee, green",5610,Import quantity,t,5.0,A,,4.0,A,,5.0,A,,3.0,A,,18.0,A,,31.0,A,,31.0,A,,15.0,I,,5.0,I,,5.0,A,,3.0,A,,0.0,A,,1.0,A,,0.0,A,,1.0,A,,7.0,A,,2.0,A,,1.0,A,,0.0,A,,0.0,A,,0.0,A,,3.0,A,,2.0,A,,3.0,A,,2.0,A,,3.0,A,,8.0,A,,4.0,A,,5.0,A,,6.0,A,,15.0,A,,7.0,A,,25.0,I,,3.0,A,,3.0,X,Estimated data using trading partners database,3.0,X,Estimated data using trading partners database,18.0,X,Estimated data using trading partners database,142.0,X,Estimated data using trading partners database,16.0,X,Estimated data using trading partners database,114.0,A,,131.0,A,,150.0,I,,688.0,X,Estimated data using trading partners database,93.0,X,Estimated data using trading partners database,100.0,A,,100.0,A,,102.0,A,,95.0,A,,216.0,A,,216.0,E,,25.0,X,Estimated data using trading partners database,307.0,A,,283.0,A,,157.39,A,,135.72,A,,88.05,A,,312.76,A,,476.3,A,,140.44,A,,42.93,A,,157.01,A,,201.91,A,,334.01,A,,23.05,X,Estimated data using trading partners database
12,'044,Bahamas,656,'01610,"Coffee, green",5622,Import value,1000 USD,2.0,A,,3.0,A,,4.0,A,,5.0,A,,31.0,A,,51.0,A,,55.0,A,,30.0,I,,10.0,I,,7.0,A,,7.0,A,,0.0,A,,3.0,A,,1.0,A,,5.0,A,,24.0,A,,9.0,A,,4.0,A,,0.0,A,,0.0,A,,0.0,A,,17.0,A,,11.0,A,,21.0,A,,12.0,A,,16.0,A,,44.0,A,,28.0,A,,39.0,A,,55.0,A,,59.0,A,,30.0,A,,130.0,I,,18.0,A,,25.0,X,Estimated data using trading partners database,30.0,X,Estimated data using trading partners database,47.0,X,Estimated data using trading partners database,487.0,X,Estimated data using trading partners database,83.0,X,Estimated data using trading partners database,630.0,A,,616.0,A,,650.0,I,,524.0,X,Estimated data using trading partners database,170.0,X,Estimated data using trading partners database,524.0,A,,535.0,A,,550.0,A,,517.0,A,,556.0,A,,556.0,E,,123.0,X,Estimated data using trading partners database,741.0,A,,695.0,A,,881.0,A,,767.0,A,,501.0,A,,993.0,A,,1156.0,A,,323.0,A,,472.0,A,,2225.0,A,,2602.0,A,,3389.0,A,,102.0,X,Estimated data using trading partners database
12,'044,Bahamas,656,'01610,"Coffee, green",5910,Export quantity,t,,,,,,,,,,,,,,,,,,,,,,,,,,,,,,,,,,,,,,,,,,,,,,,,,,,,,,,,,,,,,,,,,,,,,,,,,,,,,,,,,,,,,,,,,,,,,,,,,,,,,,,,,,,,,,,,,,,,,,15.0,A,,0.0,A,,17.0,X,Estimated data using trading partners database,17.0,E,,2.0,X,Estimated data using trading partners database,0.0,A,,0.0,E,,0.0,E,,1.0,A,,0.0,X,Estimated data using trading partners database,0.0,E,,0.0,E,,0.0,A,,0.0,E,,,,,,,,,,,,,,,,,,,,0.34,A,,,,,0.0,A,,0.0,A,,,,
12,'044,Bahamas,656,'01610,"Coffee, green",5922,Export value,1000 USD,,,,,,,,,,,,,,,,,,,,,,,,,,,,,,,,,,,,,,,,,,,,,,,,,,,,,,,,,,,,,,,,,,,,,,,,,,,,,,,,,,,,,,,,,,,,,,,,,,,,,,,,,,,,,,,,,,,,,,45.0,A,,0.0,A,,20.0,X,Estimated data using trading partners database,20.0,E,,3.0,X,Estimated data using trading partners database,0.0,A,,0.0,E,,0.0,E,,2.0,A,,0.0,X,Estimated data using trading partners database,0.0,E,,0.0,E,,0.0,A,,0.0,E,,,,,,,,,,,,,,,,,,,,6.0,A,,,,,0.0,A,,0.0,A,,,,
13,'048,Bahrain,656,'01610,"Coffee, green",5610,Import quantity,t,1000.0,I,,1000.0,I,,1000.0,I,,1243.0,X,Estimated data using trading partners database,2752.0,X,Estimated data using trading partners database,7281.0,X,Estimated data using trading partners database,15817.0,X,Estimated data using trading partners database,13614.0,X,Estimated data using trading partners database,1086.0,X,Estimated data using trading partners database,1015.0,A,,549.0,A,,672.0,A,,369.0,A,,678.0,A,,478.0,A,,272.0,A,,276.0,A,,325.0,A,,381.0,A,,222.0,A,,280.0,A,,271.0,A,,395.0,A,,439.0,A,,350.0,I,,400.0,I,,277.0,A,,200.0,I,,100.0,X,Estimated data using trading partners database,50.0,X,Estimated data using trading partners database,100.0,X,Estimated data using trading partners database,150.0,X,Estimated data using trading partners database,0.0,X,Estimated data using trading partners database,0.0,X,Estimated data using trading partners database,0.0,E,,0.0,E,,135.0,A,,60.0,X,Estimated data using trading partners database,0.0,X,Estimated data using trading partners database,115.0,A,,162.0,A,,92.0,A,,114.0,A,,75.0,A,,138.0,A,,76.0,A,,103.0,A,,145.0,X,Estimated data using trading partners database,64.0,A,,160.0,A,,189.0,A,,134.0,A,,235.0,A,,135.57,A,,191.48,A,,259.55,A,,245.31,A,,312.42,A,,343.29,A,,325.58,A,,318.33,A,,347.88,A,,519.06,I,,268.42,X,Estimated data using trading partners database
13,'048,Bahrain,656,'01610,"Coffee, green",5622,Import value,1000 USD,800.0,I,,805.0,I,,805.0,I,,1000.0,X,Estimated data using trading partners database,2300.0,X,Estimated data using trading partners database,5900.0,X,Estimated data using trading partners database,11900.0,X,Estimated data using trading partners database,9900.0,X,Estimated data using trading partners database,800.0,X,Estimated data using trading partners database,362.0,A,,547.0,A,,474.0,A,,767.0,A,,1089.0,A,,679.0,A,,637.0,A,,1210.0,A,,1453.0,A,,1926.0,A,,958.0,A,,808.0,A,,628.0,A,,1461.0,A,,728.0,A,,750.0,I,,1000.0,I,,847.0,A,,600.0,I,,300.0,X,Estimated data using trading partners database,150.0,X,Estimated data using trading partners database,220.0,X,Estimated data using trading partners database,370.0,X,Estimated data using trading partners database,0.0,X,Estimated data using trading partners database,0.0,X,Estimated data using trading partners database,0.0,E,,0.0,E,,328.0,A,,120.0,I,,0.0,X,Estimated data using trading partners database,285.0,A,,345.0,A,,224.0,A,,310.0,A,,285.0,A,,351.0,A,,244.0,A,,303.0,A,,466.0,X,Estimated data using trading partners database,211.0,A,,575.0,A,,768.0,A,,408.0,A,,796.0,A,,498.0,A,,708.0,A,,898.0,A,,928.0,A,,1171.0,A,,1220.0,A,,1378.0,A,,1597.0,A,,1982.0,A,,2911.0,A,,2169.0,X,Estimated data using trading partners database
13,'048,Bahrain,656,'01610,"Coffee, green",5910,Export quantity,t,0.0,A,,0.0,A,,0.0,A,,0.0,A,,0.0,A,,0.0,A,,0.0,A,,0.0,A,,0.0,A,,0.0,A,,144.0,A,,487.0,A,,46.0,A,,360.0,A,,209.0,A,,19.0,A,,134.0,A,,56.0,A,,0.0,A,,7.0,A,,5.0,A,,60.0,X,Estimated data using trading partners database,1.0,A,,214.0,A,,0.0,A,,0.0,A,,0.0,A,,0.0,A,,0.0,A,,0.0,A,,0.0,A,,0.0,A,,0.0,A,,0.0,E,,0.0,E,,0.0,E,,0.0,E,,0.0,E,,0.0,E,,,,,,,,5.0,A,,0.0,X,Estimated data using trading partners database,4.0,A,,4.0,A,,2.0,A,,3.0,A,,3.0,E,,4.0,A,,0.0,X,Estimated data using trading partners database,8.0,A,,1.0,A,,2.0,A,,1.56,A,,7.61,A,,0.84,A,,4.99,A,,1.94,A,,0.29,A,,8.11,A,,9.7,A,,8.18,A,,6.78,I,,19.23,X,Estimated data using trading partners database
13,'048,Bahrain,656,'01610,"Coffee, green",5922,Export value,1000 USD,0.0,A,,0.0,A,,0.0,A,,0.0,A,,0.0,A,,0.0,A,,0.0,A,,0.0,A,,0.0,A,,0.0,A,,129.0,A,,298.0,A,,114.0,A,,590.0,A,,278.0,A,,35.0,A,,555.0,A,,204.0,A,,0.0,A,,31.0,A,,38.0,A,,500.0,I,,7.0,A,,354.0,A,,0.0,A,,0.0,A,,0.0,A,,0.0,A,,0.0,A,,0.0,A,,0.0,A,,0.0,A,,0.0,A,,0.0,E,,0.0,E,,0.0,E,,0.0,E,,0.0,E,,0.0,E,,,,,,,,7.0,A,,0.0,X,Estimated data using trading partners database,13.0,A,,6.0,A,,10.0,A,,10.0,A,,10.0,E,,38.0,A,,0.0,X,Estimated data using trading partners database,13.0,A,,6.0,A,,11.0,A,,36.0,A,,30.0,A,,22.0,A,,18.0,A,,5.0,A,,3.0,A,,87.0,A,,79.0,A,,51.0,A,,40.0,A,,106.0,X,Estimated data using trading partners database
16,'050,Bangladesh,656,'01610,"Coffee, green",5610,Import quantity,t,0.0,A,,0.0,A,,0.0,A,,0.0,A,,0.0,A,,0.0,A,,0.0,A,,0.0,A,,0.0,A,,0.0,A,,0.0,A,,0.0,A,,0.0,A,,0.0,A,,0.0,A,,0.0,A,,0.0,A,,0.0,A,,0.0,A,,0.0,A,,0.0,A,,0.0,A,,0.0,A,,0.0,A,,1.0,A,,0.0,A,,0.0,A,,0.0,A,,5.0,A,,4.0,A,,1.0,A,,3.0,A,,4.0,A,,48.0,A,,25.0,I,,5.0,A,,5.0,A,,5.0,A,,220.0,X,Estimated data using trading partners database,130.0,X,Estimated data using trading partners database,240.0,X,Estimated data using trading partners database,0.0,X,Estimated data using trading partners database,65.0,X,Estimated data using trading partners database,9.0,X,Estimated data using trading partners database,0.0,A,,2.0,A,,7.0,A,,2.0,X,Estimated data using trading partners database,4.0,X,Estimated data using trading partners database,3.0,X,Estimated data using trading partners database,6.0,X,Estimated data using trading partners database,11.0,X,Estimated data using trading partners database,18.0,X,Estimated data using trading partners database,240.44,X,Estimated data using trading partners database,36.21,A,,43.33,X,Estimated data using trading partners database,114.1,X,Estimated data using trading partners database,88.29,X,Estimated data using trading partners database,96.98,X,Estimated data using trading partners database,82.99,X,Estimated data using trading partners database,192.49,X,Estimated data using trading partners database,136.84,X,Estimated data using trading partners database,208.06,X,Estimated data using trading partners database,148.25,X,Estimated data using trading partners database
16,'050,Bangladesh,656,'01610,"Coffee, green",5622,Import value,1000 USD,0.0,A,,0.0,A,,0.0,A,,0.0,A,,0.0,A,,0.0,A,,0.0,A,,0.0,A,,0.0,A,,0.0,A,,0.0,A,,0.0,A,,0.0,A,,0.0,A,,0.0,A,,0.0,A,,0.0,A,,0.0,A,,0.0,A,,0.0,A,,0.0,A,,0.0,A,,0.0,A,,0.0,A,,3.0,A,,1.0,A,,0.0,A,,0.0,A,,4.0,A,,4.0,A,,2.0,A,,3.0,A,,4.0,A,,98.0,A,,33.0,A,,10.0,A,,27.0,A,,22.0,A,,330.0,X,Estimated data using trading partners database,120.0,X,Estimated data using trading partners database,175.0,X,Estimated data using trading partners database,0.0,X,Estimated data using trading partners database,64.0,X,Estimated data using trading partners database,17.0,X,Estimated data using trading partners database,1.0,A,,4.0,A,,11.0,A,,7.0,X,Estimated data using trading partners database,25.0,X,Estimated data using trading partners database,22.0,X,Estimated data using trading partners database,58.0,X,Estimated data using trading partners database,88.0,X,Estimated data using trading partners database,96.0,X,Estimated data using trading partners database,246.0,X,Estimated data using trading partners database,201.0,A,,227.0,X,Estimated data using trading partners database,485.0,X,Estimated data using trading partners database,506.0,X,Estimated data using trading partners database,502.0,X,Estimated data using trading partners database,469.0,X,Estimated data using trading partners database,1117.0,X,Estimated data using trading partners database,1000.0,X,Estimated data using trading partners database,1309.0,X,Estimated data using trading partners database,1111.0,X,Estimated data using trading partners database
16,'050,Bangladesh,656,'01610,"Coffee, green",5910,Export quantity,t,0.0,A,,0.0,A,,0.0,A,,0.0,A,,0.0,A,,0.0,A,,0.0,A,,0.0,A,,0.0,A,,0.0,A,,0.0,A,,0.0,A,,0.0,A,,0.0,A,,0.0,A,,0.0,A,,3.0,A,,3.0,A,,5.0,A,,10.0,A,,2.0,A,,0.0,A,,13.0,A,,0.0,A,,11.0,A,,0.0,A,,8.0,A,,0.0,A,,0.0,A,,15.0,A,,0.0,I,,0.0,A,,0.0,A,,0.0,E,,0.0,E,,0.0,E,,0.0,E,,0.0,E,,0.0,E,,0.0,E,,0.0,E,,0.0,E,,0.0,E,,0.0,E,,0.0,E,,0.0,E,,0.0,E,,0.0,E,,0.0,E,,0.0,E,,0.0,E,,0.0,E,,2.0,X,Estimated data using trading partners database,,,,,,,1.28,X,Estimated data using trading partners database,1.22,X,Estimated data using trading partners database,216.33,X,Estimated data using trading partners database,0.01,X,Estimated data using trading partners database,,,,0.0,X,Estimated data using trading partners database,0.07,X,Estimated data using trading partners database,0.0,X,Estimated data using trading partners database,0.2,X,Estimated data using trading partners database
16,'050,Bangladesh,656,'01610,"Coffee, green",5922,Export value,1000 USD,0.0,A,,0.0,A,,0.0,A,,0.0,A,,0.0,A,,0.0,A,,0.0,A,,0.0,A,,0.0,A,,0.0,A,,0.0,A,,0.0,A,,0.0,A,,0.0,A,,0.0,A,,0.0,A,,7.0,A,,5.0,A,,10.0,A,,32.0,A,,6.0,A,,0.0,A,,10.0,A,,0.0,A,,12.0,A,,0.0,A,,11.0,A,,0.0,A,,0.0,A,,12.0,A,,0.0,I,,0.0,A,,0.0,A,,0.0,E,,0.0,E,,0.0,E,,0.0,E,,0.0,E,,0.0,E,,0.0,E,,0.0,E,,0.0,E,,0.0,E,,0.0,E,,0.0,E,,0.0,E,,0.0,E,,0.0,E,,0.0,E,,0.0,E,,0.0,E,,0.0,E,,5.0,X,Estimated data using trading partners database,,,,,,,2.0,X,Estimated data using trading partners database,4.0,X,Estimated data using trading partners database,355.0,X,Estimated data using trading partners database,0.0,X,Estimated data using trading partners database,,,,0.0,X,Estimated data using trading partners database,0.0,X,Estimated data using trading partners database,0.0,X,Estimated data using trading partners database,1.0,X,Estimated data using trading partners database
14,'052,Barbados,656,'01610,"Coffee, green",5610,Import quantity,t,57.0,A,,83.0,A,,70.0,A,,66.0,A,,66.0,A,,51.0,A,,53.0,A,,46.0,A,,39.0,A,,36.0,A,,25.0,A,,7.0,A,,5.0,A,,54.0,A,,65.0,A,,49.0,A,,47.0,A,,62.0,A,,45.0,A,,32.0,A,,53.0,A,,11.0,A,,45.0,A,,39.0,A,,43.0,A,,138.0,A,,20.0,A,,20.0,A,,7.0,A,,19.0,A,,15.0,A,,13.0,A,,3.0,A,,8.0,A,,10.0,A,,22.0,A,,27.0,A,,8.0,A,,19.0,A,,4.0,X,Estimated data using trading partners database,30.0,A,,32.0,X,Estimated data using trading partners database,41.0,A,,22.0,A,,40.0,A,,40.0,A,,31.0,A,,29.0,A,,25.0,X,Estimated data using trading partners database,29.0,A,,21.0,A,,33.0,A,,51.0,A,,44.41,A,,62.31,A,,55.21,A,,65.32,A,,84.29,A,,85.13,I,,54.05,I,,78.39,A,,91.48,A,,86.21,A,,97.49,A,
14,'052,Barbados,656,'01610,"Coffee, green",5622,Import value,1000 USD,22.0,A,,33.0,A,,36.0,A,,48.0,A,,41.0,A,,34.0,A,,39.0,A,,34.0,A,,29.0,A,,28.0,A,,20.0,A,,8.0,A,,4.0,A,,58.0,A,,69.0,A,,72.0,A,,94.0,A,,177.0,A,,141.0,A,,125.0,A,,177.0,A,,36.0,A,,148.0,A,,149.0,A,,236.0,A,,421.0,A,,86.0,A,,82.0,A,,20.0,A,,64.0,A,,45.0,A,,52.0,A,,11.0,A,,17.0,A,,49.0,A,,95.0,A,,107.0,A,,49.0,A,,110.0,A,,24.0,X,Estimated data using trading partners database,143.0,A,,206.0,A,,202.0,A,,141.0,A,,195.0,A,,246.0,A,,206.0,A,,222.0,A,,146.0,A,,192.0,A,,178.0,A,,253.0,A,,320.0,A,,346.0,A,,400.0,A,,500.0,A,,534.0,A,,683.0,A,,679.0,A,,373.0,A,,492.0,A,,699.0,A,,817.0,A,,861.0,A,
14,'052,Barbados,656,'01610,"Coffee, green",5910,Export quantity,t,21.0,A,,20.0,A,,32.0,A,,6.0,A,,4.0,A,,4.0,A,,1.0,A,,1.0,A,,0.0,A,,0.0,A,,0.0,A,,0.0,A,,0.0,A,,16.0,A,,0.0,A,,10.0,A,,0.0,A,,0.0,A,,0.0,A,,0.0,A,,0.0,A,,0.0,A,,0.0,A,,0.0,A,,0.0,A,,0.0,A,,0.0,A,,0.0,A,,0.0,A,,0.0,A,,1.0,A,,1.0,A,,0.0,I,,0.0,X,Estimated data using trading partners database,0.0,X,Estimated data using trading partners database,0.0,X,Estimated data using trading partners database,0.0,E,,0.0,E,,0.0,E,,0.0,I,,0.0,A,,0.0,E,,0.0,A,,0.0,E,,0.0,A,,0.0,X,Estimated data using trading partners database,0.0,A,,0.0,E,,0.0,E,,0.0,E,,0.0,A,,0.0,E,,0.0,E,,0.28,A,,0.78,A,,0.01,A,,0.04,A,,0.52,A,,1.53,A,,0.33,A,,0.0,A,,0.03,A,,,,,,,
14,'052,Barbados,656,'01610,"Coffee, green",5922,Export value,1000 USD,8.0,A,,8.0,A,,12.0,A,,5.0,A,,3.0,A,,3.0,A,,1.0,A,,1.0,A,,0.0,A,,0.0,A,,0.0,A,,0.0,A,,0.0,A,,4.0,A,,0.0,A,,19.0,A,,0.0,A,,0.0,A,,0.0,A,,0.0,A,,0.0,A,,0.0,A,,0.0,A,,0.0,A,,0.0,A,,0.0,A,,0.0,A,,0.0,A,,0.0,A,,0.0,A,,5.0,A,,5.0,A,,0.0,I,,0.0,X,Estimated data using trading partners database,0.0,X,Estimated data using trading partners database,0.0,X,Estimated data using trading partners database,0.0,E,,0.0,E,,0.0,E,,0.0,I,,0.0,A,,0.0,E,,0.0,A,,0.0,E,,0.0,A,,2.0,A,,0.0,A,,0.0,E,,0.0,E,,0.0,E,,0.0,A,,0.0,E,,0.0,E,,2.0,A,,18.0,A,,0.0,A,,1.0,A,,8.0,A,,20.0,A,,6.0,A,,0.0,A,,0.0,A,,,,,,,
57,'112,Belarus,656,'01610,"Coffee, green",5610,Import quantity,t,,,,,,,,,,,,,,,,,,,,,,,,,,,,,,,,,,,,,,,,,,,,,,,,,,,,,,,,,,,,,,,,,,,,,,,,,,,,,,,,,,,,,,,,,,,,,,200.0,A,,,,,,,,,,,482.0,A,,553.0,A,,507.0,A,,384.0,A,,409.0,X,Estimated data using trading partners database,264.0,A,,67.0,A,,106.0,A,,324.0,A,,142.0,A,,104.0,A,,115.0,A,,153.0,A,,84.0,A,,105.0,A,,121.0,A,,138.0,A,,79.0,A,,1273.14,A,,1481.28,A,,1272.08,A,,1693.59,A,,2261.23,A,,3333.76,A,,3047.61,A,,3032.34,A,,2805.5,X,Estimated data using trading partners database,2513.18,X,Estimated data using trading partners database,2975.31,X,Estimated data using trading partners database
57,'112,Belarus,656,'01610,"Coffee, green",5622,Import value,1000 USD,,,,,,,,,,,,,,,,,,,,,,,,,,,,,,,,,,,,,,,,,,,,,,,,,,,,,,,,,,,,,,,,,,,,,,,,,,,,,,,,,,,,,,,,,,,,,,400.0,I,,,,,,,,,,,2606.0,A,,5144.0,A,,2546.0,A,,2417.0,A,,2000.0,I,,227.0,A,,95.0,A,,74.0,A,,407.0,A,,417.0,A,,356.0,A,,383.0,A,,1103.0,A,,663.0,A,,726.0,A,,1202.0,A,,1261.0,A,,591.0,A,,7567.0,A,,6856.0,A,,4348.0,A,,6227.0,A,,6876.0,A,,11259.0,A,,8560.0,A,,10626.0,A,,13248.0,X,Estimated data using trading partners database,11739.0,X,Estimated data using trading partners database,17562.0,X,Estimated data using trading partners database
57,'112,Belarus,656,'01610,"Coffee, green",5910,Export quantity,t,,,,,,,,,,,,,,,,,,,,,,,,,,,,,,,,,,,,,,,,,,,,,,,,,,,,,,,,,,,,,,,,,,,,,,,,,,,,,,,,,,,,,,,,,,,,,,,,,,,,,,,,,,,,,,,,54.0,A,,50.0,A,,80.0,X,Estimated data using trading partners database,18.0,A,,0.0,X,Estimated data using trading partners database,0.0,E,,0.0,A,,0.0,E,,0.0,E,,60.0,A,,0.0,A,,0.0,E,,0.0,E,,0.0,A,,0.0,A,,0.0,E,,0.08,A,,0.07,A,,3.77,A,,,,,0.76,A,,47.88,A,,10.74,A,,5.33,A,,5.92,X,Estimated data using trading partners database,58.75,X,Estimated data using trading partners database,9.35,X,Estimated data using trading partners database
57,'112,Belarus,656,'01610,"Coffee, green",5922,Export value,1000 USD,,,,,,,,,,,,,,,,,,,,,,,,,,,,,,,,,,,,,,,,,,,,,,,,,,,,,,,,,,,,,,,,,,,,,,,,,,,,,,,,,,,,,,,,,,,,,,,,,,,,,,,,,,,,,,,,129.0,A,,275.0,A,,450.0,I,,180.0,A,,0.0,X,Estimated data using trading partners database,0.0,E,,0.0,A,,0.0,E,,0.0,E,,63.0,A,,0.0,A,,0.0,E,,0.0,E,,3.0,A,,2.0,A,,0.0,X,Estimated data using trading partners database,1.0,A,,1.0,A,,3.0,A,,,,,2.0,A,,154.0,A,,72.0,A,,26.0,A,,34.0,X,Estimated data using trading partners database,52.0,X,Estimated data using trading partners database,57.0,X,Estimated data using trading partners database
255,'056,Belgium,656,'01610,"Coffee, green",5610,Import quantity,t,,,,,,,,,,,,,,,,,,,,,,,,,,,,,,,,,,,,,,,,,,,,,,,,,,,,,,,,,,,,,,,,,,,,,,,,,,,,,,,,,,,,,,,,,,,,,,,,,,,,,,,,,,,,,,,,,,,,,,146153.0,A,,138002.0,A,,183368.0,A,,185947.0,A,,193524.0,A,,196409.0,A,,221769.0,A,,193430.0,A,,362681.0,A,,313524.0,A,,312088.0,A,,302332.0,A,,292599.0,A,,285794.0,A,,256176.37,A,,287383.17,A,,288740.11,A,,276473.01,A,,281343.96,A,,307542.33,A,,314422.78,A,,340066.27,A,,385544.56,A,,293127.16,A,,282154.17,A,
255,'056,Belgium,656,'01610,"Coffee, green",5622,Import value,1000 USD,,,,,,,,,,,,,,,,,,,,,,,,,,,,,,,,,,,,,,,,,,,,,,,,,,,,,,,,,,,,,,,,,,,,,,,,,,,,,,,,,,,,,,,,,,,,,,,,,,,,,,,,,,,,,,,,,,,,,,252687.0,A,,174487.0,A,,204264.0,A,,232065.0,A,,275154.0,A,,384668.0,A,,459333.0,A,,477881.0,A,,1047551.0,A,,832640.0,A,,933609.0,A,,1403557.0,A,,1167915.0,A,,867706.0,A,,796038.0,A,,882349.0,A,,754028.0,A,,827817.0,A,,731742.0,A,,715543.0,A,,765896.0,A,,994121.0,A,,1599714.0,A,,1151112.0,A,,1312384.0,A,
255,'056,Belgium,656,'01610,"Coffee, green",5910,Export quantity,t,,,,,,,,,,,,,,,,,,,,,,,,,,,,,,,,,,,,,,,,,,,,,,,,,,,,,,,,,,,,,,,,,,,,,,,,,,,,,,,,,,,,,,,,,,,,,,,,,,,,,,,,,,,,,,,,,,,,,,74459.0,A,,74696.0,A,,67101.0,A,,54812.0,A,,66606.0,A,,92986.0,A,,83315.0,A,,96639.0,A,,265337.0,A,,222608.0,A,,214298.0,A,,205244.0,A,,192036.0,A,,144880.0,A,,160481.96,A,,189802.89,A,,188781.34,A,,211167.91,A,,216219.2,A,,231945.67,A,,241339.96,A,,265116.0,A,,267941.68,A,,216004.57,A,,185073.57,A,
255,'056,Belgium,656,'01610,"Coffee, green",5922,Export value,1000 USD,,,,,,,,,,,,,,,,,,,,,,,,,,,,,,,,,,,,,,,,,,,,,,,,,,,,,,,,,,,,,,,,,,,,,,,,,,,,,,,,,,,,,,,,,,,,,,,,,,,,,,,,,,,,,,,,,,,,,,127576.0,A,,96351.0,A,,74767.0,A,,74487.0,A,,103283.0,A,,181688.0,A,,179761.0,A,,239186.0,A,,769420.0,A,,586419.0,A,,633966.0,A,,942160.0,A,,741547.0,A,,447784.0,A,,507219.0,A,,604680.0,A,,524073.0,A,,661096.0,A,,586273.0,A,,552181.0,A,,617996.0,A,,778828.0,A,,1126973.0,A,,915636.0,A,,912324.0,A,
15,'058,Belgium-Luxembourg,656,'01610,"Coffee, green",5610,Import quantity,t,61493.0,A,,56783.0,A,,56983.0,A,,65751.0,A,,66953.0,A,,56148.0,A,,64410.0,A,,65482.0,A,,69936.0,A,,59373.0,A,,67280.0,A,,67142.0,A,,77513.0,A,,71723.0,A,,85588.0,A,,82855.0,A,,65098.0,A,,75064.0,A,,91554.0,A,,87644.0,A,,99833.0,A,,91680.0,A,,93232.0,A,,94090.0,A,,114875.0,A,,95715.0,A,,107316.0,A,,110326.0,A,,111990.0,A,,116499.0,A,,115660.0,A,,147961.0,A,,91913.0,A,,89927.0,A,,93555.0,A,,163333.0,A,,156298.0,A,,185659.0,A,,152600.0,A,,,,,,,,,,,,,,,,,,,,,,,,,,,,,,,,,,,,,,,,,,,,,,,,,,,,,,,,,,,,,,,,,,,,,,,,,,,,
15,'058,Belgium-Luxembourg,656,'01610,"Coffee, green",5622,Import value,1000 USD,42285.0,A,,40047.0,A,,40768.0,A,,58447.0,A,,61829.0,A,,52072.0,A,,57075.0,A,,57080.0,A,,60755.0,A,,64594.0,A,,70887.0,A,,72937.0,A,,110309.0,A,,113472.0,A,,125624.0,A,,217239.0,A,,321423.0,A,,284318.0,A,,324486.0,A,,333404.0,A,,269512.0,A,,257245.0,A,,261280.0,A,,290894.0,A,,340565.0,A,,387099.0,A,,281835.0,A,,294212.0,A,,269312.0,A,,207379.0,A,,187570.0,A,,199228.0,A,,123380.0,A,,215174.0,A,,326643.0,A,,409521.0,A,,437014.0,A,,517287.0,A,,307287.0,A,,,,,,,,,,,,,,,,,,,,,,,,,,,,,,,,,,,,,,,,,,,,,,,,,,,,,,,,,,,,,,,,,,,,,,,,,,,,
15,'058,Belgium-Luxembourg,656,'01610,"Coffee, green",5910,Export quantity,t,3720.0,A,,2525.0,A,,306.0,A,,211.0,A,,191.0,A,,157.0,A,,85.0,A,,88.0,A,,82.0,A,,28.0,A,,89.0,A,,187.0,A,,614.0,A,,517.0,A,,644.0,A,,1147.0,A,,1046.0,A,,2608.0,A,,8494.0,A,,5930.0,A,,8776.0,A,,3642.0,A,,2397.0,A,,3448.0,A,,7039.0,A,,3714.0,A,,5159.0,A,,5904.0,A,,6981.0,A,,6251.0,A,,7991.0,A,,7918.0,A,,62534.0,A,,73524.0,A,,55072.0,A,,68114.0,A,,74388.0,A,,78792.0,A,,75108.0,A,,,,,,,,,,,,,,,,,,,,,,,,,,,,,,,,,,,,,,,,,,,,,,,,,,,,,,,,,,,,,,,,,,,,,,,,,,,,
15,'058,Belgium-Luxembourg,656,'01610,"Coffee, green",5922,Export value,1000 USD,1699.0,A,,1184.0,A,,217.0,A,,187.0,A,,149.0,A,,129.0,A,,51.0,A,,25.0,A,,51.0,A,,25.0,A,,99.0,A,,211.0,A,,1218.0,A,,865.0,A,,774.0,A,,2985.0,A,,4830.0,A,,9320.0,A,,29783.0,A,,23083.0,A,,23943.0,A,,10251.0,A,,6241.0,A,,10416.0,A,,20958.0,A,,16648.0,A,,15436.0,A,,15932.0,A,,18111.0,A,,14234.0,A,,16175.0,A,,16691.0,A,,89422.0,A,,176880.0,A,,198956.0,A,,174301.0,A,,217108.0,A,,213317.0,A,,148827.0,A,,,,,,,,,,,,,,,,,,,,,,,,,,,,,,,,,,,,,,,,,,,,,,,,,,,,,,,,,,,,,,,,,,,,,,,,,,,,
23,'084,Belize,656,'01610,"Coffee, green",5610,Import quantity,t,10.0,A,,30.0,A,,30.0,A,,20.0,A,,20.0,A,,31.0,A,,36.0,A,,41.0,A,,33.0,A,,43.0,A,,52.0,A,,45.0,A,,72.0,A,,42.0,A,,57.0,A,,73.0,A,,60.0,A,,151.0,A,,96.0,A,,92.0,A,,68.0,A,,87.0,A,,62.0,A,,38.0,A,,46.0,A,,110.0,A,,49.0,A,,64.0,A,,145.0,A,,229.0,A,,159.0,A,,0.0,X,Estimated data using trading partners database,0.0,A,,0.0,A,,0.0,X,Estimated data using trading partners database,1.0,A,,0.0,A,,,,,,,,1.0,A,,1.0,E,,2.0,X,Estimated data using trading partners database,0.0,A,,5.0,X,Estimated data using trading partners database,6.0,A,,14.0,A,,7.0,A,,2.0,A,,2.0,E,,2.0,A,,2.0,A,,3.0,A,,5.0,A,,14.0,X,Estimated data using trading partners database,31.0,X,Estimated data using trading partners database,57.0,X,Estimated data using trading partners database,61.0,X,Estimated data using trading partners database,20.24,X,Estimated data using trading partners database,262.49,X,Estimated data using trading partners database,61.63,X,Estimated data using trading partners database,99.44,X,Estimated data using trading partners database,26.73,I,,121.45,X,Estimated data using trading partners database,92.54,X,Estimated data using trading partners database
23,'084,Belize,656,'01610,"Coffee, green",5622,Import value,1000 USD,50.0,A,,70.0,A,,90.0,A,,100.0,A,,110.0,A,,134.0,A,,155.0,A,,171.0,A,,138.0,A,,161.0,A,,242.0,A,,218.0,A,,359.0,A,,224.0,A,,368.0,A,,284.0,A,,553.0,A,,947.0,A,,540.0,A,,545.0,A,,619.0,A,,718.0,A,,492.0,A,,408.0,A,,357.0,A,,568.0,A,,535.0,A,,605.0,A,,660.0,A,,696.0,A,,367.0,A,,0.0,X,Estimated data using trading partners database,0.0,A,,0.0,E,,0.0,X,Estimated data using trading partners database,1.0,A,,0.0,A,,0.0,E,,0.0,E,,5.0,A,,5.0,E,,1.0,X,Estimated data using trading partners database,0.0,A,,11.0,X,Estimated data using trading partners database,18.0,A,,30.0,A,,24.0,A,,11.0,A,,11.0,E,,6.0,A,,9.0,A,,10.0,A,,17.0,A,,35.0,X,Estimated data using trading partners database,63.0,X,Estimated data using trading partners database,172.0,X,Estimated data using trading partners database,176.0,X,Estimated data using trading partners database,134.0,X,Estimated data using trading partners database,690.0,X,Estimated data using trading partners database,232.0,X,Estimated data using trading partners database,406.0,X,Estimated data using trading partners database,191.0,A,,425.0,X,Estimated data using trading partners database,498.0,X,Estimated data using trading partners database
23,'084,Belize,656,'01610,"Coffee, green",5910,Export quantity,t,0.0,A,,0.0,A,,0.0,A,,0.0,A,,0.0,A,,0.0,A,,0.0,A,,0.0,A,,0.0,A,,0.0,A,,0.0,A,,1.0,A,,1.0,A,,1.0,A,,0.0,A,,3.0,A,,21.0,A,,7.0,A,,0.0,A,,0.0,A,,0.0,A,,0.0,A,,0.0,A,,0.0,A,,0.0,A,,0.0,A,,0.0,A,,1.0,A,,2.0,A,,2.0,A,,1.0,A,,0.0,X,Estimated data using trading partners database,0.0,X,Estimated data using trading partners database,,,,0.0,X,Estimated data using trading partners database,,,,,,,,,,,,,,,,,,,,,,,,,,,,0.0,A,,0.0,A,,0.0,E,,0.0,E,,0.0,E,,1.0,A,,2.0,A,,0.0,A,,0.0,A,,0.0,X,Estimated data using trading partners database,0.0,X,Estimated data using trading partners database,0.0,X,Estimated data using trading partners database,1.0,X,Estimated data using trading partners database,419.1,X,Estimated data using trading partners database,129.91,X,Estimated data using trading partners database,165.13,X,Estimated data using trading partners database,240.74,X,Estimated data using trading partners database,0.04,A,,2.16,X,Estimated data using trading partners database,229.68,X,Estimated data using trading partners database
23,'084,Belize,656,'01610,"Coffee, green",5922,Export value,1000 USD,0.0,A,,0.0,A,,0.0,A,,0.0,A,,0.0,A,,0.0,A,,0.0,A,,0.0,A,,0.0,A,,0.0,A,,0.0,A,,3.0,A,,3.0,A,,5.0,A,,0.0,A,,6.0,A,,50.0,A,,97.0,A,,0.0,A,,0.0,A,,0.0,A,,0.0,A,,0.0,A,,0.0,A,,0.0,A,,0.0,A,,0.0,A,,9.0,A,,20.0,A,,15.0,A,,12.0,A,,0.0,X,Estimated data using trading partners database,0.0,X,Estimated data using trading partners database,0.0,E,,0.0,X,Estimated data using trading partners database,0.0,E,,0.0,E,,0.0,E,,0.0,E,,0.0,E,,0.0,E,,0.0,E,,0.0,E,,0.0,E,,0.0,A,,0.0,A,,0.0,E,,0.0,E,,0.0,E,,2.0,A,,3.0,A,,0.0,A,,0.0,A,,0.0,X,Estimated data using trading partners database,0.0,X,Estimated data using trading partners database,0.0,X,Estimated data using trading partners database,1.0,X,Estimated data using trading partners database,1050.0,X,Estimated data using trading partners database,297.0,X,Estimated data using trading partners database,320.0,X,Estimated data using trading partners database,584.0,X,Estimated data using trading partners database,1.0,A,,11.0,X,Estimated data using trading partners database,857.0,X,Estimated data using trading partners database
53,'204,Benin,656,'01610,"Coffee, green",5610,Import quantity,t,0.0,A,,0.0,A,,0.0,A,,0.0,A,,0.0,A,,0.0,A,,0.0,A,,0.0,A,,0.0,A,,0.0,A,,0.0,A,,0.0,A,,0.0,A,,0.0,A,,0.0,A,,0.0,A,,0.0,A,,0.0,A,,11.0,A,,10.0,A,,0.0,A,,4.0,A,,0.0,A,,0.0,A,,0.0,A,,0.0,A,,0.0,A,,0.0,A,,0.0,A,,0.0,A,,0.0,A,,1.0,A,,2.0,A,,1.0,A,,5.0,A,,0.0,A,,3.0,A,,0.0,A,,5.0,A,,0.0,A,,1.0,A,,5.0,A,,0.0,A,,1.0,X,Estimated data using trading partners database,5.0,A,,5.0,E,,10.0,A,,25.0,X,Estimated data using trading partners database,22.0,A,,96.0,A,,96.0,E,,57.0,A,,141.0,A,,143.33,A,,277.98,A,,294.55,A,,250.75,A,,161.32,A,,10.87,A,,1.85,A,,1.15,A,,7.72,A,,16.85,A,,0.74,A,
53,'204,Benin,656,'01610,"Coffee, green",5622,Import value,1000 USD,0.0,A,,0.0,A,,0.0,A,,0.0,A,,0.0,A,,0.0,A,,0.0,A,,0.0,A,,0.0,A,,0.0,A,,0.0,A,,0.0,A,,0.0,A,,0.0,A,,0.0,A,,0.0,A,,0.0,A,,0.0,A,,29.0,A,,25.0,A,,0.0,A,,26.0,A,,0.0,A,,0.0,A,,0.0,A,,0.0,A,,0.0,A,,0.0,A,,0.0,A,,0.0,A,,0.0,A,,2.0,A,,4.0,A,,0.0,A,,6.0,A,,0.0,A,,5.0,A,,1.0,A,,4.0,A,,1.0,A,,2.0,A,,9.0,A,,0.0,A,,8.0,X,Estimated data using trading partners database,6.0,A,,6.0,E,,10.0,A,,15.0,A,,22.0,A,,75.0,A,,75.0,E,,37.0,A,,101.0,A,,117.0,A,,82.0,A,,244.0,A,,227.0,A,,132.0,A,,11.0,A,,1.0,A,,2.0,A,,36.0,A,,19.0,A,,1.0,A,
53,'204,Benin,656,'01610,"Coffee, green",5910,Export quantity,t,2090.0,A,,1730.0,A,,1002.0,A,,1065.0,A,,891.0,A,,1041.0,A,,1086.0,A,,511.0,A,,2268.0,A,,1940.0,A,,2229.0,A,,2724.0,A,,1341.0,A,,161.0,A,,477.0,A,,599.0,A,,610.0,A,,185.0,A,,31.0,A,,321.0,A,,585.0,A,,1629.0,A,,652.0,A,,2413.0,A,,275.0,A,,237.0,A,,305.0,A,,131.0,A,,652.0,A,,0.0,A,,35.0,A,,50.0,A,,263.0,A,,102.0,A,,162.0,A,,58.0,A,,51.0,A,,48.0,A,,19.0,A,,0.0,A,,18.0,A,,0.0,X,Estimated data using trading partners database,0.0,E,,0.0,E,,0.0,E,,0.0,E,,0.0,E,,0.0,E,,0.0,E,,0.0,E,,0.0,E,,0.0,E,,0.0,E,,0.2,A,,,,,,,,,,,,,,,,,,,,,,,,,,0.01,A,,0.02,A,
53,'204,Benin,656,'01610,"Coffee, green",5922,Export value,1000 USD,1120.0,A,,980.0,A,,514.0,A,,620.0,A,,442.0,A,,365.0,A,,565.0,A,,274.0,A,,1300.0,A,,1422.0,A,,1519.0,A,,1721.0,A,,1226.0,A,,147.0,A,,678.0,A,,916.0,A,,2517.0,A,,476.0,A,,122.0,A,,763.0,A,,1184.0,A,,2852.0,A,,1435.0,A,,5425.0,A,,597.0,A,,558.0,A,,793.0,A,,250.0,X,Estimated data using trading partners database,950.0,X,Estimated data using trading partners database,0.0,A,,17.0,A,,28.0,A,,144.0,A,,41.0,A,,217.0,A,,77.0,A,,58.0,A,,24.0,A,,9.0,A,,0.0,A,,4.0,A,,0.0,X,Estimated data using trading partners database,0.0,E,,0.0,E,,0.0,E,,0.0,E,,0.0,E,,0.0,E,,0.0,E,,0.0,E,,0.0,E,,0.0,E,,0.0,E,,0.0,A,,,,,,,,,,,,,,,,,,,,,,,,,,0.0,A,,0.0,A,
18,'064,Bhutan,656,'01610,"Coffee, green",5610,Import quantity,t,,,,,,,,,,,,,,,,,,,,,,,,,,,,,,,,,,,,,,,,,,,,,,,,,,,,,,,,,,,,,,,,,,,,,,,,,,,,,,,,,,,,,,,,60.0,I,,50.0,I,,50.0,I,,0.0,I,,0.0,E,,0.0,E,,25.0,X,Estimated data using trading partners database,0.0,A,,0.0,I,,0.0,I,,0.0,I,,0.0,E,,0.0,E,,0.0,E,,0.0,E,,0.0,E,,0.0,E,,0.0,E,,0.0,E,,0.0,E,,10.0,A,,10.0,E,,7.0,A,,7.0,E,,,,,,,,,,,0.43,X,Estimated data using trading partners database,1.45,X,Estimated data using trading partners database,4.2,X,Estimated data using trading partners database,4.83,X,Estimated data using trading partners database,6.62,X,Estimated data using trading partners database,19.46,A,,34.27,A,,19.47,X,Estimated data using trading partners database
18,'064,Bhutan,656,'01610,"Coffee, green",5622,Import value,1000 USD,0.0,A,,0.0,A,,0.0,A,,0.0,A,,0.0,A,,0.0,A,,0.0,A,,0.0,A,,0.0,A,,0.0,A,,0.0,A,,0.0,A,,0.0,A,,0.0,A,,0.0,A,,0.0,A,,0.0,A,,0.0,A,,0.0,A,,0.0,A,,0.0,A,,0.0,A,,0.0,A,,0.0,A,,0.0,A,,0.0,A,,0.0,A,,0.0,A,,0.0,A,,60.0,A,,53.0,A,,46.0,A,,0.0,I,,0.0,E,,0.0,E,,80.0,X,Estimated data using trading partners database,0.0,A,,0.0,I,,0.0,I,,0.0,I,,0.0,E,,0.0,E,,0.0,E,,0.0,E,,0.0,E,,0.0,E,,0.0,E,,0.0,E,,0.0,E,,15.0,A,,15.0,E,,4.0,A,,4.0,E,,,,,,,,,,,1.0,X,Estimated data using trading partners database,7.0,X,Estimated data using trading partners database,15.0,X,Estimated data using trading partners database,20.0,X,Estimated data using trading partners database,34.0,X,Estimated data using trading partners database,91.0,A,,120.0,A,,111.0,X,Estimated data using trading partners database
18,'064,Bhutan,656,'01610,"Coffee, green",5910,Export quantity,t,,,,,,,,,,,,,,,,,,,,,,,,,,,,,,,,,,,,,,,,,,,,,,,,,,,,,,,,,,,,,,,,,,,,,,,,,,,,,,,,,,,,,,,,,,,,,,,,,,,,,,,,,,,,,,,,,,,,,,,,,,,,,,,,,,,,,,,,,,,,,,,,,,,,,,,,,,,,,,,,,,,,,,,,,,,,,,,0.34,X,Estimated data using trading partners database,38.17,X,Estimated data using trading partners database,33.47,X,Estimated data using trading partners database,,,,,,,0.43,X,Estimated data using trading partners database
18,'064,Bhutan,656,'01610,"Coffee, green",5922,Export value,1000 USD,,,,,,,,,,,,,,,,,,,,,,,,,,,,,,,,,,,,,,,,,,,,,,,,,,,,,,,,,,,,,,,,,,,,,,,,,,,,,,,,,,,,,,,,,,,,,,,,,,,,,,,,,,,,,,,,,,,,,,,,,,,,,,,,,,,,,,,,,,,,,,,,,,,,,,,,,,,,,,,,,,,,,,,,,,,,,,,2.0,X,Estimated data using trading partners database,112.0,X,Estimated data using trading partners database,80.0,X,Estimated data using trading partners database,,,,,,,3.0,X,Estimated data using trading partners database
19,'068,Bolivia (Plurinational State of),656,'01610,"Coffee, green",5610,Import quantity,t,0.0,A,,0.0,A,,4.0,A,,0.0,A,,19.0,A,,26.0,A,,39.0,A,,12.0,A,,6.0,A,,3.0,A,,0.0,A,,0.0,A,,0.0,A,,0.0,A,,0.0,A,,0.0,A,,0.0,A,,21.0,A,,32.0,A,,0.0,A,,0.0,A,,0.0,A,,0.0,A,,0.0,A,,0.0,A,,0.0,A,,0.0,A,,0.0,A,,0.0,A,,0.0,A,,0.0,A,,0.0,A,,0.0,A,,0.0,A,,0.0,A,,0.0,A,,0.0,A,,0.0,A,,5.66,A,,0.87,A,,0.0,A,,22.0,A,,376.0,A,,4.0,A,,192.0,A,,146.0,A,,0.0,X,Estimated data using trading partners database,0.0,A,,0.0,E,,0.0,A,,0.0,A,,0.0,A,,0.0,A,,,,,0.64,A,,3.35,A,,1.88,A,,0.78,A,,1.22,A,,1.35,A,,4.95,A,,6.82,I,,0.56,A,,4.42,I,
19,'068,Bolivia (Plurinational State of),656,'01610,"Coffee, green",5622,Import value,1000 USD,0.0,A,,0.0,A,,2.0,A,,0.0,A,,10.0,A,,8.0,A,,8.0,A,,2.0,A,,1.0,A,,0.0,A,,0.0,A,,0.0,A,,0.0,A,,0.0,A,,0.0,A,,0.0,A,,0.0,A,,56.0,A,,37.0,A,,0.0,A,,0.0,A,,0.0,A,,0.0,A,,0.0,A,,0.0,A,,0.0,A,,0.0,A,,0.0,A,,0.0,A,,0.0,A,,0.0,A,,0.0,A,,0.0,A,,0.0,A,,0.0,A,,0.0,A,,0.0,A,,0.0,A,,13.0,A,,1.0,A,,1.0,A,,27.0,A,,215.0,A,,5.0,A,,215.0,A,,159.0,A,,0.0,X,Estimated data using trading partners database,2.0,A,,2.0,E,,0.0,A,,1.0,A,,1.0,A,,1.0,A,,,,,5.0,A,,12.0,A,,3.0,A,,2.0,A,,2.0,A,,3.0,A,,21.0,A,,42.0,A,,3.0,A,,29.0,A,
19,'068,Bolivia (Plurinational State of),656,'01610,"Coffee, green",5910,Export quantity,t,841.0,A,,1041.0,A,,970.0,A,,2295.0,A,,1188.0,A,,5315.0,A,,4627.0,A,,2717.0,A,,2967.0,A,,3956.0,A,,3637.0,A,,4937.0,A,,4130.0,A,,3164.0,A,,5120.0,A,,5098.0,A,,4465.0,A,,5387.0,A,,7566.0,A,,5498.0,A,,4905.0,A,,6929.0,A,,6609.0,A,,3311.0,A,,6805.0,A,,5275.0,A,,5961.0,A,,7209.0,A,,6509.0,A,,9612.0,A,,4594.0,A,,5469.0,A,,2712.0,A,,4933.0,A,,5738.0,A,,7473.0,A,,6725.0,A,,5841.0,A,,7562.18,A,,6375.32,A,,4217.0,A,,4591.0,A,,4453.0,A,,5442.0,A,,5050.0,A,,5605.0,A,,5023.0,A,,4087.0,A,,4455.0,A,,4376.0,A,,5459.0,A,,3889.0,A,,3604.0,A,,3565.31,A,,1816.22,A,,1328.88,A,,1496.71,A,,1402.88,A,,1221.26,A,,1256.4,A,,1686.95,A,,2480.81,A,,1790.83,A,,2427.26,A,
19,'068,Bolivia (Plurinational State of),656,'01610,"Coffee, green",5922,Export value,1000 USD,815.0,A,,1019.0,A,,947.0,A,,2241.0,A,,1161.0,A,,4919.0,A,,4509.0,A,,2656.0,A,,2901.0,A,,3867.0,A,,3557.0,A,,4835.0,A,,4789.0,A,,4024.0,A,,6935.0,A,,13175.0,A,,17190.0,A,,16711.0,A,,19820.0,A,,20656.0,A,,15688.0,A,,15535.0,A,,13066.0,A,,6490.0,A,,13940.0,A,,13282.0,A,,11522.0,A,,17051.0,A,,12708.0,A,,14132.0,A,,7058.0,A,,6280.0,A,,3724.0,A,,15039.0,A,,16743.0,A,,16454.0,A,,26040.0,A,,14952.0,A,,13816.0,A,,10337.0,A,,5823.0,A,,6166.0,A,,6340.0,A,,9352.0,A,,11275.0,A,,13938.0,A,,13744.0,A,,13899.0,A,,14628.0,A,,15325.0,A,,31209.0,A,,18583.0,A,,15482.0,A,,16554.0,A,,10162.0,A,,7707.0,A,,9862.0,A,,9383.0,A,,8512.0,A,,8607.0,A,,10133.0,A,,16283.0,A,,11702.0,A,,15130.0,A,
80,'070,Bosnia and Herzegovina,656,'01610,"Coffee, green",5610,Import quantity,t,,,,,,,,,,,,,,,,,,,,,,,,,,,,,,,,,,,,,,,,,,,,,,,,,,,,,,,,,,,,,,,,,,,,,,,,,,,,,,,,,,,,,,,,,,,,,,530.0,X,Estimated data using trading partners database,420.0,X,Estimated data using trading partners database,60.0,X,Estimated data using trading partners database,35.0,X,Estimated data using trading partners database,260.0,X,Estimated data using trading partners database,60.0,X,Estimated data using trading partners database,130.0,X,Estimated data using trading partners database,110.0,X,Estimated data using trading partners database,90.0,I,,265.0,X,Estimated data using trading partners database,389.0,X,Estimated data using trading partners database,10547.0,A,,21520.0,A,,20034.0,A,,22534.0,A,,22254.0,A,,21855.0,A,,17989.0,A,,16177.0,A,,19454.0,A,,20756.0,A,,21442.0,A,,20511.4,A,,21376.31,A,,20916.64,A,,20132.31,A,,20682.38,A,,20490.73,A,,20017.61,A,,20665.51,A,,17970.35,A,,18110.59,A,,17767.6,A,
80,'070,Bosnia and Herzegovina,656,'01610,"Coffee, green",5622,Import value,1000 USD,,,,,,,,,,,,,,,,,,,,,,,,,,,,,,,,,,,,,,,,,,,,,,,,,,,,,,,,,,,,,,,,,,,,,,,,,,,,,,,,,,,,,,,,,,,,,,800.0,X,Estimated data using trading partners database,720.0,X,Estimated data using trading partners database,200.0,X,Estimated data using trading partners database,130.0,X,Estimated data using trading partners database,930.0,X,Estimated data using trading partners database,220.0,X,Estimated data using trading partners database,560.0,X,Estimated data using trading partners database,410.0,X,Estimated data using trading partners database,400.0,I,,750.0,I,,815.0,X,Estimated data using trading partners database,8827.0,A,,21006.0,A,,29228.0,A,,40598.0,A,,45328.0,A,,47699.0,A,,38629.0,A,,38262.0,A,,64086.0,A,,64522.0,A,,52192.0,A,,49949.0,A,,47151.0,A,,46186.0,A,,51841.0,A,,47823.0,A,,40303.0,A,,36593.0,A,,47127.0,A,,63066.0,A,,61809.0,A,,77688.0,A,
80,'070,Bosnia and Herzegovina,656,'01610,"Coffee, green",5910,Export quantity,t,,,,,,,,,,,,,,,,,,,,,,,,,,,,,,,,,,,,,,,,,,,,,,,,,,,,,,,,,,,,,,,,,,,,,,,,,,,,,,,,,,,,,,,,,,,,,,,,,,,,,,,,,,,,,,,,,,,,,,,,,,,,,,,36.0,A,,4.0,A,,8.0,A,,12.0,A,,8.0,A,,12.0,A,,13.0,A,,3.0,A,,20.0,A,,45.0,A,,11.0,A,,9.64,A,,38.16,A,,27.28,A,,5.36,A,,6.72,A,,4.45,A,,4.78,A,,14.48,A,,55.58,A,,0.18,A,,,,
80,'070,Bosnia and Herzegovina,656,'01610,"Coffee, green",5922,Export value,1000 USD,,,,,,,,,,,,,,,,,,,,,,,,,,,,,,,,,,,,,,,,,,,,,,,,,,,,,,,,,,,,,,,,,,,,,,,,,,,,,,,,,,,,,,,,,,,,,,,,,,,,,,,,,,,,,,,,,,,,,,,,,,,,,,,48.0,A,,7.0,A,,17.0,A,,34.0,A,,19.0,A,,35.0,A,,36.0,A,,10.0,A,,96.0,A,,115.0,A,,49.0,A,,37.0,A,,99.0,A,,71.0,A,,23.0,A,,30.0,A,,20.0,A,,23.0,A,,74.0,A,,257.0,A,,1.0,A,,,,
20,'072,Botswana,656,'01610,"Coffee, green",5610,Import quantity,t,0.0,A,,0.0,A,,0.0,A,,0.0,A,,0.0,A,,0.0,A,,0.0,A,,0.0,A,,0.0,A,,0.0,A,,0.0,A,,0.0,A,,0.0,A,,130.0,I,,215.0,I,,150.0,I,,160.0,I,,200.0,X,Estimated data using trading partners database,300.0,X,Estimated data using trading partners database,410.0,X,Estimated data using trading partners database,430.0,X,Estimated data using trading partners database,370.0,A,,382.0,A,,499.0,A,,552.0,A,,430.0,X,Estimated data using trading partners database,433.0,A,,582.0,A,,260.0,A,,381.0,A,,440.0,A,,629.0,X,Estimated data using trading partners database,794.0,A,,95.0,A,,42.0,A,,160.0,X,Estimated data using trading partners database,271.0,A,,561.0,A,,659.0,X,Estimated data using trading partners database,596.0,A,,431.0,A,,721.0,A,,668.0,A,,650.0,I,,600.0,I,,500.0,I,,493.0,A,,738.0,A,,816.0,A,,438.0,X,Estimated data using trading partners database,253.0,A,,347.0,A,,377.0,A,,407.12,A,,768.26,A,,462.08,A,,336.72,A,,421.44,A,,94.11,A,,115.74,A,,121.98,A,,83.24,A,,97.63,A,,142.58,X,Estimated data using trading partners database
20,'072,Botswana,656,'01610,"Coffee, green",5622,Import value,1000 USD,0.0,A,,0.0,A,,0.0,A,,0.0,A,,0.0,A,,0.0,A,,0.0,A,,0.0,A,,0.0,A,,0.0,A,,0.0,A,,0.0,A,,0.0,A,,225.0,A,,317.0,A,,400.0,A,,610.0,A,,704.0,A,,1038.0,A,,1485.0,A,,1150.0,A,,968.0,A,,990.0,A,,1001.0,A,,980.0,A,,1383.0,A,,1216.0,A,,1372.0,A,,673.0,A,,1011.0,A,,1213.0,A,,1507.0,A,,1288.0,A,,237.0,A,,201.0,A,,436.0,A,,284.0,A,,1730.0,A,,1442.0,A,,1514.0,A,,1505.0,A,,1151.0,A,,2094.0,A,,2100.0,I,,2120.0,I,,2150.0,I,,2160.0,A,,2352.0,A,,3617.0,A,,2575.0,A,,1278.0,A,,1430.0,A,,1512.0,A,,1601.0,A,,1349.0,A,,1466.0,A,,1829.0,A,,2288.0,A,,596.0,A,,538.0,A,,738.0,A,,461.0,A,,622.0,A,,1085.0,X,Estimated data using trading partners database
20,'072,Botswana,656,'01610,"Coffee, green",5910,Export quantity,t,0.0,A,,0.0,A,,0.0,A,,0.0,A,,0.0,A,,0.0,A,,0.0,A,,0.0,A,,0.0,A,,0.0,A,,0.0,A,,0.0,A,,0.0,A,,0.0,A,,0.0,A,,2.0,I,,0.0,A,,0.0,A,,1.0,I,,6.0,I,,0.0,A,,6.0,A,,1.0,A,,3.0,A,,4.0,A,,10.0,X,Estimated data using trading partners database,7.0,A,,30.0,A,,6.0,A,,5.0,A,,4.0,A,,6.0,A,,0.0,X,Estimated data using trading partners database,1.0,A,,0.0,A,,0.0,A,,0.0,A,,8.0,A,,4.0,A,,4.0,A,,4.0,A,,6.0,A,,4.0,A,,0.0,X,Estimated data using trading partners database,0.0,E,,0.0,X,Estimated data using trading partners database,8.0,A,,3.0,A,,7.0,A,,17.0,A,,5.0,A,,2.0,A,,0.0,A,,0.2,A,,0.86,A,,0.17,A,,2.51,A,,0.1,A,,4.88,A,,0.01,A,,0.12,A,,0.5,A,,0.77,A,,0.03,X,Estimated data using trading partners database
20,'072,Botswana,656,'01610,"Coffee, green",5922,Export value,1000 USD,0.0,A,,0.0,A,,0.0,A,,0.0,A,,0.0,A,,0.0,A,,0.0,A,,0.0,A,,0.0,A,,0.0,A,,0.0,A,,0.0,A,,0.0,A,,0.0,A,,5.0,A,,6.0,A,,0.0,A,,1.0,A,,3.0,A,,27.0,A,,3.0,A,,11.0,A,,7.0,A,,8.0,A,,7.0,A,,17.0,A,,19.0,A,,100.0,A,,11.0,A,,13.0,A,,12.0,A,,24.0,A,,1.0,A,,2.0,A,,1.0,A,,0.0,A,,2.0,A,,35.0,A,,11.0,A,,11.0,A,,6.0,A,,3.0,A,,14.0,A,,0.0,X,Estimated data using trading partners database,0.0,E,,0.0,X,Estimated data using trading partners database,18.0,A,,13.0,A,,51.0,A,,77.0,A,,47.0,A,,14.0,A,,4.0,A,,14.0,A,,3.0,A,,2.0,A,,5.0,A,,1.0,A,,39.0,A,,0.0,A,,1.0,A,,33.0,A,,0.0,A,,0.0,X,Estimated data using trading partners database
21,'076,Brazil,656,'01610,"Coffee, green",5610,Import quantity,t,0.0,A,,0.0,A,,0.0,A,,0.0,A,,0.0,A,,0.0,A,,0.0,A,,0.0,A,,0.0,A,,0.0,A,,0.0,A,,0.0,A,,3447.0,A,,5627.0,A,,0.0,A,,2760.0,A,,4611.0,A,,0.0,A,,31242.0,A,,0.0,A,,0.0,A,,0.0,A,,0.0,A,,0.0,A,,0.0,A,,0.0,A,,0.0,A,,0.0,A,,0.0,A,,0.0,A,,45.0,A,,412.0,A,,5967.0,A,,0.0,X,Estimated data using trading partners database,15.0,A,,1046.0,A,,252.0,A,,0.0,X,Estimated data using trading partners database,0.0,X,Estimated data using trading partners database,92.36,A,,0.0,A,,1.0,A,,1.0,A,,0.0,A,,22.0,A,,0.0,X,Estimated data using trading partners database,0.0,E,,,,,,,,,,,,,,2.0,A,,30.0,A,,15.42,A,,56.56,A,,13.9,A,,351.82,A,,976.25,A,,48.19,A,,2151.33,A,,2419.86,A,,5192.12,A,,6485.73,A,,2008.55,A,
21,'076,Brazil,656,'01610,"Coffee, green",5622,Import value,1000 USD,0.0,A,,0.0,A,,0.0,A,,0.0,A,,0.0,A,,0.0,A,,0.0,A,,0.0,A,,0.0,A,,0.0,A,,0.0,A,,0.0,A,,2761.0,A,,5049.0,A,,0.0,A,,7492.0,A,,12270.0,A,,0.0,A,,197842.0,A,,0.0,A,,0.0,A,,0.0,A,,0.0,A,,0.0,A,,0.0,A,,0.0,A,,0.0,A,,0.0,A,,0.0,A,,0.0,A,,103.0,A,,204.0,A,,2195.0,A,,0.0,X,Estimated data using trading partners database,116.0,A,,2112.0,A,,491.0,A,,0.0,X,Estimated data using trading partners database,0.0,X,Estimated data using trading partners database,111.0,A,,0.0,A,,2.0,A,,4.0,A,,3.0,A,,49.0,A,,0.0,X,Estimated data using trading partners database,0.0,E,,,,,,,,,,,,,,15.0,A,,139.0,A,,35.0,A,,29.0,A,,28.0,A,,773.0,A,,2138.0,A,,171.0,A,,4878.0,A,,4058.0,A,,11543.0,A,,12216.0,A,,4736.0,A,
21,'076,Brazil,656,'01610,"Coffee, green",5910,Export quantity,t,1018234.0,A,,982565.0,A,,1170784.0,A,,896774.0,A,,808931.0,A,,1009909.0,A,,1004250.0,A,,1107465.0,A,,1121375.0,A,,962629.0,A,,1034266.0,A,,1050156.0,A,,1071377.0,A,,683784.0,A,,781990.0,A,,805367.0,A,,512391.0,A,,621300.0,A,,562196.0,A,,784465.0,A,,825443.0,A,,888023.0,A,,939671.0,A,,1031895.0,A,,1033611.0,A,,477907.0,A,,987609.0,A,,904357.0,A,,943374.0,A,,853230.0,A,,1094694.0,A,,1017642.0,A,,964153.0,A,,871018.0,A,,721305.0,A,,777909.0,A,,868439.0,A,,995212.0,A,,1271772.0,A,,967042.4,A,,1252217.0,X,Estimated data using trading partners database,1551410.0,A,,1369159.0,A,,1410801.0,A,,1352097.0,A,,1475716.0,A,,1488255.0,A,,1566921.0,A,,1639392.0,A,,1791064.0,A,,1791207.0,A,,1503713.0,A,,1699147.0,A,,1986506.13,A,,2005034.06,A,,1823885.58,A,,1647811.41,A,,1826999.74,A,,2230872.01,I,,2372632.78,I,,2282845.68,A,,2132062.67,I,,2116567.93,I,,2768767.08,I,
21,'076,Brazil,656,'01610,"Coffee, green",5922,Export value,1000 USD,710386.0,A,,642671.0,A,,748284.0,A,,759703.0,A,,705687.0,A,,763983.0,A,,704725.0,A,,774474.0,A,,812955.0,A,,939266.0,A,,772479.0,A,,989219.0,A,,1244272.0,A,,864313.0,A,,854513.0,A,,2172687.0,A,,2298942.0,A,,1946509.0,A,,1917618.0,A,,2486055.0,A,,1516646.0,A,,1857539.0,A,,2095749.0,A,,2564293.0,A,,2369178.0,A,,2005902.0,A,,1959196.0,A,,2008945.0,A,,1610306.0,A,,1106287.0,A,,1382331.0,A,,970442.0,A,,1065184.0,A,,2218688.0,A,,1969869.0,A,,1718593.0,A,,2745289.0,A,,2330874.0,A,,2230844.0,A,,1559614.0,A,,1207735.0,A,,1195531.0,A,,1302746.0,A,,1750091.0,A,,2516614.0,A,,2928605.0,A,,3378300.0,A,,4131674.0,A,,3761605.0,A,,5182002.0,A,,8000416.0,A,,5721758.0,A,,4582238.0,A,,6041101.0,A,,5555415.0,A,,4843001.0,A,,4600238.0,A,,4359522.0,A,,4575024.0,A,,4973728.0,A,,5804685.0,A,,8514139.0,A,,7315366.0,A,,11337478.0,A,
26,'096,Brunei Darussalam,656,'01610,"Coffee, green",5610,Import quantity,t,151.0,A,,142.0,A,,138.0,A,,56.0,A,,158.0,A,,118.0,A,,121.0,A,,180.0,A,,151.0,A,,179.0,A,,142.0,A,,126.0,A,,153.0,A,,81.0,A,,79.0,A,,93.0,A,,40.0,A,,61.0,A,,119.0,A,,65.0,A,,55.0,A,,69.0,A,,106.0,A,,85.0,A,,54.0,A,,84.0,A,,60.0,X,Estimated data using trading partners database,39.0,A,,50.0,I,,50.0,I,,30.0,I,,20.0,X,Estimated data using trading partners database,20.0,X,Estimated data using trading partners database,40.0,X,Estimated data using trading partners database,20.0,X,Estimated data using trading partners database,30.0,X,Estimated data using trading partners database,41.0,A,,25.0,A,,130.0,I,,40.0,X,Estimated data using trading partners database,40.0,E,,33.0,X,Estimated data using trading partners database,39.0,A,,64.0,X,Estimated data using trading partners database,37.0,A,,35.0,X,Estimated data using trading partners database,23.0,X,Estimated data using trading partners database,36.0,X,Estimated data using trading partners database,36.0,X,Estimated data using trading partners database,38.0,X,Estimated data using trading partners database,62.0,X,Estimated data using trading partners database,32.0,A,,47.0,A,,23.53,A,,26.11,A,,39.09,A,,59.78,I,,32.09,A,,31.36,A,,36.88,A,,38.45,A,,45.0,I,,57.9,A,,81.01,A,
26,'096,Brunei Darussalam,656,'01610,"Coffee, green",5622,Import value,1000 USD,57.0,A,,62.0,A,,92.0,A,,37.0,I,,125.0,A,,84.0,A,,79.0,A,,132.0,A,,81.0,A,,86.0,A,,89.0,A,,69.0,A,,93.0,A,,92.0,A,,90.0,A,,161.0,A,,186.0,A,,166.0,A,,180.0,A,,220.0,A,,154.0,A,,173.0,A,,218.0,A,,131.0,A,,96.0,A,,400.0,A,,200.0,X,Estimated data using trading partners database,110.0,A,,180.0,I,,180.0,I,,90.0,I,,50.0,X,Estimated data using trading partners database,60.0,X,Estimated data using trading partners database,142.0,A,,70.0,X,Estimated data using trading partners database,62.0,X,Estimated data using trading partners database,103.0,A,,70.0,A,,200.0,X,Estimated data using trading partners database,70.0,X,Estimated data using trading partners database,70.0,E,,33.0,A,,48.0,A,,104.0,X,Estimated data using trading partners database,50.0,I,,164.0,X,Estimated data using trading partners database,58.0,X,Estimated data using trading partners database,100.0,X,Estimated data using trading partners database,112.0,X,Estimated data using trading partners database,96.0,X,Estimated data using trading partners database,192.0,X,Estimated data using trading partners database,120.0,A,,161.0,A,,84.0,A,,75.0,A,,197.0,A,,475.0,A,,109.0,A,,114.0,A,,151.0,A,,170.0,A,,203.0,A,,305.0,A,,529.0,A,
26,'096,Brunei Darussalam,656,'01610,"Coffee, green",5910,Export quantity,t,0.0,A,,0.0,A,,0.0,A,,0.0,A,,0.0,A,,0.0,A,,0.0,A,,0.0,A,,0.0,A,,0.0,A,,0.0,A,,0.0,A,,0.0,A,,0.0,A,,0.0,A,,0.0,A,,0.0,A,,0.0,A,,0.0,A,,0.0,A,,0.0,A,,0.0,A,,1.0,A,,0.0,A,,0.0,A,,0.0,A,,0.0,A,,0.0,A,,0.0,A,,0.0,A,,0.0,A,,0.0,A,,0.0,A,,0.0,E,,0.0,E,,0.0,E,,0.0,E,,0.0,E,,0.0,E,,0.0,E,,0.0,E,,0.0,E,,36.0,X,Estimated data using trading partners database,36.0,E,,18.0,X,Estimated data using trading partners database,26.0,X,Estimated data using trading partners database,,,,,,,56.0,X,Estimated data using trading partners database,24.0,X,Estimated data using trading partners database,2.0,X,Estimated data using trading partners database,2.0,E,,1.0,A,,0.02,A,,,,,,,,,,,0.26,A,,0.01,A,,0.02,A,,0.03,A,,0.0,A,,0.0,A,,,,
26,'096,Brunei Darussalam,656,'01610,"Coffee, green",5922,Export value,1000 USD,0.0,A,,0.0,A,,0.0,A,,0.0,A,,0.0,A,,0.0,A,,0.0,A,,0.0,A,,0.0,A,,0.0,A,,0.0,A,,0.0,A,,0.0,A,,0.0,A,,0.0,A,,0.0,A,,0.0,A,,0.0,A,,0.0,A,,0.0,A,,0.0,A,,0.0,A,,2.0,A,,0.0,A,,0.0,A,,0.0,A,,0.0,A,,0.0,A,,0.0,A,,0.0,A,,0.0,A,,0.0,A,,0.0,A,,0.0,E,,0.0,E,,0.0,E,,0.0,E,,0.0,E,,0.0,E,,0.0,E,,0.0,E,,0.0,E,,29.0,X,Estimated data using trading partners database,29.0,E,,31.0,X,Estimated data using trading partners database,64.0,X,Estimated data using trading partners database,,,,,,,220.0,X,Estimated data using trading partners database,74.0,X,Estimated data using trading partners database,2.0,X,Estimated data using trading partners database,2.0,E,,2.0,A,,0.0,A,,,,,,,,,,,3.0,A,,0.0,A,,0.0,A,,0.0,A,,0.0,A,,0.0,A,,,,
27,'100,Bulgaria,656,'01610,"Coffee, green",5610,Import quantity,t,0.0,A,,0.0,A,,0.0,A,,0.0,A,,0.0,A,,0.0,A,,0.0,A,,0.0,A,,0.0,A,,0.0,A,,0.0,A,,0.0,A,,0.0,A,,0.0,A,,0.0,A,,1109.0,A,,2369.0,A,,1435.0,A,,1747.0,A,,2884.0,A,,4242.0,A,,2314.0,A,,8364.0,A,,8121.0,A,,11782.0,A,,5189.0,A,,5223.0,A,,9194.0,A,,9507.0,A,,15987.0,A,,11841.0,A,,7200.0,A,,17193.0,A,,23909.0,A,,26982.0,A,,14685.0,A,,16615.0,A,,17718.0,A,,19800.0,A,,14700.0,A,,18453.0,A,,17210.0,A,,19277.0,A,,17379.0,A,,20466.0,A,,19529.0,A,,16596.0,A,,22205.0,A,,22672.0,A,,23229.0,A,,21082.0,A,,23244.0,A,,23750.0,A,,30035.89,A,,29644.7,A,,32483.38,A,,29068.87,A,,29964.0,A,,32858.71,A,,30455.42,A,,28708.96,A,,25379.03,A,,23673.09,A,,29696.07,A,
27,'100,Bulgaria,656,'01610,"Coffee, green",5622,Import value,1000 USD,0.0,A,,0.0,A,,0.0,A,,0.0,A,,0.0,A,,0.0,A,,0.0,A,,0.0,A,,0.0,A,,0.0,A,,0.0,A,,0.0,A,,0.0,A,,0.0,A,,0.0,A,,2400.0,I,,10700.0,I,,5000.0,I,,5900.0,I,,10570.0,I,,11080.0,I,,5500.0,I,,17000.0,I,,18000.0,I,,25000.0,I,,19370.0,I,,14000.0,I,,29000.0,X,Estimated data using trading partners database,26800.0,I,,32442.0,A,,21788.0,A,,7183.0,A,,10399.0,A,,14988.0,A,,15675.0,A,,4205.0,A,,5398.0,A,,7476.0,A,,9776.0,X,Estimated data using trading partners database,10800.0,X,Estimated data using trading partners database,12939.0,A,,8743.0,A,,12175.0,A,,11710.0,A,,15934.0,A,,18990.0,A,,26575.0,A,,55164.0,A,,57258.0,A,,62852.0,A,,72393.0,A,,76771.0,A,,65061.0,A,,80193.0,A,,88255.0,A,,75021.0,A,,78497.0,A,,68747.0,A,,72464.0,A,,65277.0,A,,67122.0,A,,87755.0,A,,80571.0,A,,131207.0,A,
27,'100,Bulgaria,656,'01610,"Coffee, green",5910,Export quantity,t,,,,,,,,,,,,,,,,,,,,,,,,,,,,,,,,,,,,,,,,,,,,,,,,,,,,,,,,,,,,,,,,,,,,,,,,,,,,,,,,,,,,,,,,,,,,,,2441.0,A,,3941.0,A,,5599.0,A,,6016.0,A,,762.0,A,,359.0,A,,433.0,A,,450.0,I,,450.0,I,,10.0,A,,3.0,A,,109.0,A,,60.0,A,,22.0,A,,27.0,A,,36.0,A,,31.0,A,,106.0,A,,341.0,A,,1085.0,A,,3282.0,A,,889.0,A,,494.08,A,,300.55,A,,1201.24,A,,525.33,A,,433.15,A,,363.71,A,,126.49,A,,249.11,A,,233.19,A,,177.6,A,,545.37,A,
27,'100,Bulgaria,656,'01610,"Coffee, green",5922,Export value,1000 USD,,,,,,,,,,,,,,,,,,,,,,,,,,,,,,,,,,,,,,,,,,,,,,,,,,,,,,,,,,,,,,,,,,,,,,,,,,,,,,,,,,,,,,,,,,,,,,3400.0,I,,5451.0,A,,9121.0,A,,9326.0,A,,573.0,A,,158.0,A,,147.0,A,,160.0,I,,170.0,I,,4.0,A,,1.0,A,,81.0,A,,48.0,A,,28.0,A,,76.0,A,,102.0,A,,230.0,A,,502.0,A,,1912.0,A,,3246.0,A,,16695.0,A,,3291.0,A,,2578.0,A,,1555.0,A,,5194.0,A,,2761.0,A,,2865.0,A,,1863.0,A,,476.0,A,,795.0,A,,570.0,A,,814.0,A,,2428.0,A,
233,'854,Burkina Faso,656,'01610,"Coffee, green",5610,Import quantity,t,0.0,A,,0.0,A,,0.0,A,,0.0,A,,0.0,A,,27.0,A,,11.0,A,,10.0,A,,0.0,A,,0.0,A,,0.0,A,,0.0,A,,29.0,A,,0.0,A,,22.0,A,,11.0,A,,1.0,A,,0.0,A,,0.0,A,,0.0,A,,0.0,A,,0.0,A,,0.0,A,,0.0,A,,0.0,A,,0.0,A,,3.0,A,,0.0,A,,0.0,X,Estimated data using trading partners database,0.0,A,,0.0,A,,0.0,A,,0.0,A,,47.0,A,,37.0,A,,8.0,A,,16.0,A,,13.0,A,,74.0,A,,17.0,A,,5.0,A,,11.0,A,,489.0,A,,93.0,A,,20.0,X,Estimated data using trading partners database,4.0,X,Estimated data using trading partners database,1.0,X,Estimated data using trading partners database,1.0,E,,166.0,A,,295.0,A,,162.0,X,Estimated data using trading partners database,118.0,A,,264.0,A,,594.4,A,,931.21,A,,591.69,A,,1312.21,A,,768.83,A,,1906.07,A,,2945.81,A,,1934.18,A,,709.33,A,,1309.24,A,,1889.0,A,
233,'854,Burkina Faso,656,'01610,"Coffee, green",5622,Import value,1000 USD,0.0,A,,0.0,A,,0.0,A,,0.0,A,,0.0,A,,3.0,A,,2.0,A,,3.0,A,,0.0,A,,0.0,A,,0.0,A,,0.0,A,,30.0,A,,0.0,A,,39.0,A,,37.0,A,,8.0,A,,0.0,A,,0.0,A,,0.0,A,,0.0,A,,0.0,A,,0.0,A,,0.0,A,,0.0,A,,0.0,A,,13.0,A,,0.0,A,,0.0,X,Estimated data using trading partners database,0.0,A,,0.0,A,,0.0,I,,0.0,A,,19.0,A,,25.0,A,,10.0,A,,7.0,A,,7.0,A,,35.0,A,,6.0,A,,2.0,A,,4.0,A,,53.0,A,,30.0,A,,13.0,X,Estimated data using trading partners database,9.0,X,Estimated data using trading partners database,7.0,X,Estimated data using trading partners database,62.0,X,Estimated data using trading partners database,112.0,A,,146.0,A,,79.0,A,,74.0,A,,124.0,A,,113.0,A,,229.0,A,,102.0,A,,47.0,A,,60.0,A,,446.0,A,,651.0,A,,1092.0,A,,470.0,A,,508.0,A,,739.0,A,
233,'854,Burkina Faso,656,'01610,"Coffee, green",5910,Export quantity,t,,,,,,,,,,,,,,,,,,,,,,,,,,,,,,,,,,,,,,,,,,,,,,,,,,,,,,,,,,,,,,,,,,,,,,,,,,,,,,,,,,,,,,,,,,,,,,,,,,,,,,,,,,,,,,,,,,,,,,,,,,,,,,,,,,,,,,,,,,,,,,,,,13.0,A,,186.0,A,,79.0,A,,277.0,A,,470.0,A,,425.04,A,,1482.6,A,,963.09,A,,4594.22,A,,1726.22,A,,468.58,A,,1305.03,A,,680.6,A,,3708.43,A,,2200.35,A,,1677.4,A,
233,'854,Burkina Faso,656,'01610,"Coffee, green",5922,Export value,1000 USD,,,,,,,,,,,,,,,,,,,,,,,,,,,,,,,,,,,,,,,,,,,,,,,,,,,,,,,,,,,,,,,,,,,,,,,,,,,,,,,,,,,,,,,,,,,,,,,,,,,,,,,,,,,,,,,,,,,,,,,,,,,,,,,,,,,,,,,,,,,,,,,,,7.0,A,,45.0,A,,22.0,A,,93.0,A,,223.0,A,,108.0,A,,185.0,A,,142.0,A,,485.0,A,,107.0,A,,13.0,A,,100.0,A,,43.0,A,,325.0,A,,211.0,A,,115.0,A,
29,'108,Burundi,656,'01610,"Coffee, green",5610,Import quantity,t,,,,,,,,,,,,,,,,,,,,,,,,,,,,,,,,,,,,,,,,,,,,,,,,,,,,,,,,,,,,,,,,,,,,,,,,,,,,,,,,,,,,,,,,,,,,,,,,,,,,,,,,,,,,,,,,,,,0.02,A,,0.02,E,,0.0,A,,0.0,E,,0.0,A,,101.0,X,Estimated data using trading partners database,0.0,A,,23.0,A,,23.0,E,,0.0,X,Estimated data using trading partners database,1.0,A,,1.0,A,,1.0,E,,1.0,A,,3.0,A,,0.56,A,,0.04,A,,0.62,A,,0.41,A,,0.48,A,,0.39,A,,1.31,A,,1.38,A,,1.04,A,,0.02,A,,0.01,X,Estimated data using trading partners database
29,'108,Burundi,656,'01610,"Coffee, green",5622,Import value,1000 USD,,,,,,,,,,,,,,,,,,,,,,,,,,,,,,,,,,,,,,,,,,,,,,,,,,,,,,,,,,,,,,,,,,,,,,,,,,,,,,,,,,,,,,,,,,,,,,,,,,,,,,,,,,,,,,,,,,,0.0,A,,0.0,E,,0.0,A,,0.0,E,,0.0,A,,153.0,X,Estimated data using trading partners database,0.0,A,,89.0,A,,89.0,E,,0.0,X,Estimated data using trading partners database,1.0,A,,1.0,A,,1.0,E,,1.0,A,,7.0,A,,0.0,A,,0.0,A,,1.0,A,,3.0,A,,1.0,A,,1.0,A,,2.0,A,,1.0,A,,24.0,A,,0.0,A,,0.0,X,Estimated data using trading partners database
29,'108,Burundi,656,'01610,"Coffee, green",5910,Export quantity,t,13400.0,A,,13000.0,A,,7000.0,A,,18500.0,A,,12500.0,A,,15012.0,A,,19671.0,A,,16930.0,A,,14815.0,A,,20272.0,A,,19103.0,A,,24919.0,A,,22958.0,A,,20637.0,A,,26041.0,A,,21835.0,A,,16822.0,A,,22696.0,A,,27137.0,A,,18525.0,A,,27106.0,A,,30459.0,A,,24835.0,A,,29002.0,A,,34097.0,A,,36689.0,A,,27071.0,A,,36684.0,A,,29084.0,A,,33501.0,A,,41163.0,A,,39991.0,A,,22770.0,A,,28732.0,A,,28500.0,A,,13400.0,A,,25377.0,A,,34660.0,X,Estimated data using trading partners database,24098.96,A,,21524.96,A,,19233.0,X,Estimated data using trading partners database,17800.0,A,,28830.0,A,,13988.0,X,Estimated data using trading partners database,23046.0,A,,17557.0,A,,21414.0,X,Estimated data using trading partners database,15312.0,A,,17115.0,A,,20208.0,A,,17446.0,X,Estimated data using trading partners database,21830.0,X,Estimated data using trading partners database,11822.0,A,,14140.89,A,,12900.95,A,,16197.5,A,,11841.79,A,,17293.1,A,,21518.93,A,,12876.41,A,,8860.3,A,,12228.07,A,,9920.7,I,,7133.86,X,Estimated data using trading partners database
29,'108,Burundi,656,'01610,"Coffee, green",5922,Export value,1000 USD,9000.0,I,,9000.0,I,,4900.0,I,,16138.0,A,,10034.0,A,,8109.0,A,,10367.0,A,,12048.0,A,,9444.0,A,,20570.0,A,,15379.0,A,,21701.0,A,,25360.0,A,,24931.0,A,,28098.0,A,,56277.0,A,,84266.0,A,,57103.0,A,,95691.0,A,,58191.0,A,,66048.0,A,,78459.0,A,,70766.0,A,,83016.0,A,,94181.0,A,,149883.0,A,,63894.0,A,,115060.0,A,,59956.0,A,,56541.0,A,,74965.0,A,,48301.0,A,,36457.0,A,,93916.0,A,,81003.0,A,,25342.0,A,,49200.0,I,,83196.0,A,,42294.0,A,,30941.0,A,,21109.0,A,,18032.0,A,,25169.0,A,,18124.0,X,Estimated data using trading partners database,47056.0,A,,38073.0,A,,46895.0,X,Estimated data using trading partners database,39419.0,A,,39476.0,A,,69845.0,A,,62705.0,X,Estimated data using trading partners database,66386.0,A,,28459.0,A,,51605.0,A,,38223.0,A,,45234.0,A,,33745.0,A,,40768.0,A,,37768.0,A,,30304.0,A,,27169.0,A,,53590.0,A,,41091.0,A,,29817.0,X,Estimated data using trading partners database
35,'132,Cabo Verde,656,'01610,"Coffee, green",5610,Import quantity,t,0.0,A,,0.0,A,,0.0,A,,19.0,A,,34.0,A,,0.0,A,,53.0,A,,44.0,A,,61.0,A,,216.0,A,,348.0,A,,257.0,A,,262.0,A,,471.0,A,,150.0,A,,140.0,I,,86.0,A,,108.0,A,,516.0,A,,5.0,A,,242.0,A,,60.0,A,,229.0,A,,200.0,X,Estimated data using trading partners database,403.0,A,,198.0,A,,335.0,A,,452.0,A,,665.0,A,,140.0,A,,392.0,A,,638.0,A,,490.0,A,,87.0,A,,253.0,A,,349.0,A,,275.0,A,,374.0,A,,461.0,A,,520.0,A,,529.0,A,,156.0,X,Estimated data using trading partners database,293.0,X,Estimated data using trading partners database,521.0,X,Estimated data using trading partners database,571.0,A,,577.0,A,,515.0,A,,592.0,A,,595.0,A,,540.0,A,,493.0,A,,606.0,A,,562.0,A,,564.8,A,,548.55,A,,583.93,A,,645.71,A,,700.22,A,,672.03,A,,538.0,X,Estimated data using trading partners database,574.44,A,,520.21,A,,492.24,A,,624.37,A,
35,'132,Cabo Verde,656,'01610,"Coffee, green",5622,Import value,1000 USD,0.0,A,,0.0,A,,0.0,A,,11.0,A,,19.0,A,,0.0,A,,24.0,A,,28.0,A,,39.0,A,,145.0,A,,267.0,A,,191.0,A,,237.0,A,,561.0,A,,230.0,A,,210.0,I,,224.0,A,,302.0,A,,2181.0,A,,13.0,A,,536.0,A,,115.0,A,,375.0,A,,699.0,A,,891.0,A,,982.0,A,,1011.0,A,,1247.0,A,,1395.0,A,,289.0,A,,835.0,A,,1055.0,A,,824.0,A,,366.0,A,,899.0,A,,1138.0,A,,1033.0,A,,1138.0,A,,1140.0,A,,1067.0,A,,791.0,A,,139.0,X,Estimated data using trading partners database,337.0,X,Estimated data using trading partners database,693.0,X,Estimated data using trading partners database,1031.0,A,,1020.0,A,,1284.0,A,,1455.0,A,,1432.0,A,,1387.0,A,,1875.0,A,,2129.0,A,,1676.0,A,,1561.0,A,,1402.0,A,,1438.0,A,,1881.0,A,,2041.0,A,,1521.0,A,,1037.0,X,Estimated data using trading partners database,1237.0,A,,1746.0,A,,1628.0,A,,2630.0,A,
35,'132,Cabo Verde,656,'01610,"Coffee, green",5910,Export quantity,t,50.0,A,,20.0,A,,40.0,A,,40.0,A,,50.0,A,,29.0,A,,18.0,A,,31.0,A,,13.0,A,,1.0,A,,3.0,A,,12.0,A,,2.0,A,,0.0,A,,0.0,A,,0.0,A,,0.0,A,,0.0,A,,2.0,A,,0.0,A,,0.0,A,,0.0,A,,0.0,A,,0.0,A,,0.0,A,,0.0,A,,0.0,A,,0.0,A,,0.0,A,,0.0,A,,0.0,A,,0.0,A,,18.0,A,,0.0,A,,0.0,A,,0.0,A,,3.0,A,,0.0,A,,0.0,A,,1.0,A,,0.0,A,,18.0,X,Estimated data using trading partners database,2.0,X,Estimated data using trading partners database,32.0,X,Estimated data using trading partners database,0.0,A,,3.0,A,,0.0,X,Estimated data using trading partners database,0.0,A,,0.0,E,,0.0,E,,0.0,E,,2.0,A,,0.0,X,Estimated data using trading partners database,6.44,A,,13.36,A,,3.54,A,,,,,,,,3.0,A,,,,,,,,,,,3.12,A,,,,
35,'132,Cabo Verde,656,'01610,"Coffee, green",5922,Export value,1000 USD,60.0,A,,30.0,A,,50.0,A,,50.0,A,,51.0,A,,27.0,A,,19.0,A,,33.0,A,,13.0,A,,1.0,A,,2.0,A,,14.0,A,,2.0,A,,0.0,A,,0.0,A,,0.0,A,,0.0,A,,0.0,A,,15.0,A,,0.0,A,,0.0,A,,0.0,A,,0.0,A,,0.0,A,,0.0,A,,0.0,A,,0.0,A,,0.0,A,,0.0,A,,0.0,A,,0.0,A,,0.0,A,,23.0,A,,0.0,A,,0.0,A,,0.0,A,,18.0,A,,0.0,A,,0.0,A,,2.0,A,,0.0,A,,29.0,X,Estimated data using trading partners database,8.0,X,Estimated data using trading partners database,24.0,X,Estimated data using trading partners database,1.0,A,,8.0,A,,0.0,X,Estimated data using trading partners database,0.0,A,,0.0,E,,0.0,E,,0.0,E,,10.0,A,,0.0,X,Estimated data using trading partners database,48.0,A,,119.0,A,,39.0,A,,,,,,,,27.0,A,,,,,,,,,,,28.0,A,,,,
115,'116,Cambodia,656,'01610,"Coffee, green",5610,Import quantity,t,851.0,A,,487.0,A,,303.0,A,,211.0,A,,116.0,A,,11.0,A,,0.0,A,,0.0,A,,50.0,A,,1.0,A,,0.0,A,,0.0,A,,120.0,A,,0.0,A,,0.0,A,,0.0,A,,0.0,A,,0.0,A,,0.0,A,,0.0,A,,0.0,A,,0.0,A,,0.0,A,,0.0,A,,0.0,A,,0.0,A,,0.0,A,,0.0,A,,0.0,A,,0.0,A,,0.0,A,,0.0,A,,0.0,A,,0.0,E,,0.0,E,,39.0,A,,15.0,X,Estimated data using trading partners database,10.0,X,Estimated data using trading partners database,5.0,X,Estimated data using trading partners database,7.0,A,,6.0,A,,0.0,A,,9.0,A,,2.0,A,,0.0,I,,0.0,E,,0.0,E,,0.0,E,,0.0,E,,16.0,A,,332.0,X,Estimated data using trading partners database,505.0,X,Estimated data using trading partners database,279.0,X,Estimated data using trading partners database,23.47,I,,380.94,A,,947.38,A,,380.79,I,,486.71,I,,244.24,A,,399.08,A,,320.38,A,,502.85,A,,772.69,A,,1162.54,A,
115,'116,Cambodia,656,'01610,"Coffee, green",5622,Import value,1000 USD,700.0,A,,301.0,A,,176.0,A,,129.0,A,,76.0,A,,15.0,A,,0.0,A,,0.0,A,,26.0,A,,2.0,A,,0.0,A,,0.0,A,,131.0,A,,0.0,A,,0.0,A,,0.0,A,,0.0,A,,0.0,A,,0.0,A,,0.0,A,,0.0,A,,0.0,A,,0.0,A,,0.0,A,,0.0,A,,0.0,A,,0.0,A,,0.0,A,,0.0,A,,0.0,A,,0.0,A,,0.0,A,,0.0,A,,0.0,E,,0.0,E,,62.0,A,,20.0,X,Estimated data using trading partners database,10.0,I,,20.0,I,,9.0,A,,4.0,A,,0.0,A,,6.0,A,,2.0,A,,0.0,I,,0.0,E,,0.0,E,,0.0,E,,0.0,E,,26.0,A,,848.0,A,,1792.0,A,,996.0,A,,63.0,A,,409.0,A,,1416.0,A,,628.0,A,,717.0,A,,472.0,A,,823.0,A,,636.0,A,,1756.0,A,,1415.0,A,,3227.0,A,
115,'116,Cambodia,656,'01610,"Coffee, green",5910,Export quantity,t,0.0,A,,0.0,A,,0.0,A,,0.0,A,,0.0,A,,0.0,A,,0.0,A,,0.0,A,,0.0,A,,1.0,A,,0.0,A,,0.0,A,,37.0,A,,0.0,A,,0.0,A,,0.0,A,,0.0,A,,0.0,A,,0.0,A,,0.0,A,,0.0,A,,0.0,A,,0.0,A,,0.0,A,,0.0,A,,0.0,A,,0.0,A,,0.0,A,,0.0,A,,0.0,A,,0.0,A,,0.0,A,,0.0,A,,0.0,E,,0.0,E,,0.0,E,,4.0,X,Estimated data using trading partners database,0.0,X,Estimated data using trading partners database,21.0,X,Estimated data using trading partners database,0.0,A,,0.0,A,,40.0,X,Estimated data using trading partners database,2.0,A,,0.0,A,,10.0,X,Estimated data using trading partners database,6.0,X,Estimated data using trading partners database,18.0,X,Estimated data using trading partners database,18.0,E,,4.0,X,Estimated data using trading partners database,0.0,X,Estimated data using trading partners database,1.0,A,,1.0,A,,0.0,X,Estimated data using trading partners database,,,,1.89,A,,5.21,A,,3.32,I,,6.22,I,,2.0,A,,0.13,A,,4.04,A,,,,,0.77,A,,1.72,A,
115,'116,Cambodia,656,'01610,"Coffee, green",5922,Export value,1000 USD,0.0,A,,0.0,A,,0.0,A,,0.0,A,,0.0,A,,0.0,A,,0.0,A,,0.0,A,,0.0,A,,1.0,A,,0.0,A,,0.0,A,,11.0,A,,0.0,A,,0.0,A,,0.0,A,,0.0,A,,0.0,A,,0.0,A,,0.0,A,,0.0,A,,0.0,A,,0.0,A,,0.0,A,,0.0,A,,0.0,A,,0.0,A,,0.0,A,,0.0,A,,0.0,A,,0.0,A,,0.0,A,,0.0,A,,0.0,E,,0.0,E,,0.0,E,,6.0,X,Estimated data using trading partners database,0.0,X,Estimated data using trading partners database,51.0,X,Estimated data using trading partners database,0.0,A,,0.0,A,,32.0,X,Estimated data using trading partners database,2.0,A,,0.0,A,,11.0,X,Estimated data using trading partners database,6.0,X,Estimated data using trading partners database,20.0,X,Estimated data using trading partners database,20.0,E,,82.0,X,Estimated data using trading partners database,0.0,X,Estimated data using trading partners database,14.0,A,,10.0,A,,0.0,X,Estimated data using trading partners database,,,,5.0,A,,17.0,A,,12.0,A,,19.0,A,,10.0,A,,1.0,A,,16.0,A,,,,,10.0,A,,19.0,A,
32,'120,Cameroon,656,'01610,"Coffee, green",5610,Import quantity,t,31.0,A,,123.0,A,,20.0,A,,13.0,A,,44.0,A,,13.0,A,,13.0,A,,12.0,A,,18.0,A,,14.0,A,,12.0,A,,8.0,A,,17.0,A,,10.0,A,,11.0,A,,10.0,A,,13.0,A,,9.0,A,,98.0,A,,36.0,A,,22.0,A,,1.0,A,,0.0,A,,690.0,A,,0.0,A,,0.0,A,,6.0,A,,9.0,A,,7.0,A,,0.0,A,,3.0,A,,1.0,X,Estimated data using trading partners database,2.0,A,,0.0,X,Estimated data using trading partners database,1.0,A,,0.0,A,,0.0,A,,0.0,A,,2.0,A,,1.0,A,,1.0,A,,1.0,A,,1.0,A,,1.0,A,,2.0,A,,4.0,X,Estimated data using trading partners database,1.0,A,,1.0,A,,1.0,A,,1.0,A,,37.0,A,,14.0,A,,14.0,E,,4.22,A,,8.75,A,,4.77,A,,11.7,A,,12.79,A,,4.89,A,,7.65,A,,1.04,A,,35.19,A,,105.05,A,,0.05,X,Estimated data using trading partners database
32,'120,Cameroon,656,'01610,"Coffee, green",5622,Import value,1000 USD,37.0,A,,66.0,A,,41.0,A,,28.0,A,,48.0,A,,31.0,A,,32.0,A,,24.0,A,,41.0,A,,35.0,A,,24.0,A,,23.0,A,,55.0,A,,17.0,A,,34.0,A,,31.0,A,,62.0,A,,31.0,A,,277.0,A,,224.0,A,,49.0,A,,12.0,A,,0.0,A,,327.0,A,,0.0,A,,0.0,A,,0.0,A,,6.0,A,,7.0,A,,0.0,A,,10.0,A,,5.0,X,Estimated data using trading partners database,4.0,A,,0.0,X,Estimated data using trading partners database,1.0,A,,0.0,A,,0.0,A,,3.0,A,,9.0,A,,1.0,A,,8.0,A,,3.0,A,,1.0,A,,5.0,A,,4.0,A,,33.0,A,,3.0,A,,2.0,A,,5.0,A,,2.0,A,,40.0,A,,30.0,A,,30.0,E,,10.0,A,,98.0,A,,7.0,A,,15.0,A,,13.0,A,,9.0,A,,6.0,A,,4.0,A,,35.0,A,,144.0,A,,1.0,X,Estimated data using trading partners database
32,'120,Cameroon,656,'01610,"Coffee, green",5910,Export quantity,t,35484.0,A,,38112.0,A,,43991.0,A,,50099.0,A,,48281.0,A,,67870.0,A,,63214.0,A,,73494.0,A,,68507.0,A,,62556.0,A,,58769.0,A,,71066.0,A,,81994.0,A,,100722.0,A,,93733.0,A,,98536.0,A,,71233.0,A,,78760.0,A,,98249.0,A,,91567.0,A,,92613.0,A,,76590.0,A,,93637.0,A,,102700.0,A,,100365.0,A,,122000.0,X,Estimated data using trading partners database,98000.0,X,Estimated data using trading partners database,95000.0,X,Estimated data using trading partners database,152007.0,A,,157149.0,A,,112710.0,A,,104200.0,X,Estimated data using trading partners database,67058.0,A,,54395.0,A,,62734.0,A,,74039.0,A,,58971.0,A,,0.0,X,Estimated data using trading partners database,85654.0,A,,88863.0,A,,70601.0,A,,47929.0,A,,53325.0,A,,53674.0,A,,43387.0,A,,44862.0,A,,44557.0,A,,32925.0,A,,36927.0,A,,47942.0,A,,30842.0,A,,41586.0,A,,26604.0,X,Estimated data using trading partners database,31134.35,A,,28246.16,A,,32858.14,A,,28507.6,A,,16650.0,X,Estimated data using trading partners database,18108.13,A,,21258.97,A,,14258.04,A,,10360.18,A,,13258.06,A,,7711.04,X,Estimated data using trading partners database
32,'120,Cameroon,656,'01610,"Coffee, green",5922,Export value,1000 USD,20746.0,A,,21130.0,A,,26078.0,A,,37720.0,A,,31771.0,A,,44865.0,A,,43887.0,A,,51056.0,A,,45875.0,A,,52425.0,A,,53053.0,A,,60370.0,A,,91472.0,A,,119707.0,A,,108333.0,A,,162209.0,A,,224940.0,A,,243339.0,A,,285947.0,A,,302654.0,A,,189865.0,A,,160826.0,A,,195486.0,A,,205600.0,A,,244557.0,A,,337300.0,A,,205500.0,A,,185000.0,X,Estimated data using trading partners database,262566.0,A,,173832.0,A,,117000.0,X,Estimated data using trading partners database,97000.0,X,Estimated data using trading partners database,63957.0,A,,100000.0,X,Estimated data using trading partners database,138771.0,A,,126876.0,A,,89966.0,A,,0.0,X,Estimated data using trading partners database,111351.0,A,,94799.0,A,,76022.0,A,,52238.0,A,,69215.0,A,,76497.0,A,,62989.0,A,,65793.0,A,,85680.0,A,,66208.0,A,,51774.0,A,,66192.0,A,,72176.0,A,,86650.0,X,Estimated data using trading partners database,54276.0,X,Estimated data using trading partners database,63625.0,A,,52467.0,A,,48002.0,A,,40815.0,A,,30393.0,X,Estimated data using trading partners database,24458.0,A,,27152.0,A,,22486.0,A,,22136.0,A,,31767.0,A,,25522.0,X,Estimated data using trading partners database
33,'124,Canada,656,'01610,"Coffee, green",5610,Import quantity,t,67138.0,A,,73788.0,A,,77251.0,A,,74769.0,A,,75458.0,A,,69816.0,A,,80626.0,A,,83661.0,A,,81757.0,A,,75332.0,A,,84722.0,A,,79247.0,A,,77574.0,A,,78192.0,A,,83185.0,A,,79286.0,A,,68492.0,A,,77432.0,A,,81145.0,A,,73990.0,A,,89081.0,A,,80684.0,A,,83052.0,A,,89601.0,A,,85571.0,A,,89018.0,A,,103856.0,A,,99706.0,A,,99791.0,A,,111724.0,A,,115786.0,A,,102627.0,A,,112101.0,A,,126986.0,A,,107345.0,A,,122256.0,A,,123320.0,A,,137886.0,A,,121638.0,A,,131125.2,A,,132922.0,A,,112608.0,A,,106733.0,A,,136744.0,A,,132277.0,A,,135659.0,A,,125999.0,A,,129335.0,A,,124278.0,A,,138157.0,A,,147607.0,A,,147472.0,A,,152430.0,A,,168282.84,I,,169497.86,I,,183894.32,I,,202563.41,I,,200584.37,A,,208843.38,A,,188996.7,I,,201156.08,I,,206470.14,I,,187989.39,I,,218169.4,I,
33,'124,Canada,656,'01610,"Coffee, green",5622,Import value,1000 USD,51349.0,A,,52037.0,A,,54607.0,A,,69491.0,A,,66936.0,A,,60206.0,A,,64578.0,A,,66874.0,A,,64903.0,A,,78151.0,A,,81663.0,A,,82054.0,A,,98435.0,A,,109929.0,A,,115610.0,A,,199716.0,A,,323813.0,A,,285153.0,A,,293325.0,A,,276644.0,A,,255058.0,A,,235606.0,A,,238497.0,A,,279557.0,A,,250632.0,A,,355243.0,A,,272006.0,A,,278431.0,A,,251805.0,A,,204627.0,A,,207029.0,A,,152551.0,A,,166923.0,A,,328650.0,A,,371224.0,A,,307686.0,A,,392788.0,A,,388689.0,A,,280439.0,A,,271783.0,A,,217887.0,A,,179872.0,A,,180861.0,A,,223743.0,A,,296558.0,A,,334721.0,A,,339574.0,A,,375352.0,A,,375283.0,A,,522028.0,A,,821069.0,A,,689066.0,A,,523905.0,A,,657182.0,A,,635956.0,A,,635046.0,A,,719548.0,A,,637861.0,A,,618395.0,A,,618367.0,A,,776158.0,A,,1085700.0,A,,867839.0,A,,1017471.0,A,
33,'124,Canada,656,'01610,"Coffee, green",5910,Export quantity,t,0.0,A,,0.0,A,,0.0,A,,0.0,A,,0.0,A,,0.0,A,,0.0,A,,0.0,A,,0.0,A,,0.0,A,,0.0,A,,0.0,A,,0.0,A,,0.0,A,,0.0,A,,0.0,A,,0.0,A,,0.0,A,,0.0,A,,0.0,A,,0.0,A,,0.0,A,,0.0,A,,0.0,A,,0.0,A,,0.0,A,,0.0,A,,4093.0,A,,4515.0,A,,4861.0,A,,5490.0,A,,5532.0,A,,6145.0,A,,4593.0,A,,4896.0,A,,6163.0,A,,6808.0,A,,7960.0,A,,7342.0,A,,6870.68,A,,7475.0,A,,10160.0,A,,11440.0,A,,9705.0,A,,10611.0,A,,14569.0,A,,14087.0,A,,12168.0,A,,8469.0,A,,9435.0,A,,12077.0,A,,11574.0,A,,12750.0,A,,14869.09,A,,17628.39,A,,14867.82,A,,15028.18,A,,18714.78,A,,22215.56,A,,21212.45,A,,26333.24,A,,31755.77,A,,29615.78,A,,30236.03,A,
33,'124,Canada,656,'01610,"Coffee, green",5922,Export value,1000 USD,0.0,A,,0.0,A,,0.0,A,,0.0,A,,0.0,A,,0.0,A,,0.0,A,,0.0,A,,0.0,A,,0.0,A,,0.0,A,,0.0,A,,0.0,A,,0.0,A,,0.0,A,,0.0,A,,0.0,A,,0.0,A,,0.0,A,,0.0,A,,0.0,A,,0.0,A,,0.0,A,,0.0,A,,0.0,A,,0.0,A,,0.0,A,,15465.0,A,,16733.0,A,,14519.0,A,,15196.0,A,,14196.0,A,,14989.0,A,,17777.0,A,,21331.0,A,,21859.0,A,,28636.0,A,,30765.0,A,,23817.0,A,,20539.0,A,,20385.0,A,,25086.0,A,,28453.0,A,,28565.0,A,,33343.0,A,,48011.0,A,,47718.0,A,,40725.0,A,,33753.0,A,,45693.0,A,,81696.0,A,,69800.0,A,,57197.0,A,,77248.0,A,,89480.0,A,,66496.0,A,,70990.0,A,,80727.0,A,,91149.0,A,,92922.0,A,,130296.0,A,,203333.0,A,,180031.0,A,,183235.0,A,
37,'140,Central African Republic,656,'01610,"Coffee, green",5610,Import quantity,t,29.0,A,,215.0,A,,74.0,A,,17.0,A,,9.0,A,,8.0,A,,8.0,A,,6.0,A,,0.0,A,,5.0,A,,6.0,A,,8.0,A,,4.0,A,,2.0,A,,1.0,A,,4.0,A,,2.0,A,,2.0,A,,1.0,A,,1.0,A,,2.0,A,,0.0,A,,74.0,A,,0.0,A,,8.0,A,,0.0,A,,0.0,A,,45.0,A,,283.0,A,,229.0,A,,3.0,A,,0.0,X,Estimated data using trading partners database,0.0,A,,0.0,I,,5.0,A,,5.0,A,,17.0,A,,1918.0,A,,0.0,E,,0.0,E,,2.0,X,Estimated data using trading partners database,6.0,A,,0.0,I,,1129.0,A,,1519.0,A,,0.0,I,,0.0,I,,0.0,E,,0.0,E,,0.0,E,,0.0,A,,0.0,X,Estimated data using trading partners database,0.0,X,Estimated data using trading partners database,36.0,A,,,,,,,,,,,0.18,A,,20.69,A,,16.79,A,,58.45,A,,33.53,A,,14.4,A,,68.11,A,
37,'140,Central African Republic,656,'01610,"Coffee, green",5622,Import value,1000 USD,30.0,A,,70.0,A,,30.0,A,,20.0,A,,10.0,A,,17.0,A,,20.0,A,,13.0,A,,0.0,A,,13.0,A,,17.0,A,,13.0,A,,10.0,A,,6.0,A,,6.0,A,,9.0,A,,9.0,A,,17.0,A,,7.0,A,,10.0,A,,11.0,A,,0.0,A,,290.0,A,,0.0,A,,12.0,A,,0.0,A,,0.0,A,,76.0,A,,383.0,A,,389.0,A,,14.0,A,,0.0,X,Estimated data using trading partners database,0.0,A,,0.0,E,,4.0,A,,5.0,A,,25.0,X,Estimated data using trading partners database,2713.0,A,,0.0,E,,0.0,E,,1.0,A,,6.0,A,,0.0,I,,598.0,A,,745.0,A,,0.0,I,,0.0,I,,0.0,E,,0.0,E,,0.0,E,,1.0,A,,0.0,X,Estimated data using trading partners database,0.0,X,Estimated data using trading partners database,27.0,A,,,,,,,,,,,1.0,A,,24.0,A,,5.0,A,,36.0,A,,9.0,A,,19.0,A,,8.0,A,
37,'140,Central African Republic,656,'01610,"Coffee, green",5910,Export quantity,t,7266.0,A,,7881.0,A,,5778.0,A,,12507.0,A,,7638.0,A,,11314.0,A,,9129.0,A,,8211.0,A,,9173.0,A,,8504.0,A,,9326.0,A,,9879.0,A,,4556.0,A,,12408.0,A,,9773.0,A,,12426.0,A,,9768.0,A,,10125.0,A,,8142.0,A,,10906.0,A,,10517.0,A,,19699.0,A,,12562.0,A,,11903.0,A,,16516.0,A,,10219.0,A,,11154.0,A,,14766.0,A,,24964.0,A,,13290.0,A,,8523.0,A,,6479.0,A,,2934.0,A,,5158.0,A,,13698.0,A,,5361.0,A,,11805.0,A,,6813.0,A,,11528.0,A,,12330.0,A,,4691.0,A,,5505.0,A,,1533.0,A,,1080.0,A,,4055.0,X,Estimated data using trading partners database,1207.0,X,Estimated data using trading partners database,5540.0,A,,917.0,A,,2088.0,A,,2142.0,A,,822.0,A,,568.0,A,,18.0,A,,3.0,A,,198.0,A,,223.0,X,Estimated data using trading partners database,,,,32.38,I,,,,,,,,,,,,,,88.33,A,,50.04,A,
37,'140,Central African Republic,656,'01610,"Coffee, green",5922,Export value,1000 USD,3930.0,A,,4210.0,A,,3170.0,A,,8010.0,A,,4070.0,A,,7283.0,A,,5811.0,A,,4924.0,A,,5441.0,A,,6710.0,A,,7745.0,A,,9236.0,A,,4746.0,A,,13842.0,A,,10971.0,A,,19820.0,A,,33331.0,A,,20830.0,A,,20265.0,A,,31611.0,A,,18942.0,A,,35208.0,A,,27325.0,A,,25026.0,A,,36576.0,A,,29393.0,A,,20825.0,A,,26843.0,A,,40258.0,A,,12711.0,A,,4881.0,A,,4843.0,A,,1290.0,A,,1134.0,A,,27396.0,A,,7506.0,A,,17708.0,A,,4098.0,A,,12995.0,A,,8095.0,A,,1890.0,A,,1058.0,A,,829.0,A,,587.0,A,,778.0,A,,1140.0,X,Estimated data using trading partners database,3372.0,A,,645.0,A,,1808.0,A,,967.0,A,,681.0,A,,428.0,A,,15.0,A,,13.0,A,,125.0,A,,140.0,E,,,,,23.0,A,,,,,,,,,,,,,,18.0,A,,1.0,A,
39,'148,Chad,656,'01610,"Coffee, green",5610,Import quantity,t,22.0,A,,31.0,A,,23.0,A,,36.0,A,,7.0,A,,24.0,A,,20.0,A,,19.0,A,,128.0,A,,99.0,A,,102.0,A,,108.0,A,,209.0,A,,146.0,A,,246.0,A,,0.0,A,,0.0,A,,0.0,A,,0.0,A,,0.0,A,,0.0,A,,0.0,A,,0.0,A,,1.0,A,,0.0,A,,0.0,A,,0.0,A,,0.0,A,,0.0,A,,0.0,A,,0.0,A,,0.0,A,,0.0,A,,27.0,A,,15.0,A,,66.0,A,,0.0,E,,0.0,E,,0.0,E,,0.0,E,,0.0,I,,0.0,E,,115.0,X,Estimated data using trading partners database,115.0,E,,208.0,X,Estimated data using trading partners database,208.0,E,,208.0,E,,208.0,E,,208.0,E,,200.0,I,,0.0,X,Estimated data using trading partners database,0.0,E,,0.0,E,,3.0,X,Estimated data using trading partners database,1.4,X,Estimated data using trading partners database,1.61,X,Estimated data using trading partners database,3.34,X,Estimated data using trading partners database,5.14,X,Estimated data using trading partners database,0.07,X,Estimated data using trading partners database,,,,30.0,X,Estimated data using trading partners database,5.11,X,Estimated data using trading partners database,3.48,X,Estimated data using trading partners database,2.21,X,Estimated data using trading partners database
39,'148,Chad,656,'01610,"Coffee, green",5622,Import value,1000 USD,30.0,A,,33.0,A,,27.0,A,,33.0,A,,15.0,A,,37.0,A,,38.0,A,,45.0,A,,109.0,A,,82.0,A,,71.0,A,,114.0,A,,121.0,A,,116.0,A,,138.0,A,,0.0,A,,0.0,A,,0.0,A,,0.0,A,,0.0,A,,0.0,A,,0.0,A,,0.0,A,,4.0,A,,0.0,A,,0.0,A,,0.0,A,,0.0,A,,0.0,A,,0.0,A,,0.0,A,,0.0,A,,0.0,A,,15.0,A,,14.0,A,,273.0,A,,0.0,E,,0.0,E,,0.0,E,,0.0,E,,0.0,I,,0.0,E,,63.0,X,Estimated data using trading partners database,63.0,E,,281.0,X,Estimated data using trading partners database,281.0,E,,281.0,E,,281.0,E,,281.0,E,,280.0,I,,0.0,X,Estimated data using trading partners database,0.0,E,,0.0,E,,15.0,X,Estimated data using trading partners database,5.0,X,Estimated data using trading partners database,7.0,X,Estimated data using trading partners database,8.0,X,Estimated data using trading partners database,7.0,X,Estimated data using trading partners database,12.0,X,Estimated data using trading partners database,,,,2.0,X,Estimated data using trading partners database,17.0,X,Estimated data using trading partners database,39.0,X,Estimated data using trading partners database,13.0,X,Estimated data using trading partners database
39,'148,Chad,656,'01610,"Coffee, green",5910,Export quantity,t,,,,,,,,,,,,,,,,,,,,,,,,,,,,,,,,,,,,,,,,,,,,,,,,,,,,,,,,,,,,,,,,,,,,,,,,,,,,,,,,,,,,,,,,,,,,,,,,,,,,,,,,,,,,,,,,,,,,,,,,,,,,,,,,,,,,,,,,,,,,,,,,,,,,,,,,,,,,,,,,,,,0.21,X,Estimated data using trading partners database,17.43,X,Estimated data using trading partners database,,,,113.0,X,Estimated data using trading partners database,,,,,,,,,,0.0,X,Estimated data using trading partners database,,,,,,
39,'148,Chad,656,'01610,"Coffee, green",5922,Export value,1000 USD,,,,,,,,,,,,,,,,,,,,,,,,,,,,,,,,,,,,,,,,,,,,,,,,,,,,,,,,,,,,,,,,,,,,,,,,,,,,,,,,,,,,,,,,,,,,,,,,,,,,,,,,,,,,,,,,,,,,,,,,,,,,,,,,,,,,,,,,,,,,,,,,,,,,,,,,,,,,,,,,,,,1.0,X,Estimated data using trading partners database,19.0,X,Estimated data using trading partners database,,,,99.0,X,Estimated data using trading partners database,,,,,,,,,,0.0,X,Estimated data using trading partners database,,,,,,
40,'152,Chile,656,'01610,"Coffee, green",5610,Import quantity,t,4897.0,A,,4127.0,A,,8330.0,A,,6442.0,A,,8561.0,A,,9963.0,A,,7369.0,A,,8754.0,A,,9081.0,A,,7466.0,A,,10600.0,A,,9464.0,A,,9120.0,A,,9175.0,A,,5316.0,A,,5904.0,A,,3948.0,A,,5221.0,A,,10360.0,A,,4980.0,A,,4357.0,A,,5540.0,A,,6328.0,A,,7117.0,A,,6198.0,A,,3468.0,A,,5227.0,A,,8503.0,A,,6937.0,A,,6743.0,A,,7605.0,A,,11909.0,A,,10824.0,A,,8905.0,A,,11708.0,A,,14481.0,A,,12836.0,A,,10805.0,A,,9636.19,A,,11534.46,A,,10754.0,A,,12592.0,A,,14565.0,A,,13709.0,A,,14171.0,A,,14363.0,A,,14597.0,A,,12196.0,A,,11892.0,A,,15279.0,A,,11469.0,A,,10909.0,A,,13725.0,A,,12828.42,A,,14038.72,A,,14680.25,A,,14253.53,A,,12545.63,A,,15795.82,A,,13232.63,A,,13077.21,A,,10962.6,A,,15235.19,I,,13998.64,A,
40,'152,Chile,656,'01610,"Coffee, green",5622,Import value,1000 USD,3500.0,A,,2806.0,A,,5728.0,A,,6211.0,A,,8046.0,A,,8544.0,A,,5902.0,A,,5986.0,A,,7242.0,A,,7126.0,A,,10294.0,A,,8671.0,A,,13038.0,A,,11780.0,A,,6371.0,A,,12962.0,A,,15720.0,A,,16372.0,A,,32038.0,A,,16976.0,A,,10791.0,A,,8988.0,A,,8736.0,A,,10400.0,A,,10273.0,A,,12858.0,A,,11310.0,A,,14053.0,A,,10758.0,A,,8401.0,A,,9774.0,A,,11762.0,A,,12211.0,A,,24829.0,A,,34979.0,A,,28325.0,A,,27174.0,A,,22253.0,A,,16118.0,A,,16205.0,A,,12675.0,A,,9204.0,A,,12921.0,A,,14532.0,A,,20840.0,A,,23220.0,A,,30871.0,A,,32257.0,A,,25548.0,A,,35144.0,A,,38656.0,A,,32043.0,A,,36055.0,A,,28223.0,A,,35034.0,A,,32882.0,A,,39766.0,A,,27876.0,A,,28929.0,A,,24061.0,A,,28814.0,A,,38671.0,A,,48443.0,X,Estimated data using trading partners database,57268.0,A,
40,'152,Chile,656,'01610,"Coffee, green",5910,Export quantity,t,0.0,A,,0.0,A,,0.0,A,,0.0,A,,0.0,A,,0.0,A,,0.0,A,,0.0,A,,0.0,A,,0.0,A,,0.0,A,,0.0,A,,0.0,A,,0.0,A,,0.0,A,,0.0,A,,104.0,A,,0.0,A,,0.0,A,,0.0,A,,0.0,A,,79.0,A,,0.0,A,,0.0,A,,0.0,A,,0.0,A,,0.0,A,,772.0,A,,1216.0,A,,0.0,A,,0.0,A,,0.0,X,Estimated data using trading partners database,0.0,X,Estimated data using trading partners database,0.0,E,,0.0,E,,0.0,E,,0.0,E,,0.0,E,,174.0,A,,0.57,A,,0.0,A,,173.0,X,Estimated data using trading partners database,0.0,X,Estimated data using trading partners database,8.0,A,,1.0,A,,0.0,X,Estimated data using trading partners database,0.0,A,,0.0,E,,0.0,E,,0.0,A,,0.0,A,,0.0,A,,1.0,A,,0.22,A,,0.56,A,,4.77,A,,17.75,A,,0.13,A,,0.01,A,,1.73,A,,44.28,A,,46.34,A,,123.17,X,Estimated data using trading partners database,13.04,A,
40,'152,Chile,656,'01610,"Coffee, green",5922,Export value,1000 USD,0.0,A,,0.0,A,,0.0,A,,0.0,A,,0.0,A,,0.0,A,,0.0,A,,0.0,A,,0.0,A,,0.0,A,,0.0,A,,0.0,A,,0.0,A,,0.0,A,,0.0,A,,0.0,A,,401.0,A,,0.0,A,,0.0,A,,0.0,A,,0.0,A,,109.0,A,,0.0,A,,0.0,A,,0.0,A,,0.0,A,,0.0,A,,835.0,A,,1240.0,A,,0.0,A,,0.0,A,,0.0,X,Estimated data using trading partners database,0.0,X,Estimated data using trading partners database,0.0,E,,0.0,E,,0.0,E,,0.0,E,,0.0,E,,281.0,A,,4.0,A,,0.0,A,,165.0,X,Estimated data using trading partners database,0.0,X,Estimated data using trading partners database,10.0,A,,7.0,A,,0.0,X,Estimated data using trading partners database,1.0,A,,0.0,X,Estimated data using trading partners database,0.0,E,,0.0,A,,0.0,A,,0.0,A,,4.0,A,,1.0,A,,2.0,A,,30.0,A,,36.0,A,,1.0,A,,0.0,A,,7.0,A,,97.0,A,,144.0,A,,849.0,X,Estimated data using trading partners database,63.0,A,
351,'159,China,656,'01610,"Coffee, green",5610,Import quantity,t,6062.0,A,,5205.0,A,,7636.0,A,,17700.0,A,,14946.0,A,,30578.0,A,,10333.0,A,,11591.0,A,,45734.0,A,,34198.0,A,,16460.0,A,,9292.0,A,,25734.0,A,,14102.0,A,,17255.0,A,,23634.0,A,,16610.0,A,,7149.0,A,,7700.0,A,,8689.0,A,,8869.0,A,,17268.0,A,,37379.0,A,,20529.0,A,,23021.0,A,,10472.0,A,,6351.0,A,,19732.0,A,,10364.0,A,,5031.0,A,,6038.0,A,,7904.0,A,,4755.0,A,,5918.0,A,,6005.0,A,,18049.0,A,,9121.0,A,,12575.0,A,,11895.0,A,,13684.77,A,,18399.0,A,,20971.0,A,,23916.0,A,,27692.0,A,,29304.0,A,,30078.0,A,,32150.0,A,,29893.0,A,,36002.0,A,,48327.0,A,,60561.0,A,,74967.0,A,,67496.0,A,,85627.8,A,,77915.36,A,,81032.26,A,,81735.06,A,,85227.58,A,,88706.52,A,,97216.67,A,,146314.07,A,,150451.9,A,,183140.89,E,,225896.79,A,
351,'159,China,656,'01610,"Coffee, green",5622,Import value,1000 USD,2618.0,A,,2174.0,A,,3388.0,A,,8014.0,A,,6354.0,A,,11362.0,A,,3980.0,A,,4239.0,A,,15018.0,A,,11438.0,A,,5844.0,A,,3736.0,A,,9319.0,A,,11196.0,A,,14949.0,A,,38871.0,A,,50603.0,A,,23082.0,A,,20431.0,A,,23411.0,A,,22253.0,A,,18290.0,A,,40800.0,A,,24323.0,A,,26702.0,A,,28582.0,A,,14004.0,A,,33910.0,A,,16031.0,A,,8406.0,A,,9848.0,A,,11413.0,A,,7325.0,A,,16505.0,A,,19926.0,A,,30857.0,A,,21912.0,A,,32094.0,A,,22794.0,A,,20710.0,A,,18820.0,A,,17547.0,A,,24300.0,A,,30395.0,A,,40633.0,A,,50448.0,A,,67700.0,E,,75726.0,A,,76113.0,A,,108603.0,A,,194217.0,A,,217394.0,A,,179665.0,A,,231320.0,A,,233157.0,A,,226173.0,A,,262113.0,A,,261682.0,A,,264251.0,A,,304999.0,A,,506379.0,A,,731364.0,A,,839104.0,A,,1072581.0,A,
351,'159,China,656,'01610,"Coffee, green",5910,Export quantity,t,3673.0,A,,5915.0,A,,7167.0,A,,14607.0,A,,17919.0,A,,21814.0,A,,14285.0,A,,16394.0,A,,27192.0,A,,32295.0,A,,21631.0,A,,23240.0,A,,23824.0,A,,16518.0,A,,8804.0,A,,31429.0,A,,11993.0,A,,5197.0,A,,2723.0,A,,357.0,A,,2646.0,A,,8390.0,A,,17238.0,A,,20128.0,A,,18932.0,A,,13053.0,A,,4039.0,A,,13514.0,A,,7961.0,A,,3213.0,A,,1101.0,A,,422.0,E,,871.0,A,,1438.0,A,,778.0,A,,1137.0,A,,15732.0,A,,3475.0,A,,4611.0,A,,3510.64,A,,11787.0,A,,12594.0,A,,16012.0,A,,16165.0,A,,11790.0,A,,17047.0,A,,18991.0,A,,21715.0,A,,32948.0,A,,33014.0,A,,37865.0,A,,59936.0,A,,73304.0,A,,69117.79,A,,62717.48,A,,83745.96,A,,61321.14,A,,91017.49,A,,67732.57,A,,50402.61,A,,26232.06,A,,44819.28,A,,18313.41,A,,42447.32,A,
351,'159,China,656,'01610,"Coffee, green",5922,Export value,1000 USD,1572.0,A,,2309.0,A,,2837.0,A,,7811.0,A,,9179.0,A,,11385.0,A,,6289.0,A,,6632.0,A,,11318.0,A,,14478.0,A,,11230.0,A,,12733.0,A,,18301.0,A,,18777.0,A,,9934.0,A,,67711.0,A,,47189.0,A,,15691.0,A,,8080.0,A,,1380.0,A,,4688.0,A,,18451.0,A,,30208.0,A,,34265.0,A,,33857.0,A,,31027.0,A,,7351.0,A,,20045.0,A,,10515.0,A,,3687.0,A,,1752.0,A,,575.0,E,,1050.0,A,,2797.0,A,,3064.0,A,,3121.0,A,,25008.0,A,,8450.0,A,,8640.0,A,,6097.0,A,,10909.0,A,,11372.0,A,,16262.0,A,,20874.0,A,,26184.0,A,,37711.0,A,,44686.0,A,,61191.0,A,,79841.0,A,,98481.0,A,,174177.0,A,,217850.0,A,,195769.0,A,,204365.0,A,,184577.0,A,,200797.0,A,,174183.0,A,,196726.0,A,,136919.0,A,,130652.0,A,,97800.0,A,,216923.0,A,,80247.0,A,,185149.0,A,
96,'344,"China, Hong Kong SAR",656,'01610,"Coffee, green",5610,Import quantity,t,5722.0,A,,4784.0,A,,7116.0,A,,17044.0,A,,14348.0,A,,29219.0,A,,9351.0,A,,10931.0,A,,44977.0,A,,33917.0,A,,16138.0,A,,8846.0,A,,25336.0,A,,13747.0,A,,16891.0,A,,16872.0,A,,10140.0,A,,1625.0,A,,3121.0,A,,2617.0,A,,1438.0,A,,1622.0,A,,11271.0,A,,13359.0,A,,16773.0,A,,7716.0,A,,3462.0,A,,15501.0,A,,3490.0,A,,2285.0,A,,2542.0,A,,2146.0,A,,2085.0,A,,2908.0,A,,2571.0,A,,3482.0,A,,4530.0,A,,3850.0,A,,2935.0,A,,2871.54,A,,3150.0,A,,2755.0,A,,2828.0,A,,4090.0,A,,3583.0,A,,3353.0,A,,3586.0,A,,3574.0,A,,3878.0,A,,4058.0,A,,4579.0,A,,4715.0,A,,3900.0,A,,3956.21,A,,4158.48,A,,4442.06,A,,4840.46,A,,4219.94,A,,4388.73,A,,3885.18,A,,4803.34,A,,5138.95,A,,5196.2,A,,4918.51,A,
96,'344,"China, Hong Kong SAR",656,'01610,"Coffee, green",5622,Import value,1000 USD,2438.0,A,,1954.0,A,,3118.0,A,,7584.0,A,,5934.0,A,,10469.0,A,,3298.0,A,,3714.0,A,,14431.0,A,,10959.0,A,,5304.0,A,,3284.0,A,,8924.0,A,,10726.0,A,,14515.0,A,,25972.0,A,,19129.0,A,,4619.0,A,,7582.0,A,,6221.0,A,,2865.0,A,,2382.0,A,,12757.0,A,,14858.0,A,,21948.0,A,,21015.0,A,,6970.0,A,,24819.0,A,,5077.0,A,,3474.0,A,,3814.0,A,,3096.0,A,,3012.0,A,,8283.0,A,,8578.0,A,,8154.0,A,,10558.0,A,,10257.0,A,,6305.0,A,,5289.0,A,,4354.0,A,,3118.0,A,,3802.0,A,,5478.0,A,,6827.0,A,,6683.0,A,,8123.0,A,,9410.0,A,,8931.0,A,,11189.0,A,,19512.0,A,,16630.0,A,,11018.0,A,,11579.0,A,,12839.0,A,,13144.0,A,,15108.0,A,,13329.0,A,,13099.0,A,,11127.0,A,,18093.0,A,,26655.0,A,,25753.0,A,,27845.0,A,
96,'344,"China, Hong Kong SAR",656,'01610,"Coffee, green",5910,Export quantity,t,3673.0,A,,5844.0,A,,6991.0,A,,13470.0,A,,17380.0,A,,20513.0,A,,12795.0,A,,15675.0,A,,26239.0,A,,31715.0,A,,20731.0,A,,21240.0,A,,21124.0,A,,14518.0,A,,7104.0,A,,28129.0,A,,10193.0,A,,3297.0,A,,523.0,A,,357.0,A,,2646.0,A,,890.0,A,,7237.0,A,,11128.0,A,,13932.0,A,,11119.0,A,,1950.0,A,,12111.0,A,,2091.0,A,,1089.0,A,,387.0,A,,379.0,A,,147.0,A,,292.0,A,,294.0,A,,1041.0,A,,1366.0,A,,1368.0,A,,347.0,A,,366.54,A,,414.0,A,,406.0,A,,607.0,A,,639.0,A,,496.0,A,,521.0,A,,501.0,A,,376.0,A,,633.0,A,,963.0,A,,1260.0,A,,747.0,A,,349.0,A,,1721.85,A,,369.85,A,,263.09,A,,507.87,A,,368.65,A,,289.44,A,,392.56,A,,378.75,A,,507.49,A,,1217.63,A,,505.49,A,
96,'344,"China, Hong Kong SAR",656,'01610,"Coffee, green",5922,Export value,1000 USD,1572.0,A,,2275.0,A,,2750.0,A,,7245.0,A,,8922.0,A,,10682.0,A,,5449.0,A,,6212.0,A,,10818.0,A,,14158.0,A,,10720.0,A,,11533.0,A,,16401.0,A,,16977.0,A,,8134.0,A,,61011.0,A,,39689.0,A,,9991.0,A,,1580.0,A,,1380.0,A,,4688.0,A,,1150.0,A,,8202.0,A,,13265.0,A,,21857.0,A,,26220.0,A,,3585.0,A,,17166.0,A,,2992.0,A,,940.0,A,,582.0,A,,512.0,A,,262.0,A,,770.0,A,,1614.0,A,,2823.0,A,,3652.0,A,,3387.0,A,,927.0,A,,867.0,A,,696.0,A,,656.0,A,,1028.0,A,,1161.0,A,,996.0,A,,997.0,A,,1213.0,A,,958.0,A,,1590.0,A,,2453.0,A,,5363.0,A,,3119.0,A,,1287.0,A,,4393.0,A,,1267.0,A,,737.0,A,,1316.0,A,,1719.0,A,,1256.0,A,,2233.0,A,,2048.0,A,,3611.0,A,,7168.0,A,,5452.0,A,
128,'446,"China, Macao SAR",656,'01610,"Coffee, green",5610,Import quantity,t,140.0,A,,221.0,A,,320.0,A,,448.0,A,,262.0,A,,82.0,A,,106.0,A,,44.0,A,,85.0,A,,80.0,A,,127.0,A,,102.0,A,,112.0,A,,124.0,A,,187.0,A,,113.0,A,,70.0,A,,74.0,A,,77.0,A,,110.0,A,,142.0,A,,101.0,A,,140.0,A,,123.0,A,,126.0,A,,118.0,A,,154.0,A,,159.0,A,,124.0,A,,117.0,A,,123.0,A,,158.0,A,,98.0,A,,93.0,A,,110.0,A,,125.0,A,,165.0,A,,200.0,A,,251.0,A,,289.93,A,,353.0,X,Estimated data using trading partners database,380.0,A,,444.0,A,,532.0,A,,500.0,I,,531.0,A,,691.0,A,,699.0,A,,649.0,A,,622.0,A,,698.0,A,,628.0,A,,650.0,I,,401.75,A,,477.75,A,,459.17,A,,680.56,A,,725.94,A,,736.14,I,,588.2,A,,446.86,A,,451.02,A,,725.48,A,,767.16,A,
128,'446,"China, Macao SAR",656,'01610,"Coffee, green",5622,Import value,1000 USD,80.0,A,,110.0,A,,150.0,A,,269.0,A,,158.0,A,,61.0,A,,76.0,A,,37.0,A,,54.0,A,,58.0,A,,132.0,A,,93.0,A,,123.0,A,,144.0,A,,178.0,A,,198.0,A,,274.0,A,,225.0,A,,223.0,A,,329.0,A,,247.0,A,,181.0,A,,204.0,A,,181.0,A,,209.0,A,,303.0,A,,314.0,A,,242.0,A,,175.0,A,,112.0,A,,137.0,A,,186.0,A,,72.0,A,,159.0,A,,239.0,A,,260.0,A,,327.0,A,,307.0,A,,286.0,A,,265.0,A,,296.0,A,,344.0,A,,411.0,A,,533.0,A,,488.0,X,Estimated data using trading partners database,899.0,A,,1466.0,A,,1807.0,A,,1520.0,A,,1347.0,A,,2317.0,A,,2111.0,A,,2180.0,I,,1382.0,A,,2088.0,A,,2053.0,A,,2622.0,A,,2791.0,A,,2582.0,A,,2139.0,A,,1836.0,A,,2148.0,A,,3859.0,A,,5074.0,A,
128,'446,"China, Macao SAR",656,'01610,"Coffee, green",5910,Export quantity,t,0.0,A,,71.0,A,,120.0,A,,399.0,A,,75.0,A,,6.0,A,,0.0,A,,0.0,A,,0.0,A,,0.0,A,,0.0,A,,0.0,A,,0.0,A,,0.0,A,,0.0,A,,0.0,A,,0.0,A,,0.0,A,,0.0,A,,0.0,A,,0.0,A,,0.0,A,,1.0,A,,0.0,A,,0.0,A,,0.0,A,,0.0,A,,0.0,A,,0.0,A,,1.0,A,,1.0,A,,0.0,X,Estimated data using trading partners database,2.0,A,,0.0,X,Estimated data using trading partners database,1.0,A,,0.0,X,Estimated data using trading partners database,6.0,A,,14.0,A,,7.0,A,,1.25,A,,99.0,A,,130.0,A,,166.0,A,,196.0,A,,12.0,X,Estimated data using trading partners database,5.0,A,,0.0,X,Estimated data using trading partners database,2.0,A,,3.0,A,,0.0,X,Estimated data using trading partners database,0.0,E,,0.0,E,,0.0,E,,,,,20.43,A,,,,,0.9,A,,0.52,A,,5.57,I,,,,,,,,,,,0.75,A,,2.17,A,
128,'446,"China, Macao SAR",656,'01610,"Coffee, green",5922,Export value,1000 USD,0.0,A,,34.0,A,,60.0,A,,191.0,A,,33.0,A,,3.0,A,,0.0,A,,0.0,A,,0.0,A,,0.0,A,,0.0,A,,0.0,A,,0.0,A,,0.0,A,,0.0,A,,0.0,A,,0.0,A,,0.0,A,,0.0,A,,0.0,A,,0.0,A,,1.0,A,,6.0,A,,0.0,A,,0.0,A,,0.0,A,,0.0,A,,0.0,A,,0.0,A,,5.0,A,,3.0,A,,0.0,X,Estimated data using trading partners database,1.0,A,,1.0,A,,2.0,A,,0.0,X,Estimated data using trading partners database,10.0,A,,3.0,A,,5.0,A,,2.0,A,,104.0,A,,150.0,A,,211.0,A,,244.0,A,,41.0,X,Estimated data using trading partners database,9.0,A,,1.0,X,Estimated data using trading partners database,6.0,A,,4.0,A,,0.0,X,Estimated data using trading partners database,0.0,E,,0.0,E,,0.0,E,,,,,71.0,A,,,,,16.0,A,,8.0,A,,80.0,A,,,,,,,,,,,8.0,A,,115.0,A,
41,'156,"China, mainland",656,'01610,"Coffee, green",5610,Import quantity,t,200.0,I,,200.0,I,,200.0,I,,198.0,X,Estimated data using trading partners database,304.0,X,Estimated data using trading partners database,1240.0,X,Estimated data using trading partners database,814.0,X,Estimated data using trading partners database,535.0,X,Estimated data using trading partners database,509.0,X,Estimated data using trading partners database,20.0,X,Estimated data using trading partners database,0.0,A,,0.0,A,,120.0,X,Estimated data using trading partners database,0.0,A,,0.0,A,,6300.0,A,,6000.0,A,,5000.0,A,,4000.0,A,,5500.0,X,Estimated data using trading partners database,6509.0,A,,14305.0,A,,25130.0,A,,5465.0,A,,5180.0,A,,1202.0,A,,593.0,A,,1511.0,A,,5224.0,A,,376.0,A,,1217.0,A,,3166.0,A,,1210.0,A,,434.0,A,,1813.0,A,,12299.0,A,,1415.0,A,,4724.0,A,,4616.0,A,,5117.94,A,,9078.0,A,,11121.0,A,,13037.0,A,,13460.0,A,,15031.0,A,,16742.0,A,,17603.0,A,,18765.0,A,,19867.0,A,,27720.0,A,,39985.0,A,,53766.0,A,,44056.0,A,,60570.28,A,,49297.84,A,,50572.81,A,,48012.42,A,,51033.77,A,,52192.37,A,,57044.8,A,,106472.3,A,,108261.09,A,,139945.35,I,,181284.54,A,
41,'156,"China, mainland",656,'01610,"Coffee, green",5622,Import value,1000 USD,100.0,I,,110.0,I,,120.0,I,,120.0,X,Estimated data using trading partners database,180.0,X,Estimated data using trading partners database,720.0,X,Estimated data using trading partners database,470.0,X,Estimated data using trading partners database,300.0,X,Estimated data using trading partners database,280.0,X,Estimated data using trading partners database,10.0,X,Estimated data using trading partners database,0.0,A,,0.0,A,,65.0,X,Estimated data using trading partners database,0.0,A,,0.0,A,,12000.0,X,Estimated data using trading partners database,30000.0,A,,17000.0,A,,11000.0,A,,15000.0,X,Estimated data using trading partners database,17000.0,X,Estimated data using trading partners database,14077.0,A,,26752.0,A,,7050.0,A,,2900.0,A,,2509.0,A,,1452.0,A,,3034.0,A,,7358.0,A,,535.0,A,,1572.0,A,,3965.0,A,,1859.0,A,,653.0,A,,5583.0,A,,16602.0,A,,2208.0,A,,10474.0,A,,7114.0,A,,4469.0,A,,5280.0,A,,6153.0,A,,10447.0,A,,11028.0,A,,14315.0,A,,22374.0,A,,29919.0,A,,40952.0,A,,33816.0,A,,46256.0,A,,99188.0,A,,128038.0,A,,99393.0,A,,134122.0,A,,119158.0,A,,112191.0,A,,128868.0,A,,136487.0,A,,136319.0,A,,158018.0,A,,346176.0,A,,503799.0,A,,614523.0,A,,837057.0,A,
41,'156,"China, mainland",656,'01610,"Coffee, green",5910,Export quantity,t,0.0,A,,0.0,A,,56.0,X,Estimated data using trading partners database,738.0,X,Estimated data using trading partners database,464.0,X,Estimated data using trading partners database,1295.0,X,Estimated data using trading partners database,1490.0,X,Estimated data using trading partners database,719.0,X,Estimated data using trading partners database,953.0,X,Estimated data using trading partners database,580.0,X,Estimated data using trading partners database,900.0,X,Estimated data using trading partners database,2000.0,X,Estimated data using trading partners database,2700.0,X,Estimated data using trading partners database,2000.0,X,Estimated data using trading partners database,1700.0,X,Estimated data using trading partners database,3300.0,X,Estimated data using trading partners database,1800.0,X,Estimated data using trading partners database,1900.0,X,Estimated data using trading partners database,2200.0,X,Estimated data using trading partners database,0.0,A,,0.0,A,,7500.0,X,Estimated data using trading partners database,10000.0,X,Estimated data using trading partners database,9000.0,X,Estimated data using trading partners database,5000.0,X,Estimated data using trading partners database,1934.0,A,,2089.0,A,,1403.0,A,,5722.0,A,,1916.0,A,,333.0,A,,43.0,A,,704.0,A,,1140.0,A,,483.0,A,,95.0,A,,14358.0,A,,2065.0,A,,4234.0,A,,3118.15,A,,11172.0,A,,11893.0,A,,15016.0,A,,15117.0,A,,11096.0,A,,16400.0,A,,18386.0,A,,21302.0,A,,32150.0,A,,31856.0,A,,36538.0,A,,59069.0,A,,72909.0,A,,67172.98,A,,61639.23,A,,82666.25,A,,60554.98,A,,90077.77,A,,66965.68,A,,49169.11,A,,24927.42,A,,43845.79,A,,16584.15,A,,41177.52,A,
41,'156,"China, mainland",656,'01610,"Coffee, green",5922,Export value,1000 USD,0.0,A,,0.0,A,,27.0,X,Estimated data using trading partners database,375.0,X,Estimated data using trading partners database,224.0,X,Estimated data using trading partners database,700.0,X,Estimated data using trading partners database,840.0,X,Estimated data using trading partners database,420.0,X,Estimated data using trading partners database,500.0,X,Estimated data using trading partners database,320.0,X,Estimated data using trading partners database,510.0,I,,1200.0,X,Estimated data using trading partners database,1900.0,X,Estimated data using trading partners database,1800.0,X,Estimated data using trading partners database,1800.0,X,Estimated data using trading partners database,6700.0,X,Estimated data using trading partners database,7500.0,X,Estimated data using trading partners database,5700.0,X,Estimated data using trading partners database,6500.0,X,Estimated data using trading partners database,0.0,A,,0.0,A,,17300.0,I,,22000.0,I,,21000.0,I,,12000.0,I,,4807.0,A,,3766.0,A,,2879.0,A,,7146.0,A,,2239.0,A,,440.0,A,,63.0,A,,775.0,A,,1914.0,A,,1448.0,A,,295.0,A,,21320.0,A,,4955.0,A,,7634.0,A,,5200.0,A,,9950.0,A,,10353.0,A,,14643.0,A,,19112.0,A,,24742.0,A,,36365.0,A,,43343.0,A,,60168.0,A,,77725.0,A,,95258.0,A,,168392.0,A,,214091.0,A,,194121.0,A,,198923.0,A,,179795.0,A,,196174.0,A,,171063.0,A,,191895.0,A,,132621.0,A,,123557.0,A,,88797.0,A,,208190.0,A,,67949.0,A,,172509.0,A,
214,'158,"China, Taiwan Province of",656,'01610,"Coffee, green",5610,Import quantity,t,0.0,A,,0.0,A,,0.0,A,,10.0,A,,32.0,A,,37.0,A,,62.0,A,,81.0,A,,163.0,A,,181.0,A,,195.0,A,,344.0,A,,166.0,A,,231.0,A,,177.0,A,,349.0,A,,400.0,I,,450.0,A,,502.0,A,,462.0,A,,780.0,A,,1240.0,A,,838.0,A,,1582.0,A,,942.0,A,,1436.0,A,,2142.0,A,,2561.0,A,,1526.0,A,,2253.0,A,,2156.0,A,,2434.0,A,,1362.0,A,,2483.0,A,,1511.0,A,,2143.0,A,,3011.0,A,,3801.0,A,,4093.0,A,,5405.37,A,,5818.0,A,,6715.0,A,,7607.0,A,,9610.0,A,,10190.0,A,,9452.0,A,,10270.0,X,Estimated data using trading partners database,6855.0,X,Estimated data using trading partners database,11608.0,A,,15927.0,A,,15299.0,A,,15858.0,A,,18890.0,A,,20699.55,A,,23981.3,A,,25558.22,A,,28201.62,A,,29247.93,A,,31389.28,A,,35698.49,A,,34591.58,A,,36600.85,A,,37273.86,A,,38926.58,A,
214,'158,"China, Taiwan Province of",656,'01610,"Coffee, green",5622,Import value,1000 USD,0.0,A,,0.0,A,,0.0,A,,41.0,A,,82.0,A,,112.0,A,,136.0,A,,188.0,A,,253.0,A,,411.0,A,,408.0,A,,359.0,A,,207.0,A,,326.0,A,,256.0,A,,701.0,A,,1200.0,I,,1238.0,A,,1626.0,A,,1861.0,A,,2141.0,A,,1650.0,A,,1087.0,A,,2234.0,A,,1645.0,A,,4755.0,A,,5268.0,A,,5815.0,A,,3421.0,A,,4285.0,A,,4325.0,A,,4166.0,A,,2382.0,A,,7410.0,A,,5526.0,A,,5841.0,A,,8819.0,A,,11056.0,A,,9089.0,A,,10687.0,A,,8890.0,A,,7932.0,A,,9640.0,A,,13356.0,A,,19003.0,A,,20492.0,A,,28192.0,X,Estimated data using trading partners database,23557.0,X,Estimated data using trading partners database,31846.0,A,,49811.0,A,,73200.0,A,,70615.0,A,,67074.0,A,,84236.0,A,,99072.0,A,,98785.0,A,,115516.0,A,,109075.0,A,,112251.0,A,,133715.0,A,,140274.0,A,,198761.0,A,,194970.0,A,,202606.0,A,
214,'158,"China, Taiwan Province of",656,'01610,"Coffee, green",5910,Export quantity,t,0.0,A,,0.0,A,,0.0,A,,0.0,A,,0.0,A,,0.0,A,,0.0,A,,0.0,A,,0.0,A,,0.0,A,,0.0,A,,0.0,A,,0.0,A,,0.0,A,,0.0,A,,0.0,A,,0.0,A,,0.0,A,,0.0,A,,0.0,A,,0.0,A,,0.0,A,,0.0,A,,0.0,A,,0.0,A,,0.0,A,,0.0,A,,0.0,A,,148.0,A,,207.0,A,,380.0,A,,0.0,X,Estimated data using trading partners database,18.0,A,,6.0,A,,0.0,A,,1.0,A,,2.0,A,,28.0,A,,23.0,A,,24.7,A,,102.0,A,,165.0,A,,223.0,A,,213.0,A,,186.0,A,,121.0,A,,104.0,X,Estimated data using trading partners database,35.0,X,Estimated data using trading partners database,162.0,A,,195.0,A,,67.0,A,,120.0,A,,46.0,A,,222.96,A,,687.98,A,,816.63,A,,257.39,A,,570.55,A,,471.88,A,,840.94,A,,925.89,A,,466.0,A,,510.88,A,,762.14,A,
214,'158,"China, Taiwan Province of",656,'01610,"Coffee, green",5922,Export value,1000 USD,0.0,A,,0.0,A,,0.0,A,,0.0,A,,0.0,A,,0.0,A,,0.0,A,,0.0,A,,0.0,A,,0.0,A,,0.0,A,,0.0,A,,0.0,A,,0.0,A,,0.0,A,,0.0,A,,0.0,A,,0.0,A,,0.0,A,,0.0,A,,0.0,A,,0.0,A,,0.0,A,,0.0,A,,0.0,A,,0.0,A,,0.0,A,,0.0,A,,377.0,A,,503.0,A,,727.0,A,,0.0,X,Estimated data using trading partners database,12.0,A,,112.0,A,,0.0,A,,3.0,A,,26.0,A,,105.0,A,,74.0,A,,29.0,A,,159.0,A,,213.0,A,,380.0,A,,357.0,A,,405.0,A,,340.0,A,,129.0,X,Estimated data using trading partners database,59.0,X,Estimated data using trading partners database,522.0,A,,770.0,A,,422.0,A,,640.0,A,,361.0,A,,1049.0,A,,3445.0,A,,3885.0,A,,1787.0,A,,3104.0,A,,2962.0,A,,4862.0,A,,6955.0,A,,5122.0,A,,5122.0,A,,7073.0,A,
44,'170,Colombia,656,'01610,"Coffee, green",5610,Import quantity,t,,,,,,,,,,,,,,,,,,,,,,,,,,,,,,,,,,,,,,,,,,,,,,,,,,,,,,,,,,,,,,,,,,,,,,,,,,,,,,,,,,,,,,,,,,,,,,,,,,,,,,,,,,0.0,A,,0.0,A,,0.0,X,Estimated data using trading partners database,0.0,X,Estimated data using trading partners database,0.0,A,,0.0,A,,0.0,E,,0.0,E,,5979.0,A,,22673.0,A,,19917.0,A,,5942.0,A,,9604.0,A,,43179.0,A,,32835.0,A,,55151.0,A,,63017.0,A,,25582.0,A,,18060.71,A,,6662.78,A,,11799.39,A,,21392.46,A,,59682.26,A,,43827.64,A,,63267.66,A,,102803.86,A,,142485.12,A,,90507.64,A,,38122.0,A,
44,'170,Colombia,656,'01610,"Coffee, green",5622,Import value,1000 USD,0.0,A,,0.0,A,,0.0,A,,0.0,A,,0.0,A,,0.0,A,,0.0,A,,0.0,A,,0.0,A,,0.0,A,,0.0,A,,0.0,A,,0.0,A,,0.0,A,,0.0,A,,0.0,A,,0.0,A,,0.0,A,,0.0,A,,0.0,A,,0.0,A,,0.0,A,,0.0,A,,0.0,A,,0.0,A,,0.0,A,,0.0,A,,0.0,A,,0.0,A,,0.0,A,,0.0,A,,0.0,A,,1.0,A,,0.0,X,Estimated data using trading partners database,0.0,E,,1.0,A,,13.0,A,,0.0,X,Estimated data using trading partners database,0.0,X,Estimated data using trading partners database,0.0,A,,0.0,A,,0.0,E,,0.0,E,,3892.0,A,,22216.0,A,,25285.0,A,,9513.0,A,,16226.0,A,,76849.0,A,,74032.0,A,,162117.0,A,,175259.0,A,,51128.0,A,,35398.0,A,,13599.0,A,,15208.0,A,,27796.0,A,,93143.0,A,,71462.0,A,,98938.0,A,,200565.0,A,,485895.0,A,,254217.0,A,,112099.0,A,
44,'170,Colombia,656,'01610,"Coffee, green",5910,Export quantity,t,339051.0,A,,393688.0,A,,367939.0,A,,384723.0,A,,338059.0,A,,333867.0,A,,365618.0,A,,395274.0,A,,388619.0,A,,390377.0,A,,393354.0,A,,390813.0,A,,405065.0,A,,412373.0,A,,490500.0,A,,371225.0,A,,306647.0,A,,534843.0,A,,656739.0,A,,660078.0,A,,535941.0,A,,525183.0,A,,539452.0,A,,598895.0,A,,585285.0,A,,666645.0,A,,661631.0,A,,567726.0,A,,628631.0,A,,811423.0,A,,740139.0,A,,967536.0,A,,784585.0,A,,673399.0,A,,558745.0,A,,600026.0,A,,617102.0,A,,636753.0,A,,568469.0,A,,508399.4,A,,559988.0,A,,578846.0,A,,578149.0,A,,574935.0,A,,616380.0,A,,600724.0,A,,637421.0,A,,602879.0,A,,457728.0,A,,410493.0,A,,433646.0,A,,396365.0,A,,543685.0,A,,619108.45,A,,713060.32,A,,734688.67,A,,712542.05,A,,712695.89,A,,753366.23,A,,694927.71,A,,687865.85,A,,629756.67,A,,581350.58,A,,655611.11,A,
44,'170,Colombia,656,'01610,"Coffee, green",5922,Export value,1000 USD,307827.0,A,,332020.0,A,,303006.0,A,,394228.0,A,,343901.0,A,,328256.0,A,,322372.0,A,,351474.0,A,,343937.0,A,,466742.0,A,,396923.0,A,,429578.0,A,,596894.0,A,,624301.0,A,,674549.0,A,,967762.0,A,,1497919.0,A,,1979067.0,A,,2005843.0,A,,2360804.0,A,,1423621.0,A,,1561494.0,A,,1506187.0,A,,1764504.0,A,,1745521.0,A,,2988310.0,A,,1650648.0,A,,1640657.0,A,,1523992.0,A,,1414719.0,A,,1336430.0,A,,1260069.0,A,,1143082.0,A,,1993104.0,A,,1837243.0,A,,1577148.0,A,,2259575.0,A,,1892570.0,A,,1324406.0,A,,1069360.0,A,,768573.0,A,,781328.0,A,,811668.0,A,,960817.0,A,,1487847.0,A,,1476877.0,A,,1729159.0,A,,1905306.0,A,,1552442.0,A,,1889558.0,A,,2623212.0,A,,1914285.0,A,,1886852.0,A,,2477696.0,A,,2533796.0,A,,2423445.0,A,,2521765.0,A,,2274700.0,A,,2282170.0,A,,2453943.0,A,,3106941.0,A,,3997353.0,A,,2823505.0,A,,3439384.0,A,
45,'174,Comoros,656,'01610,"Coffee, green",5610,Import quantity,t,0.0,A,,0.0,A,,0.0,A,,0.0,A,,0.0,A,,0.0,A,,0.0,A,,0.0,A,,0.0,A,,0.0,A,,0.0,A,,0.0,A,,0.0,A,,0.0,A,,0.0,A,,0.0,A,,0.0,A,,0.0,A,,0.0,A,,0.0,A,,0.0,A,,0.0,A,,2.0,A,,3.0,A,,4.0,A,,2.0,A,,0.0,A,,0.0,A,,0.0,A,,0.0,A,,0.0,A,,0.0,A,,0.0,A,,,,,0.57,A,,1.0,A,,2.0,A,,0.0,A,,0.34,A,,0.2,A,,4.0,A,,1.0,A,,0.0,X,Estimated data using trading partners database,0.0,X,Estimated data using trading partners database,0.0,X,Estimated data using trading partners database,0.0,E,,0.0,E,,0.0,E,,0.0,E,,0.0,E,,0.0,E,,0.0,E,,0.0,E,,1.6,X,Estimated data using trading partners database,0.1,X,Estimated data using trading partners database,53.14,A,,18.64,A,,51.41,A,,35.45,A,,40.68,A,,52.71,A,,69.2,X,Estimated data using trading partners database,1.15,X,Estimated data using trading partners database,0.79,X,Estimated data using trading partners database
45,'174,Comoros,656,'01610,"Coffee, green",5622,Import value,1000 USD,0.0,A,,0.0,A,,0.0,A,,0.0,A,,0.0,A,,0.0,A,,0.0,A,,0.0,A,,0.0,A,,0.0,A,,0.0,A,,0.0,A,,0.0,A,,0.0,A,,0.0,A,,0.0,A,,0.0,A,,0.0,A,,0.0,A,,0.0,A,,0.0,A,,0.0,A,,11.0,A,,18.0,A,,16.0,A,,32.0,A,,0.0,A,,0.0,A,,0.0,A,,0.0,A,,0.0,A,,0.0,A,,0.0,A,,,,,0.0,A,,2.0,A,,9.0,A,,0.0,A,,0.0,A,,0.0,A,,11.0,A,,6.0,A,,4.0,X,Estimated data using trading partners database,0.0,X,Estimated data using trading partners database,1.0,X,Estimated data using trading partners database,1.0,E,,1.0,E,,1.0,E,,1.0,E,,0.0,X,Estimated data using trading partners database,0.0,E,,0.0,E,,1.0,X,Estimated data using trading partners database,8.0,X,Estimated data using trading partners database,2.0,X,Estimated data using trading partners database,77.0,A,,27.0,A,,49.0,A,,46.0,A,,58.0,A,,56.0,A,,273.0,X,Estimated data using trading partners database,3.0,X,Estimated data using trading partners database,4.0,X,Estimated data using trading partners database
45,'174,Comoros,656,'01610,"Coffee, green",5910,Export quantity,t,40.0,A,,40.0,A,,90.0,A,,50.0,A,,40.0,A,,46.0,A,,52.0,A,,39.0,A,,43.0,A,,103.0,A,,73.0,A,,102.0,A,,42.0,A,,38.0,A,,61.0,A,,32.0,A,,18.0,A,,23.0,A,,17.0,A,,16.0,A,,14.0,A,,10.0,A,,8.0,A,,0.0,A,,0.0,A,,0.0,A,,0.0,A,,0.0,A,,0.0,A,,0.0,A,,0.0,A,,0.0,A,,0.0,A,,,,,7.0,A,,0.0,A,,0.0,A,,0.0,A,,0.0,A,,0.0,A,,0.0,A,,0.0,E,,0.0,E,,0.0,X,Estimated data using trading partners database,109.0,X,Estimated data using trading partners database,60.0,X,Estimated data using trading partners database,60.0,E,,26.0,X,Estimated data using trading partners database,26.0,E,,26.0,E,,46.0,X,Estimated data using trading partners database,46.0,E,,58.0,X,Estimated data using trading partners database,43.4,X,Estimated data using trading partners database,,,,,,,,,,,,,,,,,,,,,,0.0,X,Estimated data using trading partners database,0.12,X,Estimated data using trading partners database,,,
45,'174,Comoros,656,'01610,"Coffee, green",5922,Export value,1000 USD,20.0,A,,30.0,A,,50.0,A,,40.0,A,,30.0,I,,33.0,A,,36.0,A,,26.0,A,,30.0,A,,81.0,A,,56.0,A,,86.0,A,,45.0,A,,41.0,A,,65.0,A,,73.0,A,,61.0,A,,48.0,A,,42.0,A,,40.0,I,,19.0,A,,12.0,A,,6.0,A,,0.0,A,,0.0,A,,0.0,A,,0.0,A,,0.0,A,,0.0,A,,0.0,A,,0.0,A,,0.0,A,,0.0,A,,,,,6.0,A,,0.0,A,,0.0,A,,0.0,A,,0.0,A,,0.0,A,,0.0,A,,0.0,E,,0.0,E,,0.0,X,Estimated data using trading partners database,168.0,X,Estimated data using trading partners database,80.0,X,Estimated data using trading partners database,80.0,E,,34.0,X,Estimated data using trading partners database,34.0,E,,34.0,E,,34.0,E,,34.0,E,,34.0,E,,119.0,X,Estimated data using trading partners database,,,,,,,,,,,,,,,,,,,,,,0.0,X,Estimated data using trading partners database,6.0,X,Estimated data using trading partners database,,,
46,'178,Congo,656,'01610,"Coffee, green",5610,Import quantity,t,46.0,A,,43.0,A,,22.0,A,,20.0,A,,18.0,A,,16.0,A,,17.0,A,,19.0,A,,15.0,A,,15.0,A,,10.0,A,,18.0,A,,0.0,A,,3.0,A,,19.0,A,,19.0,A,,19.0,A,,19.0,A,,401.0,A,,59.0,A,,19.0,A,,18.0,A,,519.0,A,,27.0,A,,78.0,A,,0.0,A,,3.0,A,,4.0,A,,0.0,A,,2.0,A,,0.0,A,,0.0,X,Estimated data using trading partners database,1.0,A,,0.0,X,Estimated data using trading partners database,1.0,A,,0.0,X,Estimated data using trading partners database,0.0,X,Estimated data using trading partners database,0.0,X,Estimated data using trading partners database,0.0,X,Estimated data using trading partners database,0.0,E,,0.0,E,,83.0,X,Estimated data using trading partners database,128.0,X,Estimated data using trading partners database,118.0,X,Estimated data using trading partners database,1.0,A,,3.0,A,,1.0,A,,1.0,A,,0.0,A,,0.0,A,,0.0,E,,9.0,A,,1.0,A,,3.56,A,,2.66,A,,29.2,A,,14.71,A,,42.44,A,,73.55,A,,29.08,A,,34.51,A,,16.12,A,,2.17,A,,64.87,X,Estimated data using trading partners database
46,'178,Congo,656,'01610,"Coffee, green",5622,Import value,1000 USD,54.0,A,,63.0,A,,41.0,A,,43.0,A,,34.0,A,,37.0,A,,40.0,A,,47.0,A,,32.0,A,,32.0,A,,24.0,A,,47.0,A,,0.0,A,,11.0,A,,71.0,A,,77.0,A,,86.0,A,,25.0,A,,187.0,A,,36.0,A,,93.0,A,,96.0,A,,917.0,A,,113.0,A,,239.0,A,,0.0,A,,1.0,A,,1.0,A,,0.0,A,,4.0,A,,0.0,A,,0.0,X,Estimated data using trading partners database,1.0,A,,0.0,X,Estimated data using trading partners database,1.0,A,,0.0,X,Estimated data using trading partners database,0.0,X,Estimated data using trading partners database,0.0,X,Estimated data using trading partners database,0.0,X,Estimated data using trading partners database,0.0,E,,0.0,E,,47.0,X,Estimated data using trading partners database,224.0,X,Estimated data using trading partners database,185.0,X,Estimated data using trading partners database,4.0,A,,1.0,A,,1.0,A,,1.0,A,,0.0,A,,1.0,A,,1.0,E,,56.0,A,,2.0,A,,2.0,A,,37.0,A,,29.0,A,,37.0,A,,96.0,A,,117.0,A,,211.0,A,,14.0,A,,48.0,A,,4.0,A,,322.0,X,Estimated data using trading partners database
46,'178,Congo,656,'01610,"Coffee, green",5910,Export quantity,t,677.0,A,,1065.0,A,,636.0,A,,811.0,A,,485.0,A,,588.0,A,,889.0,A,,981.0,A,,1225.0,A,,1229.0,A,,902.0,A,,887.0,A,,511.0,A,,773.0,A,,778.0,A,,1613.0,A,,1986.0,A,,1635.0,A,,2208.0,A,,1685.0,A,,2171.0,A,,1724.0,A,,1418.0,A,,2596.0,A,,873.0,A,,620.0,A,,418.0,A,,428.0,A,,403.0,A,,101.0,A,,120.0,X,Estimated data using trading partners database,20.0,A,,30.0,A,,71.0,A,,1686.0,A,,800.0,X,Estimated data using trading partners database,180.0,X,Estimated data using trading partners database,243.0,A,,32.0,A,,255.0,A,,250.0,I,,255.0,I,,8159.0,X,Estimated data using trading partners database,6718.0,X,Estimated data using trading partners database,4089.0,X,Estimated data using trading partners database,3866.0,X,Estimated data using trading partners database,8685.0,X,Estimated data using trading partners database,7890.0,X,Estimated data using trading partners database,5295.0,X,Estimated data using trading partners database,0.0,X,Estimated data using trading partners database,0.0,E,,4134.0,X,Estimated data using trading partners database,0.0,X,Estimated data using trading partners database,5170.0,X,Estimated data using trading partners database,,,,,,,,,,0.01,A,,,,,,,,0.5,A,,,,,,,,3998.67,X,Estimated data using trading partners database
46,'178,Congo,656,'01610,"Coffee, green",5922,Export value,1000 USD,386.0,A,,604.0,A,,368.0,A,,564.0,A,,294.0,A,,391.0,A,,558.0,A,,580.0,A,,640.0,A,,1058.0,A,,653.0,A,,955.0,A,,858.0,A,,682.0,A,,769.0,A,,2673.0,A,,7571.0,A,,4240.0,A,,6993.0,A,,5462.0,A,,4099.0,A,,3059.0,A,,2911.0,A,,5851.0,A,,2137.0,A,,1858.0,A,,659.0,A,,680.0,A,,358.0,A,,64.0,A,,60.0,X,Estimated data using trading partners database,9.0,A,,19.0,A,,81.0,A,,1811.0,A,,900.0,I,,300.0,X,Estimated data using trading partners database,66.0,A,,8.0,A,,65.0,A,,65.0,I,,65.0,I,,7855.0,X,Estimated data using trading partners database,6137.0,X,Estimated data using trading partners database,5863.0,X,Estimated data using trading partners database,6303.0,X,Estimated data using trading partners database,16787.0,X,Estimated data using trading partners database,17436.0,X,Estimated data using trading partners database,10880.0,I,,0.0,X,Estimated data using trading partners database,0.0,E,,12259.0,X,Estimated data using trading partners database,0.0,X,Estimated data using trading partners database,15084.0,X,Estimated data using trading partners database,,,,,,,,,,0.0,A,,,,,,,,1.0,A,,,,,,,,19474.0,X,Estimated data using trading partners database
47,'184,Cook Islands,656,'01610,"Coffee, green",5610,Import quantity,t,0.0,A,,0.0,A,,0.0,A,,0.0,A,,0.0,A,,0.0,A,,0.0,A,,0.0,A,,0.0,A,,0.0,A,,0.0,A,,0.0,A,,0.0,A,,0.0,A,,0.0,A,,0.0,A,,0.0,A,,0.0,A,,0.0,A,,0.0,A,,0.0,A,,0.0,A,,0.0,A,,0.0,A,,0.0,A,,0.0,A,,0.0,A,,0.0,A,,0.0,A,,0.0,A,,1.0,A,,0.0,X,Estimated data using trading partners database,0.0,A,,0.0,E,,0.0,E,,0.0,E,,0.0,A,,0.0,X,Estimated data using trading partners database,1.0,A,,1.0,E,,0.0,A,,2.0,X,Estimated data using trading partners database,3.0,X,Estimated data using trading partners database,5.0,X,Estimated data using trading partners database,5.0,X,Estimated data using trading partners database,2.0,X,Estimated data using trading partners database,3.0,X,Estimated data using trading partners database,2.0,X,Estimated data using trading partners database,4.0,X,Estimated data using trading partners database,10.0,X,Estimated data using trading partners database,7.0,X,Estimated data using trading partners database,6.0,X,Estimated data using trading partners database,8.0,X,Estimated data using trading partners database,2.48,X,Estimated data using trading partners database,5.67,X,Estimated data using trading partners database,4.21,X,Estimated data using trading partners database,8.16,X,Estimated data using trading partners database,4.26,X,Estimated data using trading partners database,0.45,X,Estimated data using trading partners database,1.94,X,Estimated data using trading partners database,2.35,X,Estimated data using trading partners database,2.47,X,Estimated data using trading partners database,0.57,X,Estimated data using trading partners database,0.79,X,Estimated data using trading partners database
47,'184,Cook Islands,656,'01610,"Coffee, green",5622,Import value,1000 USD,0.0,A,,0.0,A,,0.0,A,,0.0,A,,0.0,A,,0.0,A,,0.0,A,,0.0,A,,0.0,A,,0.0,A,,0.0,A,,0.0,A,,0.0,A,,0.0,A,,0.0,A,,0.0,A,,0.0,A,,0.0,A,,0.0,A,,0.0,A,,0.0,A,,0.0,A,,0.0,A,,0.0,A,,0.0,A,,0.0,A,,0.0,A,,0.0,A,,0.0,A,,0.0,A,,7.0,A,,0.0,X,Estimated data using trading partners database,0.0,A,,0.0,E,,0.0,E,,0.0,E,,1.0,A,,1.0,X,Estimated data using trading partners database,5.0,A,,5.0,E,,18.0,A,,5.0,A,,28.0,X,Estimated data using trading partners database,26.0,X,Estimated data using trading partners database,26.0,X,Estimated data using trading partners database,22.0,X,Estimated data using trading partners database,31.0,X,Estimated data using trading partners database,30.0,X,Estimated data using trading partners database,67.0,X,Estimated data using trading partners database,100.0,X,Estimated data using trading partners database,152.0,X,Estimated data using trading partners database,140.0,X,Estimated data using trading partners database,151.0,X,Estimated data using trading partners database,26.0,X,Estimated data using trading partners database,76.0,X,Estimated data using trading partners database,31.0,X,Estimated data using trading partners database,63.0,X,Estimated data using trading partners database,42.0,X,Estimated data using trading partners database,17.0,X,Estimated data using trading partners database,84.0,X,Estimated data using trading partners database,65.0,X,Estimated data using trading partners database,70.0,X,Estimated data using trading partners database,7.0,X,Estimated data using trading partners database,21.0,X,Estimated data using trading partners database
47,'184,Cook Islands,656,'01610,"Coffee, green",5910,Export quantity,t,0.0,A,,0.0,A,,0.0,A,,0.0,A,,1.0,A,,1.0,A,,2.0,A,,0.0,A,,0.0,A,,0.0,A,,0.0,A,,0.0,A,,2.0,A,,0.0,A,,0.0,A,,0.0,A,,0.0,A,,0.0,A,,0.0,A,,0.0,A,,0.0,A,,0.0,A,,0.0,A,,0.0,A,,0.0,A,,0.0,A,,0.0,A,,0.0,A,,0.0,A,,0.0,A,,0.0,A,,0.0,A,,0.0,A,,0.0,E,,0.0,E,,0.0,E,,0.0,E,,0.0,E,,0.0,E,,0.0,E,,0.0,E,,0.0,E,,0.0,E,,0.0,E,,0.0,E,,1.0,X,Estimated data using trading partners database,1.0,E,,1.0,E,,1.0,E,,1.0,E,,1.0,E,,19.0,X,Estimated data using trading partners database,19.0,E,,0.01,X,Estimated data using trading partners database,0.0,X,Estimated data using trading partners database,,,,,,,0.04,X,Estimated data using trading partners database,,,,0.35,X,Estimated data using trading partners database,,,,,,,,,,,,
47,'184,Cook Islands,656,'01610,"Coffee, green",5922,Export value,1000 USD,0.0,A,,0.0,A,,0.0,A,,0.0,A,,1.0,A,,1.0,A,,2.0,A,,0.0,A,,0.0,A,,0.0,A,,0.0,A,,0.0,A,,2.0,A,,2.0,A,,0.0,A,,2.0,A,,0.0,A,,1.0,A,,1.0,A,,0.0,A,,0.0,A,,0.0,A,,0.0,A,,0.0,A,,0.0,A,,0.0,A,,0.0,A,,0.0,A,,0.0,A,,0.0,A,,0.0,A,,0.0,A,,0.0,A,,0.0,E,,0.0,E,,0.0,E,,0.0,E,,0.0,E,,0.0,E,,0.0,E,,0.0,E,,0.0,E,,0.0,E,,0.0,E,,0.0,E,,3.0,X,Estimated data using trading partners database,3.0,E,,3.0,E,,3.0,E,,3.0,E,,3.0,E,,85.0,X,Estimated data using trading partners database,85.0,E,,0.0,X,Estimated data using trading partners database,0.0,X,Estimated data using trading partners database,,,,,,,0.0,X,Estimated data using trading partners database,,,,5.0,X,Estimated data using trading partners database,,,,,,,,,,,,
48,'188,Costa Rica,656,'01610,"Coffee, green",5610,Import quantity,t,0.0,A,,0.0,A,,0.0,A,,0.0,A,,0.0,A,,0.0,A,,0.0,A,,0.0,A,,0.0,A,,0.0,A,,0.0,A,,0.0,A,,0.0,A,,0.0,A,,0.0,A,,0.0,A,,0.0,A,,0.0,A,,0.0,A,,0.0,A,,0.0,A,,0.0,A,,0.0,A,,0.0,A,,0.0,A,,0.0,A,,0.0,A,,0.0,A,,0.0,A,,6.0,A,,0.0,I,,0.0,A,,0.0,A,,0.0,X,Estimated data using trading partners database,19.0,A,,0.0,X,Estimated data using trading partners database,0.0,X,Estimated data using trading partners database,51.0,A,,22.29,A,,81.1,A,,101.0,A,,73.0,A,,102.0,A,,104.0,A,,110.0,A,,126.0,A,,122.0,X,Estimated data using trading partners database,110.0,A,,2241.0,A,,7678.0,A,,10190.0,A,,2955.0,A,,1692.0,A,,10203.12,A,,5951.9,A,,7770.9,A,,4371.25,A,,4798.38,A,,13953.1,A,,10850.62,A,,9619.11,A,,11569.42,A,,13206.76,A,,6966.84,A,
48,'188,Costa Rica,656,'01610,"Coffee, green",5622,Import value,1000 USD,0.0,A,,0.0,A,,0.0,A,,0.0,A,,0.0,A,,0.0,A,,0.0,A,,0.0,A,,0.0,A,,0.0,A,,0.0,A,,0.0,A,,0.0,A,,0.0,A,,0.0,A,,0.0,A,,0.0,A,,0.0,A,,0.0,A,,0.0,A,,0.0,A,,0.0,A,,0.0,A,,0.0,A,,0.0,A,,0.0,A,,0.0,A,,0.0,A,,0.0,A,,3.0,A,,0.0,I,,0.0,A,,0.0,A,,0.0,X,Estimated data using trading partners database,6.0,A,,1.0,A,,0.0,X,Estimated data using trading partners database,29.0,A,,18.0,A,,40.0,A,,55.0,A,,48.0,A,,63.0,A,,83.0,A,,92.0,A,,124.0,A,,117.0,A,,107.0,A,,3737.0,A,,16426.0,A,,31570.0,A,,7533.0,A,,3615.0,A,,25274.0,A,,13067.0,A,,15414.0,A,,8418.0,A,,7900.0,A,,22063.0,A,,18558.0,A,,19423.0,A,,32297.0,A,,35930.0,A,,18011.0,A,
48,'188,Costa Rica,656,'01610,"Coffee, green",5910,Export quantity,t,51956.0,A,,57386.0,A,,54591.0,A,,51047.0,A,,48278.0,A,,54849.0,A,,66163.0,A,,68539.0,A,,67649.0,A,,69084.0,A,,63929.0,A,,86075.0,A,,72912.0,A,,90137.0,A,,78389.0,A,,67771.0,A,,71262.0,A,,86344.0,A,,97403.0,A,,71732.0,A,,96291.0,A,,93832.0,A,,108459.0,A,,112999.0,A,,123565.0,A,,94470.0,A,,138606.0,A,,119561.0,A,,130438.0,A,,139880.0,A,,144651.0,A,,110623.0,A,,103779.0,A,,132417.0,A,,128495.0,A,,157816.0,A,,128897.0,A,,134258.0,A,,128884.3,A,,132700.1,A,,128981.0,A,,120921.0,A,,122623.0,A,,108565.0,A,,112408.0,A,,96805.0,A,,91665.0,A,,109777.0,A,,78337.0,A,,74218.0,A,,76400.0,A,,87148.0,A,,81464.0,A,,72816.9,A,,68578.86,A,,75495.45,A,,69085.83,A,,75245.77,A,,63068.47,A,,69653.68,A,,69015.81,A,,62344.2,A,,60262.72,A,,63649.96,A,
48,'188,Costa Rica,656,'01610,"Coffee, green",5922,Export value,1000 USD,43302.0,A,,48422.0,A,,45968.0,A,,48031.0,A,,46627.0,A,,52640.0,A,,54841.0,A,,55264.0,A,,55833.0,A,,73081.0,A,,59300.0,A,,77854.0,A,,94012.0,A,,124757.0,A,,99104.0,A,,165139.0,A,,341146.0,A,,313659.0,A,,315406.0,A,,247825.0,A,,240052.0,A,,236907.0,A,,205580.0,A,,267280.0,A,,316117.0,A,,391923.0,A,,334454.0,A,,316410.0,A,,286207.0,A,,245419.0,A,,254731.0,A,,160126.0,A,,141678.0,A,,307602.0,A,,417434.0,A,,384099.0,A,,417081.0,A,,409453.0,A,,288738.0,A,,273974.0,A,,163424.0,A,,170103.0,A,,193637.0,A,,197640.0,A,,262260.0,A,,250195.0,A,,254912.0,A,,337429.0,A,,237088.0,A,,261841.0,A,,375867.0,A,,418564.0,A,,302806.0,A,,277330.0,A,,305956.0,A,,307910.0,A,,325319.0,A,,315757.0,A,,276196.0,A,,325620.0,A,,327146.0,A,,371439.0,A,,346963.0,A,,344704.0,A,
107,'384,Côte d'Ivoire,656,'01610,"Coffee, green",5610,Import quantity,t,0.0,A,,18367.0,I,,0.0,A,,0.0,A,,0.0,A,,12.0,A,,52.0,A,,48.0,A,,35.0,A,,24.0,A,,21.0,A,,0.0,A,,21.0,A,,28.0,A,,30.0,A,,25.0,A,,61.0,A,,9.0,A,,21.0,A,,52.0,A,,1.0,A,,0.0,A,,5.0,A,,0.0,A,,10.0,A,,0.0,A,,0.0,A,,0.0,A,,0.0,A,,0.0,A,,0.0,A,,0.0,A,,0.0,A,,0.0,E,,62.0,A,,1.0,A,,40.02,A,,37.2,A,,93.73,A,,56.06,A,,0.0,A,,20.0,A,,25.0,A,,6.0,A,,20.0,A,,0.0,X,Estimated data using trading partners database,20.0,X,Estimated data using trading partners database,1.0,A,,3.0,A,,0.0,A,,0.0,A,,0.0,A,,20.0,A,,182.29,A,,739.05,A,,235.07,A,,4.25,A,,3.99,A,,9.03,A,,2.56,A,,16.0,A,,15.08,A,,19.14,A,,9.81,A,
107,'384,Côte d'Ivoire,656,'01610,"Coffee, green",5622,Import value,1000 USD,0.0,A,,9700.0,I,,0.0,A,,0.0,A,,0.0,A,,13.0,A,,13.0,A,,72.0,A,,60.0,A,,26.0,A,,30.0,A,,0.0,A,,30.0,A,,50.0,A,,51.0,A,,74.0,A,,328.0,A,,43.0,A,,75.0,A,,232.0,A,,5.0,A,,0.0,A,,16.0,A,,0.0,A,,35.0,A,,0.0,A,,0.0,A,,0.0,A,,0.0,A,,0.0,A,,0.0,A,,0.0,A,,0.0,A,,0.0,E,,270.0,A,,5.0,A,,160.0,A,,99.0,A,,194.0,A,,111.0,A,,0.0,A,,17.0,A,,26.0,A,,5.0,A,,33.0,A,,0.0,X,Estimated data using trading partners database,51.0,A,,1.0,A,,8.0,A,,1.0,A,,0.0,A,,1.0,A,,16.0,A,,439.0,A,,1640.0,A,,572.0,A,,23.0,A,,13.0,A,,57.0,A,,14.0,A,,66.0,A,,46.0,A,,108.0,A,,66.0,A,
107,'384,Côte d'Ivoire,656,'01610,"Coffee, green",5910,Export quantity,t,153765.0,A,,141123.0,A,,182070.0,A,,204270.0,A,,185651.0,A,,181460.0,A,,149030.0,A,,214444.0,A,,178309.0,A,,195309.0,A,,184773.0,A,,188489.0,A,,212598.0,A,,263439.0,A,,254768.0,A,,322825.0,A,,233149.0,A,,230114.0,A,,259743.0,A,,206431.0,A,,231107.0,A,,272381.0,A,,222795.0,A,,187531.0,A,,240566.0,A,,229815.0,A,,165135.0,A,,203411.0,A,,129434.0,A,,232130.0,A,,198504.0,A,,203066.0,A,,226339.0,A,,122309.0,A,,134659.0,A,,144387.0,A,,233106.96,A,,214827.88,A,,106114.9,A,,308057.2,A,,215483.0,A,,144276.0,A,,118350.0,A,,143485.0,A,,94555.0,A,,94872.0,A,,120016.0,A,,69205.0,A,,85853.0,A,,96446.0,A,,32374.0,A,,81974.0,A,,83409.0,A,,68696.53,A,,65218.36,A,,73409.46,A,,39951.95,A,,76795.92,A,,108578.96,A,,66290.05,A,,26342.55,A,,54528.13,A,,34105.48,A,,61422.16,A,
107,'384,Côte d'Ivoire,656,'01610,"Coffee, green",5922,Export value,1000 USD,81727.0,A,,76061.0,A,,99140.0,A,,128510.0,A,,104880.0,A,,122446.0,A,,102989.0,A,,145238.0,A,,116907.0,A,,155419.0,A,,151769.0,A,,144115.0,A,,196756.0,A,,265210.0,A,,286671.0,A,,556372.0,A,,808364.0,A,,582270.0,A,,783200.0,A,,645198.0,A,,445418.0,A,,465647.0,A,,413847.0,A,,421100.0,A,,623340.0,A,,674422.0,A,,393220.0,A,,389142.0,A,,230858.0,A,,239130.0,A,,183348.0,A,,166666.0,A,,161047.0,A,,150000.0,A,,339337.0,A,,230000.0,I,,296886.0,A,,320182.0,A,,141562.0,A,,243893.0,A,,101521.0,A,,72516.0,A,,77728.0,A,,92174.0,A,,69470.0,A,,110251.0,A,,180861.0,A,,133533.0,A,,134351.0,A,,169928.0,X,Estimated data using trading partners database,49101.0,X,Estimated data using trading partners database,151497.0,A,,173194.0,A,,115785.0,A,,102245.0,A,,113319.0,A,,70482.0,A,,138224.0,A,,162307.0,A,,90021.0,A,,36761.0,A,,95341.0,A,,62030.0,A,,141085.0,A,
98,'191,Croatia,656,'01610,"Coffee, green",5610,Import quantity,t,,,,,,,,,,,,,,,,,,,,,,,,,,,,,,,,,,,,,,,,,,,,,,,,,,,,,,,,,,,,,,,,,,,,,,,,,,,,,,,,,,,,,,,,,,,,,,9685.0,A,,9553.0,A,,10656.0,A,,18221.0,A,,17135.0,A,,21332.0,A,,14926.0,A,,18604.0,A,,17735.0,A,,17549.0,A,,18430.0,A,,19040.0,A,,19423.0,A,,19566.0,A,,19661.0,A,,20011.0,A,,18981.0,A,,18155.0,A,,18288.0,A,,17803.0,A,,16031.0,A,,16079.0,A,,15408.52,A,,16613.65,A,,17974.5,A,,15819.76,A,,15653.26,A,,15519.74,A,,14831.13,A,,13951.11,A,,13804.56,A,,13155.72,A,,13455.87,A,
98,'191,Croatia,656,'01610,"Coffee, green",5622,Import value,1000 USD,,,,,,,,,,,,,,,,,,,,,,,,,,,,,,,,,,,,,,,,,,,,,,,,,,,,,,,,,,,,,,,,,,,,,,,,,,,,,,,,,,,,,,,,,,,,,,14166.0,A,,12596.0,A,,26950.0,A,,58909.0,A,,49565.0,A,,62947.0,A,,40950.0,A,,39310.0,A,,32487.0,A,,21925.0,A,,19284.0,A,,20401.0,A,,24400.0,A,,30566.0,A,,37165.0,A,,46929.0,A,,49853.0,A,,41913.0,A,,42914.0,A,,56565.0,A,,47641.0,A,,42479.0,A,,39981.0,A,,37906.0,A,,40377.0,A,,39028.0,A,,35104.0,A,,31042.0,A,,28662.0,A,,31112.0,A,,47979.0,A,,45140.0,A,,61760.0,A,
98,'191,Croatia,656,'01610,"Coffee, green",5910,Export quantity,t,,,,,,,,,,,,,,,,,,,,,,,,,,,,,,,,,,,,,,,,,,,,,,,,,,,,,,,,,,,,,,,,,,,,,,,,,,,,,,,,,,,,,,,,,,,,,,38.0,A,,0.0,X,Estimated data using trading partners database,21.0,A,,1.0,A,,0.0,X,Estimated data using trading partners database,0.0,A,,0.0,E,,0.0,A,,0.0,A,,68.0,A,,0.0,X,Estimated data using trading partners database,27.0,A,,8.0,A,,24.0,A,,1.0,A,,14.0,A,,0.0,X,Estimated data using trading partners database,1.0,A,,0.0,X,Estimated data using trading partners database,0.0,E,,8.0,A,,4.0,A,,60.3,A,,208.0,A,,584.27,A,,102.79,A,,233.77,A,,257.33,A,,149.94,A,,74.69,A,,68.17,A,,62.21,I,,23.47,A,
98,'191,Croatia,656,'01610,"Coffee, green",5922,Export value,1000 USD,,,,,,,,,,,,,,,,,,,,,,,,,,,,,,,,,,,,,,,,,,,,,,,,,,,,,,,,,,,,,,,,,,,,,,,,,,,,,,,,,,,,,,,,,,,,,,75.0,A,,0.0,X,Estimated data using trading partners database,74.0,A,,10.0,A,,0.0,X,Estimated data using trading partners database,1.0,A,,0.0,A,,1.0,A,,0.0,A,,59.0,A,,0.0,X,Estimated data using trading partners database,23.0,A,,7.0,A,,37.0,A,,2.0,A,,33.0,A,,0.0,X,Estimated data using trading partners database,1.0,A,,0.0,X,Estimated data using trading partners database,0.0,E,,20.0,A,,12.0,A,,188.0,A,,526.0,A,,1319.0,A,,287.0,A,,553.0,A,,542.0,A,,323.0,A,,298.0,A,,356.0,A,,404.0,A,,151.0,A,
49,'192,Cuba,656,'01610,"Coffee, green",5610,Import quantity,t,0.0,A,,0.0,A,,0.0,A,,0.0,A,,0.0,A,,0.0,A,,0.0,A,,0.0,A,,12564.0,A,,21374.0,A,,11225.0,A,,14566.0,A,,19053.0,A,,14224.0,A,,30042.0,A,,22990.0,A,,8753.0,A,,13801.0,A,,7234.0,A,,6673.0,A,,11367.0,A,,4571.0,A,,0.0,A,,360.0,A,,565.0,A,,767.0,A,,594.0,A,,1500.0,X,Estimated data using trading partners database,1500.0,X,Estimated data using trading partners database,1000.0,I,,500.0,X,Estimated data using trading partners database,1400.0,X,Estimated data using trading partners database,0.0,X,Estimated data using trading partners database,0.0,X,Estimated data using trading partners database,0.0,E,,0.0,E,,2410.0,A,,4401.0,A,,4980.0,X,Estimated data using trading partners database,2750.0,X,Estimated data using trading partners database,1495.0,X,Estimated data using trading partners database,1270.0,X,Estimated data using trading partners database,1293.0,X,Estimated data using trading partners database,2124.0,A,,18354.0,X,Estimated data using trading partners database,9021.0,A,,17525.0,A,,32963.0,A,,16962.0,A,,17884.0,A,,9334.0,A,,8250.0,A,,10078.0,A,,11172.33,X,Estimated data using trading partners database,7185.89,X,Estimated data using trading partners database,11027.16,A,,7199.15,A,,10859.02,A,,7019.73,A,,9545.59,A,,5722.25,A,,4984.73,A,,3568.96,X,Estimated data using trading partners database,1986.37,X,Estimated data using trading partners database
49,'192,Cuba,656,'01610,"Coffee, green",5622,Import value,1000 USD,0.0,A,,0.0,A,,0.0,A,,0.0,A,,0.0,A,,0.0,A,,0.0,A,,0.0,A,,7367.0,A,,11668.0,A,,6127.0,A,,6795.0,A,,11306.0,A,,10656.0,A,,33094.0,A,,35097.0,A,,29347.0,A,,40971.0,A,,22111.0,A,,24040.0,A,,24212.0,A,,9525.0,A,,0.0,A,,2261.0,A,,3823.0,A,,6403.0,A,,5163.0,A,,9000.0,I,,8300.0,I,,4100.0,I,,1900.0,I,,4800.0,X,Estimated data using trading partners database,0.0,X,Estimated data using trading partners database,0.0,X,Estimated data using trading partners database,0.0,E,,0.0,E,,3824.0,A,,8165.0,A,,8971.0,A,,4947.0,A,,2689.0,A,,1968.0,A,,2328.0,A,,3718.0,A,,33037.0,A,,16266.0,A,,36168.0,A,,48379.0,A,,35112.0,A,,38043.0,A,,26814.0,A,,28485.0,A,,30261.0,A,,34593.0,X,Estimated data using trading partners database,23771.0,X,Estimated data using trading partners database,31200.0,A,,21709.0,A,,31704.0,A,,17903.0,A,,23863.0,A,,14342.0,A,,23600.0,A,,14309.0,X,Estimated data using trading partners database,8197.0,X,Estimated data using trading partners database
49,'192,Cuba,656,'01610,"Coffee, green",5910,Export quantity,t,4000.0,X,Estimated data using trading partners database,8676.0,A,,620.0,X,Estimated data using trading partners database,121.0,X,Estimated data using trading partners database,64.0,X,Estimated data using trading partners database,46.0,X,Estimated data using trading partners database,4500.0,A,,11400.0,A,,4600.0,X,Estimated data using trading partners database,5011.0,A,,6192.0,A,,6891.0,A,,6552.0,A,,7157.0,A,,10116.0,A,,4592.0,A,,8950.0,A,,6999.0,A,,7324.0,A,,9050.0,A,,13027.0,A,,13465.0,A,,16572.0,A,,9903.0,A,,11851.0,A,,10744.0,A,,13726.0,A,,12155.0,A,,12871.0,A,,11500.0,X,Estimated data using trading partners database,11600.0,X,Estimated data using trading partners database,9800.0,X,Estimated data using trading partners database,9000.0,X,Estimated data using trading partners database,8000.0,X,Estimated data using trading partners database,7300.0,X,Estimated data using trading partners database,6700.0,X,Estimated data using trading partners database,6400.0,X,Estimated data using trading partners database,9100.0,X,Estimated data using trading partners database,4776.0,A,,6693.0,A,,5333.0,A,,4152.0,A,,3600.0,A,,1740.0,A,,2190.0,X,Estimated data using trading partners database,604.0,X,Estimated data using trading partners database,1593.0,X,Estimated data using trading partners database,216.0,X,Estimated data using trading partners database,388.0,X,Estimated data using trading partners database,315.0,X,Estimated data using trading partners database,338.0,X,Estimated data using trading partners database,831.0,X,Estimated data using trading partners database,789.0,X,Estimated data using trading partners database,882.04,X,Estimated data using trading partners database,546.91,X,Estimated data using trading partners database,846.12,A,,738.0,A,,1199.83,A,,828.06,A,,2412.07,A,,1347.3,A,,907.41,A,,654.89,X,Estimated data using trading partners database,675.0,X,Estimated data using trading partners database
49,'192,Cuba,656,'01610,"Coffee, green",5922,Export value,1000 USD,2670.0,X,Estimated data using trading partners database,6605.0,A,,420.0,X,Estimated data using trading partners database,103.0,X,Estimated data using trading partners database,54.0,X,Estimated data using trading partners database,37.0,X,Estimated data using trading partners database,3532.0,X,Estimated data using trading partners database,8857.0,X,Estimated data using trading partners database,3500.0,X,Estimated data using trading partners database,5059.0,A,,5251.0,A,,6692.0,A,,9700.0,A,,11537.0,A,,16282.0,A,,15045.0,A,,41215.0,A,,28337.0,A,,30375.0,A,,30406.0,A,,35772.0,A,,44345.0,A,,54265.0,A,,19864.0,A,,39045.0,A,,51178.0,A,,39724.0,A,,40219.0,A,,41446.0,A,,29500.0,X,Estimated data using trading partners database,30000.0,X,Estimated data using trading partners database,18500.0,X,Estimated data using trading partners database,16000.0,X,Estimated data using trading partners database,15200.0,X,Estimated data using trading partners database,26000.0,X,Estimated data using trading partners database,18000.0,X,Estimated data using trading partners database,24000.0,X,Estimated data using trading partners database,27000.0,X,Estimated data using trading partners database,14150.0,A,,18000.0,A,,9727.0,A,,7468.0,A,,6480.0,A,,3481.0,A,,4381.0,A,,1795.0,X,Estimated data using trading partners database,3186.0,A,,1426.0,X,Estimated data using trading partners database,2162.0,X,Estimated data using trading partners database,1966.0,X,Estimated data using trading partners database,2462.0,X,Estimated data using trading partners database,5361.0,X,Estimated data using trading partners database,3706.0,X,Estimated data using trading partners database,4484.0,X,Estimated data using trading partners database,2863.0,X,Estimated data using trading partners database,4377.0,A,,3832.0,A,,5246.0,A,,4384.0,A,,11758.0,A,,8090.0,A,,5401.0,A,,3104.0,X,Estimated data using trading partners database,4599.0,X,Estimated data using trading partners database
50,'196,Cyprus,656,'01610,"Coffee, green",5610,Import quantity,t,1109.0,A,,883.0,A,,1510.0,A,,881.0,A,,537.0,A,,1327.0,A,,1224.0,A,,1278.0,A,,1616.0,A,,1254.0,A,,1085.0,A,,1483.0,A,,2132.0,A,,625.0,A,,1354.0,X,Estimated data using trading partners database,1432.0,X,Estimated data using trading partners database,1043.0,A,,1213.0,A,,1780.0,A,,1543.0,A,,1647.0,A,,1402.0,A,,5337.0,A,,2503.0,A,,2328.0,A,,1593.0,A,,1786.0,A,,1875.0,A,,1633.0,A,,1919.0,A,,1955.0,A,,1699.0,A,,1851.0,A,,2217.0,A,,1934.0,A,,1912.0,A,,1393.0,A,,1952.0,A,,1843.0,A,,2642.1,A,,1960.0,A,,2015.0,A,,1896.0,A,,1546.0,A,,1757.0,A,,1709.0,A,,1736.0,A,,1718.0,A,,1350.0,A,,1615.0,A,,1482.0,A,,1466.0,A,,1527.0,A,,1966.71,A,,1037.62,A,,1598.82,A,,1533.31,A,,3077.14,A,,2830.43,A,,2184.11,A,,1403.8,A,,1322.27,A,,1465.26,A,,1309.57,A,
50,'196,Cyprus,656,'01610,"Coffee, green",5622,Import value,1000 USD,707.0,A,,476.0,A,,832.0,A,,687.0,A,,491.0,A,,904.0,A,,819.0,A,,814.0,A,,1052.0,A,,1064.0,A,,881.0,A,,1140.0,A,,2657.0,A,,851.0,A,,1968.0,X,Estimated data using trading partners database,3503.0,X,Estimated data using trading partners database,5091.0,A,,5010.0,A,,6053.0,A,,6213.0,A,,4652.0,A,,3138.0,A,,9805.0,A,,5562.0,A,,5817.0,A,,5986.0,A,,4606.0,A,,4382.0,A,,3402.0,A,,2748.0,A,,2579.0,A,,1816.0,A,,2626.0,A,,5954.0,A,,5923.0,A,,5267.0,A,,3684.0,A,,5123.0,A,,2989.0,A,,4322.0,A,,2303.0,A,,1617.0,A,,1897.0,A,,2094.0,A,,2620.0,A,,3042.0,A,,4433.0,A,,4755.0,A,,2978.0,A,,4191.0,A,,5475.0,A,,5215.0,A,,4067.0,A,,4794.0,A,,2613.0,A,,4084.0,A,,4713.0,A,,10007.0,A,,8352.0,A,,6750.0,A,,3760.0,A,,6777.0,A,,6463.0,A,,5956.0,A,
50,'196,Cyprus,656,'01610,"Coffee, green",5910,Export quantity,t,0.0,A,,6.0,A,,13.0,A,,17.0,I,,34.0,A,,41.0,A,,20.0,A,,55.0,A,,53.0,A,,0.0,A,,0.0,A,,0.0,A,,0.0,A,,0.0,A,,0.0,A,,75.0,X,Estimated data using trading partners database,137.0,A,,0.0,A,,0.0,A,,0.0,A,,0.0,A,,0.0,A,,1074.0,A,,3483.0,A,,0.0,A,,785.0,A,,0.0,A,,146.0,A,,606.0,A,,546.0,A,,526.0,A,,145.0,A,,15.0,A,,3.0,A,,0.0,A,,40.0,A,,36.0,A,,6.0,A,,6.0,A,,0.0,A,,187.0,A,,112.0,A,,19.0,A,,0.0,X,Estimated data using trading partners database,18.0,A,,852.0,A,,18.0,A,,0.0,X,Estimated data using trading partners database,35.0,A,,2.0,A,,0.0,X,Estimated data using trading partners database,10.0,A,,2.0,A,,193.0,A,,0.7,A,,0.67,A,,3.64,A,,1403.27,A,,1326.34,A,,1038.95,A,,172.2,A,,0.81,A,,20.2,A,,0.34,A,
50,'196,Cyprus,656,'01610,"Coffee, green",5922,Export value,1000 USD,0.0,A,,10.0,A,,20.0,A,,24.0,A,,44.0,A,,52.0,A,,29.0,A,,61.0,A,,60.0,A,,0.0,A,,0.0,A,,0.0,A,,0.0,A,,0.0,A,,0.0,A,,260.0,X,Estimated data using trading partners database,701.0,A,,0.0,A,,0.0,A,,0.0,A,,0.0,A,,0.0,A,,1404.0,A,,5003.0,A,,0.0,A,,1846.0,A,,2.0,A,,349.0,A,,1334.0,A,,1017.0,A,,1075.0,A,,232.0,A,,15.0,A,,6.0,A,,1.0,A,,88.0,A,,88.0,A,,20.0,A,,3.0,A,,0.0,A,,233.0,A,,96.0,A,,21.0,A,,0.0,X,Estimated data using trading partners database,24.0,A,,530.0,A,,42.0,A,,0.0,X,Estimated data using trading partners database,72.0,A,,24.0,A,,0.0,X,Estimated data using trading partners database,71.0,A,,16.0,A,,401.0,A,,5.0,A,,5.0,A,,33.0,A,,8397.0,A,,6899.0,A,,5995.0,A,,922.0,A,,8.0,A,,102.0,A,,5.0,A,
167,'203,Czechia,656,'01610,"Coffee, green",5610,Import quantity,t,,,,,,,,,,,,,,,,,,,,,,,,,,,,,,,,,,,,,,,,,,,,,,,,,,,,,,,,,,,,,,,,,,,,,,,,,,,,,,,,,,,,,,,,,,,,,,,,,25968.0,A,,26429.0,A,,25973.0,A,,28538.0,A,,30593.0,A,,27470.0,A,,27034.0,A,,25806.77,A,,28792.0,A,,27314.0,A,,25592.0,A,,25256.0,A,,23485.0,A,,18051.0,A,,16713.0,A,,16162.0,A,,15925.0,A,,19388.0,A,,17696.0,A,,17982.0,A,,17316.0,A,,15315.74,A,,20883.83,A,,17623.54,A,,12137.41,A,,17711.31,A,,18984.79,A,,20807.73,A,,18678.63,A,,18058.29,A,,19496.73,A,,18899.36,A,
167,'203,Czechia,656,'01610,"Coffee, green",5622,Import value,1000 USD,,,,,,,,,,,,,,,,,,,,,,,,,,,,,,,,,,,,,,,,,,,,,,,,,,,,,,,,,,,,,,,,,,,,,,,,,,,,,,,,,,,,,,,,,,,,,,,,,38667.0,A,,64177.0,A,,86319.0,A,,66763.0,A,,69393.0,A,,57892.0,A,,43087.0,A,,30606.0,A,,23425.0,A,,18804.0,A,,22359.0,A,,24955.0,A,,34108.0,A,,32545.0,A,,36997.0,A,,46592.0,A,,38756.0,A,,54424.0,A,,76831.0,A,,65561.0,A,,54491.0,A,,49687.0,A,,69950.0,A,,54217.0,A,,36333.0,A,,50100.0,A,,48070.0,A,,59563.0,A,,59386.0,A,,82448.0,A,,93200.0,A,,85886.0,A,
167,'203,Czechia,656,'01610,"Coffee, green",5910,Export quantity,t,,,,,,,,,,,,,,,,,,,,,,,,,,,,,,,,,,,,,,,,,,,,,,,,,,,,,,,,,,,,,,,,,,,,,,,,,,,,,,,,,,,,,,,,,,,,,,,,,743.0,A,,158.0,A,,342.0,A,,276.0,A,,404.0,A,,404.0,A,,236.0,A,,187.98,A,,132.0,A,,245.0,X,Estimated data using trading partners database,164.0,A,,2.0,X,Estimated data using trading partners database,127.0,A,,1.0,A,,29.0,A,,3.0,X,Estimated data using trading partners database,2.0,A,,159.0,A,,27.0,A,,103.0,A,,951.0,A,,333.72,A,,2396.0,A,,1512.26,A,,335.03,A,,500.34,A,,469.11,A,,179.69,A,,211.7,A,,133.73,A,,287.02,A,,1152.9,A,
167,'203,Czechia,656,'01610,"Coffee, green",5922,Export value,1000 USD,,,,,,,,,,,,,,,,,,,,,,,,,,,,,,,,,,,,,,,,,,,,,,,,,,,,,,,,,,,,,,,,,,,,,,,,,,,,,,,,,,,,,,,,,,,,,,,,,1021.0,A,,555.0,A,,1062.0,A,,846.0,A,,1408.0,A,,1243.0,A,,581.0,A,,298.0,A,,165.0,A,,309.0,A,,170.0,A,,5.0,A,,262.0,A,,3.0,A,,88.0,A,,31.0,A,,44.0,A,,1161.0,A,,488.0,A,,1002.0,A,,6599.0,A,,2454.0,A,,18094.0,A,,10941.0,A,,2276.0,A,,4384.0,A,,6222.0,A,,1894.0,A,,4807.0,A,,4075.0,A,,4241.0,A,,2935.0,A,
51,'200,Czechoslovakia,656,'01610,"Coffee, green",5610,Import quantity,t,13940.0,A,,8810.0,A,,11490.0,A,,10990.0,A,,10300.0,A,,10648.0,A,,11628.0,A,,13331.0,A,,15700.0,A,,14810.0,A,,18148.0,A,,17353.0,A,,17507.0,A,,18173.0,A,,21283.0,A,,22419.0,A,,20389.0,A,,21554.0,A,,23669.0,A,,25777.0,A,,27191.0,A,,26228.0,A,,31556.0,A,,29266.0,A,,31864.0,A,,30485.0,A,,32704.0,A,,34375.0,A,,35175.0,A,,39471.0,A,,27013.0,A,,31694.0,A,,,,,,,,,,,,,,,,,,,,,,,,,,,,,,,,,,,,,,,,,,,,,,,,,,,,,,,,,,,,,,,,,,,,,,,,,,,,,,,,,,,,,,,,,,,,,,,,,
51,'200,Czechoslovakia,656,'01610,"Coffee, green",5622,Import value,1000 USD,10560.0,X,Estimated data using trading partners database,6640.0,X,Estimated data using trading partners database,8560.0,X,Estimated data using trading partners database,9700.0,X,Estimated data using trading partners database,9255.0,A,,9458.0,A,,9757.0,A,,11181.0,A,,14627.0,A,,15300.0,A,,14763.0,A,,17913.0,A,,24818.0,A,,29131.0,A,,27862.0,A,,49332.0,A,,114770.0,A,,74990.0,A,,82804.0,A,,91657.0,A,,60268.0,A,,48595.0,A,,45738.0,A,,44566.0,A,,66949.0,A,,151064.0,A,,93682.0,A,,84998.0,A,,81000.0,X,Estimated data using trading partners database,67566.0,A,,49269.0,A,,44432.0,A,,,,,,,,,,,,,,,,,,,,,,,,,,,,,,,,,,,,,,,,,,,,,,,,,,,,,,,,,,,,,,,,,,,,,,,,,,,,,,,,,,,,,,,,,,,,,,,,,
116,'408,Democratic People's Republic of Korea,656,'01610,"Coffee, green",5610,Import quantity,t,0.0,A,,0.0,A,,0.0,A,,0.0,A,,0.0,A,,0.0,A,,0.0,A,,0.0,A,,0.0,A,,0.0,A,,0.0,A,,0.0,A,,0.0,A,,0.0,A,,0.0,A,,0.0,A,,0.0,A,,0.0,A,,0.0,A,,0.0,A,,0.0,A,,1300.0,X,Estimated data using trading partners database,4200.0,X,Estimated data using trading partners database,10200.0,X,Estimated data using trading partners database,13000.0,X,Estimated data using trading partners database,2600.0,X,Estimated data using trading partners database,3100.0,X,Estimated data using trading partners database,12700.0,X,Estimated data using trading partners database,1100.0,X,Estimated data using trading partners database,0.0,I,,1600.0,X,Estimated data using trading partners database,2500.0,X,Estimated data using trading partners database,450.0,X,Estimated data using trading partners database,900.0,X,Estimated data using trading partners database,1300.0,X,Estimated data using trading partners database,2100.0,X,Estimated data using trading partners database,3700.0,X,Estimated data using trading partners database,1300.0,X,Estimated data using trading partners database,1100.0,X,Estimated data using trading partners database,1700.0,X,Estimated data using trading partners database,1500.0,X,Estimated data using trading partners database,5296.0,X,Estimated data using trading partners database,1847.0,X,Estimated data using trading partners database,1676.0,X,Estimated data using trading partners database,541.0,X,Estimated data using trading partners database,6703.0,X,Estimated data using trading partners database,6442.0,X,Estimated data using trading partners database,6269.0,X,Estimated data using trading partners database,6916.0,X,Estimated data using trading partners database,6400.0,I,,932.0,X,Estimated data using trading partners database,900.0,I,,943.0,X,Estimated data using trading partners database,5505.17,X,Estimated data using trading partners database,1695.87,X,Estimated data using trading partners database,3794.19,X,Estimated data using trading partners database,3203.03,X,Estimated data using trading partners database,1656.0,X,Estimated data using trading partners database,3955.58,X,Estimated data using trading partners database,3000.0,E,,2000.0,E,,3000.0,E,,1454.56,X,Estimated data using trading partners database,380.17,X,Estimated data using trading partners database
116,'408,Democratic People's Republic of Korea,656,'01610,"Coffee, green",5622,Import value,1000 USD,0.0,A,,0.0,A,,0.0,A,,0.0,A,,0.0,A,,0.0,A,,0.0,A,,0.0,A,,0.0,A,,0.0,A,,0.0,A,,0.0,A,,0.0,A,,0.0,A,,0.0,A,,0.0,A,,0.0,A,,0.0,A,,0.0,A,,0.0,A,,0.0,A,,1700.0,I,,5100.0,I,,14300.0,I,,26000.0,I,,7000.0,I,,6200.0,I,,25000.0,X,Estimated data using trading partners database,2100.0,X,Estimated data using trading partners database,0.0,I,,2700.0,X,Estimated data using trading partners database,3800.0,X,Estimated data using trading partners database,900.0,X,Estimated data using trading partners database,2100.0,X,Estimated data using trading partners database,4600.0,X,Estimated data using trading partners database,6400.0,X,Estimated data using trading partners database,16000.0,X,Estimated data using trading partners database,5500.0,X,Estimated data using trading partners database,4300.0,I,,5500.0,I,,4000.0,I,,7638.0,X,Estimated data using trading partners database,3295.0,X,Estimated data using trading partners database,3470.0,X,Estimated data using trading partners database,1355.0,X,Estimated data using trading partners database,16580.0,X,Estimated data using trading partners database,17683.0,X,Estimated data using trading partners database,19981.0,X,Estimated data using trading partners database,19598.0,X,Estimated data using trading partners database,18000.0,I,,4761.0,X,Estimated data using trading partners database,4700.0,I,,1687.0,X,Estimated data using trading partners database,17967.0,X,Estimated data using trading partners database,6785.0,X,Estimated data using trading partners database,11134.0,X,Estimated data using trading partners database,11168.0,X,Estimated data using trading partners database,4283.0,X,Estimated data using trading partners database,10155.0,X,Estimated data using trading partners database,9000.0,E,,5000.0,E,,8000.0,E,,6410.0,X,Estimated data using trading partners database,1826.0,X,Estimated data using trading partners database
116,'408,Democratic People's Republic of Korea,656,'01610,"Coffee, green",5910,Export quantity,t,,,,,,,,,,,,,,,,,,,,,,,,,,,,,,,,,,,,,,,,,,,,,,,,,,,,,,,,,,,,,,,,,,,,,,,,,,,,,,,,,,,,,,,,,,,,,,,,,,,,,,,,,,,,,,,,,,,,,,,,,,,,,,,,,,,,,,,,,,,,,,,,,,,,,,,,,,,,,,,,,,,,,,0.02,X,Estimated data using trading partners database,0.48,X,Estimated data using trading partners database,0.02,X,Estimated data using trading partners database,0.03,X,Estimated data using trading partners database,0.01,X,Estimated data using trading partners database,,,,,,,,,,,,
116,'408,Democratic People's Republic of Korea,656,'01610,"Coffee, green",5922,Export value,1000 USD,,,,,,,,,,,,,,,,,,,,,,,,,,,,,,,,,,,,,,,,,,,,,,,,,,,,,,,,,,,,,,,,,,,,,,,,,,,,,,,,,,,,,,,,,,,,,,,,,,,,,,,,,,,,,,,,,,,,,,,,,,,,,,,,,,,,,,,,,,,,,,,,,,,,,,,,,,,,,,,,,,,,,,0.0,X,Estimated data using trading partners database,2.0,X,Estimated data using trading partners database,0.0,X,Estimated data using trading partners database,0.0,X,Estimated data using trading partners database,0.0,X,Estimated data using trading partners database,,,,,,,,,,,,
250,'180,Democratic Republic of the Congo,656,'01610,"Coffee, green",5610,Import quantity,t,7.0,A,,0.0,A,,70.0,A,,13.0,A,,8.0,A,,23.0,A,,1.0,A,,15.0,I,,17.0,A,,15.0,A,,9.0,A,,4.0,A,,23.0,A,,8.0,A,,7.0,A,,7.0,A,,17.0,A,,44.0,A,,0.0,A,,0.0,A,,0.0,A,,0.0,A,,0.0,A,,0.0,A,,0.0,A,,0.0,A,,0.0,A,,0.0,A,,0.0,A,,0.0,A,,0.0,A,,200.0,X,Estimated data using trading partners database,0.0,A,,0.0,X,Estimated data using trading partners database,290.0,X,Estimated data using trading partners database,743.0,X,Estimated data using trading partners database,120.0,X,Estimated data using trading partners database,9.0,X,Estimated data using trading partners database,150.0,X,Estimated data using trading partners database,100.0,X,Estimated data using trading partners database,100.0,E,,320.0,X,Estimated data using trading partners database,252.0,X,Estimated data using trading partners database,20.0,X,Estimated data using trading partners database,99.0,X,Estimated data using trading partners database,34.0,X,Estimated data using trading partners database,74.0,A,,131.0,X,Estimated data using trading partners database,21.0,X,Estimated data using trading partners database,4.0,X,Estimated data using trading partners database,40.0,X,Estimated data using trading partners database,28.0,X,Estimated data using trading partners database,73.0,X,Estimated data using trading partners database,6.64,X,Estimated data using trading partners database,33.36,X,Estimated data using trading partners database,6.35,A,,127.16,A,,26.1,A,,44.89,A,,27.26,A,,45.72,A,,101.11,A,,95.4,A,,50.85,X,Estimated data using trading partners database
250,'180,Democratic Republic of the Congo,656,'01610,"Coffee, green",5622,Import value,1000 USD,11.0,A,,0.0,A,,65.0,A,,10.0,A,,11.0,A,,66.0,A,,2.0,A,,20.0,I,,21.0,A,,41.0,A,,63.0,A,,16.0,A,,39.0,A,,30.0,A,,31.0,A,,45.0,A,,62.0,A,,111.0,A,,0.0,A,,0.0,A,,0.0,A,,0.0,A,,0.0,A,,0.0,A,,0.0,A,,0.0,A,,0.0,A,,0.0,A,,0.0,A,,0.0,A,,0.0,A,,110.0,X,Estimated data using trading partners database,0.0,A,,3.0,X,Estimated data using trading partners database,290.0,X,Estimated data using trading partners database,2283.0,X,Estimated data using trading partners database,160.0,X,Estimated data using trading partners database,47.0,X,Estimated data using trading partners database,310.0,X,Estimated data using trading partners database,100.0,X,Estimated data using trading partners database,100.0,E,,468.0,X,Estimated data using trading partners database,453.0,X,Estimated data using trading partners database,70.0,X,Estimated data using trading partners database,258.0,X,Estimated data using trading partners database,128.0,X,Estimated data using trading partners database,437.0,A,,361.0,A,,202.0,X,Estimated data using trading partners database,57.0,X,Estimated data using trading partners database,120.0,X,Estimated data using trading partners database,175.0,X,Estimated data using trading partners database,227.0,X,Estimated data using trading partners database,38.0,X,Estimated data using trading partners database,193.0,X,Estimated data using trading partners database,9.0,A,,67.0,A,,25.0,A,,19.0,A,,22.0,A,,35.0,A,,93.0,A,,183.0,A,,220.0,X,Estimated data using trading partners database
250,'180,Democratic Republic of the Congo,656,'01610,"Coffee, green",5910,Export quantity,t,33936.0,A,,33125.0,A,,47305.0,A,,37469.0,A,,22995.0,A,,36000.0,A,,43500.0,A,,52700.0,A,,48800.0,A,,58400.0,A,,71607.0,A,,73548.0,A,,71341.0,A,,70504.0,A,,58831.0,A,,91596.0,A,,52553.0,A,,76141.0,A,,62799.0,A,,74123.0,A,,67645.0,A,,68004.0,A,,63363.0,A,,77261.0,A,,65938.0,A,,130380.0,A,,89203.0,A,,68000.0,A,,98471.0,A,,104268.0,A,,83956.0,A,,104268.0,A,,55045.0,A,,62552.0,A,,60361.0,A,,49263.0,A,,23039.0,A,,38183.0,A,,23000.0,X,Estimated data using trading partners database,29200.0,X,Estimated data using trading partners database,9954.0,X,Estimated data using trading partners database,4923.0,X,Estimated data using trading partners database,5607.0,X,Estimated data using trading partners database,7478.0,X,Estimated data using trading partners database,7634.0,X,Estimated data using trading partners database,6223.0,X,Estimated data using trading partners database,4813.0,X,Estimated data using trading partners database,7053.0,X,Estimated data using trading partners database,2235.0,A,,5988.0,X,Estimated data using trading partners database,4483.0,X,Estimated data using trading partners database,4177.0,X,Estimated data using trading partners database,3493.0,X,Estimated data using trading partners database,4328.16,X,Estimated data using trading partners database,4492.04,X,Estimated data using trading partners database,11719.76,A,,10848.99,A,,12387.41,A,,11144.54,A,,12156.11,A,,10277.12,A,,3413.36,A,,7674.89,A,,5803.57,X,Estimated data using trading partners database
250,'180,Democratic Republic of the Congo,656,'01610,"Coffee, green",5922,Export value,1000 USD,14000.0,X,Estimated data using trading partners database,13920.0,X,Estimated data using trading partners database,17320.0,A,,23570.0,A,,14300.0,A,,22680.0,X,Estimated data using trading partners database,27499.0,X,Estimated data using trading partners database,34300.0,X,Estimated data using trading partners database,28200.0,X,Estimated data using trading partners database,33900.0,A,,41000.0,I,,65797.0,A,,73473.0,A,,83195.0,A,,103910.0,A,,192630.0,A,,193183.0,A,,166380.0,A,,143106.0,A,,166440.0,A,,111610.0,A,,116786.0,A,,118000.0,I,,201790.0,A,,169640.0,A,,327420.0,A,,168186.0,A,,116000.0,X,Estimated data using trading partners database,143200.0,X,Estimated data using trading partners database,108000.0,X,Estimated data using trading partners database,54757.0,A,,60900.0,X,Estimated data using trading partners database,35000.0,I,,68400.0,X,Estimated data using trading partners database,100000.0,X,Estimated data using trading partners database,69000.0,X,Estimated data using trading partners database,39000.0,X,Estimated data using trading partners database,68000.0,X,Estimated data using trading partners database,31000.0,X,Estimated data using trading partners database,23100.0,I,,3231.0,I,,4614.0,X,Estimated data using trading partners database,5202.0,X,Estimated data using trading partners database,7387.0,X,Estimated data using trading partners database,9871.0,X,Estimated data using trading partners database,9948.0,X,Estimated data using trading partners database,8405.0,X,Estimated data using trading partners database,16018.0,X,Estimated data using trading partners database,5000.0,I,,13592.0,X,Estimated data using trading partners database,15541.0,X,Estimated data using trading partners database,13732.0,X,Estimated data using trading partners database,9653.0,X,Estimated data using trading partners database,13416.0,X,Estimated data using trading partners database,14694.0,X,Estimated data using trading partners database,19945.0,A,,19504.0,A,,17867.0,A,,13531.0,A,,16389.0,A,,19656.0,A,,6119.0,A,,18300.0,A,,25259.0,X,Estimated data using trading partners database
54,'208,Denmark,656,'01610,"Coffee, green",5610,Import quantity,t,43634.0,A,,45672.0,A,,52954.0,A,,48319.0,A,,49456.0,A,,53139.0,A,,52824.0,A,,56048.0,A,,59979.0,A,,58204.0,A,,58378.0,A,,60873.0,A,,59446.0,A,,57404.0,A,,61547.0,A,,60217.0,A,,47634.0,A,,53946.0,A,,57933.0,A,,57013.0,A,,63139.0,A,,55037.0,A,,49190.0,A,,45874.0,A,,46414.0,A,,46850.0,A,,50950.0,A,,50186.0,A,,55393.0,A,,50886.0,A,,51782.0,A,,56161.0,A,,55986.0,A,,55479.0,A,,47242.0,A,,54620.0,A,,51961.0,A,,55659.0,A,,60637.0,A,,57844.0,A,,58926.0,A,,57380.0,A,,51634.0,A,,55351.0,A,,36457.0,A,,34648.0,A,,33084.0,A,,34369.0,A,,35515.0,A,,39683.0,A,,23116.0,A,,19149.0,A,,17323.0,A,,17413.03,A,,17406.68,A,,19795.4,A,,15456.87,A,,17582.06,A,,17454.74,A,,14784.0,A,,14974.13,A,,16295.51,A,,16782.68,A,,17262.49,A,
54,'208,Denmark,656,'01610,"Coffee, green",5622,Import value,1000 USD,32167.0,A,,32070.0,A,,36635.0,A,,42958.0,A,,45475.0,A,,46367.0,A,,42740.0,A,,43913.0,A,,48211.0,A,,63642.0,A,,58268.0,A,,65223.0,A,,83020.0,A,,87231.0,A,,81118.0,A,,148143.0,A,,218975.0,A,,191776.0,A,,202694.0,A,,201572.0,A,,162987.0,A,,145803.0,A,,125146.0,A,,129726.0,A,,127030.0,A,,194917.0,A,,126523.0,A,,127052.0,A,,124952.0,A,,85956.0,A,,88122.0,A,,79459.0,A,,82804.0,A,,147699.0,A,,167151.0,A,,144414.0,A,,176369.0,A,,162667.0,A,,126458.0,A,,111516.0,A,,78816.0,A,,65158.0,A,,64607.0,A,,77373.0,A,,79913.0,A,,77446.0,A,,88017.0,A,,107584.0,A,,96992.0,A,,130635.0,A,,110860.0,A,,75117.0,A,,53766.0,A,,64664.0,A,,56833.0,A,,58880.0,A,,52395.0,A,,52694.0,A,,47499.0,A,,45007.0,A,,54480.0,A,,84397.0,A,,76941.0,A,,90348.0,A,
54,'208,Denmark,656,'01610,"Coffee, green",5910,Export quantity,t,110.0,A,,104.0,A,,152.0,A,,285.0,A,,334.0,A,,646.0,A,,1005.0,A,,709.0,A,,407.0,A,,370.0,A,,185.0,A,,464.0,A,,391.0,A,,467.0,A,,269.0,A,,777.0,A,,1139.0,A,,559.0,A,,87.0,A,,203.0,A,,554.0,A,,203.0,A,,707.0,A,,193.0,A,,247.0,A,,1776.0,A,,381.0,A,,525.0,A,,563.0,A,,194.0,X,Estimated data using trading partners database,67.0,A,,15.0,A,,354.0,A,,41.0,A,,24.0,A,,151.0,A,,2.0,A,,0.0,A,,21.0,A,,145.0,A,,46.0,A,,58.0,A,,116.0,A,,353.0,A,,36.0,A,,37.0,A,,88.0,X,Estimated data using trading partners database,25.0,A,,36.0,A,,674.0,A,,247.0,A,,281.0,A,,149.0,A,,102.4,A,,373.42,A,,312.8,A,,120.1,A,,74.0,A,,61.09,A,,178.46,A,,627.24,A,,1375.88,A,,617.7,A,,871.93,A,
54,'208,Denmark,656,'01610,"Coffee, green",5922,Export value,1000 USD,86.0,A,,84.0,A,,94.0,A,,225.0,A,,258.0,A,,467.0,A,,665.0,A,,497.0,A,,310.0,A,,334.0,A,,173.0,A,,421.0,A,,454.0,A,,636.0,A,,360.0,A,,1704.0,A,,5967.0,A,,2139.0,A,,266.0,A,,768.0,A,,1510.0,A,,451.0,A,,2028.0,A,,531.0,A,,858.0,A,,8261.0,A,,868.0,A,,1235.0,A,,1752.0,A,,351.0,A,,138.0,A,,33.0,A,,597.0,A,,133.0,A,,101.0,A,,515.0,A,,6.0,A,,2.0,A,,52.0,A,,309.0,A,,89.0,A,,88.0,A,,200.0,A,,471.0,A,,137.0,A,,191.0,A,,520.0,A,,183.0,A,,142.0,A,,3451.0,A,,2280.0,A,,2420.0,A,,1090.0,A,,750.0,A,,2458.0,A,,2213.0,A,,743.0,A,,682.0,A,,727.0,A,,1348.0,A,,4727.0,A,,10835.0,A,,5484.0,A,,7429.0,A,
72,'262,Djibouti,656,'01610,"Coffee, green",5610,Import quantity,t,50.0,A,,40.0,A,,40.0,A,,30.0,A,,10.0,A,,0.0,A,,0.0,A,,35.0,A,,0.0,A,,0.0,A,,0.0,A,,0.0,A,,0.0,A,,0.0,A,,0.0,A,,0.0,A,,0.0,A,,0.0,A,,17.0,A,,0.0,A,,48.0,A,,28.0,A,,53.0,A,,47.0,A,,15.0,A,,0.0,I,,0.0,X,Estimated data using trading partners database,0.0,I,,0.0,A,,0.0,A,,0.0,A,,0.0,A,,0.0,A,,0.0,E,,0.0,X,Estimated data using trading partners database,0.0,E,,0.0,E,,0.0,E,,0.0,E,,0.0,E,,40.0,X,Estimated data using trading partners database,60.0,X,Estimated data using trading partners database,2242.0,X,Estimated data using trading partners database,128.0,X,Estimated data using trading partners database,1615.0,X,Estimated data using trading partners database,679.0,X,Estimated data using trading partners database,865.0,X,Estimated data using trading partners database,698.0,X,Estimated data using trading partners database,807.0,X,Estimated data using trading partners database,384.0,X,Estimated data using trading partners database,384.0,E,,67.0,X,Estimated data using trading partners database,59.0,X,Estimated data using trading partners database,3.92,X,Estimated data using trading partners database,9.85,X,Estimated data using trading partners database,32.09,X,Estimated data using trading partners database,45.49,X,Estimated data using trading partners database,445.53,X,Estimated data using trading partners database,254.79,X,Estimated data using trading partners database,178.32,X,Estimated data using trading partners database,91.42,A,,154.03,A,,57.29,A,,3.38,X,Estimated data using trading partners database
72,'262,Djibouti,656,'01610,"Coffee, green",5622,Import value,1000 USD,40.0,A,,20.0,A,,40.0,A,,20.0,A,,10.0,A,,0.0,A,,0.0,A,,47.0,A,,0.0,A,,0.0,A,,0.0,A,,0.0,A,,0.0,A,,0.0,A,,0.0,A,,0.0,A,,0.0,A,,0.0,A,,30.0,A,,0.0,A,,68.0,A,,68.0,A,,73.0,A,,67.0,A,,45.0,A,,0.0,I,,0.0,X,Estimated data using trading partners database,0.0,I,,0.0,A,,0.0,A,,0.0,A,,0.0,A,,0.0,A,,0.0,E,,0.0,X,Estimated data using trading partners database,0.0,E,,0.0,E,,0.0,E,,0.0,E,,0.0,E,,69.0,X,Estimated data using trading partners database,127.0,X,Estimated data using trading partners database,2671.0,X,Estimated data using trading partners database,138.0,X,Estimated data using trading partners database,3419.0,X,Estimated data using trading partners database,1063.0,X,Estimated data using trading partners database,1920.0,X,Estimated data using trading partners database,1973.0,X,Estimated data using trading partners database,1323.0,X,Estimated data using trading partners database,726.0,X,Estimated data using trading partners database,726.0,E,,151.0,X,Estimated data using trading partners database,156.0,X,Estimated data using trading partners database,28.0,X,Estimated data using trading partners database,71.0,X,Estimated data using trading partners database,127.0,X,Estimated data using trading partners database,230.0,X,Estimated data using trading partners database,822.0,X,Estimated data using trading partners database,742.0,X,Estimated data using trading partners database,585.0,X,Estimated data using trading partners database,141.0,A,,88.0,A,,129.0,A,,31.0,X,Estimated data using trading partners database
72,'262,Djibouti,656,'01610,"Coffee, green",5910,Export quantity,t,,,,,,,,,,,,,,,,,,,,,,,,,,,,,,,,,,,,,,,,,,,,,,,,,,,,,,,,,,,,,,,,,,,,,,,,,,,,,,,,,,,,,,,,,,,,,,,,,,,,,,,,,,,,,,,,,,,,,,,,,,,,,,,,,,,,,,,,,,,,,,,,,,,,,,,,,,,,,,,,1094.45,X,Estimated data using trading partners database,2301.39,X,Estimated data using trading partners database,2432.36,X,Estimated data using trading partners database,2509.08,X,Estimated data using trading partners database,1942.96,X,Estimated data using trading partners database,1415.11,X,Estimated data using trading partners database,1033.99,X,Estimated data using trading partners database,,,,100.57,A,,,,,1701.16,X,Estimated data using trading partners database
72,'262,Djibouti,656,'01610,"Coffee, green",5922,Export value,1000 USD,,,,,,,,,,,,,,,,,,,,,,,,,,,,,,,,,,,,,,,,,,,,,,,,,,,,,,,,,,,,,,,,,,,,,,,,,,,,,,,,,,,,,,,,,,,,,,,,,,,,,,,,,,,,,,,,,,,,,,,,,,,,,,,,,,,,,,,,,,,,,,,,,,,,,,,,,,,,,,,,5224.0,X,Estimated data using trading partners database,10864.0,X,Estimated data using trading partners database,11027.0,X,Estimated data using trading partners database,11820.0,X,Estimated data using trading partners database,8510.0,X,Estimated data using trading partners database,4747.0,X,Estimated data using trading partners database,3962.0,X,Estimated data using trading partners database,,,,41.0,A,,,,,7490.0,X,Estimated data using trading partners database
55,'212,Dominica,656,'01610,"Coffee, green",5610,Import quantity,t,20.0,I,,20.0,I,,20.0,I,,20.0,I,,25.0,I,,25.0,I,,25.0,I,,20.0,I,,23.0,A,,22.0,A,,20.0,I,,26.0,A,,6.0,A,,20.0,I,,20.0,A,,7.0,A,,2.0,A,,2.0,A,,1.0,A,,3.0,A,,3.0,A,,0.0,A,,0.0,A,,0.0,A,,0.0,A,,0.0,A,,0.0,A,,0.0,A,,0.0,A,,0.0,A,,0.0,A,,0.0,A,,0.0,A,,2.0,A,,1.0,A,,2.0,A,,1.0,A,,1.0,E,,1.0,E,,1.0,A,,2.0,A,,2.0,A,,6.0,A,,3.0,A,,31.0,A,,0.0,A,,2.0,A,,2.0,A,,0.0,X,Estimated data using trading partners database,2.0,X,Estimated data using trading partners database,23.0,X,Estimated data using trading partners database,2.0,A,,2.0,E,,2604.4,X,Estimated data using trading partners database,36.86,X,Estimated data using trading partners database,22.0,X,Estimated data using trading partners database,1.63,X,Estimated data using trading partners database,73.06,X,Estimated data using trading partners database,1.4,A,,2.84,I,,2.43,A,,1.14,A,,1.0,A,,5.83,X,Estimated data using trading partners database
55,'212,Dominica,656,'01610,"Coffee, green",5622,Import value,1000 USD,13.0,I,,14.0,I,,15.0,I,,16.0,I,,19.0,I,,20.0,I,,20.0,I,,15.0,I,,15.0,A,,17.0,A,,18.0,I,,22.0,A,,6.0,A,,21.0,I,,22.0,A,,10.0,A,,6.0,A,,6.0,A,,3.0,A,,18.0,A,,18.0,A,,0.0,A,,0.0,A,,0.0,A,,0.0,A,,0.0,A,,0.0,A,,0.0,A,,0.0,A,,0.0,A,,0.0,A,,0.0,A,,0.0,A,,4.0,A,,4.0,A,,7.0,A,,8.0,A,,8.0,E,,8.0,E,,4.0,A,,5.0,A,,11.0,A,,14.0,A,,11.0,A,,109.0,A,,4.0,A,,10.0,A,,3.0,A,,3.0,E,,12.0,X,Estimated data using trading partners database,68.0,X,Estimated data using trading partners database,15.0,A,,15.0,E,,6514.0,X,Estimated data using trading partners database,164.0,X,Estimated data using trading partners database,111.0,X,Estimated data using trading partners database,7.0,X,Estimated data using trading partners database,162.0,X,Estimated data using trading partners database,9.0,A,,9.0,A,,8.0,A,,5.0,A,,12.0,A,,19.0,X,Estimated data using trading partners database
55,'212,Dominica,656,'01610,"Coffee, green",5910,Export quantity,t,,,,,,,,,,,,,,,,,,,,,,,,,,,,,,,,,,,,,,,,,,,,,,,,,,,,,,,,,,,,,,,,,,,,,,,,,,,,,,,,,,,,,,,,,,,,,,,,,,,,,,,3.0,A,,1.0,A,,2.0,A,,2.0,E,,2.0,E,,1.0,A,,0.0,A,,1.0,A,,0.0,A,,0.0,A,,0.0,A,,1.0,A,,0.0,A,,0.0,A,,0.0,E,,0.0,E,,0.0,E,,1.0,A,,228.0,X,Estimated data using trading partners database,19.52,X,Estimated data using trading partners database,17.51,X,Estimated data using trading partners database,9.67,X,Estimated data using trading partners database,6.68,X,Estimated data using trading partners database,23.54,X,Estimated data using trading partners database,,,,,,,0.17,A,,,,,0.02,A,,,,
55,'212,Dominica,656,'01610,"Coffee, green",5922,Export value,1000 USD,,,,,,,,,,,,,,,,,,,,,,,,,,,,,,,,,,,,,,,,,,,,,,,,,,,,,,,,,,,,,,,,,,,,,,,,,,,,,,,,,,,,,,,,,,,,,,,,,,,,,,,18.0,A,,2.0,A,,14.0,A,,14.0,E,,14.0,E,,4.0,A,,3.0,A,,6.0,A,,1.0,A,,0.0,A,,2.0,A,,6.0,A,,2.0,A,,1.0,A,,1.0,E,,1.0,E,,1.0,E,,0.0,A,,1046.0,X,Estimated data using trading partners database,75.0,X,Estimated data using trading partners database,88.0,X,Estimated data using trading partners database,81.0,X,Estimated data using trading partners database,44.0,X,Estimated data using trading partners database,85.0,X,Estimated data using trading partners database,,,,,,,2.0,A,,,,,0.0,A,,,,
56,'214,Dominican Republic,656,'01610,"Coffee, green",5610,Import quantity,t,,,,,,,,,,,,,,,,,,,,,,,,,,,,,,,,,,,,,,,,,,,,,,,,,,,,,,,,,,,,,,,,,,,,,,,,,,,,,,,,,,,,,,,,,,,,,,,,,,,,,,,,,,,,,,,,,,,,,,,,,,,,,,,,,,,,,,,,,,,,,,,,,,,,,,,,,,,,,,,,5089.29,I,,16157.07,I,,11774.72,I,,10403.7,I,,10653.03,I,,16066.1,A,,11674.13,A,,14448.23,A,,9084.0,X,Estimated data using trading partners database,16172.02,A,,9901.36,A,
56,'214,Dominican Republic,656,'01610,"Coffee, green",5622,Import value,1000 USD,,,,,,,,,,,,,,,,,,,,,,,,,,,,,,,,,,,,,,,,,,,,,,,,,,,,,,,,,,,,,,,,,,,,,,,,,,,,,,,,,,,,,,,,,,,,,,,,,,,,,,,,,,,,,,,,,,,,,,,,,,,,,,,,,,,,,,,,,,,,,,,,,,,,,,,,,,,,,,,,19399.0,A,,60355.0,A,,39314.0,A,,38352.0,A,,35061.0,A,,35274.0,A,,22725.0,A,,32922.0,A,,36899.0,X,Estimated data using trading partners database,51851.0,A,,30934.0,A,
56,'214,Dominican Republic,656,'01610,"Coffee, green",5910,Export quantity,t,20094.0,A,,29281.0,A,,27505.0,A,,34386.0,A,,24547.0,A,,25375.0,A,,22184.0,A,,23521.0,A,,28026.0,A,,26935.0,A,,25182.0,A,,26272.0,A,,35265.0,A,,30535.0,A,,25043.0,A,,35248.0,A,,39751.0,A,,25183.0,A,,39953.0,A,,19947.0,A,,26823.0,A,,34412.0,A,,29711.0,A,,34590.0,A,,31466.0,A,,30035.0,A,,28004.0,A,,27151.0,A,,32386.0,A,,31854.0,A,,28238.0,A,,21524.0,A,,20567.0,A,,20279.0,A,,27655.0,A,,27502.0,A,,18199.0,A,,21095.0,A,,6530.0,A,,8869.0,A,,4235.0,A,,2693.0,A,,2824.0,A,,2585.0,A,,2365.0,A,,3382.0,A,,2133.0,A,,2385.0,A,,2194.0,A,,2146.0,A,,2975.0,A,,2083.0,A,,1663.0,A,,880.88,A,,742.74,A,,690.28,A,,600.25,I,,611.97,A,,663.1,A,,498.65,A,,580.48,A,,0.85,A,,670.37,A,,645.5,A,
56,'214,Dominican Republic,656,'01610,"Coffee, green",5922,Export value,1000 USD,14353.0,A,,19884.0,A,,18456.0,A,,30495.0,A,,21081.0,A,,20950.0,A,,17019.0,A,,17925.0,A,,21473.0,A,,26694.0,A,,22002.0,A,,25108.0,A,,39751.0,A,,38582.0,A,,34457.0,A,,83307.0,A,,169549.0,A,,88262.0,A,,145409.0,A,,53967.0,A,,62243.0,A,,91912.0,A,,76110.0,A,,95074.0,A,,90721.0,A,,112833.0,A,,59207.0,A,,66494.0,A,,63776.0,A,,46512.0,A,,43323.0,A,,24808.0,A,,26364.0,A,,62716.0,A,,81622.0,A,,63006.0,A,,66434.0,A,,64616.0,A,,14845.0,A,,20765.0,A,,5945.0,A,,4294.0,A,,5304.0,A,,5134.0,A,,6529.0,A,,8787.0,A,,6371.0,A,,8303.0,A,,7455.0,A,,8226.0,A,,16773.0,A,,11080.0,A,,7305.0,A,,4499.0,A,,5004.0,A,,4146.0,A,,3944.0,A,,4060.0,A,,3843.0,A,,2678.0,A,,3486.0,A,,5.0,A,,4284.0,A,,3915.0,A,
58,'218,Ecuador,656,'01610,"Coffee, green",5610,Import quantity,t,,,,,,,,,,,,,,,,,,,,,,,,,,,,,,,,,,,,,,,,,,,,,,,,,,,,,,,,,,,,,,,,,,,,,,,,,,,,,,,,,,,,,,,,,,,,,,,,,,,,2787.0,A,,1512.0,A,,13.0,A,,2.0,A,,77.0,A,,77.0,A,,1404.5,A,,617.0,A,,48.0,X,Estimated data using trading partners database,6.0,X,Estimated data using trading partners database,48.0,A,,7555.0,A,,2980.0,A,,54.0,A,,631.0,A,,3585.0,A,,2729.0,A,,6285.0,A,,2145.0,A,,458.0,A,,6.9,A,,27.19,A,,341.75,A,,114.09,A,,1569.94,A,,4.68,A,,17.0,A,,27.2,A,,1589.01,A,,2178.71,A,,4121.87,A,
58,'218,Ecuador,656,'01610,"Coffee, green",5622,Import value,1000 USD,,,,,,,,,,,,,,,,,,,,,,,,,,,,,,,,,,,,,,,,,,,,,,,,,,,,,,,,,,,,,,,,,,,,,,,,,,,,,,,,,,,,,,,,,,,,,,,,,,,,2003.0,A,,1297.0,A,,9.0,A,,1.0,A,,56.0,A,,42.0,A,,669.0,A,,285.0,A,,24.0,A,,1.0,A,,5.0,A,,6352.0,A,,3075.0,A,,68.0,A,,690.0,A,,6155.0,A,,4428.0,A,,16036.0,A,,6984.0,A,,2000.0,A,,33.0,A,,263.0,A,,807.0,A,,142.0,A,,2968.0,A,,15.0,A,,51.0,A,,66.0,A,,3803.0,A,,5060.0,A,,15217.0,A,
58,'218,Ecuador,656,'01610,"Coffee, green",5910,Export quantity,t,22855.0,A,,32938.0,A,,29478.0,A,,24657.0,A,,47564.0,A,,43687.0,A,,56694.0,A,,49560.0,A,,37363.0,A,,52286.0,A,,45943.0,A,,61022.0,A,,75414.0,A,,59611.0,A,,61086.0,A,,86553.0,A,,54075.0,A,,98539.0,A,,82211.0,A,,53915.0,A,,55994.0,A,,75450.0,A,,75045.0,A,,72532.0,A,,72053.0,A,,102740.0,A,,100236.0,A,,72866.0,A,,96052.0,A,,88612.0,A,,64667.0,A,,54335.0,A,,73718.0,A,,113850.0,A,,77585.0,A,,70094.0,A,,39506.0,A,,39901.0,A,,40378.0,A,,20080.43,A,,22528.0,A,,12649.0,A,,12067.0,A,,13548.0,A,,18659.0,A,,17598.0,A,,10889.0,A,,9410.0,A,,26136.0,A,,21275.0,A,,35145.0,A,,28049.0,A,,12043.0,A,,8924.12,A,,6077.63,A,,5161.36,A,,5049.73,A,,4425.81,A,,1657.66,A,,1778.91,A,,3871.52,A,,5498.91,A,,1801.56,A,,1634.19,A,
58,'218,Ecuador,656,'01610,"Coffee, green",5922,Export value,1000 USD,14253.0,A,,20954.0,A,,18256.0,A,,21165.0,A,,38237.0,A,,32539.0,A,,39871.0,A,,34667.0,A,,26045.0,A,,50002.0,A,,36100.0,A,,46990.0,A,,65427.0,A,,67808.0,A,,63532.0,A,,193151.0,A,,175762.0,A,,266009.0,A,,263967.0,A,,132181.0,A,,105869.0,A,,142793.0,A,,148607.0,A,,176133.0,A,,175767.0,A,,298338.0,A,,195070.0,A,,149076.0,A,,142014.0,A,,104152.0,A,,84557.0,A,,51049.0,A,,79242.0,A,,365710.0,A,,185318.0,A,,128984.0,A,,86298.0,A,,71200.0,A,,56897.0,A,,22119.0,A,,15031.0,A,,10307.0,A,,10935.0,A,,14356.0,A,,22404.0,A,,31725.0,A,,22461.0,A,,21567.0,A,,46627.0,A,,55911.0,A,,115165.0,A,,74830.0,A,,28065.0,A,,24250.0,A,,18085.0,A,,17856.0,A,,16882.0,A,,12579.0,A,,7876.0,A,,8734.0,A,,14946.0,A,,26986.0,A,,11332.0,A,,10694.0,A,
59,'818,Egypt,656,'01610,"Coffee, green",5610,Import quantity,t,4260.0,A,,3500.0,A,,4760.0,A,,2760.0,A,,3020.0,A,,5913.0,A,,4557.0,A,,3211.0,A,,5228.0,A,,1987.0,A,,5052.0,A,,1641.0,A,,2191.0,A,,3681.0,A,,6170.0,A,,4869.0,A,,3341.0,A,,491.0,A,,1108.0,A,,4135.0,A,,3110.0,A,,6021.0,A,,5392.0,A,,2281.0,A,,4702.0,A,,4934.0,A,,5182.0,A,,3717.0,A,,3687.0,A,,4861.0,A,,6070.0,A,,7445.0,A,,6214.0,A,,6249.0,A,,6649.0,A,,6680.0,A,,6233.0,A,,5758.0,A,,7212.0,A,,3821.31,A,,3762.0,A,,5755.0,A,,5736.0,A,,6335.0,A,,6321.0,A,,5454.0,A,,6488.0,A,,16161.0,X,Estimated data using trading partners database,15966.0,A,,24828.0,X,Estimated data using trading partners database,18027.0,A,,15476.0,X,Estimated data using trading partners database,30436.0,X,Estimated data using trading partners database,26141.11,X,Estimated data using trading partners database,35566.12,X,Estimated data using trading partners database,40099.01,X,Estimated data using trading partners database,27779.0,X,Estimated data using trading partners database,35637.31,I,,55511.22,X,Estimated data using trading partners database,50928.13,I,,59007.25,I,,55974.66,I,,60303.36,I,,79239.09,I,
59,'818,Egypt,656,'01610,"Coffee, green",5622,Import value,1000 USD,3950.0,A,,1990.0,A,,2780.0,A,,1650.0,A,,1960.0,A,,4174.0,A,,3228.0,A,,1837.0,A,,3004.0,A,,1215.0,A,,3434.0,A,,936.0,A,,2052.0,A,,5022.0,A,,7463.0,A,,12827.0,A,,14390.0,A,,2001.0,A,,3626.0,A,,16623.0,A,,8221.0,A,,13377.0,A,,14481.0,A,,6060.0,A,,14991.0,A,,15419.0,A,,16253.0,A,,8785.0,A,,6872.0,A,,5478.0,A,,6883.0,A,,7120.0,A,,5408.0,A,,10015.0,A,,17702.0,A,,14015.0,A,,12006.0,A,,11386.0,A,,11814.0,A,,6328.0,A,,4395.0,A,,6088.0,A,,5797.0,A,,7068.0,A,,7772.0,A,,8094.0,A,,12159.0,A,,37461.0,X,Estimated data using trading partners database,51326.0,A,,42961.0,X,Estimated data using trading partners database,48379.0,A,,74049.0,X,Estimated data using trading partners database,68290.0,A,,61337.0,X,Estimated data using trading partners database,79627.0,X,Estimated data using trading partners database,83934.0,X,Estimated data using trading partners database,91146.0,A,,104395.0,A,,107386.0,A,,102303.0,A,,136312.0,A,,184055.0,A,,195235.0,A,,281297.0,A,
59,'818,Egypt,656,'01610,"Coffee, green",5910,Export quantity,t,0.0,A,,0.0,A,,0.0,A,,0.0,A,,0.0,A,,0.0,A,,0.0,A,,0.0,A,,0.0,A,,0.0,A,,0.0,A,,0.0,A,,0.0,A,,0.0,A,,0.0,A,,0.0,A,,0.0,A,,0.0,A,,0.0,A,,0.0,A,,0.0,A,,10.0,A,,0.0,A,,0.0,A,,0.0,A,,0.0,A,,1.0,A,,0.0,A,,1821.0,A,,480.0,A,,24.0,A,,0.0,X,Estimated data using trading partners database,0.0,A,,1.0,A,,0.0,X,Estimated data using trading partners database,0.0,X,Estimated data using trading partners database,0.0,X,Estimated data using trading partners database,1.0,A,,0.0,X,Estimated data using trading partners database,0.79,A,,0.0,A,,0.0,E,,0.0,E,,1.0,A,,1.0,A,,0.0,A,,5.0,A,,31.0,X,Estimated data using trading partners database,1362.0,A,,324.0,X,Estimated data using trading partners database,11.0,A,,35.0,X,Estimated data using trading partners database,20.0,X,Estimated data using trading partners database,546.54,X,Estimated data using trading partners database,10.69,X,Estimated data using trading partners database,1875.83,X,Estimated data using trading partners database,7.0,X,Estimated data using trading partners database,4.69,I,,0.36,A,,160.77,I,,173.49,I,,534.68,I,,308.17,I,,1503.88,I,
59,'818,Egypt,656,'01610,"Coffee, green",5922,Export value,1000 USD,0.0,A,,0.0,A,,0.0,A,,0.0,A,,0.0,A,,0.0,A,,0.0,A,,0.0,A,,0.0,A,,0.0,A,,0.0,A,,0.0,A,,0.0,A,,0.0,A,,0.0,A,,0.0,A,,0.0,A,,0.0,A,,0.0,A,,0.0,A,,0.0,A,,25.0,A,,0.0,A,,0.0,A,,0.0,A,,0.0,A,,1.0,A,,0.0,A,,2231.0,A,,373.0,A,,22.0,A,,0.0,X,Estimated data using trading partners database,1.0,A,,2.0,A,,0.0,X,Estimated data using trading partners database,0.0,X,Estimated data using trading partners database,0.0,X,Estimated data using trading partners database,7.0,A,,1.0,A,,1.0,A,,0.0,A,,0.0,E,,0.0,E,,2.0,A,,3.0,A,,0.0,A,,9.0,A,,9.0,E,,6865.0,A,,1562.0,X,Estimated data using trading partners database,13.0,A,,211.0,X,Estimated data using trading partners database,22.0,A,,374.0,X,Estimated data using trading partners database,13.0,X,Estimated data using trading partners database,3933.0,X,Estimated data using trading partners database,21.0,A,,12.0,A,,0.0,A,,128.0,A,,162.0,A,,691.0,A,,376.0,A,,2118.0,A,
60,'222,El Salvador,656,'01610,"Coffee, green",5610,Import quantity,t,0.0,A,,0.0,A,,0.0,A,,0.0,A,,0.0,A,,0.0,A,,0.0,A,,0.0,A,,0.0,A,,0.0,A,,0.0,A,,0.0,A,,0.0,A,,0.0,A,,0.0,A,,0.0,A,,0.0,A,,0.0,A,,0.0,A,,0.0,A,,0.0,A,,0.0,A,,0.0,A,,0.0,A,,0.0,A,,0.0,A,,0.0,A,,0.0,A,,0.0,A,,0.0,A,,4.0,A,,74.0,A,,44.0,A,,24.0,A,,19.0,A,,18.0,A,,23.0,A,,60.0,A,,44.0,A,,521.21,A,,629.0,A,,68.0,A,,542.0,A,,712.0,A,,383.0,A,,499.0,A,,89.0,A,,189.0,A,,27.0,X,Estimated data using trading partners database,717.0,A,,46.0,A,,33.0,A,,25.0,A,,31.16,I,,521.03,A,,1168.28,A,,1.31,A,,185.69,A,,141.13,A,,741.47,A,,293.0,A,,170.91,A,,14.78,A,,1.35,A,
60,'222,El Salvador,656,'01610,"Coffee, green",5622,Import value,1000 USD,0.0,A,,0.0,A,,0.0,A,,0.0,A,,0.0,A,,0.0,A,,0.0,A,,0.0,A,,0.0,A,,0.0,A,,0.0,A,,0.0,A,,0.0,A,,0.0,A,,0.0,A,,0.0,A,,0.0,A,,0.0,A,,0.0,A,,0.0,A,,0.0,A,,0.0,A,,0.0,A,,0.0,A,,0.0,A,,0.0,A,,0.0,A,,0.0,A,,0.0,A,,0.0,A,,13.0,A,,153.0,A,,122.0,A,,28.0,A,,92.0,A,,19.0,A,,88.0,A,,151.0,A,,97.0,A,,777.0,A,,410.0,A,,32.0,A,,156.0,A,,284.0,A,,455.0,A,,680.0,A,,143.0,A,,385.0,A,,66.0,A,,1706.0,A,,39.0,A,,8.0,A,,60.0,A,,96.0,A,,1188.0,A,,1898.0,A,,10.0,A,,244.0,A,,191.0,A,,1377.0,A,,535.0,A,,623.0,A,,46.0,A,,24.0,A,
60,'222,El Salvador,656,'01610,"Coffee, green",5910,Export quantity,t,86573.0,A,,104565.0,A,,101093.0,A,,109342.0,A,,99864.0,A,,96987.0,A,,122325.0,A,,117409.0,A,,112049.0,A,,117780.0,A,,114620.0,A,,155910.0,A,,122900.0,A,,144038.0,A,,142352.0,A,,153100.0,A,,134094.0,A,,121336.0,A,,184730.0,A,,146786.0,A,,131600.0,A,,141435.0,A,,159000.0,A,,170047.0,A,,148092.0,A,,123195.0,A,,145575.0,A,,125552.0,A,,82957.0,A,,141277.0,A,,123049.0,A,,124738.0,A,,170106.0,A,,119064.0,A,,113195.0,A,,138159.0,A,,165612.0,A,,85756.0,A,,113613.0,A,,150398.27,A,,92055.0,A,,94419.0,A,,80142.0,A,,80639.0,A,,76263.0,A,,77465.0,A,,73778.0,A,,89022.0,A,,80270.0,A,,64425.0,A,,102768.0,A,,64724.0,A,,66679.0,A,,28268.53,A,,34896.52,A,,29307.56,A,,32571.27,A,,35149.61,A,,35840.28,A,,31253.88,A,,32015.04,A,,33580.35,A,,28799.41,A,,26881.59,A,
60,'222,El Salvador,656,'01610,"Coffee, green",5922,Export value,1000 USD,70150.0,A,,75665.0,A,,74591.0,A,,92857.0,A,,95553.0,A,,89029.0,A,,98790.0,A,,92217.0,A,,87172.0,A,,119080.0,A,,106160.0,A,,130120.0,A,,156800.0,A,,192099.0,A,,168783.0,A,,381680.0,A,,605754.0,A,,432880.0,A,,575190.0,A,,684962.0,A,,458000.0,A,,402560.0,A,,399120.0,A,,355322.0,A,,452560.0,A,,512572.0,A,,351337.0,A,,358000.0,A,,197967.0,A,,267394.0,A,,211321.0,A,,148220.0,A,,221080.0,A,,264404.0,A,,369770.0,A,,338918.0,A,,514764.0,A,,321740.0,A,,244401.0,X,Estimated data using trading partners database,340139.0,A,,114799.0,A,,106683.0,A,,105094.0,A,,123103.0,A,,163072.0,A,,188145.0,A,,186710.0,A,,258124.0,A,,229831.0,A,,212673.0,A,,463528.0,A,,299786.0,A,,233637.0,A,,110298.0,A,,148027.0,A,,109187.0,A,,120715.0,A,,113147.0,A,,111692.0,A,,108007.0,A,,122291.0,A,,175773.0,A,,145471.0,A,,134602.0,A,
61,'226,Equatorial Guinea,656,'01610,"Coffee, green",5610,Import quantity,t,0.0,A,,0.0,A,,0.0,A,,0.0,A,,0.0,A,,0.0,A,,0.0,A,,0.0,A,,0.0,A,,0.0,A,,0.0,A,,0.0,A,,0.0,A,,0.0,A,,0.0,A,,0.0,A,,0.0,A,,0.0,A,,0.0,A,,0.0,A,,0.0,A,,145.0,A,,0.0,A,,0.0,A,,0.0,A,,0.0,A,,0.0,A,,0.0,A,,0.0,A,,0.0,A,,0.0,A,,0.0,A,,0.0,A,,0.0,E,,0.0,E,,0.0,E,,0.0,E,,0.0,E,,0.0,E,,0.0,E,,0.0,E,,0.0,X,Estimated data using trading partners database,1.0,X,Estimated data using trading partners database,1.0,E,,0.0,X,Estimated data using trading partners database,0.0,E,,0.0,E,,0.0,E,,0.0,E,,0.0,E,,0.0,E,,0.0,E,,11.0,X,Estimated data using trading partners database,19.02,X,Estimated data using trading partners database,13.78,X,Estimated data using trading partners database,20.17,X,Estimated data using trading partners database,23.04,X,Estimated data using trading partners database,14.69,X,Estimated data using trading partners database,8.9,X,Estimated data using trading partners database,10.49,X,Estimated data using trading partners database,9.72,X,Estimated data using trading partners database,196.85,X,Estimated data using trading partners database,76.09,X,Estimated data using trading partners database,12.62,X,Estimated data using trading partners database
61,'226,Equatorial Guinea,656,'01610,"Coffee, green",5622,Import value,1000 USD,0.0,A,,0.0,A,,0.0,A,,0.0,A,,0.0,A,,0.0,A,,0.0,A,,0.0,A,,0.0,A,,0.0,A,,0.0,A,,0.0,A,,0.0,A,,0.0,A,,0.0,A,,0.0,A,,0.0,A,,0.0,A,,0.0,A,,0.0,A,,0.0,A,,176.0,A,,0.0,A,,0.0,A,,0.0,A,,0.0,A,,0.0,A,,0.0,A,,0.0,A,,0.0,A,,0.0,A,,0.0,A,,0.0,A,,0.0,E,,0.0,E,,0.0,E,,0.0,E,,0.0,E,,0.0,E,,0.0,E,,0.0,E,,3.0,X,Estimated data using trading partners database,4.0,X,Estimated data using trading partners database,4.0,E,,3.0,X,Estimated data using trading partners database,3.0,E,,3.0,E,,12.0,X,Estimated data using trading partners database,12.0,E,,21.0,X,Estimated data using trading partners database,21.0,E,,21.0,E,,21.0,E,,194.0,X,Estimated data using trading partners database,111.0,X,Estimated data using trading partners database,106.0,X,Estimated data using trading partners database,133.0,X,Estimated data using trading partners database,92.0,X,Estimated data using trading partners database,113.0,X,Estimated data using trading partners database,124.0,X,Estimated data using trading partners database,167.0,X,Estimated data using trading partners database,1216.0,X,Estimated data using trading partners database,352.0,X,Estimated data using trading partners database,203.0,X,Estimated data using trading partners database
61,'226,Equatorial Guinea,656,'01610,"Coffee, green",5910,Export quantity,t,8800.0,A,,7390.0,A,,6620.0,A,,6380.0,A,,6960.0,A,,7200.0,A,,7165.0,A,,8000.0,A,,7200.0,A,,6600.0,X,Estimated data using trading partners database,6000.0,X,Estimated data using trading partners database,6600.0,X,Estimated data using trading partners database,6000.0,X,Estimated data using trading partners database,3721.0,A,,2151.0,A,,801.0,A,,510.0,A,,267.0,A,,243.0,A,,169.0,A,,470.0,A,,690.0,A,,750.0,A,,890.0,A,,786.0,A,,620.0,A,,750.0,X,Estimated data using trading partners database,434.0,A,,301.0,A,,437.0,A,,211.0,A,,128.0,A,,107.0,A,,42.0,A,,180.0,X,Estimated data using trading partners database,88.0,A,,60.0,X,Estimated data using trading partners database,0.0,X,Estimated data using trading partners database,0.0,X,Estimated data using trading partners database,0.0,E,,0.0,E,,54.0,X,Estimated data using trading partners database,779.0,X,Estimated data using trading partners database,779.0,E,,779.0,E,,70.0,X,Estimated data using trading partners database,117.0,X,Estimated data using trading partners database,21.0,X,Estimated data using trading partners database,0.0,X,Estimated data using trading partners database,0.0,X,Estimated data using trading partners database,20.0,X,Estimated data using trading partners database,38.0,X,Estimated data using trading partners database,21.0,X,Estimated data using trading partners database,0.18,X,Estimated data using trading partners database,,,,0.85,X,Estimated data using trading partners database,9.07,X,Estimated data using trading partners database,1.92,X,Estimated data using trading partners database,,,,1.36,X,Estimated data using trading partners database,,,,39.79,X,Estimated data using trading partners database,19.17,X,Estimated data using trading partners database,19.32,X,Estimated data using trading partners database
61,'226,Equatorial Guinea,656,'01610,"Coffee, green",5922,Export value,1000 USD,6730.0,A,,6770.0,A,,5300.0,A,,5290.0,A,,5990.0,A,,6171.0,A,,6123.0,A,,5300.0,A,,6000.0,A,,5500.0,I,,5000.0,I,,5500.0,I,,5000.0,I,,3636.0,A,,2024.0,A,,1089.0,A,,2137.0,A,,455.0,A,,426.0,A,,706.0,A,,512.0,A,,682.0,A,,608.0,A,,1334.0,A,,1180.0,A,,1463.0,A,,1400.0,X,Estimated data using trading partners database,985.0,A,,394.0,A,,317.0,A,,109.0,A,,68.0,A,,53.0,A,,27.0,A,,180.0,I,,103.0,A,,40.0,X,Estimated data using trading partners database,0.0,X,Estimated data using trading partners database,0.0,X,Estimated data using trading partners database,0.0,E,,0.0,E,,23.0,X,Estimated data using trading partners database,481.0,X,Estimated data using trading partners database,481.0,E,,481.0,E,,78.0,X,Estimated data using trading partners database,186.0,X,Estimated data using trading partners database,51.0,X,Estimated data using trading partners database,0.0,X,Estimated data using trading partners database,0.0,X,Estimated data using trading partners database,38.0,X,Estimated data using trading partners database,79.0,X,Estimated data using trading partners database,79.0,E,,1.0,X,Estimated data using trading partners database,,,,8.0,X,Estimated data using trading partners database,24.0,X,Estimated data using trading partners database,6.0,X,Estimated data using trading partners database,,,,4.0,X,Estimated data using trading partners database,,,,212.0,X,Estimated data using trading partners database,43.0,X,Estimated data using trading partners database,56.0,X,Estimated data using trading partners database
178,'232,Eritrea,656,'01610,"Coffee, green",5610,Import quantity,t,,,,,,,,,,,,,,,,,,,,,,,,,,,,,,,,,,,,,,,,,,,,,,,,,,,,,,,,,,,,,,,,,,,,,,,,,,,,,,,,,,,,,,,,,,,,,,,,,,,,,,,,,,,,,,,,,,,,,,,,,,,,,,,,,,,,,,,,,,,,,,,,,,,,,,,,,,,,,,,,83.15,X,Estimated data using trading partners database,8.0,X,Estimated data using trading partners database,,,,,,,100.98,X,Estimated data using trading partners database,,,,0.72,X,Estimated data using trading partners database,11.03,X,Estimated data using trading partners database,2.78,X,Estimated data using trading partners database,0.57,X,Estimated data using trading partners database,2.07,X,Estimated data using trading partners database
178,'232,Eritrea,656,'01610,"Coffee, green",5622,Import value,1000 USD,,,,,,,,,,,,,,,,,,,,,,,,,,,,,,,,,,,,,,,,,,,,,,,,,,,,,,,,,,,,,,,,,,,,,,,,,,,,,,,,,,,,,,,,,,,,,,,,,,,,,,,,,,,,,,,,,,,,,,,,,,,,,,,,,,,,,,,,,,,,,,,,,,,,,,,,,,,,,,,,185.0,X,Estimated data using trading partners database,20.0,X,Estimated data using trading partners database,,,,,,,215.0,X,Estimated data using trading partners database,,,,3.0,X,Estimated data using trading partners database,15.0,X,Estimated data using trading partners database,4.0,X,Estimated data using trading partners database,2.0,X,Estimated data using trading partners database,11.0,X,Estimated data using trading partners database
178,'232,Eritrea,656,'01610,"Coffee, green",5910,Export quantity,t,,,,,,,,,,,,,,,,,,,,,,,,,,,,,,,,,,,,,,,,,,,,,,,,,,,,,,,,,,,,,,,,,,,,,,,,,,,,,,,,,,,,,,,,,,,,,,,,,,,,,,,,,,,,,,,,,,,,,,,,,,,,,,,,,,,,,,,,,,,,,,,,,,,,,,,,,,,,,,,,,,,214.9,X,Estimated data using trading partners database,,,,,,,0.0,X,Estimated data using trading partners database,0.01,X,Estimated data using trading partners database,,,,0.0,X,Estimated data using trading partners database,,,,0.26,X,Estimated data using trading partners database,0.0,X,Estimated data using trading partners database
178,'232,Eritrea,656,'01610,"Coffee, green",5922,Export value,1000 USD,,,,,,,,,,,,,,,,,,,,,,,,,,,,,,,,,,,,,,,,,,,,,,,,,,,,,,,,,,,,,,,,,,,,,,,,,,,,,,,,,,,,,,,,,,,,,,,,,,,,,,,,,,,,,,,,,,,,,,,,,,,,,,,,,,,,,,,,,,,,,,,,,,,,,,,,,,,,,,,,,,,3.0,E,,,,,,,,0.0,X,Estimated data using trading partners database,0.0,X,Estimated data using trading partners database,,,,0.0,X,Estimated data using trading partners database,,,,2.0,X,Estimated data using trading partners database,0.0,X,Estimated data using trading partners database
63,'233,Estonia,656,'01610,"Coffee, green",5610,Import quantity,t,,,,,,,,,,,,,,,,,,,,,,,,,,,,,,,,,,,,,,,,,,,,,,,,,,,,,,,,,,,,,,,,,,,,,,,,,,,,,,,,,,,,,,,,,,,,,,113.0,A,,502.0,A,,1090.0,A,,1365.0,A,,1178.0,A,,1986.0,A,,1782.0,A,,925.0,A,,181.0,A,,731.0,A,,156.0,X,Estimated data using trading partners database,1509.0,X,Estimated data using trading partners database,13.0,A,,34.0,A,,17.0,A,,30.0,A,,42.0,A,,87.0,A,,129.0,A,,77.0,A,,45.0,A,,114.0,A,,127.13,A,,94.7,A,,72.85,A,,117.31,A,,86.33,A,,213.92,A,,267.29,A,,280.03,A,,552.27,A,,582.89,A,,627.37,A,
63,'233,Estonia,656,'01610,"Coffee, green",5622,Import value,1000 USD,,,,,,,,,,,,,,,,,,,,,,,,,,,,,,,,,,,,,,,,,,,,,,,,,,,,,,,,,,,,,,,,,,,,,,,,,,,,,,,,,,,,,,,,,,,,,,228.0,A,,785.0,A,,2643.0,A,,5528.0,A,,5658.0,A,,8393.0,A,,6137.0,A,,1958.0,A,,288.0,A,,1169.0,A,,403.0,A,,2285.0,A,,37.0,A,,179.0,A,,57.0,A,,180.0,A,,298.0,A,,466.0,A,,647.0,A,,615.0,A,,364.0,A,,602.0,A,,610.0,A,,656.0,A,,425.0,A,,567.0,A,,422.0,A,,766.0,A,,1125.0,A,,1317.0,A,,3319.0,A,,2739.0,A,,3323.0,A,
63,'233,Estonia,656,'01610,"Coffee, green",5910,Export quantity,t,,,,,,,,,,,,,,,,,,,,,,,,,,,,,,,,,,,,,,,,,,,,,,,,,,,,,,,,,,,,,,,,,,,,,,,,,,,,,,,,,,,,,,,,,,,,,,,,,36.0,A,,47.0,A,,28.0,A,,121.0,A,,1116.0,A,,32.0,A,,12.0,A,,3.0,A,,705.0,A,,602.0,A,,2187.0,A,,0.0,A,,0.0,A,,15.0,A,,6.0,A,,2.0,X,Estimated data using trading partners database,1.0,A,,65.0,A,,17.0,X,Estimated data using trading partners database,15.0,A,,1.0,A,,39.9,A,,4.21,A,,3.67,A,,51.18,A,,3.21,A,,0.13,A,,37.88,A,,19.92,A,,281.76,A,,97.66,A,,18.88,A,
63,'233,Estonia,656,'01610,"Coffee, green",5922,Export value,1000 USD,,,,,,,,,,,,,,,,,,,,,,,,,,,,,,,,,,,,,,,,,,,,,,,,,,,,,,,,,,,,,,,,,,,,,,,,,,,,,,,,,,,,,,,,,,,,,,,,,72.0,A,,193.0,A,,176.0,A,,970.0,A,,681.0,A,,119.0,A,,45.0,A,,17.0,A,,1134.0,A,,769.0,A,,2446.0,A,,0.0,A,,0.0,E,,62.0,A,,11.0,A,,6.0,A,,5.0,A,,176.0,A,,70.0,A,,136.0,A,,9.0,A,,142.0,A,,42.0,A,,19.0,A,,146.0,A,,34.0,A,,1.0,A,,147.0,A,,55.0,A,,1748.0,A,,561.0,A,,99.0,A,
209,'748,Eswatini,656,'01610,"Coffee, green",5610,Import quantity,t,0.0,A,,0.0,A,,0.0,A,,0.0,A,,0.0,A,,0.0,A,,0.0,A,,0.0,A,,0.0,A,,0.0,A,,0.0,A,,0.0,A,,0.0,A,,50.0,I,,80.0,I,,75.0,I,,80.0,I,,80.0,I,,95.0,I,,135.0,I,,245.0,I,,180.0,X,Estimated data using trading partners database,200.0,X,Estimated data using trading partners database,235.0,X,Estimated data using trading partners database,130.0,X,Estimated data using trading partners database,100.0,X,Estimated data using trading partners database,170.0,X,Estimated data using trading partners database,360.0,X,Estimated data using trading partners database,200.0,X,Estimated data using trading partners database,300.0,I,,300.0,I,,750.0,I,,600.0,I,,500.0,I,,500.0,E,,500.0,E,,153.0,A,,102.0,A,,96.0,A,,155.47,A,,28.0,A,,66.0,A,,121.0,A,,161.0,A,,50.0,A,,42.0,A,,13.0,A,,13.0,E,,13.0,E,,13.0,E,,13.0,E,,13.0,E,,973.0,X,Estimated data using trading partners database,694.12,X,Estimated data using trading partners database,315.38,I,,137.96,I,,173.45,A,,181.54,A,,167.19,A,,174.99,A,,189.76,A,,213.27,A,,280.87,A,,310.39,I,
209,'748,Eswatini,656,'01610,"Coffee, green",5622,Import value,1000 USD,0.0,A,,0.0,A,,0.0,A,,0.0,A,,0.0,A,,0.0,A,,0.0,A,,0.0,A,,0.0,A,,0.0,A,,0.0,A,,0.0,A,,0.0,A,,70.0,X,Estimated data using trading partners database,103.0,X,Estimated data using trading partners database,100.0,X,Estimated data using trading partners database,104.0,X,Estimated data using trading partners database,110.0,X,Estimated data using trading partners database,127.0,X,Estimated data using trading partners database,179.0,X,Estimated data using trading partners database,321.0,X,Estimated data using trading partners database,237.0,A,,256.0,A,,318.0,A,,195.0,A,,236.0,A,,352.0,A,,787.0,A,,510.0,A,,622.0,A,,600.0,I,,1282.0,A,,1284.0,A,,1047.0,A,,1200.0,I,,1200.0,E,,154.0,A,,177.0,A,,224.0,A,,252.0,A,,81.0,A,,157.0,A,,256.0,A,,446.0,A,,174.0,A,,74.0,A,,48.0,A,,48.0,E,,48.0,E,,48.0,E,,48.0,E,,48.0,E,,2782.0,X,Estimated data using trading partners database,2027.0,X,Estimated data using trading partners database,630.0,A,,609.0,A,,653.0,A,,677.0,A,,556.0,A,,714.0,A,,1099.0,A,,1118.0,A,,1193.0,A,,1339.0,A,
209,'748,Eswatini,656,'01610,"Coffee, green",5910,Export quantity,t,,,,,,,,,,,,,,,,,,,,,,,,,,,,,,,,,,,,,,,,,,,,,,,,,,,,,,,,,,,,,,,,,,,,,,,,,,,,,,,,,,,,,,,,,,,,,,,,,,,,,,,,,,,,,,,,,,,1.0,A,,11.4,A,,11.0,A,,1.0,A,,2.0,A,,1.0,A,,4.0,A,,1.0,A,,0.0,X,Estimated data using trading partners database,0.0,E,,0.0,E,,0.0,E,,0.0,E,,0.0,E,,59.0,X,Estimated data using trading partners database,1.68,I,,0.03,A,,0.19,A,,0.0,A,,1.6,A,,4.68,A,,0.05,A,,0.6,A,,0.82,A,,3.28,A,,1.04,A,
209,'748,Eswatini,656,'01610,"Coffee, green",5922,Export value,1000 USD,,,,,,,,,,,,,,,,,,,,,,,,,,,,,,,,,,,,,,,,,,,,,,,,,,,,,,,,,,,,,,,,,,,,,,,,,,,,,,,,,,,,,,,,,,,,,,,,,,,,,,,,,,,,,,,,,,,2.0,A,,16.0,A,,34.0,A,,1.0,A,,13.0,A,,3.0,A,,8.0,A,,2.0,A,,0.0,X,Estimated data using trading partners database,0.0,E,,0.0,E,,0.0,E,,0.0,E,,0.0,E,,132.0,X,Estimated data using trading partners database,11.0,X,Estimated data using trading partners database,0.0,A,,0.0,A,,0.0,A,,0.0,A,,80.0,A,,0.0,A,,3.0,A,,1.0,A,,5.0,A,,1.0,A,
238,'231,Ethiopia,656,'01610,"Coffee, green",5610,Import quantity,t,,,,,,,,,,,,,,,,,,,,,,,,,,,,,,,,,,,,,,,,,,,,,,,,,,,,,,,,,,,,,,,,,,,,,,,,,,,,,,,,,,,,,,,,,,,,,,,,,,,,,,,1.0,A,,0.0,X,Estimated data using trading partners database,0.0,X,Estimated data using trading partners database,0.0,A,,0.0,X,Estimated data using trading partners database,0.0,A,,0.0,A,,0.0,E,,0.0,E,,1.0,A,,1.0,A,,40928.0,A,,47.0,A,,27103.0,A,,4.0,A,,25.0,A,,64.0,A,,28.0,A,,27.0,A,,346.3,A,,65.64,A,,12.59,A,,204.61,A,,0.37,A,,1.53,A,,9.54,A,,0.65,A,,0.01,A,,1.01,A,,0.0,X,Estimated data using trading partners database
238,'231,Ethiopia,656,'01610,"Coffee, green",5622,Import value,1000 USD,,,,,,,,,,,,,,,,,,,,,,,,,,,,,,,,,,,,,,,,,,,,,,,,,,,,,,,,,,,,,,,,,,,,,,,,,,,,,,,,,,,,,,,,,,,,,,,,,,,,,,,6.0,A,,0.0,X,Estimated data using trading partners database,0.0,X,Estimated data using trading partners database,0.0,A,,0.0,X,Estimated data using trading partners database,0.0,A,,0.0,A,,0.0,E,,0.0,E,,5.0,A,,2.0,A,,87855.0,A,,111.0,A,,85234.0,A,,26.0,A,,56.0,A,,287.0,A,,135.0,A,,190.0,A,,1451.0,A,,251.0,A,,67.0,A,,629.0,A,,1.0,A,,11.0,A,,24.0,A,,7.0,A,,1.0,A,,3.0,A,,0.0,X,Estimated data using trading partners database
238,'231,Ethiopia,656,'01610,"Coffee, green",5910,Export quantity,t,,,,,,,,,,,,,,,,,,,,,,,,,,,,,,,,,,,,,,,,,,,,,,,,,,,,,,,,,,,,,,,,,,,,,,,,,,,,,,,,,,,,,,,,,,,,,,,,,70005.0,A,,88520.0,A,,76567.0,A,,110294.0,A,,119000.0,X,Estimated data using trading partners database,115025.0,A,,109079.0,A,,118911.36,A,,80000.0,X,Estimated data using trading partners database,119107.0,I,,135884.0,I,,166387.0,I,,172193.0,I,,188237.0,I,,158467.0,I,,179283.0,A,,129833.0,A,,211840.0,A,,159135.0,A,,203652.0,A,,218937.0,A,,238631.17,A,,234217.5,A,,159711.82,A,,194175.19,A,,111254.45,A,,259813.53,A,,231342.93,A,,303679.24,A,,273116.37,A,,235373.37,A,,264469.46,X,Estimated data using trading partners database
238,'231,Ethiopia,656,'01610,"Coffee, green",5922,Export value,1000 USD,,,,,,,,,,,,,,,,,,,,,,,,,,,,,,,,,,,,,,,,,,,,,,,,,,,,,,,,,,,,,,,,,,,,,,,,,,,,,,,,,,,,,,,,,,,,,,,,,129177.0,A,,247093.0,A,,275642.0,A,,278485.0,A,,384000.0,X,Estimated data using trading partners database,379977.0,A,,268611.0,A,,255314.0,A,,135000.0,I,,159734.0,I,,181558.0,I,,264921.0,I,,348852.0,I,,429973.0,I,,417323.0,I,,561511.0,A,,365689.0,A,,676517.0,A,,844555.0,A,,887549.0,A,,803965.0,A,,1023691.0,A,,1018149.0,A,,611343.0,A,,781710.0,A,,376231.0,A,,795892.0,A,,795796.0,A,,1185996.0,A,,1508934.0,A,,1220665.0,A,,1257138.0,X,Estimated data using trading partners database
62,'230,Ethiopia PDR,656,'01610,"Coffee, green",5610,Import quantity,t,0.0,A,,0.0,A,,0.0,A,,0.0,A,,0.0,A,,0.0,A,,0.0,A,,0.0,A,,0.0,A,,0.0,A,,0.0,A,,12.0,A,,5.0,A,,10.0,A,,7.0,A,,7.0,A,,3.0,A,,5.0,A,,1.0,A,,3.0,A,,0.0,A,,0.0,A,,0.0,A,,0.0,A,,0.0,A,,1.0,A,,0.0,A,,0.0,A,,0.0,A,,0.0,A,,0.0,A,,0.0,A,,,,,,,,,,,,,,,,,,,,,,,,,,,,,,,,,,,,,,,,,,,,,,,,,,,,,,,,,,,,,,,,,,,,,,,,,,,,,,,,,,,,,,,,,,,,,,,,,
62,'230,Ethiopia PDR,656,'01610,"Coffee, green",5622,Import value,1000 USD,0.0,A,,0.0,A,,0.0,A,,0.0,A,,0.0,A,,0.0,A,,0.0,A,,0.0,A,,0.0,A,,0.0,A,,0.0,A,,25.0,A,,8.0,A,,25.0,A,,17.0,A,,20.0,A,,12.0,A,,3.0,A,,1.0,A,,8.0,A,,0.0,A,,2.0,A,,4.0,A,,0.0,A,,2.0,A,,7.0,A,,0.0,A,,0.0,A,,0.0,A,,0.0,A,,0.0,A,,0.0,A,,,,,,,,,,,,,,,,,,,,,,,,,,,,,,,,,,,,,,,,,,,,,,,,,,,,,,,,,,,,,,,,,,,,,,,,,,,,,,,,,,,,,,,,,,,,,,,,,
62,'230,Ethiopia PDR,656,'01610,"Coffee, green",5910,Export quantity,t,56024.0,A,,62569.0,A,,67189.0,A,,70260.0,A,,81996.0,A,,73621.0,A,,73508.0,A,,80951.0,A,,88315.0,A,,70861.0,A,,80822.0,A,,82521.0,A,,76050.0,A,,55666.0,A,,57722.0,A,,68001.0,A,,48245.0,A,,67231.0,A,,87075.0,A,,76247.0,A,,85711.0,A,,83915.0,A,,93029.0,A,,87232.0,A,,67997.0,A,,74953.0,A,,73820.0,A,,84494.0,A,,102530.0,A,,64367.0,A,,51306.0,A,,43858.0,A,,,,,,,,,,,,,,,,,,,,,,,,,,,,,,,,,,,,,,,,,,,,,,,,,,,,,,,,,,,,,,,,,,,,,,,,,,,,,,,,,,,,,,,,,,,,,,,,,
62,'230,Ethiopia PDR,656,'01610,"Coffee, green",5922,Export value,1000 USD,37558.0,A,,43185.0,A,,44623.0,A,,63557.0,A,,75181.0,A,,62271.0,A,,55604.0,A,,61316.0,A,,69529.0,A,,72507.0,A,,70610.0,A,,79291.0,A,,90233.0,A,,72819.0,A,,73152.0,A,,155662.0,A,,249351.0,A,,240030.0,A,,285338.0,A,,272338.0,A,,226971.0,A,,248735.0,A,,251176.0,A,,263625.0,A,,209045.0,A,,354472.0,A,,203881.0,A,,272548.0,A,,293837.0,A,,131117.0,A,,116232.0,A,,117056.0,A,,,,,,,,,,,,,,,,,,,,,,,,,,,,,,,,,,,,,,,,,,,,,,,,,,,,,,,,,,,,,,,,,,,,,,,,,,,,,,,,,,,,,,,,,,,,,,,,,
64,'234,Faroe Islands,656,'01610,"Coffee, green",5610,Import quantity,t,0.0,A,,0.0,A,,0.0,A,,0.0,A,,0.0,A,,0.0,A,,0.0,A,,0.0,A,,0.0,A,,0.0,A,,0.0,A,,0.0,A,,0.0,A,,0.0,A,,0.0,A,,0.0,A,,0.0,A,,0.0,A,,0.0,A,,0.0,A,,0.0,A,,0.0,A,,0.0,A,,0.0,A,,0.0,A,,0.0,A,,0.0,A,,0.0,A,,0.0,A,,0.0,A,,0.0,A,,3.0,A,,8.0,A,,4.0,A,,5.0,A,,2.0,A,,0.0,X,Estimated data using trading partners database,1.0,A,,7.0,A,,33.0,X,Estimated data using trading partners database,108.0,X,Estimated data using trading partners database,0.0,X,Estimated data using trading partners database,18.0,X,Estimated data using trading partners database,18.0,E,,0.0,X,Estimated data using trading partners database,1.0,X,Estimated data using trading partners database,0.0,X,Estimated data using trading partners database,0.0,E,,0.0,A,,0.0,E,,0.0,E,,0.0,E,,0.0,E,,18.7,X,Estimated data using trading partners database,34.1,X,Estimated data using trading partners database,51.78,X,Estimated data using trading partners database,58.33,X,Estimated data using trading partners database,32.02,X,Estimated data using trading partners database,16.51,X,Estimated data using trading partners database,34.91,X,Estimated data using trading partners database,16.72,X,Estimated data using trading partners database,9.63,X,Estimated data using trading partners database,13.27,X,Estimated data using trading partners database,13.31,X,Estimated data using trading partners database
64,'234,Faroe Islands,656,'01610,"Coffee, green",5622,Import value,1000 USD,0.0,A,,0.0,A,,0.0,A,,0.0,A,,0.0,A,,0.0,A,,0.0,A,,0.0,A,,0.0,A,,0.0,A,,0.0,A,,0.0,A,,0.0,A,,0.0,A,,0.0,A,,0.0,A,,0.0,A,,0.0,A,,0.0,A,,0.0,A,,0.0,A,,0.0,A,,0.0,A,,0.0,A,,0.0,A,,0.0,A,,0.0,A,,0.0,A,,0.0,A,,0.0,A,,0.0,A,,15.0,A,,31.0,A,,21.0,A,,31.0,A,,11.0,A,,1.0,A,,7.0,A,,31.0,A,,99.0,X,Estimated data using trading partners database,48.0,X,Estimated data using trading partners database,3.0,X,Estimated data using trading partners database,10.0,X,Estimated data using trading partners database,10.0,E,,0.0,X,Estimated data using trading partners database,9.0,X,Estimated data using trading partners database,0.0,X,Estimated data using trading partners database,0.0,E,,11.0,A,,11.0,E,,11.0,E,,11.0,E,,11.0,E,,205.0,X,Estimated data using trading partners database,274.0,X,Estimated data using trading partners database,385.0,X,Estimated data using trading partners database,464.0,X,Estimated data using trading partners database,271.0,X,Estimated data using trading partners database,212.0,X,Estimated data using trading partners database,257.0,X,Estimated data using trading partners database,179.0,X,Estimated data using trading partners database,95.0,X,Estimated data using trading partners database,123.0,X,Estimated data using trading partners database,106.0,X,Estimated data using trading partners database
64,'234,Faroe Islands,656,'01610,"Coffee, green",5910,Export quantity,t,,,,,,,,,,,,,,,,,,,,,,,,,,,,,,,,,,,,,,,,,,,,,,,,,,,,,,,,,,,,,,,,,,,,,,,,,,,,,,,,,,,,,,,,,,,,,,,,,,,,,,,,,,,,,,,,,,,,,,,,,,,,,,,,,,,,,,,,,,,,,,,,,,,,,,,,,,,,,,,,,,,,,,,,,,,,,,,,,,,,,,,,0.0,X,Estimated data using trading partners database,,,,,,
64,'234,Faroe Islands,656,'01610,"Coffee, green",5922,Export value,1000 USD,,,,,,,,,,,,,,,,,,,,,,,,,,,,,,,,,,,,,,,,,,,,,,,,,,,,,,,,,,,,,,,,,,,,,,,,,,,,,,,,,,,,,,,,,,,,,,,,,,,,,,,,,,,,,,,,,,,,,,,,,,,,,,,,,,,,,,,,,,,,,,,,,,,,,,,,,,,,,,,,,,,,,,,,,,,,,,,,,,,,,,,,0.0,X,Estimated data using trading partners database,,,,,,
66,'242,Fiji,656,'01610,"Coffee, green",5610,Import quantity,t,0.0,A,,0.0,A,,0.0,A,,0.0,A,,0.0,A,,0.0,A,,0.0,A,,0.0,A,,0.0,A,,0.0,A,,0.0,A,,0.0,A,,1.0,A,,4.0,A,,1.0,A,,0.0,A,,5.0,A,,14.0,A,,2.0,A,,5.0,A,,0.0,A,,0.0,A,,0.0,A,,0.0,A,,0.0,A,,0.0,A,,1.0,A,,2.0,A,,15.0,A,,32.0,A,,40.0,A,,30.0,A,,34.0,A,,48.0,A,,50.0,I,,50.0,E,,50.0,E,,50.0,E,,50.0,E,,0.0,A,,41.0,A,,23.0,A,,60.0,A,,15.0,A,,74.0,X,Estimated data using trading partners database,21.0,A,,25.0,A,,2.0,A,,20.0,A,,19.0,A,,40.0,A,,20.0,A,,38.0,A,,12.6,A,,25.57,A,,41.02,A,,37.91,A,,40.56,A,,31.9,A,,12.63,A,,5.87,A,,11.03,A,,13.64,A,,12.98,A,
66,'242,Fiji,656,'01610,"Coffee, green",5622,Import value,1000 USD,0.0,A,,1.0,A,,0.0,A,,0.0,A,,0.0,A,,0.0,A,,0.0,A,,0.0,A,,0.0,A,,0.0,A,,0.0,A,,1.0,A,,4.0,A,,7.0,A,,3.0,A,,3.0,A,,15.0,A,,15.0,A,,3.0,A,,5.0,A,,0.0,A,,0.0,A,,0.0,A,,0.0,A,,0.0,A,,0.0,A,,4.0,A,,19.0,A,,166.0,A,,261.0,A,,206.0,A,,163.0,A,,101.0,A,,63.0,A,,100.0,I,,100.0,E,,100.0,E,,100.0,E,,100.0,E,,0.0,A,,139.0,A,,54.0,A,,164.0,A,,56.0,A,,177.0,A,,87.0,A,,132.0,A,,19.0,A,,98.0,A,,75.0,A,,314.0,A,,128.0,A,,204.0,A,,96.0,A,,207.0,A,,289.0,A,,224.0,A,,268.0,A,,212.0,A,,32.0,A,,33.0,A,,67.0,A,,162.0,A,,113.0,A,
66,'242,Fiji,656,'01610,"Coffee, green",5910,Export quantity,t,0.0,A,,0.0,A,,1.0,A,,1.0,A,,1.0,A,,2.0,A,,5.0,A,,0.0,A,,0.0,A,,0.0,A,,0.0,A,,0.0,A,,0.0,A,,0.0,A,,0.0,A,,0.0,A,,1.0,A,,0.0,A,,1.0,A,,0.0,A,,0.0,A,,6.0,A,,56.0,A,,28.0,A,,13.0,A,,64.0,A,,12.0,A,,47.0,A,,0.0,A,,9.0,A,,10.0,A,,2.0,A,,18.0,A,,0.0,X,Estimated data using trading partners database,0.0,A,,0.0,E,,0.0,E,,0.0,E,,0.0,E,,0.0,A,,0.0,A,,1.0,A,,8.0,A,,12.0,X,Estimated data using trading partners database,2.0,A,,1.0,A,,1.0,A,,0.0,A,,0.0,E,,0.0,A,,0.0,E,,0.0,E,,0.0,E,,,,,,,,0.08,A,,1.22,A,,4.22,A,,1.59,A,,0.25,A,,3.8,A,,4.2,A,,0.4,A,,0.45,A,
66,'242,Fiji,656,'01610,"Coffee, green",5922,Export value,1000 USD,0.0,A,,0.0,A,,1.0,A,,1.0,A,,1.0,A,,1.0,A,,3.0,A,,0.0,A,,0.0,A,,0.0,A,,0.0,A,,0.0,A,,0.0,A,,0.0,A,,0.0,A,,0.0,A,,1.0,A,,0.0,A,,1.0,A,,0.0,A,,0.0,A,,8.0,A,,138.0,A,,84.0,A,,27.0,A,,165.0,A,,20.0,A,,113.0,A,,0.0,A,,11.0,A,,19.0,A,,18.0,A,,21.0,A,,0.0,X,Estimated data using trading partners database,0.0,A,,0.0,E,,0.0,E,,0.0,E,,0.0,E,,0.0,A,,0.0,A,,23.0,A,,99.0,A,,35.0,A,,27.0,A,,12.0,A,,12.0,A,,1.0,A,,1.0,E,,0.0,A,,0.0,E,,0.0,E,,0.0,E,,,,,,,,2.0,A,,2.0,A,,23.0,A,,11.0,A,,5.0,A,,4.0,A,,9.0,A,,1.0,A,,6.0,A,
67,'246,Finland,656,'01610,"Coffee, green",5610,Import quantity,t,33827.0,A,,39237.0,A,,41662.0,A,,47074.0,A,,39924.0,A,,45724.0,A,,49949.0,A,,48782.0,A,,54914.0,A,,79654.0,A,,21886.0,A,,53834.0,A,,59289.0,A,,58928.0,A,,59121.0,A,,69137.0,A,,47947.0,A,,52618.0,A,,65586.0,A,,67356.0,A,,61003.0,A,,64441.0,A,,62987.0,A,,68435.0,A,,53237.0,A,,57885.0,A,,74275.0,A,,56782.0,A,,63412.0,A,,64543.0,A,,60094.0,A,,60027.0,A,,76084.0,A,,78921.0,A,,44282.0,A,,63216.0,A,,62251.0,A,,67282.0,A,,68802.0,A,,62012.0,A,,61503.0,A,,60115.0,A,,61424.0,A,,63461.0,A,,63269.0,A,,64672.0,A,,67238.0,A,,70970.0,A,,67410.0,A,,66467.0,A,,63906.0,A,,61329.0,A,,63072.0,A,,61217.91,A,,67712.25,A,,71324.25,A,,67392.02,A,,61230.11,A,,75052.26,A,,60411.22,A,,51722.51,A,,51357.39,A,,46484.09,A,,51266.14,A,
67,'246,Finland,656,'01610,"Coffee, green",5622,Import value,1000 USD,28513.0,A,,29834.0,A,,31614.0,A,,45620.0,A,,41972.0,A,,46622.0,A,,48262.0,A,,44860.0,A,,50844.0,A,,94991.0,A,,24823.0,A,,61983.0,A,,86391.0,A,,98482.0,A,,94186.0,A,,172899.0,A,,242045.0,A,,210541.0,A,,229520.0,A,,284188.0,A,,183324.0,A,,196760.0,A,,181780.0,A,,215461.0,A,,172960.0,A,,260171.0,A,,210376.0,A,,176027.0,A,,181369.0,A,,132107.0,A,,122925.0,A,,98493.0,A,,127719.0,A,,225510.0,A,,158069.0,A,,173423.0,A,,248599.0,A,,222680.0,A,,159524.0,A,,134774.0,A,,90489.0,A,,74309.0,A,,82312.0,A,,99394.0,A,,144379.0,A,,158264.0,A,,178323.0,A,,221259.0,A,,196744.0,A,,255198.0,A,,377717.0,A,,289361.0,A,,213681.0,A,,243245.0,A,,247148.0,A,,232917.0,A,,237872.0,A,,190581.0,A,,210741.0,A,,193614.0,A,,196341.0,A,,286917.0,A,,215965.0,A,,261387.0,A,
67,'246,Finland,656,'01610,"Coffee, green",5910,Export quantity,t,0.0,A,,0.0,A,,3.0,A,,3.0,A,,2.0,A,,44.0,A,,10.0,A,,8.0,A,,28.0,A,,179.0,A,,3.0,A,,356.0,A,,79.0,A,,202.0,A,,262.0,A,,593.0,A,,324.0,A,,476.0,A,,1001.0,A,,578.0,A,,973.0,A,,2097.0,A,,1195.0,A,,477.0,A,,1318.0,A,,542.0,A,,4549.0,A,,4073.0,A,,1623.0,A,,1010.0,A,,1047.0,A,,1053.0,A,,2208.0,A,,2826.0,A,,816.0,A,,1235.0,A,,1747.0,A,,1748.0,A,,1193.0,A,,875.0,A,,158.0,A,,116.0,A,,157.0,A,,101.0,A,,0.0,X,Estimated data using trading partners database,213.0,A,,192.0,A,,1.0,A,,122.0,A,,148.0,A,,1082.0,A,,2118.0,A,,2384.0,A,,2693.3,A,,8171.66,A,,8995.23,A,,7147.76,A,,1595.42,A,,1093.59,A,,1369.75,A,,2683.89,A,,8949.52,A,,1020.02,A,,263.1,A,
67,'246,Finland,656,'01610,"Coffee, green",5922,Export value,1000 USD,0.0,A,,0.0,A,,2.0,A,,2.0,A,,2.0,A,,44.0,A,,11.0,A,,6.0,A,,24.0,A,,203.0,A,,3.0,A,,347.0,A,,86.0,A,,261.0,A,,343.0,A,,1312.0,A,,1881.0,A,,1931.0,A,,3126.0,A,,1332.0,A,,2497.0,A,,5506.0,A,,3377.0,A,,1325.0,A,,3897.0,A,,2514.0,A,,11737.0,A,,12263.0,A,,4836.0,A,,1885.0,A,,2174.0,A,,1805.0,A,,3457.0,A,,6221.0,A,,3585.0,A,,3675.0,A,,6628.0,A,,5670.0,A,,2637.0,A,,2075.0,A,,354.0,A,,359.0,A,,193.0,A,,162.0,A,,0.0,X,Estimated data using trading partners database,297.0,A,,310.0,A,,3.0,A,,260.0,A,,473.0,A,,7233.0,A,,14573.0,A,,14491.0,A,,15500.0,A,,33025.0,A,,33850.0,A,,27255.0,A,,4977.0,A,,3177.0,A,,4067.0,A,,9004.0,A,,45935.0,A,,4526.0,A,,1344.0,A,
68,'250,France,656,'01610,"Coffee, green",5610,Import quantity,t,197905.0,A,,207086.0,A,,218906.0,A,,230678.0,A,,217050.0,A,,228194.0,A,,220071.0,A,,246080.0,A,,238743.0,A,,239519.0,A,,251744.0,A,,258505.0,A,,269909.0,A,,278663.0,A,,290330.0,A,,286983.0,A,,258583.0,A,,293325.0,A,,312468.0,A,,313485.0,A,,308417.0,A,,317422.0,A,,317672.0,A,,281179.0,A,,277213.0,A,,282205.0,A,,297628.0,A,,303442.0,A,,304513.0,A,,313047.0,A,,322267.0,A,,325631.0,A,,319583.0,A,,318885.0,A,,293993.0,A,,313421.0,A,,313461.0,A,,299549.0,A,,305666.0,A,,304056.0,A,,312427.0,A,,302454.0,A,,287408.0,A,,239708.0,A,,214681.0,A,,222670.0,A,,245042.0,A,,223208.0,X,Estimated data using trading partners database,253689.0,A,,261986.0,A,,251431.0,A,,252927.0,A,,238122.0,A,,229525.74,A,,218429.44,A,,209884.1,A,,204873.35,A,,227462.61,A,,230018.5,A,,234312.59,A,,228078.03,A,,218714.66,A,,225718.39,A,,229162.29,A,
68,'250,France,656,'01610,"Coffee, green",5622,Import value,1000 USD,136204.0,A,,142297.0,A,,144322.0,A,,191356.0,A,,161682.0,A,,180935.0,A,,171091.0,A,,188608.0,A,,189922.0,A,,235964.0,A,,227433.0,A,,256460.0,A,,320598.0,A,,358582.0,A,,372794.0,A,,629738.0,A,,1204751.0,A,,1016580.0,A,,1060474.0,A,,1098609.0,A,,723652.0,A,,775924.0,A,,821145.0,A,,812734.0,A,,777152.0,A,,1034369.0,A,,754391.0,A,,737715.0,A,,659122.0,A,,485531.0,A,,469599.0,A,,407415.0,A,,408099.0,A,,753160.0,A,,964788.0,A,,743240.0,A,,885130.0,A,,766260.0,A,,570000.0,A,,481964.0,A,,346417.0,A,,296383.0,A,,332480.0,A,,314301.0,A,,398101.0,A,,446946.0,A,,557972.0,A,,612448.0,A,,631824.0,A,,764956.0,A,,1111996.0,A,,933570.0,A,,674562.0,A,,706442.0,A,,636705.0,A,,539465.0,A,,603013.0,A,,613687.0,A,,563222.0,A,,638308.0,A,,673143.0,A,,951348.0,A,,982258.0,A,,1071335.0,A,
68,'250,France,656,'01610,"Coffee, green",5910,Export quantity,t,174.0,A,,309.0,A,,367.0,A,,497.0,A,,487.0,A,,513.0,A,,282.0,A,,925.0,A,,2000.0,A,,3504.0,A,,3318.0,A,,6296.0,A,,9194.0,A,,10686.0,A,,8062.0,A,,9302.0,A,,5734.0,A,,4225.0,A,,8570.0,A,,12266.0,A,,12306.0,A,,16613.0,A,,17528.0,A,,16508.0,A,,22719.0,A,,21872.0,A,,28311.0,A,,32657.0,A,,38228.0,A,,40100.0,A,,40516.0,A,,36319.0,A,,30005.0,A,,40154.0,A,,35994.0,A,,38895.0,A,,36588.0,A,,39647.0,A,,38318.0,A,,37420.0,A,,33977.0,A,,29596.0,A,,23502.0,A,,20152.0,A,,21832.0,A,,12860.0,A,,7831.0,A,,8832.0,A,,7059.0,A,,5121.0,A,,5928.0,A,,5281.0,A,,5002.0,A,,2961.57,A,,3353.74,A,,4994.95,A,,5618.76,A,,4179.21,A,,4721.19,A,,5725.58,A,,5314.59,A,,3992.0,A,,6942.37,A,,4654.68,A,
68,'250,France,656,'01610,"Coffee, green",5922,Export value,1000 USD,179.0,A,,255.0,A,,361.0,A,,550.0,A,,562.0,A,,634.0,A,,364.0,A,,966.0,A,,2142.0,A,,4407.0,A,,3748.0,A,,8146.0,A,,13724.0,A,,17379.0,A,,12493.0,A,,23435.0,A,,31506.0,A,,17119.0,A,,33604.0,A,,49870.0,A,,36359.0,A,,50525.0,A,,52148.0,A,,55205.0,A,,72906.0,A,,94565.0,A,,92870.0,A,,102839.0,A,,104358.0,A,,83947.0,A,,72349.0,A,,58125.0,A,,51264.0,A,,84980.0,A,,113104.0,A,,111948.0,A,,112856.0,A,,127222.0,A,,97179.0,A,,81331.0,A,,55020.0,A,,48187.0,A,,47303.0,A,,59810.0,A,,64443.0,A,,34660.0,A,,19593.0,A,,23998.0,A,,19188.0,A,,14456.0,A,,26256.0,A,,20674.0,A,,15297.0,A,,10293.0,A,,12370.0,A,,15287.0,A,,18408.0,A,,15506.0,A,,23509.0,A,,28633.0,A,,24405.0,A,,23390.0,A,,27308.0,A,,29013.0,A,
70,'258,French Polynesia,656,'01610,"Coffee, green",5610,Import quantity,t,0.0,A,,0.0,A,,0.0,A,,0.0,A,,0.0,A,,0.0,A,,0.0,A,,0.0,A,,0.0,A,,0.0,A,,0.0,A,,0.0,A,,0.0,A,,0.0,A,,0.0,A,,0.0,A,,0.0,A,,0.0,A,,0.0,A,,0.0,A,,0.0,A,,0.0,A,,70.0,A,,102.0,A,,185.0,A,,233.0,A,,270.0,A,,204.0,A,,209.0,A,,72.0,A,,150.0,X,Estimated data using trading partners database,45.0,X,Estimated data using trading partners database,90.0,A,,144.0,A,,126.0,A,,160.0,X,Estimated data using trading partners database,170.0,A,,247.0,A,,90.0,A,,217.0,A,,122.0,A,,143.0,A,,87.0,A,,108.0,A,,101.0,A,,120.0,A,,122.0,A,,134.0,A,,117.0,A,,101.0,A,,78.0,A,,107.0,A,,120.0,A,,84.03,A,,121.38,A,,62.44,A,,121.0,A,,83.11,A,,154.5,A,,20.76,A,,70.85,I,,138.84,A,,154.6,X,Estimated data using trading partners database,110.19,X,Estimated data using trading partners database
70,'258,French Polynesia,656,'01610,"Coffee, green",5622,Import value,1000 USD,0.0,A,,0.0,A,,0.0,A,,0.0,A,,0.0,A,,0.0,A,,0.0,A,,0.0,A,,0.0,A,,0.0,A,,0.0,A,,0.0,A,,0.0,A,,0.0,A,,0.0,A,,0.0,A,,0.0,A,,0.0,A,,0.0,A,,0.0,A,,0.0,A,,0.0,A,,175.0,A,,314.0,A,,627.0,A,,1151.0,A,,1108.0,A,,841.0,I,,1130.0,X,Estimated data using trading partners database,170.0,A,,660.0,X,Estimated data using trading partners database,146.0,A,,231.0,A,,413.0,A,,558.0,A,,600.0,X,Estimated data using trading partners database,719.0,A,,868.0,X,Estimated data using trading partners database,289.0,X,Estimated data using trading partners database,581.0,A,,242.0,A,,251.0,A,,161.0,A,,234.0,A,,347.0,A,,480.0,A,,438.0,A,,465.0,A,,425.0,A,,411.0,A,,464.0,A,,503.0,A,,499.0,A,,293.0,A,,494.0,A,,225.0,A,,476.0,A,,323.0,A,,474.0,A,,86.0,A,,340.0,A,,754.0,A,,1184.0,X,Estimated data using trading partners database,1029.0,X,Estimated data using trading partners database
70,'258,French Polynesia,656,'01610,"Coffee, green",5910,Export quantity,t,49.0,A,,85.0,A,,106.0,A,,29.0,A,,0.0,A,,0.0,A,,0.0,A,,0.0,A,,0.0,A,,0.0,A,,0.0,A,,0.0,A,,0.0,A,,0.0,A,,0.0,A,,0.0,A,,0.0,A,,0.0,A,,0.0,A,,0.0,A,,0.0,A,,0.0,A,,0.0,A,,0.0,A,,0.0,A,,0.0,A,,0.0,A,,0.0,A,,0.0,A,,0.0,A,,0.0,A,,0.0,A,,0.0,A,,0.0,E,,0.0,E,,0.0,E,,0.0,E,,0.0,E,,0.0,E,,0.0,E,,0.0,E,,0.0,A,,0.0,E,,0.0,E,,0.0,E,,0.0,E,,0.0,A,,0.0,E,,0.0,A,,0.0,E,,0.0,E,,0.0,E,,0.0,E,,,,,,,,,,,,,,,,,,,,,,,,,,,,,0.0,X,Estimated data using trading partners database,0.03,X,Estimated data using trading partners database
70,'258,French Polynesia,656,'01610,"Coffee, green",5922,Export value,1000 USD,40.0,A,,70.0,A,,89.0,A,,27.0,A,,0.0,A,,0.0,A,,0.0,A,,0.0,A,,0.0,A,,0.0,A,,0.0,A,,0.0,A,,0.0,A,,0.0,A,,0.0,A,,0.0,A,,0.0,A,,0.0,A,,0.0,A,,0.0,A,,0.0,A,,0.0,A,,0.0,A,,0.0,A,,0.0,A,,0.0,A,,0.0,A,,0.0,A,,0.0,A,,0.0,A,,0.0,A,,0.0,A,,0.0,A,,0.0,E,,0.0,E,,0.0,E,,0.0,E,,0.0,E,,0.0,E,,0.0,E,,0.0,E,,1.0,A,,0.0,X,Estimated data using trading partners database,0.0,E,,0.0,E,,0.0,E,,1.0,A,,0.0,X,Estimated data using trading partners database,8.0,A,,0.0,X,Estimated data using trading partners database,0.0,E,,0.0,E,,0.0,E,,,,,,,,,,,,,,,,,,,,,,,,,,,,,0.0,X,Estimated data using trading partners database,0.0,X,Estimated data using trading partners database
74,'266,Gabon,656,'01610,"Coffee, green",5610,Import quantity,t,15.0,A,,18.0,A,,25.0,A,,23.0,A,,26.0,A,,21.0,A,,25.0,A,,24.0,A,,20.0,A,,29.0,A,,21.0,A,,23.0,A,,30.0,A,,40.0,I,,58.0,A,,53.0,A,,59.0,A,,0.0,A,,15.0,A,,23.0,A,,29.0,A,,39.0,A,,54.0,A,,67.0,A,,35.0,X,Estimated data using trading partners database,30.0,X,Estimated data using trading partners database,20.0,X,Estimated data using trading partners database,25.0,X,Estimated data using trading partners database,35.0,X,Estimated data using trading partners database,16.0,A,,30.0,X,Estimated data using trading partners database,15.0,X,Estimated data using trading partners database,8.0,A,,2.0,A,,6.0,A,,4.0,A,,3.0,A,,19.0,X,Estimated data using trading partners database,11.0,A,,24.0,A,,19.0,A,,2.0,A,,8.0,X,Estimated data using trading partners database,29.0,A,,4.0,A,,4.0,A,,3.0,X,Estimated data using trading partners database,2.0,X,Estimated data using trading partners database,2.0,E,,0.0,X,Estimated data using trading partners database,0.0,X,Estimated data using trading partners database,0.0,X,Estimated data using trading partners database,3.0,X,Estimated data using trading partners database,7.12,X,Estimated data using trading partners database,0.51,X,Estimated data using trading partners database,5.9,X,Estimated data using trading partners database,3.82,X,Estimated data using trading partners database,0.63,X,Estimated data using trading partners database,22.87,X,Estimated data using trading partners database,13.12,A,,5.47,A,,7.02,A,,21.79,A,,0.02,X,Estimated data using trading partners database
74,'266,Gabon,656,'01610,"Coffee, green",5622,Import value,1000 USD,34.0,A,,41.0,A,,53.0,A,,56.0,A,,60.0,A,,52.0,A,,61.0,A,,60.0,A,,48.0,A,,74.0,A,,55.0,A,,66.0,A,,102.0,A,,130.0,I,,185.0,A,,193.0,A,,125.0,A,,0.0,A,,142.0,A,,193.0,A,,171.0,A,,206.0,A,,198.0,A,,180.0,A,,95.0,I,,110.0,I,,50.0,I,,70.0,I,,90.0,I,,26.0,A,,60.0,I,,40.0,X,Estimated data using trading partners database,21.0,A,,8.0,A,,24.0,A,,16.0,A,,13.0,A,,22.0,A,,13.0,A,,34.0,A,,36.0,A,,6.0,A,,20.0,A,,56.0,A,,6.0,A,,13.0,A,,32.0,X,Estimated data using trading partners database,63.0,X,Estimated data using trading partners database,63.0,E,,63.0,E,,63.0,E,,63.0,E,,63.0,E,,63.0,X,Estimated data using trading partners database,5.0,X,Estimated data using trading partners database,17.0,X,Estimated data using trading partners database,11.0,X,Estimated data using trading partners database,2.0,X,Estimated data using trading partners database,68.0,X,Estimated data using trading partners database,42.0,A,,34.0,A,,34.0,A,,20.0,A,,0.0,X,Estimated data using trading partners database
74,'266,Gabon,656,'01610,"Coffee, green",5910,Export quantity,t,467.0,A,,626.0,A,,647.0,A,,1069.0,A,,702.0,A,,1673.0,A,,1049.0,A,,743.0,A,,574.0,A,,466.0,A,,615.0,A,,457.0,A,,228.0,A,,130.0,A,,123.0,A,,150.0,A,,169.0,A,,201.0,A,,291.0,A,,600.0,X,Estimated data using trading partners database,900.0,X,Estimated data using trading partners database,857.0,A,,689.0,A,,898.0,A,,900.0,I,,1600.0,X,Estimated data using trading partners database,760.0,X,Estimated data using trading partners database,1900.0,X,Estimated data using trading partners database,1560.0,X,Estimated data using trading partners database,160.0,X,Estimated data using trading partners database,400.0,X,Estimated data using trading partners database,150.0,X,Estimated data using trading partners database,131.0,A,,323.0,A,,191.0,A,,101.0,A,,0.0,X,Estimated data using trading partners database,106.0,A,,148.0,A,,35.0,A,,122.0,A,,15.0,A,,28.0,A,,0.0,A,,0.0,A,,65.0,A,,20.0,X,Estimated data using trading partners database,24.0,X,Estimated data using trading partners database,19.0,X,Estimated data using trading partners database,40.0,X,Estimated data using trading partners database,103.0,X,Estimated data using trading partners database,56.0,X,Estimated data using trading partners database,23.0,X,Estimated data using trading partners database,0.11,X,Estimated data using trading partners database,,,,0.02,X,Estimated data using trading partners database,0.34,X,Estimated data using trading partners database,0.96,X,Estimated data using trading partners database,1.8,X,Estimated data using trading partners database,,,,3.26,A,,34.55,A,,17.76,A,,1.1,X,Estimated data using trading partners database
74,'266,Gabon,656,'01610,"Coffee, green",5922,Export value,1000 USD,276.0,A,,376.0,A,,357.0,A,,696.0,A,,414.0,A,,536.0,A,,511.0,A,,419.0,A,,293.0,A,,251.0,A,,385.0,A,,230.0,A,,133.0,A,,69.0,A,,74.0,A,,80.0,A,,83.0,A,,407.0,A,,508.0,A,,1700.0,X,Estimated data using trading partners database,1492.0,A,,1514.0,A,,1400.0,I,,1800.0,I,,1900.0,I,,4800.0,X,Estimated data using trading partners database,1650.0,X,Estimated data using trading partners database,3600.0,X,Estimated data using trading partners database,2300.0,X,Estimated data using trading partners database,160.0,X,Estimated data using trading partners database,320.0,X,Estimated data using trading partners database,120.0,X,Estimated data using trading partners database,135.0,X,Estimated data using trading partners database,600.0,X,Estimated data using trading partners database,360.0,X,Estimated data using trading partners database,152.0,A,,0.0,X,Estimated data using trading partners database,58.0,A,,109.0,A,,14.0,A,,67.0,A,,10.0,A,,22.0,A,,0.0,A,,1.0,A,,56.0,A,,36.0,X,Estimated data using trading partners database,47.0,X,Estimated data using trading partners database,54.0,X,Estimated data using trading partners database,46.0,X,Estimated data using trading partners database,229.0,X,Estimated data using trading partners database,111.0,X,Estimated data using trading partners database,111.0,E,,2.0,X,Estimated data using trading partners database,,,,0.0,X,Estimated data using trading partners database,1.0,X,Estimated data using trading partners database,4.0,X,Estimated data using trading partners database,9.0,X,Estimated data using trading partners database,,,,2.0,A,,56.0,A,,26.0,A,,3.0,X,Estimated data using trading partners database
75,'270,Gambia,656,'01610,"Coffee, green",5610,Import quantity,t,8.0,A,,7.0,A,,6.0,A,,3.0,A,,6.0,A,,6.0,A,,9.0,A,,9.0,A,,7.0,A,,5.0,A,,3.0,A,,4.0,A,,7.0,A,,14.0,A,,14.0,A,,12.0,A,,9.0,A,,0.0,A,,0.0,A,,0.0,A,,0.0,A,,0.0,A,,0.0,A,,0.0,A,,0.0,A,,0.0,A,,0.0,A,,0.0,A,,0.0,A,,0.0,A,,0.0,A,,0.0,A,,0.0,A,,0.0,E,,10.0,A,,0.0,I,,0.0,I,,0.0,I,,2.0,A,,2.0,A,,9.0,A,,14.0,A,,20.0,A,,66.0,X,Estimated data using trading partners database,65.0,X,Estimated data using trading partners database,65.0,E,,0.0,X,Estimated data using trading partners database,311.0,A,,188.0,A,,208.0,A,,169.0,A,,242.0,A,,288.0,A,,286.19,A,,185.85,A,,95.6,A,,59.8,A,,130.74,A,,122.53,A,,23.9,A,,36.47,A,,64.72,A,,38.52,A,,40.62,A,
75,'270,Gambia,656,'01610,"Coffee, green",5622,Import value,1000 USD,10.0,A,,13.0,A,,11.0,A,,5.0,I,,10.0,A,,9.0,A,,10.0,A,,14.0,A,,13.0,A,,15.0,A,,14.0,A,,10.0,A,,22.0,A,,39.0,A,,35.0,A,,53.0,A,,44.0,A,,0.0,A,,0.0,A,,0.0,A,,0.0,A,,0.0,A,,0.0,A,,0.0,A,,0.0,A,,0.0,A,,0.0,A,,0.0,A,,0.0,A,,0.0,A,,0.0,A,,0.0,A,,0.0,A,,0.0,E,,12.0,A,,0.0,I,,0.0,I,,0.0,I,,2.0,A,,4.0,A,,7.0,A,,8.0,A,,18.0,A,,124.0,X,Estimated data using trading partners database,58.0,X,Estimated data using trading partners database,58.0,E,,0.0,X,Estimated data using trading partners database,441.0,A,,240.0,A,,253.0,A,,141.0,A,,175.0,A,,235.0,A,,168.0,A,,108.0,A,,59.0,A,,47.0,A,,51.0,A,,72.0,A,,7.0,A,,18.0,A,,39.0,A,,26.0,A,,22.0,A,
75,'270,Gambia,656,'01610,"Coffee, green",5910,Export quantity,t,,,,,,,,,,,,,,,,,,,,,,,,,,,,,,,,,,,,,,,,,,,,,,,,,,,,,,,,,,,,,,,,,,,,,,,,,,,,,,,,,,,,,,,,,,,,,,,,,,,,,,,3.0,A,,0.0,I,,0.0,I,,0.0,I,,0.0,A,,0.0,A,,0.0,A,,0.0,X,Estimated data using trading partners database,0.0,X,Estimated data using trading partners database,0.0,E,,0.0,E,,1.0,X,Estimated data using trading partners database,0.0,X,Estimated data using trading partners database,0.0,E,,94.0,X,Estimated data using trading partners database,0.0,X,Estimated data using trading partners database,22.0,A,,14.0,A,,2.0,A,,1.05,A,,0.8,A,,0.29,A,,,,,,,,4.59,A,,0.8,A,,1.1,A,,,,,,,,,,
75,'270,Gambia,656,'01610,"Coffee, green",5922,Export value,1000 USD,,,,,,,,,,,,,,,,,,,,,,,,,,,,,,,,,,,,,,,,,,,,,,,,,,,,,,,,,,,,,,,,,,,,,,,,,,,,,,,,,,,,,,,,,,,,,,,,,,,,,,,4.0,A,,0.0,I,,0.0,I,,0.0,I,,0.0,A,,0.0,A,,0.0,A,,0.0,X,Estimated data using trading partners database,0.0,X,Estimated data using trading partners database,0.0,E,,0.0,E,,5.0,X,Estimated data using trading partners database,0.0,X,Estimated data using trading partners database,0.0,E,,116.0,A,,0.0,X,Estimated data using trading partners database,164.0,A,,109.0,A,,16.0,A,,13.0,A,,9.0,A,,154.0,A,,,,,,,,1.0,A,,1.0,A,,1.0,A,,,,,,,,,,
73,'268,Georgia,656,'01610,"Coffee, green",5610,Import quantity,t,,,,,,,,,,,,,,,,,,,,,,,,,,,,,,,,,,,,,,,,,,,,,,,,,,,,,,,,,,,,,,,,,,,,,,,,,,,,,,,,,,,,,,,,,,,,,,,,,27.0,A,,,,,,,,3806.0,A,,3981.3,A,,2046.54,A,,2029.32,A,,1912.0,A,,1263.0,A,,825.0,A,,840.0,A,,1236.0,A,,1441.0,A,,1588.0,A,,1905.0,A,,2188.0,A,,3565.0,A,,3193.0,A,,3471.0,A,,3652.0,A,,4227.0,A,,4015.9,A,,4839.23,A,,4480.98,A,,4808.57,A,,4919.3,A,,5287.02,A,,5216.4,A,,5149.66,A,,6011.9,A,,5611.3,A,,4966.42,A,
73,'268,Georgia,656,'01610,"Coffee, green",5622,Import value,1000 USD,,,,,,,,,,,,,,,,,,,,,,,,,,,,,,,,,,,,,,,,,,,,,,,,,,,,,,,,,,,,,,,,,,,,,,,,,,,,,,,,,,,,,,,,,,,,,,,,,30.0,I,,0.0,I,,0.0,E,,11626.0,A,,8951.0,A,,5408.0,A,,4964.0,A,,4227.0,A,,1923.0,A,,638.0,A,,615.0,A,,995.0,A,,1044.0,A,,1288.0,A,,2330.0,A,,2917.0,A,,4682.0,A,,4849.0,A,,7642.0,A,,8782.0,A,,9387.0,A,,9157.0,A,,10297.0,A,,9090.0,A,,11259.0,A,,10442.0,A,,10244.0,A,,9613.0,A,,11346.0,A,,16736.0,A,,16312.0,A,,20142.0,A,
73,'268,Georgia,656,'01610,"Coffee, green",5910,Export quantity,t,,,,,,,,,,,,,,,,,,,,,,,,,,,,,,,,,,,,,,,,,,,,,,,,,,,,,,,,,,,,,,,,,,,,,,,,,,,,,,,,,,,,,,,,,,,,,,,,,,,,,,,,,,272.0,A,,321.17,A,,168.6,A,,0.17,A,,22.0,A,,0.0,A,,0.0,I,,15.0,A,,4.0,A,,0.0,A,,0.0,E,,0.0,E,,0.0,E,,0.0,E,,0.0,E,,0.0,E,,9.0,A,,41.0,A,,138.0,A,,304.2,A,,35.7,A,,2.1,A,,,,,,,,33.73,A,,71.43,A,,458.3,A,,278.71,A,,260.51,A,
73,'268,Georgia,656,'01610,"Coffee, green",5922,Export value,1000 USD,,,,,,,,,,,,,,,,,,,,,,,,,,,,,,,,,,,,,,,,,,,,,,,,,,,,,,,,,,,,,,,,,,,,,,,,,,,,,,,,,,,,,,,,,,,,,,,,,,,,,,,,,,1105.0,A,,976.0,A,,253.0,A,,0.0,A,,33.0,A,,0.0,A,,0.0,I,,11.0,A,,77.0,A,,0.0,A,,0.0,E,,0.0,E,,0.0,E,,0.0,E,,0.0,E,,0.0,E,,21.0,A,,91.0,A,,290.0,A,,632.0,A,,65.0,A,,5.0,A,,,,,,,,68.0,A,,143.0,A,,1414.0,A,,792.0,A,,1282.0,A,
79,'276,Germany,656,'01610,"Coffee, green",5610,Import quantity,t,239454.0,A,,262891.0,A,,271912.0,A,,293004.0,A,,311659.0,A,,317207.0,A,,315891.0,A,,340635.0,A,,348490.0,A,,355515.0,A,,367367.0,A,,391014.0,A,,389571.0,A,,371409.0,A,,421594.0,A,,441373.0,A,,432177.0,A,,459519.0,A,,528546.0,A,,520550.0,A,,564711.0,A,,579346.0,A,,595568.0,A,,579789.0,A,,575892.0,A,,640531.0,A,,691347.0,A,,716456.0,A,,750136.0,A,,829033.0,X,Estimated data using trading partners database,763709.0,A,,795814.0,A,,826943.0,A,,775466.0,A,,736452.0,A,,764169.0,A,,782348.0,A,,767246.0,A,,804626.0,A,,809151.0,A,,834717.0,A,,858242.0,A,,872482.0,A,,959041.0,A,,900809.0,A,,1001228.0,A,,1022126.0,A,,1054681.0,A,,1052694.0,A,,1090006.0,A,,1105436.0,A,,1141145.0,A,,1116376.0,A,,1129648.71,A,,1077756.89,A,,1140988.83,A,,1098832.91,A,,1124982.67,A,,1135346.52,A,,1120426.45,A,,1112216.52,A,,1150599.5,A,,985742.46,A,,1160334.5,A,
79,'276,Germany,656,'01610,"Coffee, green",5622,Import value,1000 USD,229150.0,X,Estimated data using trading partners database,234166.0,X,Estimated data using trading partners database,231561.0,X,Estimated data using trading partners database,278478.0,X,Estimated data using trading partners database,314790.0,X,Estimated data using trading partners database,311528.0,X,Estimated data using trading partners database,284148.0,X,Estimated data using trading partners database,308614.0,X,Estimated data using trading partners database,315584.0,X,Estimated data using trading partners database,409463.0,X,Estimated data using trading partners database,389757.0,X,Estimated data using trading partners database,451065.0,I,,559083.0,I,,575726.0,I,,601373.0,I,,1123255.0,I,,2095316.0,I,,1768698.0,I,,1922465.0,I,,1934345.0,I,,1571657.0,I,,1698976.0,I,,1680196.0,X,Estimated data using trading partners database,1765008.0,X,Estimated data using trading partners database,1740195.0,X,Estimated data using trading partners database,2673408.0,X,Estimated data using trading partners database,1973647.0,X,Estimated data using trading partners database,2092052.0,X,Estimated data using trading partners database,1997965.0,X,Estimated data using trading partners database,1532136.0,X,Estimated data using trading partners database,1420899.0,A,,1277176.0,A,,1237911.0,A,,1863926.0,A,,2678457.0,A,,1936680.0,A,,2501211.0,A,,2223959.0,A,,1672029.0,A,,1443195.0,A,,1018346.0,A,,901228.0,A,,1016261.0,A,,1223388.0,A,,1701959.0,A,,2059837.0,A,,2369153.0,A,,2930345.0,A,,2562493.0,A,,3126326.0,A,,4902386.0,A,,4170466.0,A,,3199343.0,A,,3551251.0,A,,3106093.0,A,,2942420.0,A,,3136627.0,A,,2805080.0,A,,2539118.0,A,,2762952.0,A,,3228496.0,A,,4754371.0,A,,3608653.0,A,,5206346.0,A,
79,'276,Germany,656,'01610,"Coffee, green",5910,Export quantity,t,376.0,A,,541.0,A,,560.0,A,,557.0,A,,993.0,A,,1862.0,A,,1810.0,A,,3119.0,A,,3649.0,A,,3880.0,A,,3284.0,A,,5085.0,A,,8977.0,A,,6131.0,A,,8550.0,A,,7568.0,A,,4848.0,A,,12348.0,A,,22455.0,A,,24704.0,A,,27929.0,A,,28604.0,A,,28040.0,A,,35797.0,A,,38150.0,A,,42584.0,A,,60101.0,A,,73155.0,A,,89988.0,A,,93513.0,A,,81855.0,A,,78675.0,A,,66739.0,A,,69640.0,A,,70441.0,A,,88480.0,A,,106667.0,A,,116613.0,A,,112360.0,A,,167070.0,A,,155124.0,A,,194599.0,A,,198842.0,A,,221745.0,A,,264141.0,A,,290245.0,A,,302534.0,A,,286267.0,A,,297950.0,A,,328464.0,A,,348584.0,A,,370930.0,A,,341680.0,A,,322911.16,A,,310833.96,A,,335643.11,A,,348494.67,A,,361666.15,A,,356233.36,A,,340059.7,A,,343910.89,A,,318018.89,A,,301987.72,A,,321425.32,A,
79,'276,Germany,656,'01610,"Coffee, green",5922,Export value,1000 USD,415.0,A,,523.0,A,,560.0,A,,613.0,A,,1084.0,A,,2275.0,A,,2081.0,A,,3508.0,A,,3560.0,A,,4862.0,A,,4084.0,A,,6786.0,A,,14428.0,A,,10741.0,A,,14148.0,A,,21756.0,A,,26577.0,A,,49839.0,A,,88877.0,A,,99740.0,A,,84024.0,A,,91073.0,A,,87179.0,A,,121305.0,A,,133289.0,A,,200413.0,A,,194937.0,A,,238070.0,A,,265464.0,A,,204502.0,A,,168232.0,A,,156384.0,A,,130578.0,A,,201149.0,A,,274146.0,A,,262247.0,A,,369163.0,A,,361648.0,A,,279149.0,A,,354923.0,A,,225236.0,A,,255986.0,A,,313506.0,A,,384743.0,A,,558395.0,A,,680138.0,A,,822035.0,A,,916891.0,A,,857096.0,A,,1029095.0,A,,1579457.0,A,,1407921.0,A,,1150285.0,A,,1135242.0,A,,974786.0,A,,991567.0,A,,1114836.0,A,,1053881.0,A,,928580.0,A,,972497.0,A,,1127237.0,A,,1410165.0,A,,1320125.0,A,,1609535.0,A,
81,'288,Ghana,656,'01610,"Coffee, green",5610,Import quantity,t,230.0,A,,160.0,A,,80.0,A,,50.0,A,,130.0,A,,54.0,A,,23.0,A,,17.0,A,,5.0,A,,10.0,A,,108.0,A,,5.0,A,,30.0,A,,70.0,A,,14.0,A,,12.0,A,,5.0,A,,2.0,A,,12.0,A,,0.0,A,,55.0,A,,4.0,A,,14.0,A,,0.0,A,,0.0,A,,0.0,A,,0.0,A,,0.0,A,,0.0,A,,0.0,A,,0.0,A,,0.0,A,,0.0,A,,0.0,E,,0.0,E,,5.0,A,,4.0,A,,4.0,A,,3.0,A,,13.96,A,,12.0,A,,51.0,X,Estimated data using trading partners database,24.0,A,,1.0,X,Estimated data using trading partners database,6.0,A,,0.0,X,Estimated data using trading partners database,30.0,A,,17.0,A,,6.0,A,,19.0,A,,24.0,A,,32.0,A,,23.0,A,,27.37,I,,,,,49.08,A,,53.89,A,,17.89,A,,8.46,A,,18.18,X,Estimated data using trading partners database,26.11,A,,57.97,A,,30.98,A,,14.41,X,Estimated data using trading partners database
81,'288,Ghana,656,'01610,"Coffee, green",5622,Import value,1000 USD,210.0,A,,200.0,A,,150.0,A,,80.0,A,,220.0,A,,163.0,A,,50.0,A,,24.0,A,,12.0,A,,25.0,A,,90.0,A,,12.0,A,,61.0,A,,125.0,A,,16.0,A,,25.0,A,,51.0,A,,58.0,A,,30.0,A,,0.0,A,,141.0,A,,40.0,A,,70.0,I,,0.0,A,,0.0,A,,0.0,A,,0.0,A,,0.0,A,,0.0,A,,0.0,A,,0.0,A,,0.0,A,,0.0,A,,0.0,E,,0.0,E,,11.0,A,,8.0,A,,10.0,A,,16.0,A,,57.0,A,,44.0,A,,144.0,A,,29.0,A,,4.0,X,Estimated data using trading partners database,19.0,A,,4.0,X,Estimated data using trading partners database,40.0,A,,42.0,A,,11.0,A,,23.0,A,,48.0,A,,62.0,A,,52.0,A,,138.0,X,Estimated data using trading partners database,,,,81.0,A,,146.0,A,,50.0,A,,25.0,A,,65.0,X,Estimated data using trading partners database,74.0,A,,105.0,A,,73.0,A,,96.0,X,Estimated data using trading partners database
81,'288,Ghana,656,'01610,"Coffee, green",5910,Export quantity,t,1700.0,A,,3920.0,A,,2650.0,A,,6700.0,A,,1644.0,A,,8610.0,A,,4057.0,A,,6440.0,A,,4700.0,A,,6510.0,A,,5322.0,A,,3951.0,A,,3910.0,A,,2455.0,A,,3400.0,A,,5707.0,A,,3830.0,A,,1671.0,A,,954.0,A,,104.0,A,,1073.0,A,,764.0,A,,670.0,X,Estimated data using trading partners database,480.0,X,Estimated data using trading partners database,420.0,X,Estimated data using trading partners database,560.0,X,Estimated data using trading partners database,720.0,X,Estimated data using trading partners database,900.0,X,Estimated data using trading partners database,660.0,X,Estimated data using trading partners database,660.0,X,Estimated data using trading partners database,960.0,X,Estimated data using trading partners database,1900.0,X,Estimated data using trading partners database,2800.0,X,Estimated data using trading partners database,660.0,X,Estimated data using trading partners database,2300.0,X,Estimated data using trading partners database,1478.0,A,,3427.0,A,,6049.0,A,,5736.0,A,,5406.84,A,,1795.0,A,,1326.0,A,,506.0,A,,689.0,X,Estimated data using trading partners database,698.0,A,,790.0,X,Estimated data using trading partners database,800.0,A,,213.0,A,,258.0,A,,243.0,A,,942.0,I,,1225.0,A,,3556.0,X,Estimated data using trading partners database,,,,,,,39.64,A,,6.72,A,,0.01,A,,39.44,A,,171.57,X,Estimated data using trading partners database,0.39,A,,165.04,A,,75.13,A,,503.82,X,Estimated data using trading partners database
81,'288,Ghana,656,'01610,"Coffee, green",5922,Export value,1000 USD,600.0,A,,1190.0,A,,720.0,A,,2280.0,A,,830.0,A,,3060.0,A,,1412.0,A,,2560.0,A,,1600.0,A,,2381.0,A,,2308.0,A,,1665.0,A,,2419.0,A,,2046.0,A,,2341.0,A,,4467.0,A,,8274.0,A,,1669.0,A,,2224.0,A,,270.0,A,,1339.0,A,,1423.0,A,,1784.0,A,,1194.0,A,,964.0,A,,1200.0,X,Estimated data using trading partners database,1600.0,X,Estimated data using trading partners database,1700.0,X,Estimated data using trading partners database,870.0,X,Estimated data using trading partners database,650.0,X,Estimated data using trading partners database,850.0,X,Estimated data using trading partners database,1700.0,X,Estimated data using trading partners database,1400.0,X,Estimated data using trading partners database,730.0,X,Estimated data using trading partners database,4800.0,X,Estimated data using trading partners database,2498.0,A,,4073.0,A,,4369.0,A,,5550.0,A,,5944.0,A,,965.0,A,,643.0,A,,289.0,A,,708.0,X,Estimated data using trading partners database,410.0,A,,871.0,X,Estimated data using trading partners database,611.0,A,,321.0,A,,327.0,A,,252.0,A,,977.0,A,,1762.0,A,,3585.0,A,,,,,,,,71.0,A,,30.0,A,,0.0,A,,71.0,A,,344.0,X,Estimated data using trading partners database,0.0,A,,242.0,A,,65.0,A,,1645.0,X,Estimated data using trading partners database
84,'300,Greece,656,'01610,"Coffee, green",5610,Import quantity,t,7900.0,A,,8760.0,A,,9360.0,A,,9820.0,A,,9982.0,A,,10356.0,A,,11305.0,A,,11894.0,A,,12292.0,A,,11766.0,A,,12268.0,A,,13317.0,A,,13691.0,A,,13373.0,A,,17047.0,A,,16440.0,A,,10756.0,A,,12141.0,A,,19484.0,A,,20734.0,A,,19941.0,A,,19641.0,A,,20472.0,A,,22139.0,A,,20291.0,A,,12521.0,A,,21356.0,A,,22734.0,A,,22413.0,A,,23681.0,A,,8604.0,A,,3711.0,A,,9638.0,A,,8624.0,A,,11015.0,A,,24656.0,A,,25532.0,A,,17767.0,A,,17653.0,A,,24036.0,A,,26966.0,A,,27193.0,A,,25603.0,A,,27550.0,A,,25607.0,A,,23520.0,X,Estimated data using trading partners database,28584.0,A,,27410.0,A,,27874.0,A,,25756.0,A,,30682.0,A,,33341.0,A,,33635.0,A,,30158.45,A,,32114.38,A,,49246.09,A,,18194.47,A,,32544.21,A,,38846.49,A,,36360.59,A,,38181.66,A,,38913.22,A,,40581.83,A,,42390.7,A,
84,'300,Greece,656,'01610,"Coffee, green",5622,Import value,1000 USD,5050.0,A,,5380.0,A,,5990.0,A,,8120.0,A,,8937.0,A,,8811.0,A,,9091.0,A,,9267.0,A,,9510.0,A,,11702.0,A,,12122.0,A,,12296.0,A,,16966.0,A,,19514.0,A,,25697.0,A,,39741.0,A,,57793.0,A,,42741.0,A,,67447.0,A,,78566.0,A,,47775.0,A,,52775.0,A,,53201.0,A,,48180.0,A,,44347.0,A,,46331.0,A,,63388.0,A,,65250.0,A,,50236.0,A,,42612.0,A,,12964.0,A,,4514.0,A,,13216.0,A,,21369.0,A,,36370.0,A,,63032.0,A,,69670.0,A,,45687.0,A,,29556.0,A,,36778.0,A,,28158.0,A,,23244.0,A,,25115.0,A,,35018.0,A,,42990.0,A,,41777.0,A,,65061.0,A,,77897.0,A,,68548.0,A,,66961.0,A,,108723.0,A,,106772.0,A,,90077.0,A,,92392.0,A,,92293.0,A,,144833.0,A,,59995.0,A,,103991.0,A,,109584.0,A,,100897.0,A,,120302.0,A,,186579.0,A,,188040.0,A,,212783.0,A,
84,'300,Greece,656,'01610,"Coffee, green",5910,Export quantity,t,0.0,A,,0.0,A,,0.0,A,,0.0,A,,0.0,A,,0.0,A,,0.0,A,,0.0,A,,0.0,A,,0.0,A,,6.0,A,,0.0,A,,0.0,A,,0.0,A,,0.0,A,,0.0,A,,11.0,A,,0.0,A,,0.0,A,,0.0,A,,0.0,A,,0.0,A,,1.0,A,,0.0,A,,2.0,A,,8.0,A,,11.0,A,,0.0,A,,2.0,A,,2.0,A,,246.0,A,,653.0,A,,13135.0,A,,7853.0,A,,6115.0,A,,1653.0,A,,3890.0,A,,5335.0,A,,3990.0,A,,2703.0,A,,19259.0,A,,1396.0,A,,1593.0,A,,1748.0,A,,1623.0,A,,505.0,A,,2289.0,A,,2605.0,A,,2368.0,A,,2001.0,A,,5595.0,X,Estimated data using trading partners database,6935.0,A,,5332.0,A,,3279.39,A,,4971.76,A,,6520.2,A,,1211.79,A,,1140.88,A,,833.13,A,,852.95,A,,594.29,A,,424.33,A,,916.71,A,,584.41,A,
84,'300,Greece,656,'01610,"Coffee, green",5922,Export value,1000 USD,0.0,A,,0.0,A,,0.0,A,,0.0,A,,0.0,A,,0.0,A,,0.0,A,,0.0,A,,0.0,A,,0.0,A,,5.0,A,,0.0,A,,0.0,A,,0.0,A,,0.0,A,,0.0,A,,75.0,A,,0.0,A,,0.0,A,,0.0,A,,0.0,A,,3.0,A,,6.0,A,,2.0,A,,7.0,A,,59.0,A,,45.0,A,,0.0,A,,9.0,A,,12.0,A,,559.0,A,,985.0,A,,20141.0,A,,22876.0,A,,20609.0,A,,5002.0,A,,10966.0,A,,13165.0,A,,6009.0,A,,3764.0,A,,15346.0,A,,1384.0,A,,1693.0,A,,2268.0,A,,2216.0,A,,1126.0,A,,5065.0,A,,7140.0,A,,5271.0,A,,5010.0,A,,11537.0,A,,13347.0,A,,10149.0,A,,7360.0,A,,10889.0,A,,14734.0,A,,4508.0,A,,4515.0,A,,3153.0,A,,2556.0,A,,2672.0,A,,2712.0,A,,5876.0,A,,4730.0,A,
86,'308,Grenada,656,'01610,"Coffee, green",5610,Import quantity,t,,,,,,,,,,,,,,,,,,,,,,,,,,,,,,,,,,,,,,,,,,,,,,,,,,,,,,,,,,,,,,,,,,,,,,,,,,,,,,,,,,,,,,,,,,,,,,,,,,,,,,,,,,,,,,,,,,,,,,,,,,,,2.0,A,,19.0,X,Estimated data using trading partners database,2.0,A,,2.0,A,,2.0,A,,20.0,X,Estimated data using trading partners database,0.0,X,Estimated data using trading partners database,4.0,A,,1.0,X,Estimated data using trading partners database,1.0,E,,1.0,E,,1.0,E,,1.19,X,Estimated data using trading partners database,0.49,X,Estimated data using trading partners database,12.57,A,,19.59,A,,17.59,A,,14.9,A,,7.0,A,,16.12,A,,37.06,A,,21.16,A,,93.98,I,
86,'308,Grenada,656,'01610,"Coffee, green",5622,Import value,1000 USD,,,,,,,,,,,,,,,,,,,,,,,,,,,,,,,,,,,,,,,,,,,,,,,,,,,,,,,,,,,,,,,,,,,,,,,,,,,,,,,,,,,,,,,,,,,,,,,,,,,,,,,,,,,,,,,,,,,,,,,,,,,,19.0,A,,30.0,X,Estimated data using trading partners database,17.0,A,,13.0,A,,16.0,A,,102.0,X,Estimated data using trading partners database,3.0,X,Estimated data using trading partners database,39.0,A,,39.0,E,,39.0,E,,39.0,E,,39.0,E,,30.0,X,Estimated data using trading partners database,5.0,X,Estimated data using trading partners database,57.0,A,,103.0,A,,137.0,A,,116.0,A,,55.0,A,,81.0,A,,232.0,A,,143.0,A,,223.0,A,
86,'308,Grenada,656,'01610,"Coffee, green",5910,Export quantity,t,,,,,,,,,,,,,,,,,,,,,,,,,,,,,,,,,,,,,,,,,,,,,,,,,,,,,,,,,,,,,,,,,,,,,,,,,,,,,,,,,,,,,,,,,,,,,,,,,,,,,,,,,,,,,,,,,,,,,,,,,,,,0.0,A,,0.0,E,,2.0,X,Estimated data using trading partners database,0.0,A,,0.0,A,,0.0,E,,0.0,E,,0.0,E,,0.0,E,,0.0,E,,0.0,E,,0.0,E,,115.2,X,Estimated data using trading partners database,,,,,,,,,,0.0,A,,,,,,,,,,,,,,,,,,,
86,'308,Grenada,656,'01610,"Coffee, green",5922,Export value,1000 USD,,,,,,,,,,,,,,,,,,,,,,,,,,,,,,,,,,,,,,,,,,,,,,,,,,,,,,,,,,,,,,,,,,,,,,,,,,,,,,,,,,,,,,,,,,,,,,,,,,,,,,,,,,,,,,,,,,,,,,,,,,,,0.0,A,,0.0,E,,13.0,X,Estimated data using trading partners database,3.0,A,,4.0,A,,4.0,E,,4.0,E,,4.0,E,,0.0,X,Estimated data using trading partners database,0.0,E,,0.0,E,,0.0,E,,222.0,X,Estimated data using trading partners database,,,,,,,,,,0.0,A,,,,,,,,,,,,,,,,,,,
89,'320,Guatemala,656,'01610,"Coffee, green",5610,Import quantity,t,0.0,A,,0.0,A,,0.0,A,,0.0,A,,0.0,A,,0.0,A,,0.0,A,,0.0,A,,0.0,A,,0.0,A,,0.0,A,,0.0,A,,0.0,A,,0.0,A,,0.0,A,,0.0,A,,0.0,A,,0.0,A,,0.0,A,,0.0,A,,0.0,A,,0.0,A,,0.0,A,,0.0,A,,0.0,A,,0.0,A,,8.0,X,Estimated data using trading partners database,289.0,A,,0.0,A,,0.0,A,,0.0,A,,0.0,A,,7.0,A,,3.0,A,,6.0,A,,25.0,A,,32.0,A,,41.0,A,,21.87,A,,22.11,A,,117.0,A,,2.0,A,,3.0,A,,0.0,A,,2.0,A,,5.0,A,,17.0,A,,1.0,A,,4.0,A,,47.0,A,,80.0,A,,41.0,A,,12.0,X,Estimated data using trading partners database,3.18,A,,9.17,A,,3.88,A,,13.11,A,,16.68,A,,6.18,A,,5.88,A,,219.33,A,,1.53,A,,6.49,A,,119.98,A,
89,'320,Guatemala,656,'01610,"Coffee, green",5622,Import value,1000 USD,0.0,A,,0.0,A,,0.0,A,,0.0,A,,0.0,A,,0.0,A,,0.0,A,,0.0,A,,0.0,A,,0.0,A,,0.0,A,,0.0,A,,0.0,A,,0.0,A,,0.0,A,,0.0,A,,0.0,A,,0.0,A,,0.0,A,,0.0,A,,0.0,A,,0.0,A,,0.0,A,,0.0,A,,0.0,A,,0.0,A,,8.0,X,Estimated data using trading partners database,282.0,A,,0.0,A,,0.0,A,,0.0,A,,0.0,A,,39.0,A,,10.0,A,,13.0,A,,87.0,A,,89.0,A,,129.0,A,,73.0,A,,102.0,A,,295.0,A,,10.0,A,,15.0,A,,1.0,A,,8.0,A,,23.0,A,,45.0,A,,10.0,A,,27.0,A,,74.0,A,,177.0,A,,81.0,A,,23.0,A,,9.0,A,,71.0,A,,22.0,A,,75.0,A,,145.0,A,,64.0,A,,56.0,A,,803.0,A,,26.0,A,,55.0,A,,309.0,A,
89,'320,Guatemala,656,'01610,"Coffee, green",5910,Export quantity,t,79010.0,A,,82396.0,A,,98237.0,A,,76051.0,A,,95282.0,A,,109047.0,A,,81295.0,A,,94292.0,A,,99931.0,A,,95125.0,A,,100045.0,A,,114668.0,A,,114848.0,A,,121073.0,A,,135751.0,A,,119076.0,A,,132672.0,A,,131557.0,A,,143346.0,A,,128710.0,A,,109896.0,A,,140210.0,A,,142860.0,A,,127247.0,A,,172508.0,A,,154845.0,A,,145800.0,A,,168918.0,A,,199205.0,A,,200441.0,A,,173376.0,A,,193985.0,A,,220610.0,A,,179363.0,A,,206791.0,A,,241296.0,A,,249929.0,A,,213123.0,A,,268804.8,A,,291539.8,A,,246829.0,A,,207407.0,A,,249888.0,A,,208490.0,A,,201933.0,A,,203659.0,A,,230621.0,A,,230208.0,A,,234017.0,A,,235410.0,A,,261775.0,A,,226704.0,A,,216593.0,A,,183660.03,A,,183349.67,A,,182587.63,A,,203434.97,A,,205925.46,A,,214906.58,A,,189488.79,A,,226013.03,A,,193774.23,A,,182082.07,A,,189492.9,A,
89,'320,Guatemala,656,'01610,"Coffee, green",5922,Export value,1000 USD,67131.0,A,,67122.0,A,,77075.0,A,,71088.0,A,,91691.0,A,,100067.0,A,,68361.0,A,,73419.0,A,,81450.0,A,,100577.0,A,,96288.0,A,,106072.0,A,,145595.0,A,,172946.0,A,,164205.0,A,,242952.0,A,,525883.0,A,,477454.0,A,,430301.0,A,,469781.0,A,,294825.0,A,,354444.0,A,,357696.0,A,,354550.0,A,,391224.0,A,,525260.0,A,,354500.0,A,,419399.0,A,,373004.0,A,,323426.0,A,,286134.0,A,,248308.0,A,,267490.0,A,,318278.0,A,,539288.0,A,,472433.0,A,,589455.0,A,,586620.0,A,,561709.0,A,,574999.0,A,,306451.0,A,,261727.0,A,,299394.0,A,,328006.0,A,,464147.0,A,,463973.0,A,,577557.0,A,,646754.0,A,,582281.0,A,,713882.0,A,,1062969.0,A,,958107.0,A,,714969.0,A,,667233.0,A,,663037.0,A,,650317.0,A,,747968.0,A,,679971.0,A,,663017.0,A,,651964.0,A,,926600.0,A,,1113943.0,A,,946284.0,A,,913200.0,A,
90,'324,Guinea,656,'01610,"Coffee, green",5610,Import quantity,t,4165.0,I,,0.0,A,,0.0,A,,0.0,A,,0.0,A,,0.0,A,,0.0,A,,0.0,A,,0.0,A,,0.0,A,,0.0,A,,0.0,A,,0.0,A,,0.0,A,,0.0,A,,0.0,A,,0.0,A,,0.0,A,,0.0,A,,0.0,A,,0.0,A,,0.0,A,,0.0,A,,0.0,A,,0.0,A,,0.0,A,,0.0,A,,0.0,A,,0.0,A,,0.0,A,,0.0,A,,0.0,A,,0.0,A,,0.0,E,,9.0,A,,6.0,A,,0.0,A,,924.0,X,Estimated data using trading partners database,116.0,I,,2.56,A,,14.0,A,,0.0,X,Estimated data using trading partners database,0.0,A,,2.0,I,,5.0,I,,0.0,X,Estimated data using trading partners database,0.0,X,Estimated data using trading partners database,16.0,A,,16.0,E,,16.0,E,,5.0,X,Estimated data using trading partners database,3.0,X,Estimated data using trading partners database,18.0,X,Estimated data using trading partners database,27.67,A,,72.71,A,,28.01,A,,4.21,X,Estimated data using trading partners database,8.87,X,Estimated data using trading partners database,13.11,X,Estimated data using trading partners database,0.73,X,Estimated data using trading partners database,36.8,X,Estimated data using trading partners database,8.3,X,Estimated data using trading partners database,2.78,X,Estimated data using trading partners database,0.36,X,Estimated data using trading partners database
90,'324,Guinea,656,'01610,"Coffee, green",5622,Import value,1000 USD,1700.0,I,,0.0,A,,0.0,A,,0.0,A,,0.0,A,,0.0,A,,0.0,A,,0.0,A,,0.0,A,,0.0,A,,0.0,A,,0.0,A,,0.0,A,,0.0,A,,0.0,A,,0.0,A,,0.0,A,,0.0,A,,0.0,A,,0.0,A,,0.0,A,,0.0,A,,0.0,A,,0.0,A,,0.0,A,,0.0,A,,0.0,A,,0.0,A,,0.0,A,,0.0,A,,0.0,A,,0.0,A,,0.0,A,,0.0,E,,18.0,A,,18.0,A,,3.0,A,,669.0,A,,207.0,A,,7.0,A,,27.0,A,,0.0,X,Estimated data using trading partners database,1.0,A,,3.0,I,,13.0,I,,3.0,X,Estimated data using trading partners database,1.0,X,Estimated data using trading partners database,9.0,A,,9.0,E,,9.0,E,,25.0,X,Estimated data using trading partners database,16.0,X,Estimated data using trading partners database,30.0,X,Estimated data using trading partners database,53.0,A,,41.0,A,,34.0,A,,16.0,X,Estimated data using trading partners database,24.0,X,Estimated data using trading partners database,55.0,X,Estimated data using trading partners database,7.0,X,Estimated data using trading partners database,95.0,X,Estimated data using trading partners database,32.0,X,Estimated data using trading partners database,25.0,X,Estimated data using trading partners database,7.0,X,Estimated data using trading partners database
90,'324,Guinea,656,'01610,"Coffee, green",5910,Export quantity,t,19165.0,A,,7758.0,A,,10500.0,X,Estimated data using trading partners database,3800.0,X,Estimated data using trading partners database,10800.0,X,Estimated data using trading partners database,12420.0,X,Estimated data using trading partners database,12500.0,I,,13909.0,A,,9300.0,X,Estimated data using trading partners database,11000.0,X,Estimated data using trading partners database,10000.0,I,,8000.0,I,,7440.0,X,Estimated data using trading partners database,1020.0,X,Estimated data using trading partners database,3360.0,X,Estimated data using trading partners database,1020.0,X,Estimated data using trading partners database,1980.0,X,Estimated data using trading partners database,660.0,X,Estimated data using trading partners database,1980.0,X,Estimated data using trading partners database,2900.0,X,Estimated data using trading partners database,2700.0,X,Estimated data using trading partners database,2880.0,A,,4700.0,X,Estimated data using trading partners database,300.0,X,Estimated data using trading partners database,500.0,A,,3960.0,X,Estimated data using trading partners database,5078.0,A,,6105.0,A,,9700.0,X,Estimated data using trading partners database,7000.0,X,Estimated data using trading partners database,3892.0,A,,5264.0,A,,5600.0,X,Estimated data using trading partners database,12000.0,X,Estimated data using trading partners database,19029.0,A,,9372.0,A,,17917.0,A,,14282.0,A,,9194.0,A,,11796.0,A,,11516.0,A,,5654.0,A,,8523.0,X,Estimated data using trading partners database,17629.0,X,Estimated data using trading partners database,14598.0,X,Estimated data using trading partners database,27656.0,X,Estimated data using trading partners database,18594.0,X,Estimated data using trading partners database,7609.0,A,,7609.0,E,,17500.0,X,Estimated data using trading partners database,14456.0,X,Estimated data using trading partners database,20869.0,X,Estimated data using trading partners database,7691.0,X,Estimated data using trading partners database,2043.4,A,,9869.77,A,,13161.07,A,,10874.67,X,Estimated data using trading partners database,9334.44,X,Estimated data using trading partners database,4129.67,X,Estimated data using trading partners database,6474.63,X,Estimated data using trading partners database,3400.77,X,Estimated data using trading partners database,17386.92,X,Estimated data using trading partners database,5142.63,X,Estimated data using trading partners database,6515.62,X,Estimated data using trading partners database
90,'324,Guinea,656,'01610,"Coffee, green",5922,Export value,1000 USD,8076.0,A,,2885.0,A,,5300.0,X,Estimated data using trading partners database,2500.0,X,Estimated data using trading partners database,6000.0,X,Estimated data using trading partners database,8300.0,X,Estimated data using trading partners database,7000.0,I,,8226.0,A,,5500.0,X,Estimated data using trading partners database,6500.0,X,Estimated data using trading partners database,5800.0,I,,5800.0,I,,5700.0,I,,850.0,I,,3000.0,I,,1640.0,X,Estimated data using trading partners database,11530.0,X,Estimated data using trading partners database,2190.0,X,Estimated data using trading partners database,7410.0,X,Estimated data using trading partners database,9400.0,X,Estimated data using trading partners database,8100.0,X,Estimated data using trading partners database,8321.0,A,,11920.0,A,,847.0,A,,1303.0,A,,10170.0,A,,9177.0,A,,9600.0,X,Estimated data using trading partners database,12100.0,X,Estimated data using trading partners database,6300.0,X,Estimated data using trading partners database,2769.0,A,,3600.0,X,Estimated data using trading partners database,3600.0,X,Estimated data using trading partners database,14400.0,X,Estimated data using trading partners database,40761.0,A,,11552.0,A,,33341.0,A,,11211.0,A,,7883.0,A,,6682.0,A,,4886.0,A,,2398.0,A,,3916.0,X,Estimated data using trading partners database,12819.0,X,Estimated data using trading partners database,13712.0,X,Estimated data using trading partners database,31791.0,X,Estimated data using trading partners database,28266.0,X,Estimated data using trading partners database,4100.0,A,,4100.0,E,,23190.0,X,Estimated data using trading partners database,30801.0,X,Estimated data using trading partners database,40127.0,X,Estimated data using trading partners database,16347.0,X,Estimated data using trading partners database,1475.0,A,,7526.0,A,,11455.0,A,,11224.0,X,Estimated data using trading partners database,13575.0,X,Estimated data using trading partners database,5839.0,X,Estimated data using trading partners database,6088.0,X,Estimated data using trading partners database,2270.0,X,Estimated data using trading partners database,30855.0,X,Estimated data using trading partners database,10399.0,X,Estimated data using trading partners database,18208.0,X,Estimated data using trading partners database
175,'624,Guinea-Bissau,656,'01610,"Coffee, green",5610,Import quantity,t,25.0,I,,25.0,A,,73.0,A,,50.0,I,,50.0,I,,50.0,I,,33.0,A,,40.0,A,,59.0,A,,44.0,A,,40.0,A,,62.0,A,,57.0,A,,44.0,A,,8.0,A,,10.0,I,,16.0,A,,2.0,A,,4.0,A,,6.0,A,,0.0,A,,2.0,A,,2.0,A,,0.0,A,,0.0,A,,1.0,A,,0.0,A,,0.0,A,,0.0,A,,0.0,A,,0.0,A,,0.0,A,,0.0,A,,0.0,E,,0.0,E,,0.0,E,,0.0,E,,0.0,E,,0.0,E,,0.0,E,,0.0,I,,0.0,E,,0.0,X,Estimated data using trading partners database,1.0,X,Estimated data using trading partners database,0.0,X,Estimated data using trading partners database,1.0,X,Estimated data using trading partners database,1.0,X,Estimated data using trading partners database,1.0,X,Estimated data using trading partners database,2.0,X,Estimated data using trading partners database,2.0,X,Estimated data using trading partners database,2.0,E,,0.0,X,Estimated data using trading partners database,0.0,E,,0.05,X,Estimated data using trading partners database,6.6,X,Estimated data using trading partners database,0.98,X,Estimated data using trading partners database,0.63,X,Estimated data using trading partners database,1.24,X,Estimated data using trading partners database,3.31,X,Estimated data using trading partners database,0.95,X,Estimated data using trading partners database,1.69,X,Estimated data using trading partners database,2.73,X,Estimated data using trading partners database,0.35,X,Estimated data using trading partners database,1.45,X,Estimated data using trading partners database
175,'624,Guinea-Bissau,656,'01610,"Coffee, green",5622,Import value,1000 USD,18.0,I,,20.0,A,,44.0,A,,30.0,I,,30.0,I,,30.0,I,,37.0,A,,47.0,A,,50.0,A,,56.0,A,,47.0,A,,91.0,A,,87.0,A,,79.0,A,,18.0,A,,20.0,I,,87.0,A,,8.0,A,,21.0,A,,21.0,A,,2.0,A,,1.0,A,,6.0,A,,0.0,A,,0.0,A,,2.0,A,,0.0,A,,0.0,A,,0.0,A,,0.0,A,,0.0,A,,0.0,A,,0.0,A,,0.0,E,,0.0,E,,0.0,E,,0.0,E,,0.0,E,,0.0,E,,0.0,E,,0.0,I,,0.0,E,,1.0,X,Estimated data using trading partners database,4.0,X,Estimated data using trading partners database,1.0,X,Estimated data using trading partners database,8.0,X,Estimated data using trading partners database,9.0,X,Estimated data using trading partners database,6.0,X,Estimated data using trading partners database,17.0,X,Estimated data using trading partners database,8.0,X,Estimated data using trading partners database,8.0,E,,0.0,X,Estimated data using trading partners database,0.0,E,,0.0,X,Estimated data using trading partners database,14.0,X,Estimated data using trading partners database,10.0,X,Estimated data using trading partners database,5.0,X,Estimated data using trading partners database,11.0,X,Estimated data using trading partners database,27.0,X,Estimated data using trading partners database,22.0,X,Estimated data using trading partners database,25.0,X,Estimated data using trading partners database,4.0,X,Estimated data using trading partners database,6.0,X,Estimated data using trading partners database,35.0,X,Estimated data using trading partners database
175,'624,Guinea-Bissau,656,'01610,"Coffee, green",5910,Export quantity,t,,,,,,,,,,,,,,,,,,,,,,,,,,,,,,,,,,,,,,,,,,,,,,,,,,,,,,,,,,,,,,,,,,,,,,,,,,,,,,,,,,,,,,,,,,,,,,,,,,,,,,,,,,,,,,,,,,,,,,,,,,,,,,,,,,,,,,,,,,,,,,,,,,,,,,,,,,,,,,,,0.12,X,Estimated data using trading partners database,,,,133.08,X,Estimated data using trading partners database,5.15,X,Estimated data using trading partners database,7.93,X,Estimated data using trading partners database,,,,,,,,,,1.0,X,Estimated data using trading partners database,,,,,,
175,'624,Guinea-Bissau,656,'01610,"Coffee, green",5922,Export value,1000 USD,,,,,,,,,,,,,,,,,,,,,,,,,,,,,,,,,,,,,,,,,,,,,,,,,,,,,,,,,,,,,,,,,,,,,,,,,,,,,,,,,,,,,,,,,,,,,,,,,,,,,,,,,,,,,,,,,,,,,,,,,,,,,,,,,,,,,,,,,,,,,,,,,,,,,,,,,,,,,,,,1.0,X,Estimated data using trading partners database,,,,112.0,X,Estimated data using trading partners database,17.0,X,Estimated data using trading partners database,23.0,X,Estimated data using trading partners database,,,,,,,,,,2.0,X,Estimated data using trading partners database,,,,,,
91,'328,Guyana,656,'01610,"Coffee, green",5610,Import quantity,t,0.0,A,,0.0,A,,0.0,A,,0.0,A,,0.0,A,,0.0,A,,0.0,A,,0.0,A,,0.0,A,,0.0,A,,0.0,A,,0.0,A,,0.0,A,,0.0,A,,10.0,A,,0.0,A,,0.0,A,,0.0,A,,0.0,A,,14.0,A,,59.0,A,,0.0,A,,0.0,A,,0.0,A,,0.0,A,,0.0,A,,0.0,A,,0.0,A,,0.0,A,,0.0,A,,0.0,A,,0.0,A,,0.0,A,,0.0,E,,0.0,E,,0.0,E,,2.0,A,,33.0,A,,2.0,A,,2.0,A,,1.0,A,,1.0,A,,1.0,A,,1.0,A,,2.0,A,,2.0,A,,1.0,A,,1.0,A,,1.0,E,,1.0,A,,4.0,X,Estimated data using trading partners database,10.0,A,,21.0,X,Estimated data using trading partners database,4.87,A,,16.1,A,,10.79,A,,2.73,A,,3.97,A,,3.34,A,,8.91,A,,21.37,A,,25.83,A,,26.45,A,,15.37,A,
91,'328,Guyana,656,'01610,"Coffee, green",5622,Import value,1000 USD,0.0,A,,0.0,A,,0.0,A,,0.0,A,,0.0,A,,0.0,A,,0.0,A,,0.0,A,,0.0,A,,0.0,A,,0.0,A,,0.0,A,,0.0,A,,0.0,A,,12.0,A,,0.0,A,,0.0,A,,0.0,A,,0.0,A,,27.0,A,,33.0,A,,0.0,A,,0.0,A,,0.0,A,,0.0,A,,0.0,A,,0.0,A,,0.0,A,,0.0,A,,0.0,A,,0.0,A,,0.0,A,,0.0,A,,0.0,E,,0.0,E,,0.0,E,,6.0,A,,24.0,A,,12.0,A,,6.0,A,,4.0,A,,4.0,A,,1.0,A,,2.0,A,,8.0,A,,9.0,A,,5.0,X,Estimated data using trading partners database,7.0,A,,7.0,E,,6.0,A,,36.0,A,,31.0,A,,34.0,A,,37.0,A,,100.0,A,,90.0,A,,6.0,A,,29.0,A,,12.0,A,,31.0,A,,87.0,A,,158.0,A,,230.0,A,,363.0,A,
91,'328,Guyana,656,'01610,"Coffee, green",5910,Export quantity,t,228.0,A,,196.0,A,,105.0,X,Estimated data using trading partners database,123.0,X,Estimated data using trading partners database,117.0,A,,131.0,A,,183.0,A,,184.0,A,,72.0,A,,162.0,A,,35.0,A,,81.0,A,,82.0,A,,14.0,A,,27.0,A,,0.0,A,,0.0,A,,0.0,A,,0.0,A,,1.0,A,,0.0,A,,1.0,A,,3.0,A,,0.0,A,,0.0,A,,0.0,A,,0.0,A,,0.0,A,,0.0,A,,0.0,A,,0.0,A,,0.0,A,,0.0,A,,0.0,E,,0.0,E,,0.0,E,,6.0,A,,5.0,A,,11.0,A,,5.0,A,,4.0,A,,4.0,A,,5.0,A,,6.0,A,,8.0,A,,2.0,A,,4.0,X,Estimated data using trading partners database,1.0,A,,8.0,X,Estimated data using trading partners database,0.0,A,,0.0,E,,0.0,A,,0.0,A,,,,,,,,,,,0.0,A,,0.05,A,,0.09,A,,,,,,,,0.03,A,,0.06,A,,0.01,A,
91,'328,Guyana,656,'01610,"Coffee, green",5922,Export value,1000 USD,75.0,A,,60.0,A,,63.0,X,Estimated data using trading partners database,93.0,X,Estimated data using trading partners database,71.0,A,,49.0,A,,47.0,A,,97.0,A,,44.0,A,,108.0,A,,44.0,A,,101.0,A,,92.0,A,,9.0,A,,68.0,A,,0.0,A,,0.0,A,,0.0,A,,0.0,A,,4.0,A,,0.0,A,,1.0,A,,12.0,A,,0.0,A,,0.0,A,,0.0,A,,0.0,A,,0.0,A,,0.0,A,,0.0,A,,0.0,A,,0.0,A,,0.0,A,,0.0,E,,0.0,E,,0.0,E,,21.0,A,,21.0,A,,41.0,A,,21.0,A,,16.0,A,,20.0,A,,17.0,A,,18.0,A,,19.0,A,,7.0,A,,17.0,A,,1.0,A,,34.0,X,Estimated data using trading partners database,0.0,A,,0.0,E,,0.0,A,,0.0,A,,,,,,,,,,,0.0,A,,1.0,A,,0.0,A,,,,,,,,0.0,A,,0.0,A,,0.0,A,
93,'332,Haiti,656,'01610,"Coffee, green",5610,Import quantity,t,,,,,,,,,,,,,,,,,,,,,,,,,,,,,,,,,,,,,,,,,,,,,,,,,,,,,,,,,,,,,,,,,,,,,,,,,,,,,,,,,,,,,,,,,,,,,,,,,,,,,,,,,,,,,15.0,X,Estimated data using trading partners database,,,,,,,,,,,,,,,,,,,,,,,,,,,,,,,,,,,,,,,,,,,,,,,,,,,,19.2,X,Estimated data using trading partners database,38.27,X,Estimated data using trading partners database,76.35,X,Estimated data using trading partners database,81.68,X,Estimated data using trading partners database,0.0,X,Estimated data using trading partners database,19.25,X,Estimated data using trading partners database,38.4,X,Estimated data using trading partners database,19.18,X,Estimated data using trading partners database,77.68,X,Estimated data using trading partners database,,,
93,'332,Haiti,656,'01610,"Coffee, green",5622,Import value,1000 USD,,,,,,,,,,,,,,,,,,,,,,,,,,,,,,,,,,,,,,,,,,,,,,,,,,,,,,,,,,,,,,,,,,,,,,,,,,,,,,,,,,,,,,,,,,,,,,,,,,,,,,,,,,,,,60.0,X,Estimated data using trading partners database,,,,,,,,,,,,,,,,,,,,,,,,,,,,,,,,,,,,,,,,,,,,,,,,,,,,61.0,X,Estimated data using trading partners database,111.0,X,Estimated data using trading partners database,200.0,X,Estimated data using trading partners database,884.0,X,Estimated data using trading partners database,0.0,X,Estimated data using trading partners database,34.0,X,Estimated data using trading partners database,68.0,X,Estimated data using trading partners database,97.0,X,Estimated data using trading partners database,278.0,X,Estimated data using trading partners database,,,
93,'332,Haiti,656,'01610,"Coffee, green",5910,Export quantity,t,16658.0,A,,32571.0,A,,26387.0,A,,22426.0,A,,22654.0,A,,24351.0,A,,16923.0,A,,19502.0,A,,18560.0,A,,16187.0,A,,21540.0,A,,18638.0,A,,19420.0,A,,18768.0,A,,17820.0,A,,26793.0,A,,15891.0,A,,19137.0,A,,13561.0,A,,24979.0,A,,13616.0,A,,14634.0,A,,23680.0,A,,18651.0,A,,18195.0,A,,16518.0,A,,12800.0,A,,14100.0,A,,13400.0,A,,9400.0,A,,11100.0,A,,8100.0,A,,8500.0,X,Estimated data using trading partners database,6200.0,X,Estimated data using trading partners database,9100.0,X,Estimated data using trading partners database,8900.0,X,Estimated data using trading partners database,5200.0,X,Estimated data using trading partners database,7800.0,X,Estimated data using trading partners database,5500.0,X,Estimated data using trading partners database,4800.0,X,Estimated data using trading partners database,3900.0,X,Estimated data using trading partners database,2426.0,X,Estimated data using trading partners database,2195.0,X,Estimated data using trading partners database,1882.0,X,Estimated data using trading partners database,1490.0,X,Estimated data using trading partners database,1419.0,X,Estimated data using trading partners database,1246.0,X,Estimated data using trading partners database,1008.0,X,Estimated data using trading partners database,926.0,X,Estimated data using trading partners database,477.0,X,Estimated data using trading partners database,421.0,X,Estimated data using trading partners database,584.0,X,Estimated data using trading partners database,381.0,X,Estimated data using trading partners database,181.72,X,Estimated data using trading partners database,157.42,X,Estimated data using trading partners database,72.87,X,Estimated data using trading partners database,90.04,X,Estimated data using trading partners database,116.17,X,Estimated data using trading partners database,76.72,X,Estimated data using trading partners database,98.14,X,Estimated data using trading partners database,124.89,I,,167.43,X,Estimated data using trading partners database,98.2,X,Estimated data using trading partners database,161.44,X,Estimated data using trading partners database
93,'332,Haiti,656,'01610,"Coffee, green",5922,Export value,1000 USD,12119.0,A,,20663.0,A,,16789.0,A,,17537.0,A,,19321.0,A,,20724.0,A,,13693.0,A,,14610.0,A,,13690.0,A,,15241.0,A,,18963.0,A,,15714.0,A,,20614.0,A,,23972.0,A,,18496.0,A,,43965.0,A,,63667.0,A,,62277.0,A,,39305.0,A,,90876.0,A,,32826.0,A,,35912.0,A,,52484.0,A,,45785.0,A,,48588.0,A,,52157.0,A,,35240.0,A,,32540.0,A,,34680.0,A,,15350.0,A,,18260.0,A,,9250.0,A,,9400.0,X,Estimated data using trading partners database,8900.0,X,Estimated data using trading partners database,22000.0,X,Estimated data using trading partners database,23400.0,X,Estimated data using trading partners database,17000.0,X,Estimated data using trading partners database,23500.0,X,Estimated data using trading partners database,11800.0,X,Estimated data using trading partners database,9600.0,X,Estimated data using trading partners database,5450.0,I,,3094.0,X,Estimated data using trading partners database,3536.0,X,Estimated data using trading partners database,3269.0,X,Estimated data using trading partners database,3444.0,X,Estimated data using trading partners database,3632.0,X,Estimated data using trading partners database,3206.0,X,Estimated data using trading partners database,3042.0,X,Estimated data using trading partners database,2618.0,X,Estimated data using trading partners database,1555.0,X,Estimated data using trading partners database,2404.0,X,Estimated data using trading partners database,3240.0,X,Estimated data using trading partners database,1802.0,X,Estimated data using trading partners database,930.0,X,Estimated data using trading partners database,743.0,X,Estimated data using trading partners database,582.0,X,Estimated data using trading partners database,791.0,X,Estimated data using trading partners database,1027.0,X,Estimated data using trading partners database,586.0,X,Estimated data using trading partners database,725.0,X,Estimated data using trading partners database,841.0,X,Estimated data using trading partners database,1250.0,X,Estimated data using trading partners database,839.0,X,Estimated data using trading partners database,1368.0,X,Estimated data using trading partners database
95,'340,Honduras,656,'01610,"Coffee, green",5610,Import quantity,t,0.0,A,,0.0,A,,0.0,A,,0.0,A,,0.0,A,,0.0,A,,0.0,A,,0.0,A,,0.0,A,,0.0,A,,0.0,A,,0.0,A,,0.0,A,,0.0,A,,0.0,A,,0.0,A,,0.0,A,,0.0,A,,0.0,A,,0.0,A,,0.0,A,,0.0,A,,0.0,A,,0.0,A,,0.0,A,,0.0,A,,0.0,A,,6.0,A,,0.0,A,,0.0,A,,1.0,A,,24.0,A,,10.0,A,,2.0,A,,3.0,A,,283.0,A,,5.0,A,,14.0,A,,61.0,A,,11.0,A,,274.0,X,Estimated data using trading partners database,17.0,A,,8.0,A,,10.0,A,,2.0,A,,0.0,X,Estimated data using trading partners database,1.0,X,Estimated data using trading partners database,1.0,A,,26.0,A,,8.0,A,,41.0,A,,21.0,A,,21.0,E,,1.07,A,,7.57,A,,3.93,I,,14.0,A,,85.15,A,,99.51,A,,2.21,A,,1.91,A,,257.61,X,Estimated data using trading partners database,61.8,A,,76.24,A,
95,'340,Honduras,656,'01610,"Coffee, green",5622,Import value,1000 USD,0.0,A,,0.0,A,,0.0,A,,0.0,A,,0.0,A,,0.0,A,,0.0,A,,0.0,A,,0.0,A,,0.0,A,,0.0,A,,0.0,A,,0.0,A,,0.0,A,,0.0,A,,0.0,A,,0.0,A,,0.0,A,,0.0,A,,0.0,A,,0.0,A,,0.0,A,,0.0,A,,0.0,A,,0.0,A,,0.0,A,,0.0,A,,12.0,A,,0.0,A,,0.0,A,,3.0,A,,13.0,A,,34.0,A,,5.0,A,,5.0,A,,1628.0,A,,18.0,A,,33.0,A,,140.0,A,,17.0,A,,13.0,X,Estimated data using trading partners database,13.0,A,,9.0,A,,14.0,A,,2.0,A,,2.0,A,,1.0,A,,3.0,A,,57.0,A,,6.0,A,,88.0,A,,75.0,A,,75.0,E,,10.0,A,,19.0,A,,11.0,A,,25.0,A,,112.0,A,,49.0,A,,14.0,A,,12.0,A,,447.0,X,Estimated data using trading partners database,64.0,A,,113.0,A,
95,'340,Honduras,656,'01610,"Coffee, green",5910,Export quantity,t,12572.0,A,,15931.0,A,,20447.0,A,,19030.0,A,,24911.0,A,,22979.0,A,,22205.0,A,,26724.0,A,,24631.0,A,,25578.0,A,,25232.0,A,,31782.0,A,,40182.0,A,,30690.0,A,,48797.0,A,,43810.0,A,,36342.0,A,,57553.0,A,,66235.0,A,,59869.0,A,,67680.0,A,,58446.0,A,,75439.0,A,,68561.0,A,,71520.0,A,,79619.0,A,,94581.0,A,,76999.0,A,,86308.0,A,,105780.0,A,,91756.0,A,,85224.0,A,,102439.0,A,,100353.0,A,,106557.0,A,,114699.0,A,,102000.0,A,,135885.0,A,,120000.0,A,,167000.0,X,Estimated data using trading partners database,146090.0,X,Estimated data using trading partners database,162710.0,A,,147855.0,A,,177031.0,A,,145456.0,A,,171644.0,A,,206766.0,A,,199364.0,A,,198513.0,A,,215314.0,A,,252928.0,A,,317247.0,A,,254201.0,X,Estimated data using trading partners database,241942.61,A,,285227.99,A,,309923.63,A,,430742.92,A,,429741.37,A,,411806.48,A,,320565.75,A,,387661.08,A,,311220.37,X,Estimated data using trading partners database,340593.26,A,,291409.67,A,
95,'340,Honduras,656,'01610,"Coffee, green",5922,Export value,1000 USD,9030.0,A,,11434.0,A,,14188.0,A,,16919.0,A,,22148.0,A,,19870.0,A,,17736.0,A,,21036.0,A,,18488.0,A,,25827.0,A,,23051.0,A,,26754.0,A,,47393.0,A,,42378.0,A,,56923.0,A,,100315.0,A,,172108.0,A,,208447.0,A,,195394.0,A,,207458.0,A,,172850.0,A,,153406.0,A,,150377.0,A,,165265.0,A,,185200.0,A,,298737.0,A,,200830.0,A,,199821.0,A,,207930.0,A,,183881.0,A,,152019.0,A,,107751.0,A,,128857.0,A,,188184.0,A,,335641.0,A,,237488.0,A,,326300.0,A,,419317.0,A,,256100.0,A,,360000.0,I,,230812.0,X,Estimated data using trading partners database,182368.0,A,,182396.0,A,,257159.0,A,,329416.0,A,,389571.0,A,,499013.0,A,,575386.0,A,,515313.0,A,,722631.0,A,,1358438.0,A,,1338206.0,A,,789394.0,X,Estimated data using trading partners database,782762.0,A,,931667.0,A,,858425.0,A,,1290077.0,A,,1111140.0,A,,954728.0,A,,868635.0,A,,1287766.0,A,,1491415.0,X,Estimated data using trading partners database,1477446.0,A,,1266341.0,A,
97,'348,Hungary,656,'01610,"Coffee, green",5610,Import quantity,t,3339.0,A,,5462.0,A,,6930.0,A,,11043.0,A,,12638.0,A,,13499.0,A,,17419.0,A,,20505.0,A,,20731.0,A,,25422.0,A,,23135.0,A,,31742.0,A,,30828.0,A,,32289.0,A,,32688.0,A,,37741.0,A,,42246.0,A,,29488.0,A,,34483.0,A,,47206.0,A,,34271.0,A,,34518.0,A,,31481.0,A,,37129.0,A,,34825.0,A,,40848.0,A,,34355.0,A,,44237.0,A,,26582.0,A,,27953.0,A,,30245.0,A,,25641.0,A,,32065.0,A,,40388.0,A,,27220.0,A,,30273.0,A,,32576.0,A,,34810.0,A,,38440.0,A,,38361.8,A,,41059.0,A,,40058.0,A,,37500.0,A,,34398.0,A,,17043.0,A,,14576.0,A,,14617.0,A,,12932.0,A,,12957.0,A,,13115.0,A,,13840.0,X,Estimated data using trading partners database,13558.0,A,,2799.0,A,,15717.01,A,,4337.6,A,,2064.39,A,,2700.0,A,,2920.11,A,,3790.22,A,,3638.91,A,,4221.12,A,,5438.2,A,,5105.67,A,,5467.08,A,
97,'348,Hungary,656,'01610,"Coffee, green",5622,Import value,1000 USD,2375.0,A,,4005.0,A,,5318.0,A,,9902.0,A,,9739.0,A,,9638.0,A,,11925.0,A,,14502.0,A,,14084.0,A,,21248.0,A,,16916.0,A,,20189.0,A,,27033.0,A,,41551.0,A,,41152.0,A,,98518.0,A,,210566.0,A,,132656.0,A,,131681.0,A,,168185.0,A,,108465.0,A,,67410.0,A,,39722.0,A,,48364.0,A,,61516.0,A,,128082.0,A,,92518.0,A,,93067.0,A,,47185.0,A,,41578.0,A,,34841.0,A,,27210.0,A,,31214.0,A,,71248.0,A,,86608.0,A,,65350.0,A,,63948.0,A,,69458.0,A,,67385.0,A,,49827.0,A,,36402.0,A,,28981.0,A,,35650.0,A,,37222.0,A,,24063.0,A,,25279.0,A,,32405.0,A,,34978.0,A,,30546.0,A,,36049.0,A,,47717.0,A,,45772.0,A,,7192.0,A,,35994.0,A,,9670.0,A,,4663.0,A,,9889.0,A,,9523.0,A,,9471.0,A,,8621.0,A,,12071.0,A,,16537.0,A,,17775.0,A,,27087.0,A,
97,'348,Hungary,656,'01610,"Coffee, green",5910,Export quantity,t,0.0,A,,0.0,A,,0.0,A,,0.0,A,,0.0,A,,0.0,A,,0.0,A,,0.0,A,,0.0,A,,0.0,A,,0.0,A,,0.0,A,,0.0,A,,0.0,A,,0.0,A,,0.0,A,,0.0,A,,0.0,A,,0.0,A,,0.0,A,,0.0,A,,0.0,A,,0.0,A,,0.0,A,,0.0,A,,0.0,A,,0.0,A,,0.0,A,,1500.0,A,,930.0,A,,9457.0,A,,4735.0,A,,3687.0,A,,321.0,A,,1525.0,A,,1251.0,A,,1871.0,A,,2155.0,A,,2061.0,A,,2270.2,A,,2207.0,A,,2146.0,A,,1634.0,A,,52.0,A,,72.0,A,,51.0,A,,44.0,X,Estimated data using trading partners database,579.0,A,,1552.0,A,,985.0,A,,962.0,A,,455.0,A,,544.0,A,,518.19,A,,379.32,A,,393.67,A,,305.59,A,,262.69,A,,288.23,A,,479.21,A,,506.88,A,,280.86,A,,386.43,A,,363.89,A,
97,'348,Hungary,656,'01610,"Coffee, green",5922,Export value,1000 USD,0.0,A,,0.0,A,,0.0,A,,0.0,A,,0.0,A,,0.0,A,,0.0,A,,0.0,A,,0.0,A,,0.0,A,,0.0,A,,0.0,A,,0.0,A,,0.0,A,,0.0,A,,0.0,A,,0.0,A,,0.0,A,,0.0,A,,0.0,A,,0.0,A,,0.0,A,,0.0,A,,0.0,A,,0.0,A,,0.0,A,,0.0,A,,0.0,A,,2860.0,A,,1935.0,A,,10716.0,A,,3663.0,A,,2925.0,A,,744.0,A,,4769.0,A,,2855.0,A,,3247.0,A,,4271.0,A,,3603.0,A,,2647.0,A,,1715.0,A,,1459.0,A,,1368.0,A,,55.0,A,,76.0,A,,110.0,A,,113.0,A,,3304.0,A,,8082.0,A,,5327.0,A,,3930.0,A,,2585.0,A,,2061.0,A,,2140.0,A,,1461.0,A,,2225.0,A,,3969.0,A,,4195.0,A,,3139.0,A,,2897.0,A,,3748.0,A,,3288.0,A,,4711.0,A,,5069.0,A,
99,'352,Iceland,656,'01610,"Coffee, green",5610,Import quantity,t,1720.0,A,,2050.0,A,,1760.0,A,,1810.0,A,,2030.0,A,,2018.0,A,,2264.0,A,,2059.0,A,,2343.0,A,,1922.0,A,,2155.0,A,,2105.0,A,,2128.0,A,,1923.0,A,,2216.0,A,,1941.0,A,,1620.0,A,,1818.0,A,,2410.0,A,,2077.0,A,,1876.0,A,,1983.0,A,,1794.0,A,,1888.0,A,,2121.0,A,,1547.0,A,,1884.0,A,,1508.0,A,,1106.0,A,,1127.0,A,,1041.0,A,,1044.0,A,,915.0,A,,732.0,A,,805.0,A,,678.0,A,,564.0,A,,725.0,A,,585.0,A,,611.71,A,,555.0,A,,560.0,A,,633.0,A,,651.0,A,,779.0,A,,799.0,A,,903.0,A,,837.0,A,,1319.0,A,,1148.0,A,,1036.0,A,,973.0,A,,1102.0,A,,1072.99,A,,1162.23,A,,1150.73,A,,1087.28,A,,932.8,A,,957.36,A,,1012.31,I,,946.98,I,,918.49,A,,958.17,A,,738.63,I,
99,'352,Iceland,656,'01610,"Coffee, green",5622,Import value,1000 USD,1240.0,A,,1360.0,A,,1210.0,A,,1700.0,A,,1890.0,A,,1733.0,A,,2002.0,A,,1643.0,A,,1998.0,A,,2178.0,A,,2313.0,A,,2421.0,A,,3276.0,A,,3513.0,A,,4279.0,A,,5697.0,A,,8142.0,A,,8221.0,A,,9956.0,A,,10553.0,A,,8258.0,A,,5356.0,A,,4037.0,A,,4169.0,A,,5034.0,A,,7280.0,A,,5625.0,A,,3855.0,A,,2496.0,A,,2422.0,A,,2211.0,A,,1678.0,A,,1694.0,A,,2371.0,A,,3306.0,A,,2042.0,A,,2319.0,A,,2617.0,A,,1499.0,A,,1454.0,A,,1061.0,A,,922.0,A,,1033.0,A,,1447.0,A,,2431.0,A,,2467.0,A,,3006.0,A,,3138.0,A,,4503.0,A,,4498.0,A,,6649.0,A,,5051.0,A,,4357.0,A,,4676.0,A,,5107.0,A,,4753.0,A,,4638.0,A,,3791.0,A,,3562.0,A,,3911.0,A,,4207.0,A,,5702.0,A,,5362.0,A,,4149.0,A,
99,'352,Iceland,656,'01610,"Coffee, green",5910,Export quantity,t,,,,,,,,,,,,,,,,,,,,,,,,,,,,,,,,,,,,,,,,,,,,,,,,,,,,,,,,,,,,,,,,,,,,,,,,,,,,,,,,,,,,,,,,,,,,,,,,,,,,,,,,,,,,,,,,,,,,,,,,,,,,,,,,,,,,,,,,,,,,,,,,,,,,,,,0.0,A,,0.0,A,,0.0,A,,0.05,A,,,,,0.25,A,,0.55,A,,,,,,,,0.0,A,,0.0,A,,0.64,A,,0.9,A,,0.03,I,
99,'352,Iceland,656,'01610,"Coffee, green",5922,Export value,1000 USD,,,,,,,,,,,,,,,,,,,,,,,,,,,,,,,,,,,,,,,,,,,,,,,,,,,,,,,,,,,,,,,,,,,,,,,,,,,,,,,,,,,,,,,,,,,,,,,,,,,,,,,,,,,,,,,,,,,,,,,,,,,,,,,,,,,,,,,,,,,,,,,,,,,,,,,2.0,A,,1.0,A,,6.0,A,,0.0,A,,,,,1.0,A,,12.0,A,,,,,,,,21.0,A,,26.0,A,,14.0,A,,19.0,A,,1.0,A,
100,'356,India,656,'01610,"Coffee, green",5610,Import quantity,t,0.0,A,,0.0,A,,0.0,A,,0.0,A,,0.0,A,,0.0,A,,0.0,A,,0.0,A,,0.0,A,,0.0,A,,0.0,A,,0.0,A,,0.0,A,,0.0,A,,0.0,A,,0.0,A,,0.0,A,,0.0,A,,0.0,A,,0.0,A,,0.0,A,,0.0,A,,0.0,A,,0.0,A,,0.0,A,,0.0,A,,0.0,A,,5.0,A,,0.0,A,,17.0,A,,162.0,A,,2722.0,A,,400.0,A,,351.0,A,,922.0,A,,751.0,A,,1681.0,A,,1057.0,A,,400.0,A,,790.0,A,,1141.0,A,,5092.0,X,Estimated data using trading partners database,8757.0,A,,20809.0,A,,38172.0,A,,19507.0,A,,26476.0,A,,28839.0,A,,40682.0,A,,30596.0,A,,50991.0,A,,61111.0,A,,62857.0,A,,71791.58,A,,65312.1,A,,71001.55,A,,76082.16,A,,83932.11,A,,83660.74,A,,77584.48,A,,80453.44,A,,102214.95,A,,90809.97,A,,78501.21,A,
100,'356,India,656,'01610,"Coffee, green",5622,Import value,1000 USD,0.0,A,,0.0,A,,0.0,A,,0.0,A,,0.0,A,,0.0,A,,0.0,A,,0.0,A,,0.0,A,,0.0,A,,0.0,A,,0.0,A,,0.0,A,,0.0,A,,0.0,A,,0.0,A,,0.0,A,,0.0,A,,0.0,A,,0.0,A,,0.0,A,,0.0,A,,0.0,A,,0.0,A,,0.0,A,,0.0,A,,0.0,A,,8.0,A,,0.0,A,,13.0,A,,92.0,A,,1737.0,A,,239.0,A,,1072.0,A,,2338.0,A,,998.0,A,,2374.0,A,,1315.0,A,,447.0,A,,697.0,A,,951.0,A,,2260.0,X,Estimated data using trading partners database,4583.0,A,,13048.0,A,,37730.0,A,,23595.0,A,,40928.0,A,,58525.0,A,,59600.0,A,,43749.0,A,,95034.0,A,,124248.0,A,,122577.0,A,,135701.0,A,,118653.0,A,,112013.0,A,,144427.0,A,,133645.0,A,,118550.0,A,,107074.0,A,,117143.0,A,,197013.0,A,,190133.0,A,,231509.0,A,
100,'356,India,656,'01610,"Coffee, green",5910,Export quantity,t,31950.0,A,,21178.0,A,,23633.0,A,,31566.0,A,,24674.0,A,,24131.0,A,,36013.0,A,,28235.0,A,,34036.0,A,,29555.0,A,,35062.0,A,,41994.0,A,,58057.0,A,,48520.0,A,,59746.0,A,,48391.0,A,,50432.0,A,,64256.0,A,,60759.0,A,,80381.0,A,,81217.0,A,,77801.0,A,,67400.0,A,,61675.0,A,,96687.0,A,,77487.0,A,,88333.0,A,,81460.0,A,,122800.0,A,,82961.0,A,,88796.0,A,,107654.0,A,,111043.0,A,,120574.0,A,,143795.0,A,,146772.0,A,,136183.0,A,,179605.0,A,,175829.54,A,,161508.0,A,,150943.0,A,,164689.0,A,,167495.0,A,,140613.0,A,,157208.0,A,,188058.0,A,,152610.0,A,,149624.0,A,,126330.0,A,,177926.0,A,,231087.0,A,,216703.0,A,,227677.0,A,,196012.94,A,,209419.39,A,,250414.98,A,,262769.62,A,,229986.49,A,,232663.8,A,,205809.21,A,,263401.31,A,,270299.66,A,,232176.71,A,,254486.46,A,
100,'356,India,656,'01610,"Coffee, green",5922,Export value,1000 USD,20002.0,A,,16691.0,A,,17003.0,A,,28917.0,A,,23424.0,A,,22368.0,A,,25750.0,A,,22035.0,A,,25775.0,A,,29521.0,A,,28593.0,A,,32962.0,A,,60887.0,A,,62380.0,A,,71177.0,A,,108443.0,A,,204529.0,A,,181608.0,A,,177004.0,A,,256088.0,A,,175117.0,A,,182186.0,A,,149194.0,A,,159272.0,A,,203730.0,A,,243564.0,A,,193422.0,A,,191767.0,A,,201199.0,A,,125683.0,A,,116615.0,A,,111305.0,A,,137741.0,A,,283955.0,A,,369386.0,A,,308935.0,A,,344797.0,A,,334292.0,A,,264748.0,A,,174622.0,A,,151905.0,A,,142590.0,A,,157295.0,A,,157109.0,A,,254586.0,A,,314660.0,A,,327897.0,A,,372598.0,A,,261526.0,A,,379757.0,A,,677680.0,A,,610437.0,A,,565374.0,A,,534476.0,A,,535452.0,A,,546343.0,A,,635350.0,A,,511715.0,A,,499702.0,A,,461672.0,A,,623861.0,A,,756821.0,A,,741993.0,A,,1105865.0,A,
101,'360,Indonesia,656,'01610,"Coffee, green",5610,Import quantity,t,0.0,A,,0.0,A,,0.0,A,,0.0,A,,0.0,A,,0.0,A,,0.0,A,,0.0,A,,0.0,A,,0.0,A,,0.0,A,,0.0,A,,0.0,A,,0.0,A,,14.0,A,,0.0,A,,0.0,A,,36.0,A,,16.0,A,,0.0,A,,0.0,A,,0.0,A,,0.0,A,,0.0,A,,0.0,A,,1.0,A,,0.0,A,,0.0,A,,0.0,A,,55.0,A,,1263.0,A,,1113.0,A,,1596.0,A,,863.0,A,,325.0,A,,273.0,A,,10115.0,A,,2872.0,A,,2770.0,A,,13331.26,A,,7812.0,A,,7323.0,A,,5240.0,X,Estimated data using trading partners database,4881.0,A,,1654.0,A,,5092.0,A,,47937.0,A,,5947.0,A,,13834.0,A,,19382.0,X,Estimated data using trading partners database,17618.0,A,,52180.0,A,,15196.0,A,,18572.15,A,,12035.91,A,,24658.72,A,,12152.49,A,,77815.49,A,,32309.0,I,,15453.15,A,,12914.4,A,,15047.99,A,,39974.75,A,,51428.33,A,
101,'360,Indonesia,656,'01610,"Coffee, green",5622,Import value,1000 USD,0.0,A,,0.0,A,,0.0,A,,0.0,A,,0.0,A,,0.0,A,,0.0,A,,0.0,A,,0.0,A,,0.0,A,,0.0,A,,0.0,A,,0.0,A,,0.0,A,,23.0,A,,0.0,A,,0.0,A,,60.0,A,,66.0,A,,0.0,A,,0.0,A,,2.0,A,,0.0,A,,0.0,A,,0.0,A,,1.0,A,,0.0,A,,0.0,A,,0.0,A,,93.0,A,,621.0,A,,833.0,A,,868.0,A,,1142.0,A,,1120.0,A,,461.0,A,,13731.0,A,,4049.0,A,,3090.0,A,,10665.0,A,,4650.0,A,,3699.0,A,,3758.0,A,,4697.0,A,,2055.0,A,,7666.0,A,,72708.0,A,,12738.0,A,,22208.0,A,,32240.0,A,,45519.0,A,,113009.0,A,,34278.0,A,,41287.0,A,,27440.0,A,,44173.0,A,,26801.0,A,,147151.0,A,,55733.0,A,,31483.0,A,,25341.0,A,,49866.0,A,,102897.0,A,,174333.0,A,
101,'360,Indonesia,656,'01610,"Coffee, green",5910,Export quantity,t,65500.0,A,,57200.0,A,,70800.0,A,,60370.0,A,,105090.0,A,,98500.0,A,,133061.0,A,,84700.0,A,,127100.0,A,,104413.0,A,,74309.0,A,,106989.0,A,,100830.0,A,,111857.0,A,,128400.0,A,,136272.0,A,,160368.0,A,,215864.0,A,,220192.0,A,,238677.0,A,,210595.0,A,,226985.0,A,,241223.0,A,,294463.0,A,,282671.0,A,,298124.0,A,,286247.0,A,,298858.0,A,,356961.0,A,,421627.0,A,,380122.0,A,,269176.0,A,,348984.0,A,,288958.0,A,,230066.0,A,,366473.0,A,,312960.0,A,,356904.0,A,,351047.0,A,,337599.91,A,,249202.0,A,,322758.0,A,,321180.0,A,,339880.0,A,,443366.0,A,,411721.0,A,,320600.0,A,,468019.0,A,,510189.0,A,,432781.0,A,,346092.0,A,,447064.0,A,,532157.0,A,,382774.5,A,,499651.29,A,,412528.87,A,,448905.78,I,,277475.4,A,,327261.95,I,,375670.63,A,,380347.72,A,,434298.83,A,,276335.17,A,,312900.65,A,
101,'360,Indonesia,656,'01610,"Coffee, green",5922,Export value,1000 USD,13766.0,A,,12509.0,A,,18393.0,A,,26500.0,A,,31670.0,A,,32660.0,A,,43810.0,A,,44400.0,A,,59700.0,A,,69245.0,A,,55296.0,A,,77244.0,A,,77628.0,A,,98154.0,A,,99836.0,A,,237516.0,A,,599316.0,A,,491291.0,A,,614236.0,A,,656003.0,A,,345943.0,A,,341700.0,A,,427211.0,A,,565241.0,A,,556203.0,A,,818386.0,A,,535309.0,A,,549634.0,A,,488266.0,A,,376615.0,A,,371345.0,A,,236224.0,A,,341007.0,A,,744682.0,A,,605655.0,A,,594913.0,A,,510694.0,A,,581058.0,A,,459139.0,A,,312221.0,A,,182900.0,A,,218906.0,A,,251250.0,A,,283328.0,A,,498372.0,A,,583513.0,A,,634155.0,A,,989401.0,A,,822313.0,A,,812533.0,A,,1034815.0,A,,1244147.0,A,,1166244.0,A,,1030807.0,A,,1189725.0,A,,1001068.0,A,,1175755.0,A,,809140.0,A,,872727.0,A,,809679.0,A,,843248.0,A,,1136952.0,A,,916579.0,A,,1624122.0,A,
102,'364,Iran (Islamic Republic of),656,'01610,"Coffee, green",5610,Import quantity,t,200.0,I,,256.0,A,,174.0,A,,153.0,A,,268.0,A,,200.0,I,,90.0,A,,78.0,A,,116.0,A,,96.0,A,,214.0,A,,242.0,A,,152.0,A,,475.0,A,,187.0,A,,114.0,A,,286.0,A,,159.0,A,,261.0,A,,190.0,X,Estimated data using trading partners database,375.0,A,,612.0,A,,24.0,A,,630.0,A,,3.0,A,,226.0,A,,593.0,A,,0.0,A,,0.0,A,,0.0,A,,0.0,A,,0.0,A,,0.0,A,,,,,0.0,A,,0.0,A,,0.0,X,Estimated data using trading partners database,107.0,A,,123.0,A,,135.21,A,,327.0,A,,51.0,A,,292.0,A,,465.0,A,,426.0,A,,550.0,A,,1210.0,A,,763.0,A,,3359.0,X,Estimated data using trading partners database,5659.0,A,,1487.0,A,,1227.0,X,Estimated data using trading partners database,558.0,X,Estimated data using trading partners database,2756.5,A,,3055.12,X,Estimated data using trading partners database,5778.12,A,,8123.63,A,,10319.48,A,,6915.85,X,Estimated data using trading partners database,17109.44,A,,26977.38,A,,30537.46,A,,12399.06,I,,2372.93,X,Estimated data using trading partners database
102,'364,Iran (Islamic Republic of),656,'01610,"Coffee, green",5622,Import value,1000 USD,100.0,I,,153.0,A,,95.0,A,,80.0,I,,122.0,A,,100.0,I,,57.0,A,,53.0,A,,78.0,A,,72.0,A,,155.0,A,,174.0,A,,143.0,A,,468.0,A,,194.0,A,,269.0,A,,372.0,A,,328.0,A,,877.0,A,,777.0,A,,900.0,A,,716.0,A,,57.0,A,,944.0,A,,4.0,A,,688.0,A,,1950.0,A,,0.0,A,,0.0,A,,0.0,A,,0.0,A,,0.0,A,,0.0,A,,,,,0.0,A,,0.0,A,,0.0,X,Estimated data using trading partners database,146.0,A,,128.0,A,,142.0,A,,275.0,A,,57.0,A,,216.0,A,,304.0,A,,264.0,A,,408.0,A,,2227.0,A,,1639.0,A,,5516.0,X,Estimated data using trading partners database,9437.0,A,,3083.0,A,,2103.0,X,Estimated data using trading partners database,1546.0,X,Estimated data using trading partners database,7079.0,A,,7551.0,X,Estimated data using trading partners database,14181.0,A,,19755.0,A,,26195.0,A,,18373.0,X,Estimated data using trading partners database,44230.0,A,,68872.0,A,,75694.0,A,,44022.0,X,Estimated data using trading partners database,12281.0,X,Estimated data using trading partners database
102,'364,Iran (Islamic Republic of),656,'01610,"Coffee, green",5910,Export quantity,t,0.0,A,,0.0,A,,0.0,A,,0.0,A,,0.0,A,,0.0,A,,0.0,A,,0.0,A,,0.0,A,,0.0,A,,0.0,A,,0.0,A,,51.0,A,,0.0,A,,0.0,A,,0.0,A,,0.0,A,,0.0,A,,0.0,A,,0.0,A,,0.0,A,,0.0,A,,0.0,A,,0.0,A,,0.0,A,,0.0,A,,0.0,A,,0.0,A,,0.0,A,,0.0,A,,0.0,A,,0.0,A,,0.0,A,,0.0,A,,0.0,A,,0.0,A,,0.0,E,,0.0,E,,0.0,E,,0.0,A,,0.0,A,,0.0,E,,0.0,E,,0.0,E,,275.0,A,,68.0,A,,0.0,A,,76.0,E,,76.0,E,,0.0,X,Estimated data using trading partners database,0.0,E,,0.0,E,,0.0,E,,1.73,A,,0.97,X,Estimated data using trading partners database,,,,0.08,A,,1.09,A,,4.98,X,Estimated data using trading partners database,2.57,A,,7.57,A,,7.56,A,,2.76,X,Estimated data using trading partners database,0.09,X,Estimated data using trading partners database
102,'364,Iran (Islamic Republic of),656,'01610,"Coffee, green",5922,Export value,1000 USD,0.0,A,,0.0,A,,0.0,A,,0.0,A,,0.0,A,,0.0,A,,0.0,A,,0.0,A,,0.0,A,,0.0,A,,0.0,A,,0.0,A,,57.0,A,,0.0,A,,0.0,A,,0.0,A,,0.0,A,,0.0,A,,0.0,A,,0.0,A,,0.0,A,,0.0,A,,0.0,A,,0.0,A,,0.0,A,,0.0,A,,0.0,A,,0.0,A,,0.0,A,,0.0,A,,0.0,A,,0.0,A,,0.0,A,,0.0,A,,0.0,A,,0.0,A,,0.0,E,,0.0,E,,0.0,E,,0.0,A,,0.0,A,,0.0,E,,0.0,E,,0.0,E,,107.0,A,,47.0,A,,1.0,A,,112.0,E,,112.0,E,,0.0,X,Estimated data using trading partners database,0.0,E,,0.0,E,,0.0,E,,10.0,A,,2.0,X,Estimated data using trading partners database,,,,0.0,A,,6.0,A,,26.0,X,Estimated data using trading partners database,8.0,A,,17.0,A,,20.0,A,,11.0,X,Estimated data using trading partners database,1.0,X,Estimated data using trading partners database
103,'368,Iraq,656,'01610,"Coffee, green",5610,Import quantity,t,670.0,A,,860.0,A,,800.0,A,,770.0,A,,880.0,A,,1087.0,A,,658.0,A,,952.0,A,,707.0,A,,800.0,I,,701.0,A,,724.0,A,,1240.0,A,,849.0,A,,255.0,A,,251.0,A,,0.0,A,,0.0,A,,0.0,A,,586.0,A,,220.0,A,,1300.0,X,Estimated data using trading partners database,827.0,A,,1231.0,A,,1000.0,X,Estimated data using trading partners database,1139.0,A,,498.0,A,,2000.0,X,Estimated data using trading partners database,600.0,X,Estimated data using trading partners database,500.0,X,Estimated data using trading partners database,0.0,A,,0.0,A,,650.0,I,,1500.0,I,,500.0,I,,600.0,I,,29.0,X,Estimated data using trading partners database,600.0,E,,600.0,E,,600.0,E,,600.0,E,,39.0,X,Estimated data using trading partners database,40.0,X,Estimated data using trading partners database,20.0,X,Estimated data using trading partners database,178.0,X,Estimated data using trading partners database,27.0,X,Estimated data using trading partners database,10.0,X,Estimated data using trading partners database,27.0,X,Estimated data using trading partners database,29.0,X,Estimated data using trading partners database,29.0,E,,28.0,X,Estimated data using trading partners database,11.0,X,Estimated data using trading partners database,11.0,E,,643.5,A,,92.29,X,Estimated data using trading partners database,28.55,X,Estimated data using trading partners database,158.26,X,Estimated data using trading partners database,28.92,X,Estimated data using trading partners database,438.14,X,Estimated data using trading partners database,852.49,X,Estimated data using trading partners database,1080.9,X,Estimated data using trading partners database,662.01,X,Estimated data using trading partners database,1506.84,X,Estimated data using trading partners database,738.88,X,Estimated data using trading partners database
103,'368,Iraq,656,'01610,"Coffee, green",5622,Import value,1000 USD,510.0,A,,650.0,A,,560.0,A,,570.0,A,,770.0,A,,861.0,A,,517.0,A,,741.0,A,,628.0,A,,710.0,I,,620.0,A,,656.0,A,,1565.0,A,,1373.0,A,,313.0,A,,925.0,A,,0.0,A,,0.0,A,,0.0,A,,3240.0,A,,897.0,A,,3850.0,X,Estimated data using trading partners database,2045.0,A,,3121.0,A,,3000.0,I,,7196.0,A,,1112.0,A,,5000.0,X,Estimated data using trading partners database,1600.0,X,Estimated data using trading partners database,1000.0,I,,0.0,A,,0.0,A,,700.0,I,,1700.0,I,,750.0,I,,800.0,I,,58.0,X,Estimated data using trading partners database,800.0,E,,800.0,E,,800.0,E,,800.0,E,,22.0,X,Estimated data using trading partners database,43.0,X,Estimated data using trading partners database,29.0,X,Estimated data using trading partners database,150.0,X,Estimated data using trading partners database,37.0,X,Estimated data using trading partners database,90.0,X,Estimated data using trading partners database,50.0,X,Estimated data using trading partners database,152.0,X,Estimated data using trading partners database,152.0,E,,64.0,X,Estimated data using trading partners database,137.0,X,Estimated data using trading partners database,137.0,E,,397.0,A,,433.0,X,Estimated data using trading partners database,94.0,X,Estimated data using trading partners database,682.0,X,Estimated data using trading partners database,132.0,X,Estimated data using trading partners database,1255.0,X,Estimated data using trading partners database,2324.0,X,Estimated data using trading partners database,3525.0,X,Estimated data using trading partners database,2802.0,X,Estimated data using trading partners database,6165.0,X,Estimated data using trading partners database,3641.0,X,Estimated data using trading partners database
103,'368,Iraq,656,'01610,"Coffee, green",5910,Export quantity,t,,,,,,,,,,,,,,,,,,,,,,,,,,,,,,,,,,,,,,,,,,,,,,,,,,,,,,,,,,,,,,,,,,,,,,,,,,,,,,,,,,,,,,,,,,,,,,,,,,,,,,,,,,,,,,,,,,,,,,,,,,,,,,,,,,,,,,,,,,,,,,,,,,,,,,,,,,,,,,,,,,,,,,,,,2.9,X,Estimated data using trading partners database,0.0,X,Estimated data using trading partners database,,,,0.0,X,Estimated data using trading partners database,0.41,X,Estimated data using trading partners database,0.0,X,Estimated data using trading partners database,0.52,X,Estimated data using trading partners database,0.13,X,Estimated data using trading partners database
103,'368,Iraq,656,'01610,"Coffee, green",5922,Export value,1000 USD,,,,,,,,,,,,,,,,,,,,,,,,,,,,,,,,,,,,,,,,,,,,,,,,,,,,,,,,,,,,,,,,,,,,,,,,,,,,,,,,,,,,,,,,,,,,,,,,,,,,,,,,,,,,,,,,,,,,,,,,,,,,,,,,,,,,,,,,,,,,,,,,,,,,,,,,,,,,,,,,,,,,,,,,,7.0,X,Estimated data using trading partners database,0.0,X,Estimated data using trading partners database,,,,0.0,X,Estimated data using trading partners database,4.0,X,Estimated data using trading partners database,0.0,X,Estimated data using trading partners database,6.0,X,Estimated data using trading partners database,1.0,X,Estimated data using trading partners database
104,'372,Ireland,656,'01610,"Coffee, green",5610,Import quantity,t,677.0,A,,409.0,A,,437.0,A,,440.0,A,,342.0,A,,462.0,A,,441.0,A,,443.0,A,,451.0,A,,419.0,A,,425.0,A,,479.0,A,,347.0,A,,474.0,A,,422.0,A,,521.0,A,,306.0,A,,372.0,A,,370.0,A,,439.0,A,,438.0,A,,528.0,A,,539.0,A,,691.0,A,,530.0,A,,655.0,A,,730.0,A,,865.0,A,,927.0,A,,986.0,A,,1473.0,A,,1854.0,A,,1299.0,A,,2036.0,A,,1599.0,A,,1258.0,A,,1953.0,A,,1882.0,A,,2826.0,A,,3094.0,A,,3457.0,A,,3791.0,A,,5383.0,A,,4864.0,A,,5006.0,A,,5094.0,A,,5033.0,A,,3101.0,A,,2574.0,A,,2562.0,A,,4916.0,A,,5277.0,A,,4703.0,A,,5863.62,A,,8230.37,A,,10565.03,A,,12518.69,A,,12017.92,A,,11003.19,A,,9667.19,A,,6714.2,A,,9235.12,A,,8472.43,A,,7967.6,A,
104,'372,Ireland,656,'01610,"Coffee, green",5622,Import value,1000 USD,507.0,A,,278.0,A,,353.0,A,,411.0,A,,306.0,A,,421.0,A,,384.0,A,,380.0,A,,378.0,A,,387.0,A,,448.0,A,,446.0,A,,503.0,A,,673.0,A,,547.0,A,,1014.0,A,,1490.0,A,,1568.0,A,,1487.0,A,,2009.0,A,,1363.0,A,,1689.0,A,,1566.0,A,,2136.0,A,,1838.0,A,,3362.0,A,,3304.0,A,,3643.0,A,,3592.0,A,,3076.0,A,,5451.0,A,,6635.0,A,,2753.0,A,,5737.0,A,,5312.0,A,,5522.0,A,,8300.0,A,,7778.0,A,,10718.0,A,,9078.0,A,,9168.0,A,,8656.0,A,,12825.0,A,,15325.0,A,,17835.0,A,,17848.0,A,,18205.0,A,,15846.0,A,,18506.0,A,,16346.0,A,,28391.0,A,,25743.0,A,,26238.0,A,,30927.0,A,,37023.0,A,,43987.0,A,,53660.0,A,,53772.0,A,,49395.0,A,,37193.0,A,,30616.0,A,,51847.0,A,,48884.0,A,,44551.0,A,
104,'372,Ireland,656,'01610,"Coffee, green",5910,Export quantity,t,0.0,A,,0.0,A,,0.0,A,,0.0,A,,0.0,A,,0.0,A,,0.0,A,,0.0,A,,0.0,A,,0.0,A,,0.0,A,,0.0,A,,3.0,A,,6.0,A,,0.0,A,,0.0,A,,1.0,A,,0.0,A,,8.0,A,,2.0,A,,0.0,A,,74.0,A,,45.0,A,,0.0,A,,0.0,A,,7.0,A,,2.0,A,,159.0,A,,20.0,A,,82.0,A,,81.0,A,,103.0,A,,27.0,A,,10.0,A,,2.0,A,,1.0,A,,2.0,A,,34.0,A,,20.0,A,,72.0,A,,99.0,A,,83.0,A,,93.0,A,,128.0,A,,78.0,A,,837.0,A,,59.0,A,,152.0,A,,115.0,A,,101.0,A,,122.0,A,,54.0,A,,25.0,A,,24.7,A,,134.11,A,,99.82,A,,168.47,A,,164.09,A,,289.57,A,,161.13,A,,84.22,A,,180.98,A,,545.6,A,,492.89,A,
104,'372,Ireland,656,'01610,"Coffee, green",5922,Export value,1000 USD,0.0,A,,0.0,A,,0.0,A,,0.0,A,,0.0,A,,0.0,A,,0.0,A,,0.0,A,,0.0,A,,0.0,A,,0.0,A,,0.0,A,,7.0,A,,12.0,A,,0.0,A,,0.0,A,,7.0,A,,0.0,A,,66.0,A,,35.0,A,,0.0,A,,179.0,A,,87.0,A,,0.0,A,,0.0,A,,50.0,A,,17.0,A,,1673.0,A,,128.0,A,,409.0,A,,410.0,A,,401.0,A,,294.0,A,,91.0,A,,9.0,A,,25.0,A,,17.0,A,,252.0,A,,192.0,A,,551.0,A,,837.0,A,,636.0,A,,691.0,A,,1188.0,A,,894.0,A,,8597.0,A,,1281.0,A,,2528.0,A,,1924.0,A,,2452.0,A,,3251.0,A,,1019.0,A,,539.0,A,,645.0,A,,1426.0,A,,1286.0,A,,1901.0,A,,1846.0,A,,5458.0,A,,2174.0,A,,973.0,A,,1642.0,A,,4548.0,A,,3896.0,A,
105,'376,Israel,656,'01610,"Coffee, green",5610,Import quantity,t,4420.0,A,,5070.0,A,,5450.0,A,,6950.0,A,,5040.0,A,,6324.0,A,,7000.0,A,,8119.0,A,,7768.0,A,,8120.0,A,,6782.0,A,,6476.0,A,,8441.0,A,,7038.0,A,,10570.0,A,,17566.0,A,,9401.0,A,,11736.0,A,,11611.0,A,,9076.0,A,,12590.0,A,,12374.0,A,,17799.0,A,,15375.0,A,,16259.0,A,,15230.0,A,,13989.0,A,,20090.0,A,,15500.0,X,Estimated data using trading partners database,16362.0,A,,18313.0,A,,22900.0,A,,21400.0,A,,21300.0,A,,34000.0,I,,20600.0,X,Estimated data using trading partners database,19000.0,I,,24000.0,I,,21725.0,A,,18011.17,I,,21199.0,X,Estimated data using trading partners database,16836.0,A,,18962.0,X,Estimated data using trading partners database,18980.0,A,,20834.0,A,,23204.0,A,,25737.0,X,Estimated data using trading partners database,25460.0,A,,22301.0,A,,26787.0,A,,21833.0,A,,27527.0,A,,28440.0,A,,16724.87,A,,21045.76,A,,20142.57,I,,19501.21,A,,22562.39,I,,21890.5,I,,20060.18,I,,23388.24,I,,22192.54,I,,17102.75,I,,20497.09,I,
105,'376,Israel,656,'01610,"Coffee, green",5622,Import value,1000 USD,2210.0,A,,2680.0,A,,3260.0,A,,5510.0,A,,3621.0,A,,5134.0,A,,5203.0,A,,5902.0,A,,5711.0,A,,7041.0,A,,6258.0,A,,5515.0,A,,8757.0,A,,13028.0,A,,13256.0,A,,20613.0,A,,42246.0,A,,41801.0,A,,41707.0,A,,43647.0,A,,33588.0,A,,33004.0,A,,24439.0,A,,24230.0,A,,30543.0,A,,53394.0,A,,40405.0,A,,45198.0,A,,32742.0,A,,28476.0,A,,29603.0,A,,26433.0,A,,24738.0,A,,43124.0,A,,71338.0,A,,52637.0,A,,49158.0,A,,51412.0,A,,42000.0,A,,29548.0,A,,25082.0,A,,17521.0,A,,21107.0,A,,22395.0,A,,31251.0,A,,37463.0,A,,47647.0,A,,63987.0,A,,47865.0,A,,61189.0,A,,72261.0,A,,82691.0,A,,74207.0,A,,46042.0,A,,57615.0,A,,49476.0,A,,54938.0,A,,56748.0,A,,50224.0,A,,47792.0,A,,64079.0,A,,86547.0,A,,65671.0,A,,86299.0,A,
105,'376,Israel,656,'01610,"Coffee, green",5910,Export quantity,t,0.0,A,,0.0,A,,0.0,A,,0.0,A,,0.0,A,,2.0,A,,0.0,A,,2.0,A,,0.0,A,,3.0,A,,0.0,A,,0.0,A,,0.0,A,,0.0,A,,0.0,A,,5.0,X,Estimated data using trading partners database,0.0,A,,9.0,A,,700.0,A,,37.0,A,,16.0,X,Estimated data using trading partners database,40.0,X,Estimated data using trading partners database,250.0,X,Estimated data using trading partners database,150.0,X,Estimated data using trading partners database,1900.0,X,Estimated data using trading partners database,620.0,X,Estimated data using trading partners database,25.0,X,Estimated data using trading partners database,1648.0,A,,260.0,I,,15.0,X,Estimated data using trading partners database,2.0,I,,50.0,I,,6.0,I,,1300.0,I,,450.0,I,,170.0,I,,1700.0,I,,500.0,I,,730.0,I,,418.57,I,,594.0,X,Estimated data using trading partners database,153.0,X,Estimated data using trading partners database,107.0,X,Estimated data using trading partners database,275.0,A,,291.0,X,Estimated data using trading partners database,277.0,A,,75.0,X,Estimated data using trading partners database,98.0,X,Estimated data using trading partners database,140.0,X,Estimated data using trading partners database,125.0,A,,140.0,A,,77.0,X,Estimated data using trading partners database,70.0,A,,87.98,I,,195.03,I,,21.76,I,,79.56,I,,119.48,I,,178.56,I,,50.19,I,,95.86,I,,50.72,I,,25.7,I,,10.53,I,
105,'376,Israel,656,'01610,"Coffee, green",5922,Export value,1000 USD,0.0,A,,0.0,A,,0.0,A,,0.0,A,,0.0,A,,4.0,A,,0.0,A,,2.0,A,,0.0,A,,4.0,A,,0.0,A,,0.0,A,,0.0,A,,0.0,A,,0.0,A,,14.0,A,,0.0,A,,38.0,A,,1756.0,A,,219.0,A,,81.0,A,,204.0,A,,1168.0,A,,725.0,A,,9654.0,A,,3419.0,A,,91.0,A,,3461.0,A,,473.0,A,,19.0,A,,3.0,A,,61.0,A,,8.0,A,,1845.0,A,,915.0,A,,347.0,A,,3627.0,A,,1056.0,A,,1522.0,A,,535.0,A,,759.0,A,,195.0,A,,129.0,A,,295.0,A,,339.0,A,,553.0,A,,151.0,A,,356.0,A,,649.0,A,,626.0,A,,699.0,A,,372.0,A,,363.0,A,,498.0,A,,1053.0,A,,108.0,A,,432.0,A,,569.0,A,,777.0,A,,231.0,A,,519.0,A,,380.0,A,,182.0,A,,86.0,A,
106,'380,Italy,656,'01610,"Coffee, green",5610,Import quantity,t,105216.0,A,,111891.0,A,,116797.0,A,,119415.0,A,,120408.0,A,,123681.0,A,,145379.0,A,,152071.0,A,,155612.0,A,,164627.0,A,,177084.0,A,,176082.0,A,,200954.0,A,,201476.0,A,,201393.0,A,,211884.0,A,,181523.0,A,,193212.0,A,,225349.0,A,,219905.0,A,,225295.0,A,,245885.0,A,,246152.0,A,,223181.0,A,,281158.0,A,,251642.0,A,,263887.0,A,,257290.0,A,,268380.0,A,,306576.0,A,,269921.0,A,,266961.0,A,,325457.0,A,,317494.0,A,,309442.0,A,,317512.0,A,,324294.0,A,,334152.0,A,,335619.0,A,,357445.0,A,,369039.0,A,,368318.0,A,,389835.0,A,,395217.0,A,,408741.0,A,,424345.0,A,,451873.0,A,,456604.0,A,,456987.0,A,,469482.0,A,,473431.0,A,,497261.0,A,,505675.0,A,,534509.3,A,,533179.92,A,,580273.85,A,,569916.32,A,,606995.25,A,,615971.96,A,,566783.31,A,,619475.63,A,,674447.65,A,,645877.35,A,,654895.71,A,
106,'380,Italy,656,'01610,"Coffee, green",5622,Import value,1000 USD,65506.0,A,,66817.0,A,,71979.0,A,,86291.0,A,,95776.0,A,,96330.0,A,,109225.0,A,,110528.0,A,,114617.0,A,,139672.0,A,,148236.0,A,,160901.0,A,,222780.0,A,,263700.0,A,,274936.0,A,,408955.0,A,,730531.0,A,,680121.0,A,,798384.0,A,,826534.0,A,,605293.0,A,,621578.0,A,,648771.0,A,,652224.0,A,,818429.0,A,,956025.0,A,,751293.0,A,,673407.0,A,,651291.0,A,,532753.0,A,,445846.0,A,,373215.0,A,,442336.0,A,,697240.0,A,,1051585.0,A,,809664.0,A,,856366.0,A,,867343.0,A,,675000.0,A,,599887.0,A,,455299.0,A,,374366.0,A,,435635.0,A,,489437.0,A,,683377.0,A,,814349.0,A,,1002450.0,A,,1248588.0,A,,1105342.0,A,,1155640.0,A,,1762072.0,A,,1716917.0,A,,1453493.0,A,,1475731.0,A,,1565333.0,A,,1445934.0,A,,1561191.0,A,,1501809.0,A,,1349205.0,A,,1234563.0,A,,1438837.0,A,,2305203.0,A,,2165118.0,A,,2766539.0,A,
106,'380,Italy,656,'01610,"Coffee, green",5910,Export quantity,t,2.0,A,,0.0,A,,21.0,A,,152.0,A,,111.0,A,,205.0,A,,129.0,A,,107.0,A,,136.0,A,,129.0,A,,470.0,A,,525.0,A,,463.0,A,,250.0,A,,52.0,A,,46.0,A,,21.0,A,,338.0,A,,92.0,A,,348.0,A,,368.0,A,,688.0,A,,539.0,A,,163.0,A,,13.0,A,,51.0,A,,642.0,A,,411.0,A,,1021.0,A,,3092.0,A,,397.0,A,,1006.0,A,,2474.0,A,,3334.0,A,,2219.0,A,,3251.0,A,,3827.0,A,,3966.0,A,,5058.0,A,,7431.0,A,,7650.0,A,,4552.0,X,Estimated data using trading partners database,4289.0,A,,5598.0,A,,6320.0,A,,6695.0,A,,6400.0,A,,6574.0,A,,6738.0,A,,7537.0,A,,7953.0,A,,12918.0,A,,9995.0,A,,8350.63,A,,8214.47,A,,11654.9,A,,10107.66,A,,11587.76,A,,13414.49,A,,13977.79,A,,13392.54,A,,13951.03,A,,12269.25,A,,12993.32,A,
106,'380,Italy,656,'01610,"Coffee, green",5922,Export value,1000 USD,4.0,A,,1.0,A,,23.0,A,,216.0,A,,148.0,A,,241.0,A,,142.0,A,,110.0,A,,127.0,A,,145.0,A,,565.0,A,,577.0,A,,781.0,A,,480.0,A,,96.0,A,,127.0,A,,129.0,A,,1311.0,A,,315.0,A,,1828.0,A,,1164.0,A,,2286.0,A,,1566.0,A,,480.0,A,,39.0,A,,303.0,A,,2080.0,A,,1626.0,A,,3033.0,A,,8129.0,A,,1175.0,A,,2134.0,A,,4067.0,A,,9026.0,A,,9795.0,A,,11307.0,A,,13509.0,A,,13336.0,A,,12441.0,A,,14381.0,A,,13515.0,A,,9552.0,A,,12983.0,A,,23819.0,A,,26649.0,A,,24325.0,A,,28192.0,A,,30897.0,A,,27779.0,A,,31077.0,A,,40467.0,A,,56297.0,A,,40097.0,A,,32910.0,A,,33107.0,A,,40823.0,A,,44601.0,A,,48517.0,A,,47032.0,A,,50295.0,A,,55346.0,A,,72381.0,A,,67300.0,A,,77353.0,A,
109,'388,Jamaica,656,'01610,"Coffee, green",5610,Import quantity,t,0.0,A,,0.0,A,,2.0,A,,5.0,A,,0.0,A,,15.0,A,,164.0,A,,64.0,A,,603.0,A,,515.0,A,,996.0,A,,804.0,A,,474.0,A,,52.0,A,,782.0,A,,382.0,A,,61.0,A,,220.0,A,,53.0,A,,0.0,A,,0.0,A,,0.0,A,,0.0,A,,0.0,A,,28.0,A,,0.0,A,,81.0,A,,3.0,A,,226.0,A,,202.0,A,,129.0,A,,210.0,A,,156.0,A,,175.0,A,,182.0,A,,262.0,A,,20.0,A,,680.0,X,Estimated data using trading partners database,38.0,A,,120.0,X,Estimated data using trading partners database,36.0,A,,82.0,X,Estimated data using trading partners database,152.0,X,Estimated data using trading partners database,41.0,A,,254.0,A,,490.0,X,Estimated data using trading partners database,233.0,A,,244.0,A,,215.0,A,,326.0,A,,453.0,X,Estimated data using trading partners database,415.0,A,,338.0,A,,451.39,A,,543.34,A,,483.19,A,,563.32,A,,513.03,A,,530.81,A,,188.34,A,,248.66,A,,509.96,A,,472.16,A,,248.23,X,Estimated data using trading partners database
109,'388,Jamaica,656,'01610,"Coffee, green",5622,Import value,1000 USD,0.0,A,,0.0,A,,0.0,A,,1.0,A,,0.0,A,,12.0,A,,134.0,A,,33.0,A,,380.0,A,,472.0,A,,798.0,A,,627.0,A,,500.0,A,,85.0,A,,741.0,A,,427.0,A,,105.0,A,,646.0,A,,152.0,A,,0.0,A,,0.0,A,,0.0,A,,0.0,A,,0.0,A,,334.0,A,,0.0,A,,359.0,A,,34.0,A,,581.0,A,,423.0,A,,240.0,A,,313.0,A,,495.0,A,,648.0,A,,760.0,A,,749.0,A,,253.0,A,,1700.0,X,Estimated data using trading partners database,357.0,A,,1600.0,I,,117.0,A,,149.0,X,Estimated data using trading partners database,416.0,X,Estimated data using trading partners database,88.0,A,,721.0,A,,890.0,X,Estimated data using trading partners database,805.0,A,,1295.0,A,,838.0,A,,1336.0,A,,2859.0,X,Estimated data using trading partners database,2010.0,A,,1681.0,A,,2256.0,A,,2773.0,A,,1841.0,A,,2091.0,A,,1739.0,A,,1758.0,A,,945.0,A,,1060.0,A,,2844.0,A,,1946.0,A,,1509.0,X,Estimated data using trading partners database
109,'388,Jamaica,656,'01610,"Coffee, green",5910,Export quantity,t,791.0,A,,948.0,A,,933.0,A,,983.0,A,,680.0,A,,553.0,A,,569.0,A,,631.0,A,,470.0,A,,698.0,A,,821.0,A,,686.0,A,,838.0,A,,856.0,A,,981.0,A,,961.0,A,,1018.0,A,,596.0,A,,686.0,A,,894.0,A,,837.0,A,,1067.0,A,,1066.0,A,,1328.0,A,,803.0,A,,748.0,A,,910.0,A,,1041.0,A,,915.0,A,,796.0,A,,904.0,A,,1318.0,A,,1375.0,A,,952.0,A,,1522.0,A,,1631.0,A,,1719.0,A,,1000.0,X,Estimated data using trading partners database,1434.0,A,,1500.0,E,,1639.0,A,,1812.0,X,Estimated data using trading partners database,3085.0,X,Estimated data using trading partners database,1838.0,A,,753.0,A,,1492.0,X,Estimated data using trading partners database,1183.0,A,,1135.0,A,,1349.0,A,,820.0,A,,1015.0,X,Estimated data using trading partners database,602.0,A,,706.0,A,,472.95,A,,558.01,A,,531.47,A,,499.75,A,,522.4,A,,445.05,A,,589.04,A,,631.62,A,,667.19,A,,762.9,A,,718.42,X,Estimated data using trading partners database
109,'388,Jamaica,656,'01610,"Coffee, green",5922,Export value,1000 USD,710.0,A,,832.0,A,,757.0,A,,867.0,A,,699.0,A,,576.0,A,,640.0,A,,784.0,A,,634.0,A,,1080.0,A,,1452.0,A,,1477.0,A,,1937.0,A,,2593.0,I,,3428.0,A,,4164.0,A,,6180.0,A,,2949.0,A,,2822.0,A,,4765.0,A,,5452.0,A,,7139.0,A,,9834.0,A,,8254.0,A,,6769.0,A,,6707.0,A,,8337.0,A,,9181.0,A,,9600.0,A,,9192.0,A,,12438.0,A,,16283.0,A,,19113.0,A,,16170.0,A,,26264.0,A,,30387.0,A,,33592.0,A,,18000.0,X,Estimated data using trading partners database,26213.0,A,,26600.0,E,,29896.0,A,,29564.0,X,Estimated data using trading partners database,31876.0,X,Estimated data using trading partners database,38855.0,A,,15794.0,A,,28111.0,X,Estimated data using trading partners database,27799.0,A,,26863.0,A,,33941.0,A,,19625.0,A,,17958.0,X,Estimated data using trading partners database,14019.0,A,,16780.0,A,,13740.0,A,,25510.0,A,,27700.0,A,,20052.0,A,,14829.0,A,,12062.0,A,,15887.0,A,,17267.0,A,,20637.0,A,,25434.0,A,,21508.0,X,Estimated data using trading partners database
110,'392,Japan,656,'01610,"Coffee, green",5610,Import quantity,t,15160.0,A,,15410.0,A,,17370.0,A,,21880.0,A,,18690.0,A,,46200.0,A,,40795.0,A,,45379.0,A,,59212.0,A,,81414.0,A,,68520.0,A,,99818.0,A,,130666.0,A,,85577.0,A,,109409.0,A,,147469.0,A,,133835.0,A,,101560.0,A,,174703.0,A,,174747.0,A,,175044.0,A,,185636.0,A,,204012.0,A,,223083.0,A,,231193.0,A,,242519.0,A,,270240.0,A,,263865.0,A,,284069.0,A,,291339.0,A,,301050.0,A,,293421.0,A,,312524.0,A,,345280.0,A,,300563.0,A,,326914.0,A,,325233.0,A,,332386.0,A,,363418.0,A,,382229.7,A,,381745.0,A,,400771.0,A,,377647.0,A,,400977.0,A,,413264.0,A,,422696.0,A,,389818.0,A,,387538.0,A,,390938.0,A,,410530.0,A,,416805.0,A,,379982.0,A,,457087.0,A,,409371.99,A,,435261.04,A,,435140.11,A,,406330.14,A,,401144.06,A,,436545.99,A,,391611.22,A,,402099.98,A,,390032.53,A,,355651.55,A,,360287.04,A,
110,'392,Japan,656,'01610,"Coffee, green",5622,Import value,1000 USD,10690.0,A,,10130.0,A,,11530.0,A,,15290.0,A,,14010.0,A,,29181.0,A,,26413.0,A,,27796.0,A,,35487.0,A,,55972.0,A,,43184.0,A,,64896.0,A,,119956.0,A,,125428.0,A,,151605.0,A,,338966.0,A,,661153.0,A,,363283.0,A,,621226.0,A,,668153.0,A,,462675.0,A,,523898.0,A,,567723.0,A,,686551.0,A,,681835.0,A,,1029272.0,A,,723765.0,A,,744069.0,A,,768487.0,A,,530389.0,A,,576999.0,A,,471332.0,A,,513294.0,A,,943966.0,A,,1096444.0,A,,901092.0,A,,1073320.0,A,,1023562.0,A,,833918.0,A,,785442.0,A,,543812.0,A,,527314.0,A,,538581.0,A,,636077.0,A,,918207.0,A,,973579.0,A,,998200.0,A,,1186152.0,A,,1081274.0,A,,1327607.0,A,,1958676.0,A,,1592360.0,A,,1485812.0,A,,1342618.0,A,,1487413.0,A,,1318864.0,A,,1330092.0,A,,1154893.0,A,,1149308.0,A,,1061674.0,A,,1197257.0,A,,1636075.0,A,,1444327.0,A,,1612395.0,A,
110,'392,Japan,656,'01610,"Coffee, green",5910,Export quantity,t,0.0,A,,60.0,A,,360.0,A,,100.0,A,,200.0,A,,19.0,A,,0.0,A,,0.0,A,,3.0,A,,5.0,A,,0.0,A,,0.0,A,,0.0,A,,7.0,A,,1.0,A,,0.0,A,,0.0,A,,6.0,A,,6.0,A,,0.0,A,,0.0,A,,0.0,A,,0.0,A,,0.0,A,,0.0,A,,0.0,A,,0.0,A,,0.0,A,,0.0,A,,1.0,A,,0.0,X,Estimated data using trading partners database,0.0,A,,0.0,A,,0.0,E,,0.0,E,,0.0,E,,0.0,E,,0.0,E,,1.0,A,,6.0,A,,2.0,A,,111.0,A,,93.0,A,,8.0,A,,141.0,A,,29.0,A,,64.0,A,,19.0,A,,137.0,A,,17.0,X,Estimated data using trading partners database,19.0,A,,15.0,A,,20.0,A,,1.38,A,,4.13,A,,130.58,I,,5.24,I,,0.81,A,,0.53,A,,3.29,A,,2.12,A,,1.58,A,,286.81,A,,4.84,A,
110,'392,Japan,656,'01610,"Coffee, green",5922,Export value,1000 USD,0.0,A,,60.0,A,,190.0,A,,50.0,A,,90.0,A,,14.0,A,,1.0,A,,1.0,A,,4.0,A,,8.0,A,,0.0,A,,0.0,A,,0.0,A,,15.0,A,,3.0,A,,1.0,A,,0.0,A,,48.0,A,,27.0,A,,2.0,A,,0.0,A,,0.0,A,,0.0,A,,0.0,A,,0.0,A,,0.0,A,,0.0,A,,0.0,A,,0.0,A,,6.0,A,,0.0,X,Estimated data using trading partners database,0.0,A,,0.0,A,,0.0,E,,0.0,E,,0.0,E,,0.0,E,,0.0,E,,4.0,A,,24.0,A,,5.0,A,,231.0,A,,212.0,A,,47.0,A,,366.0,A,,94.0,A,,188.0,A,,76.0,A,,363.0,A,,113.0,A,,160.0,A,,150.0,A,,45.0,A,,10.0,A,,32.0,A,,643.0,A,,34.0,A,,16.0,A,,48.0,A,,54.0,A,,145.0,A,,16.0,A,,1451.0,A,,120.0,A,
112,'400,Jordan,656,'01610,"Coffee, green",5610,Import quantity,t,1360.0,A,,1434.0,A,,1746.0,A,,1470.0,A,,1824.0,A,,2043.0,A,,2616.0,A,,2307.0,A,,2782.0,A,,2966.0,A,,3033.0,A,,2539.0,A,,2722.0,A,,1226.0,A,,2074.0,A,,1158.0,A,,1273.0,A,,1619.0,A,,1925.0,A,,1783.0,A,,2627.0,A,,2640.0,A,,2277.0,A,,1906.0,A,,1298.0,A,,1879.0,A,,2903.0,A,,3999.0,A,,2830.0,A,,2791.0,A,,3495.0,A,,6023.0,A,,2520.0,A,,2433.0,A,,4288.0,A,,230.0,A,,5490.0,A,,7332.0,A,,6721.0,A,,9577.83,A,,8891.0,A,,10771.0,A,,7966.0,A,,10875.0,A,,8192.0,A,,9495.0,A,,12285.0,A,,13598.0,A,,17324.0,A,,15517.0,A,,12339.0,A,,15160.0,A,,21699.0,A,,19034.38,A,,18512.78,A,,19946.5,A,,25859.45,A,,31271.77,A,,30322.81,A,,31102.5,I,,29795.6,I,,19222.39,I,,35478.54,I,,29590.01,X,Estimated data using trading partners database
112,'400,Jordan,656,'01610,"Coffee, green",5622,Import value,1000 USD,950.0,A,,991.0,A,,1127.0,A,,1185.0,A,,1463.0,A,,1572.0,A,,1775.0,A,,1646.0,A,,1997.0,A,,1988.0,A,,2266.0,A,,2000.0,A,,3537.0,A,,1868.0,A,,3033.0,A,,2544.0,A,,5768.0,A,,5816.0,A,,6611.0,A,,6517.0,A,,6906.0,A,,4781.0,A,,3914.0,A,,3325.0,A,,2646.0,A,,6689.0,A,,7736.0,A,,8519.0,A,,4340.0,A,,3688.0,A,,4544.0,A,,7260.0,A,,3181.0,A,,6147.0,A,,13389.0,A,,512.0,A,,11490.0,A,,14840.0,A,,11409.0,A,,13156.0,A,,7524.0,A,,7304.0,A,,6274.0,A,,7708.0,A,,8632.0,A,,11928.0,A,,16852.0,A,,35683.0,A,,40009.0,A,,40479.0,A,,41092.0,A,,52478.0,A,,61307.0,A,,49195.0,A,,62496.0,A,,62471.0,A,,79614.0,A,,98124.0,A,,79092.0,A,,84241.0,A,,92807.0,A,,85224.0,A,,154874.0,A,,140863.0,X,Estimated data using trading partners database
112,'400,Jordan,656,'01610,"Coffee, green",5910,Export quantity,t,0.0,A,,0.0,A,,0.0,A,,0.0,A,,0.0,A,,0.0,A,,0.0,A,,0.0,A,,0.0,A,,104.0,A,,0.0,A,,475.0,A,,346.0,A,,526.0,A,,463.0,A,,391.0,A,,1146.0,A,,1440.0,A,,1262.0,A,,844.0,A,,2981.0,A,,3183.0,A,,1044.0,A,,179.0,A,,228.0,A,,0.0,A,,35.0,A,,464.0,A,,254.0,A,,40.0,A,,226.0,A,,698.0,A,,270.0,A,,423.0,A,,1838.0,A,,381.0,A,,1142.0,A,,960.0,A,,977.0,A,,1029.09,A,,1650.0,A,,448.0,A,,379.0,A,,497.0,A,,199.0,A,,455.0,A,,223.0,A,,526.0,A,,1611.0,A,,809.0,A,,3040.0,A,,3230.0,A,,3745.0,A,,2283.43,A,,1048.54,A,,1257.49,A,,857.52,A,,484.15,A,,1144.34,A,,580.87,I,,711.62,I,,1126.11,I,,2276.02,I,,284.76,X,Estimated data using trading partners database
112,'400,Jordan,656,'01610,"Coffee, green",5922,Export value,1000 USD,0.0,A,,0.0,A,,0.0,A,,0.0,A,,0.0,A,,0.0,A,,0.0,A,,0.0,A,,0.0,A,,87.0,A,,0.0,A,,344.0,A,,282.0,A,,660.0,A,,562.0,A,,699.0,A,,4452.0,A,,7362.0,A,,5237.0,A,,3499.0,A,,8610.0,A,,7307.0,A,,2159.0,A,,269.0,A,,430.0,A,,0.0,A,,105.0,A,,906.0,A,,399.0,A,,65.0,A,,274.0,A,,807.0,A,,354.0,A,,1611.0,A,,6014.0,A,,939.0,A,,2740.0,A,,2242.0,A,,1695.0,A,,2097.0,A,,1436.0,A,,312.0,A,,360.0,A,,383.0,A,,372.0,A,,511.0,A,,390.0,A,,1138.0,A,,3791.0,A,,2617.0,A,,11002.0,A,,10098.0,A,,9880.0,A,,5381.0,A,,2882.0,A,,3311.0,A,,2717.0,A,,1414.0,A,,2410.0,A,,1293.0,A,,1863.0,A,,4080.0,A,,7794.0,A,,1107.0,X,Estimated data using trading partners database
108,'398,Kazakhstan,656,'01610,"Coffee, green",5610,Import quantity,t,,,,,,,,,,,,,,,,,,,,,,,,,,,,,,,,,,,,,,,,,,,,,,,,,,,,,,,,,,,,,,,,,,,,,,,,,,,,,,,,,,,,,,,,,,,,,,,,,,,,,,,100.0,A,,25.0,A,,24.0,X,Estimated data using trading partners database,97.0,X,Estimated data using trading partners database,0.0,X,Estimated data using trading partners database,35.0,A,,4.0,A,,3.0,A,,1.0,X,Estimated data using trading partners database,4.0,A,,3.0,A,,5.0,A,,16.0,A,,11.0,X,Estimated data using trading partners database,11.0,A,,10.0,X,Estimated data using trading partners database,16.0,A,,77.0,A,,75.0,A,,101.83,A,,91.79,A,,105.49,I,,187.82,I,,181.83,A,,339.22,A,,434.4,A,,564.36,A,,1207.53,A,,1366.64,A,,1824.89,A,
108,'398,Kazakhstan,656,'01610,"Coffee, green",5622,Import value,1000 USD,,,,,,,,,,,,,,,,,,,,,,,,,,,,,,,,,,,,,,,,,,,,,,,,,,,,,,,,,,,,,,,,,,,,,,,,,,,,,,,,,,,,,,,,,,,,,,,,,,,,,,,523.0,A,,164.0,A,,43.0,X,Estimated data using trading partners database,172.0,X,Estimated data using trading partners database,0.0,X,Estimated data using trading partners database,19.0,A,,4.0,A,,11.0,A,,8.0,A,,17.0,A,,14.0,A,,24.0,A,,77.0,A,,61.0,A,,68.0,A,,60.0,X,Estimated data using trading partners database,131.0,A,,924.0,A,,814.0,A,,1189.0,A,,448.0,A,,631.0,A,,749.0,A,,786.0,A,,1386.0,A,,1564.0,A,,2434.0,A,,7041.0,A,,7638.0,A,,10945.0,A,
108,'398,Kazakhstan,656,'01610,"Coffee, green",5910,Export quantity,t,,,,,,,,,,,,,,,,,,,,,,,,,,,,,,,,,,,,,,,,,,,,,,,,,,,,,,,,,,,,,,,,,,,,,,,,,,,,,,,,,,,,,,,,,,,,,,,,,,,,,,,3.0,A,,25.0,A,,5.0,A,,,,,,,,10.0,A,,0.0,A,,0.0,E,,0.0,E,,18.0,X,Estimated data using trading partners database,0.0,X,Estimated data using trading partners database,0.0,E,,0.0,A,,0.0,E,,0.0,E,,0.0,E,,0.0,E,,6.0,A,,1.0,X,Estimated data using trading partners database,1.39,A,,0.68,A,,5.03,A,,,,,1.61,A,,0.01,A,,15.03,A,,2.7,A,,2.76,A,,2.25,A,,12.83,A,
108,'398,Kazakhstan,656,'01610,"Coffee, green",5922,Export value,1000 USD,,,,,,,,,,,,,,,,,,,,,,,,,,,,,,,,,,,,,,,,,,,,,,,,,,,,,,,,,,,,,,,,,,,,,,,,,,,,,,,,,,,,,,,,,,,,,,,,,,,,,,,12.0,A,,164.0,A,,1.0,A,,,,,,,,5.0,A,,0.0,A,,0.0,E,,0.0,E,,13.0,X,Estimated data using trading partners database,0.0,X,Estimated data using trading partners database,0.0,E,,1.0,A,,0.0,X,Estimated data using trading partners database,0.0,E,,0.0,E,,0.0,E,,29.0,A,,4.0,A,,10.0,A,,2.0,A,,4.0,A,,,,,5.0,A,,0.0,A,,39.0,A,,19.0,A,,42.0,A,,44.0,A,,119.0,A,
114,'404,Kenya,656,'01610,"Coffee, green",5610,Import quantity,t,548.0,A,,342.0,A,,276.0,A,,164.0,A,,90.0,A,,50.0,A,,3.0,A,,152.0,A,,181.0,A,,154.0,A,,98.0,A,,18.0,A,,0.0,A,,0.0,A,,1.0,A,,0.0,A,,0.0,A,,0.0,A,,9.0,A,,1.0,A,,0.0,A,,0.0,A,,1.0,A,,3.0,A,,0.0,A,,0.0,A,,20.0,A,,0.0,A,,0.0,A,,0.0,A,,2.0,A,,35.0,A,,0.0,X,Estimated data using trading partners database,6.0,A,,3.0,A,,191.0,A,,96.0,A,,31.0,A,,97.0,A,,34.0,A,,19.0,A,,93.0,A,,66.0,A,,22.0,A,,254.0,A,,22.0,A,,53.0,A,,13.0,A,,1.0,A,,230.0,A,,1121.0,X,Estimated data using trading partners database,3498.0,X,Estimated data using trading partners database,324.0,A,,2178.33,X,Estimated data using trading partners database,1475.34,X,Estimated data using trading partners database,428.04,A,,1013.18,A,,1440.84,A,,1153.21,A,,3121.23,A,,5019.52,A,,2296.63,A,,2046.8,A,,3130.2,X,Estimated data using trading partners database
114,'404,Kenya,656,'01610,"Coffee, green",5622,Import value,1000 USD,60.0,I,,38.0,I,,80.0,A,,79.0,A,,16.0,A,,13.0,A,,2.0,A,,40.0,A,,122.0,A,,40.0,A,,77.0,A,,37.0,A,,0.0,A,,0.0,A,,3.0,A,,0.0,A,,0.0,A,,2.0,A,,20.0,A,,8.0,A,,1.0,A,,0.0,A,,2.0,A,,11.0,A,,0.0,A,,0.0,A,,10.0,A,,0.0,A,,0.0,A,,0.0,A,,2.0,A,,4.0,A,,0.0,X,Estimated data using trading partners database,5.0,A,,1.0,X,Estimated data using trading partners database,63.0,A,,67.0,X,Estimated data using trading partners database,5.0,A,,12.0,A,,5.0,A,,2.0,A,,19.0,A,,18.0,A,,15.0,A,,133.0,A,,87.0,A,,121.0,A,,56.0,A,,8.0,A,,700.0,A,,3571.0,X,Estimated data using trading partners database,15035.0,X,Estimated data using trading partners database,579.0,A,,8110.0,X,Estimated data using trading partners database,4476.0,X,Estimated data using trading partners database,1636.0,A,,3308.0,A,,4968.0,A,,3429.0,A,,8987.0,A,,20445.0,A,,9654.0,A,,7924.0,A,,14112.0,X,Estimated data using trading partners database
114,'404,Kenya,656,'01610,"Coffee, green",5910,Export quantity,t,33258.0,A,,31625.0,A,,37932.0,A,,42652.0,A,,38653.0,A,,54579.0,A,,50772.0,A,,37726.0,A,,51141.0,A,,53855.0,A,,56522.0,A,,63187.0,A,,75332.0,A,,71749.0,A,,67749.0,A,,77587.0,A,,96280.0,A,,90875.0,A,,80971.0,A,,80334.0,A,,86170.0,A,,101102.0,A,,90457.0,A,,96914.0,A,,104679.0,A,,126503.0,A,,99968.0,A,,87618.0,A,,93483.0,A,,112368.0,A,,83160.0,A,,78147.0,A,,88353.0,A,,79679.0,A,,88447.0,A,,114541.0,X,Estimated data using trading partners database,68242.0,A,,50826.0,A,,69742.0,A,,86948.21,A,,62252.0,A,,16655.0,X,Estimated data using trading partners database,63139.0,A,,48643.0,A,,46962.0,A,,45702.0,A,,55151.0,A,,41649.0,X,Estimated data using trading partners database,59991.0,A,,43135.0,A,,41276.0,X,Estimated data using trading partners database,47926.0,X,Estimated data using trading partners database,48890.0,A,,49411.33,X,Estimated data using trading partners database,42900.0,E,,45301.18,A,,43469.62,A,,44596.59,A,,48726.43,A,,43386.11,A,,37477.65,A,,48273.2,A,,48822.17,A,,54377.94,X,Estimated data using trading partners database
114,'404,Kenya,656,'01610,"Coffee, green",5922,Export value,1000 USD,31595.0,I,,30044.0,A,,31285.0,A,,43386.0,A,,39676.0,A,,52692.0,A,,43917.0,A,,35976.0,A,,47268.0,A,,62428.0,A,,54777.0,A,,69406.0,A,,101985.0,A,,107593.0,A,,95216.0,A,,222169.0,A,,499618.0,A,,340375.0,A,,302103.0,A,,290541.0,A,,245153.0,A,,266223.0,A,,240170.0,A,,285109.0,A,,281402.0,A,,481919.0,A,,241266.0,A,,273761.0,A,,201146.0,A,,194390.0,A,,157248.0,A,,127935.0,A,,198847.0,A,,261996.0,A,,299493.0,A,,287418.0,A,,286553.0,A,,243600.0,A,,167521.0,A,,153807.0,A,,95125.0,A,,35076.0,A,,90024.0,A,,87771.0,A,,119960.0,A,,126674.0,A,,155019.0,A,,148057.0,A,,198103.0,A,,187896.0,A,,267809.0,X,Estimated data using trading partners database,261023.0,X,Estimated data using trading partners database,189564.0,A,,214828.0,X,Estimated data using trading partners database,214963.0,X,Estimated data using trading partners database,210642.0,A,,226876.0,A,,227977.0,A,,199170.0,A,,208991.0,A,,238421.0,A,,315026.0,A,,246978.0,A,,283129.0,X,Estimated data using trading partners database
83,'296,Kiribati,656,'01610,"Coffee, green",5610,Import quantity,t,0.0,A,,0.0,A,,0.0,A,,0.0,A,,0.0,A,,0.0,A,,0.0,A,,0.0,A,,0.0,A,,0.0,A,,0.0,A,,0.0,A,,0.0,A,,0.0,A,,0.0,A,,0.0,A,,0.0,A,,0.0,A,,0.0,A,,0.0,A,,0.0,A,,0.0,A,,0.0,A,,0.0,A,,0.0,A,,7.0,A,,0.0,X,Estimated data using trading partners database,0.0,X,Estimated data using trading partners database,0.0,X,Estimated data using trading partners database,0.0,X,Estimated data using trading partners database,0.0,X,Estimated data using trading partners database,0.0,X,Estimated data using trading partners database,0.0,A,,0.0,A,,0.0,A,,1.0,A,,0.0,A,,0.0,X,Estimated data using trading partners database,0.0,X,Estimated data using trading partners database,30.0,X,Estimated data using trading partners database,2.0,X,Estimated data using trading partners database,0.0,X,Estimated data using trading partners database,1.0,X,Estimated data using trading partners database,2.0,X,Estimated data using trading partners database,0.0,A,,0.0,X,Estimated data using trading partners database,0.0,X,Estimated data using trading partners database,0.0,X,Estimated data using trading partners database,2.0,A,,0.0,X,Estimated data using trading partners database,1.0,A,,0.0,A,,0.0,E,,0.01,A,,0.07,A,,0.79,A,,0.53,A,,1.22,A,,,,,17.3,I,,11.92,A,,0.01,X,Estimated data using trading partners database,1.56,X,Estimated data using trading partners database,0.2,X,Estimated data using trading partners database
83,'296,Kiribati,656,'01610,"Coffee, green",5622,Import value,1000 USD,0.0,A,,0.0,A,,0.0,A,,0.0,A,,0.0,A,,0.0,A,,0.0,A,,0.0,A,,0.0,A,,0.0,A,,0.0,A,,0.0,A,,0.0,A,,0.0,A,,0.0,A,,0.0,A,,0.0,A,,0.0,A,,0.0,A,,0.0,A,,0.0,A,,0.0,A,,0.0,A,,0.0,A,,0.0,A,,81.0,A,,0.0,X,Estimated data using trading partners database,0.0,X,Estimated data using trading partners database,0.0,X,Estimated data using trading partners database,0.0,X,Estimated data using trading partners database,0.0,X,Estimated data using trading partners database,0.0,X,Estimated data using trading partners database,0.0,A,,0.0,A,,0.0,A,,19.0,A,,2.0,A,,0.0,X,Estimated data using trading partners database,0.0,X,Estimated data using trading partners database,100.0,I,,7.0,I,,1.0,X,Estimated data using trading partners database,12.0,X,Estimated data using trading partners database,8.0,X,Estimated data using trading partners database,6.0,A,,0.0,X,Estimated data using trading partners database,0.0,X,Estimated data using trading partners database,0.0,X,Estimated data using trading partners database,40.0,A,,0.0,X,Estimated data using trading partners database,7.0,A,,12.0,A,,12.0,E,,0.0,A,,3.0,A,,10.0,A,,7.0,A,,22.0,A,,,,,252.0,A,,237.0,A,,0.0,X,Estimated data using trading partners database,4.0,X,Estimated data using trading partners database,3.0,X,Estimated data using trading partners database
118,'414,Kuwait,656,'01610,"Coffee, green",5610,Import quantity,t,1000.0,I,,1000.0,I,,980.0,X,Estimated data using trading partners database,914.0,X,Estimated data using trading partners database,1019.0,A,,1515.0,A,,1306.0,A,,1612.0,A,,3540.0,A,,4648.0,A,,5871.0,A,,8460.0,A,,3972.0,A,,3368.0,A,,1904.0,A,,1129.0,A,,2562.0,A,,1926.0,A,,939.0,A,,1639.0,A,,1745.0,A,,1936.0,A,,2536.0,A,,2615.0,A,,1900.0,I,,1705.0,A,,3000.0,X,Estimated data using trading partners database,2214.0,A,,3046.0,A,,1033.0,A,,535.0,A,,2110.0,A,,1492.0,A,,1473.0,A,,1992.0,A,,2167.0,A,,1615.0,A,,2481.0,A,,2759.0,A,,2624.0,A,,3561.0,A,,3050.0,X,Estimated data using trading partners database,2856.0,X,Estimated data using trading partners database,2432.0,X,Estimated data using trading partners database,3211.0,X,Estimated data using trading partners database,3542.0,X,Estimated data using trading partners database,4034.0,X,Estimated data using trading partners database,3537.0,X,Estimated data using trading partners database,3123.0,X,Estimated data using trading partners database,3560.0,X,Estimated data using trading partners database,3554.0,X,Estimated data using trading partners database,4751.0,X,Estimated data using trading partners database,4318.0,A,,3489.93,A,,5279.5,A,,6248.9,A,,6307.56,A,,7078.38,A,,7047.09,A,,7402.46,A,,8100.22,A,,6762.94,I,,7780.77,I,,8919.06,X,Estimated data using trading partners database
118,'414,Kuwait,656,'01610,"Coffee, green",5622,Import value,1000 USD,800.0,I,,800.0,I,,750.0,X,Estimated data using trading partners database,760.0,X,Estimated data using trading partners database,899.0,A,,1235.0,A,,1018.0,A,,1220.0,A,,2055.0,A,,2850.0,A,,3830.0,A,,5841.0,A,,3760.0,A,,4458.0,A,,2643.0,A,,3372.0,A,,14460.0,A,,7587.0,A,,3365.0,A,,6831.0,A,,5202.0,A,,3618.0,A,,4550.0,A,,5039.0,A,,4700.0,I,,6642.0,A,,7500.0,X,Estimated data using trading partners database,6225.0,A,,7390.0,A,,2191.0,A,,1068.0,A,,3450.0,A,,2210.0,A,,2814.0,A,,6756.0,A,,5918.0,A,,5490.0,A,,8103.0,A,,6165.0,A,,5496.0,A,,5240.0,A,,3956.0,X,Estimated data using trading partners database,4286.0,X,Estimated data using trading partners database,4320.0,X,Estimated data using trading partners database,7803.0,X,Estimated data using trading partners database,8921.0,X,Estimated data using trading partners database,12209.0,X,Estimated data using trading partners database,12105.0,X,Estimated data using trading partners database,9999.0,X,Estimated data using trading partners database,12873.0,X,Estimated data using trading partners database,15919.0,X,Estimated data using trading partners database,20141.0,X,Estimated data using trading partners database,13247.0,A,,11177.0,A,,20016.0,A,,21358.0,A,,22492.0,A,,21508.0,A,,21482.0,A,,27442.0,A,,34836.0,A,,41400.0,A,,46897.0,A,,49403.0,X,Estimated data using trading partners database
118,'414,Kuwait,656,'01610,"Coffee, green",5910,Export quantity,t,200.0,I,,200.0,I,,200.0,I,,200.0,A,,204.0,A,,357.0,A,,215.0,A,,365.0,A,,1351.0,A,,3492.0,A,,3987.0,A,,6808.0,A,,5117.0,A,,2587.0,A,,757.0,A,,196.0,A,,486.0,A,,337.0,A,,180.0,A,,122.0,A,,78.0,A,,187.0,A,,861.0,A,,858.0,A,,500.0,I,,242.0,A,,250.0,I,,310.0,A,,201.0,A,,190.0,A,,41.0,A,,140.0,A,,69.0,A,,4.0,A,,2.0,A,,66.0,A,,12.0,A,,18.0,A,,62.0,A,,98.0,A,,466.0,A,,3.0,X,Estimated data using trading partners database,1.0,X,Estimated data using trading partners database,3.0,X,Estimated data using trading partners database,86.0,X,Estimated data using trading partners database,36.0,X,Estimated data using trading partners database,12.0,X,Estimated data using trading partners database,15.0,X,Estimated data using trading partners database,69.0,A,,32.0,X,Estimated data using trading partners database,41.0,X,Estimated data using trading partners database,36.0,I,,29.0,A,,66.77,A,,30.57,A,,46.88,A,,484.0,A,,506.57,A,,33.69,A,,226.15,A,,294.21,A,,198.93,I,,146.0,I,,164.0,A,
118,'414,Kuwait,656,'01610,"Coffee, green",5922,Export value,1000 USD,100.0,I,,100.0,I,,100.0,I,,100.0,A,,102.0,A,,225.0,A,,135.0,A,,229.0,A,,504.0,A,,1378.0,A,,2133.0,A,,4803.0,A,,4587.0,A,,2916.0,A,,845.0,A,,520.0,A,,2051.0,A,,1279.0,A,,541.0,A,,477.0,A,,237.0,A,,550.0,A,,2036.0,A,,2633.0,A,,1600.0,I,,910.0,I,,800.0,I,,946.0,A,,506.0,A,,469.0,A,,65.0,A,,167.0,A,,69.0,A,,10.0,A,,4.0,A,,175.0,A,,21.0,A,,44.0,A,,115.0,A,,166.0,A,,700.0,A,,10.0,X,Estimated data using trading partners database,2.0,X,Estimated data using trading partners database,22.0,X,Estimated data using trading partners database,303.0,X,Estimated data using trading partners database,153.0,X,Estimated data using trading partners database,59.0,X,Estimated data using trading partners database,109.0,X,Estimated data using trading partners database,152.0,A,,196.0,X,Estimated data using trading partners database,239.0,X,Estimated data using trading partners database,292.0,I,,148.0,A,,262.0,A,,179.0,A,,307.0,A,,2832.0,A,,3250.0,A,,219.0,A,,2035.0,A,,2254.0,A,,2109.0,A,,1463.0,A,,1076.0,A,
113,'417,Kyrgyzstan,656,'01610,"Coffee, green",5610,Import quantity,t,,,,,,,,,,,,,,,,,,,,,,,,,,,,,,,,,,,,,,,,,,,,,,,,,,,,,,,,,,,,,,,,,,,,,,,,,,,,,,,,,,,,,,,,,,,,,,,,,,,,,,,,,,4.0,A,,96.0,A,,16.0,A,,23.0,A,,2.0,A,,0.0,A,,0.0,A,,0.0,A,,0.0,A,,0.0,X,Estimated data using trading partners database,0.0,E,,0.0,A,,0.0,A,,0.0,E,,0.0,A,,2.0,A,,11.0,A,,2.0,X,Estimated data using trading partners database,2.89,X,Estimated data using trading partners database,0.14,A,,2.77,A,,19.15,A,,28.51,A,,27.14,A,,7.09,A,,26.6,A,,58.24,A,,125.53,A,,120.24,A,
113,'417,Kyrgyzstan,656,'01610,"Coffee, green",5622,Import value,1000 USD,,,,,,,,,,,,,,,,,,,,,,,,,,,,,,,,,,,,,,,,,,,,,,,,,,,,,,,,,,,,,,,,,,,,,,,,,,,,,,,,,,,,,,,,,,,,,,,,,,,,,,,,,,17.0,A,,150.0,A,,27.0,A,,30.0,A,,7.0,A,,1.0,A,,7.0,A,,1.0,A,,3.0,A,,0.0,X,Estimated data using trading partners database,0.0,E,,1.0,A,,2.0,A,,2.0,E,,1.0,A,,21.0,A,,89.0,A,,12.0,X,Estimated data using trading partners database,26.0,X,Estimated data using trading partners database,1.0,A,,11.0,A,,85.0,A,,110.0,A,,141.0,A,,43.0,A,,127.0,A,,495.0,A,,839.0,A,,839.0,A,
113,'417,Kyrgyzstan,656,'01610,"Coffee, green",5910,Export quantity,t,,,,,,,,,,,,,,,,,,,,,,,,,,,,,,,,,,,,,,,,,,,,,,,,,,,,,,,,,,,,,,,,,,,,,,,,,,,,,,,,,,,,,,,,,,,,,,,,,,,,,,,,,,,,,,,,,,,,,,,,,,,,,,,,,,,,,,,,0.0,A,,0.0,A,,0.0,A,,0.0,E,,0.0,A,,0.0,A,,0.0,A,,0.0,E,,,,,,,,,,,0.0,A,,0.27,A,,,,,0.46,A,,0.32,I,,0.13,A,,,,,,,
113,'417,Kyrgyzstan,656,'01610,"Coffee, green",5922,Export value,1000 USD,,,,,,,,,,,,,,,,,,,,,,,,,,,,,,,,,,,,,,,,,,,,,,,,,,,,,,,,,,,,,,,,,,,,,,,,,,,,,,,,,,,,,,,,,,,,,,,,,,,,,,,,,,,,,,,,,,,,,,,,,,,,,,,,,,,,,,,,1.0,A,,2.0,A,,2.0,A,,2.0,E,,2.0,A,,3.0,A,,1.0,A,,1.0,E,,,,,,,,,,,0.0,A,,5.0,A,,,,,7.0,A,,2.0,A,,1.0,A,,,,,,,
120,'418,Lao People's Democratic Republic,656,'01610,"Coffee, green",5610,Import quantity,t,,,,,,,,,,,,,,,,,,,,,,,,,,,,,,,,,,,,,,,,,,,,,,,,,,,,,,,,,,,,,,,,,,,,,,,,,,,,,,,,,,,,,,,,,,,,,,,,,,,,,,,,,,,,,,,,,,,,,,,,,,,,,,,,,,,,,,,,,,,,,,,,,,,,,,,,,,,,,,,,0.1,X,Estimated data using trading partners database,0.4,X,Estimated data using trading partners database,0.3,A,,63.0,X,,2.0,X,,0.07,A,,0.14,A,,0.1,A,,476.02,A,,318.16,A,,246.53,X,Estimated data using trading partners database
120,'418,Lao People's Democratic Republic,656,'01610,"Coffee, green",5622,Import value,1000 USD,,,,,,,,,,,,,,,,,,,,,,,,,,,,,,,,,,,,,,,,,,,,,,,,,,,,,,,,,,,,,,,,,,,,,,,,,,,,,,,,,,,,,,,,,,,,,,,,,,,,,,,,,,,,,,,,,,,,,,,,,,,,,,,,,,,,,,,,,,,,,,,,,,,,,,,,,,,,,,,,3.0,X,Estimated data using trading partners database,6.0,X,Estimated data using trading partners database,4.0,A,,202.0,A,,21.0,A,,1.0,A,,6.0,A,,4.0,A,,477.0,A,,229.0,A,,1070.0,X,Estimated data using trading partners database
120,'418,Lao People's Democratic Republic,656,'01610,"Coffee, green",5910,Export quantity,t,90.0,A,,512.0,A,,250.0,A,,242.0,A,,366.0,A,,495.0,A,,1446.0,A,,985.0,A,,632.0,A,,842.0,A,,241.0,A,,35.0,A,,125.0,A,,952.0,A,,380.0,X,Estimated data using trading partners database,2732.0,A,,1500.0,A,,1800.0,X,Estimated data using trading partners database,900.0,X,Estimated data using trading partners database,1219.0,A,,200.0,X,Estimated data using trading partners database,3600.0,A,,3080.0,A,,4040.0,A,,4351.0,A,,4156.0,A,,2290.0,A,,2342.0,A,,5400.0,A,,5900.0,A,,5900.0,A,,6111.0,A,,8500.0,A,,9180.0,A,,9914.0,A,,8650.0,A,,6605.0,A,,14748.0,A,,15950.0,X,Estimated data using trading partners database,16990.0,X,Estimated data using trading partners database,17940.0,X,Estimated data using trading partners database,16684.0,X,Estimated data using trading partners database,13959.0,X,Estimated data using trading partners database,16024.0,X,Estimated data using trading partners database,14124.0,X,Estimated data using trading partners database,7266.0,X,Estimated data using trading partners database,16886.0,X,Estimated data using trading partners database,14316.0,X,Estimated data using trading partners database,16507.0,X,Estimated data using trading partners database,17088.0,X,Estimated data using trading partners database,25008.0,X,Estimated data using trading partners database,20535.0,X,Estimated data using trading partners database,31480.0,X,Estimated data using trading partners database,22140.0,X,,17102.0,X,,23069.0,X,,29265.0,X,,25695.0,X,,26155.38,A,,42488.07,A,,38112.95,A,,31824.54,A,,36053.94,A,,19546.25,X,Estimated data using trading partners database
120,'418,Lao People's Democratic Republic,656,'01610,"Coffee, green",5922,Export value,1000 USD,30.0,A,,48.0,A,,60.0,A,,63.0,A,,93.0,A,,224.0,A,,668.0,A,,452.0,A,,152.0,A,,177.0,A,,54.0,A,,7.0,A,,25.0,A,,175.0,A,,760.0,A,,3147.0,A,,3751.0,A,,3800.0,A,,1800.0,I,,1915.0,I,,400.0,I,,6500.0,I,,7300.0,I,,9700.0,I,,10950.0,I,,10000.0,X,Estimated data using trading partners database,5285.0,X,Estimated data using trading partners database,5900.0,X,Estimated data using trading partners database,14320.0,X,Estimated data using trading partners database,11800.0,I,,13380.0,A,,7000.0,A,,9520.0,A,,13165.0,X,Estimated data using trading partners database,25100.0,X,Estimated data using trading partners database,13105.0,X,Estimated data using trading partners database,9600.0,I,,19321.0,A,,22750.0,I,,18700.0,I,,19700.0,I,,10294.0,X,Estimated data using trading partners database,10973.0,X,Estimated data using trading partners database,12995.0,X,Estimated data using trading partners database,13157.0,X,Estimated data using trading partners database,9360.0,X,Estimated data using trading partners database,24994.0,X,Estimated data using trading partners database,29394.0,X,Estimated data using trading partners database,28439.0,X,Estimated data using trading partners database,33424.0,X,Estimated data using trading partners database,72350.0,X,Estimated data using trading partners database,63259.0,X,Estimated data using trading partners database,72589.0,X,Estimated data using trading partners database,63165.0,A,,57079.0,A,,63317.0,A,,87156.0,A,,84326.0,A,,54767.0,A,,83756.0,A,,87876.0,A,,93475.0,A,,89940.0,A,,68030.0,X,Estimated data using trading partners database
119,'428,Latvia,656,'01610,"Coffee, green",5610,Import quantity,t,,,,,,,,,,,,,,,,,,,,,,,,,,,,,,,,,,,,,,,,,,,,,,,,,,,,,,,,,,,,,,,,,,,,,,,,,,,,,,,,,,,,,,,,,,,,,,,,,2381.0,A,,515.0,A,,1031.0,A,,1513.0,A,,1849.0,A,,1704.0,A,,1784.0,A,,1365.0,A,,1097.0,A,,2195.0,A,,2780.0,A,,2310.0,A,,1818.0,A,,2168.0,A,,2139.0,A,,2296.0,A,,3306.0,A,,3209.0,A,,2779.0,A,,2620.0,A,,2505.0,A,,3661.48,A,,3110.19,A,,3359.51,A,,3839.24,A,,3044.66,A,,2443.43,A,,2166.34,A,,2005.62,A,,2213.59,A,,2350.86,A,,2520.27,A,
119,'428,Latvia,656,'01610,"Coffee, green",5622,Import value,1000 USD,,,,,,,,,,,,,,,,,,,,,,,,,,,,,,,,,,,,,,,,,,,,,,,,,,,,,,,,,,,,,,,,,,,,,,,,,,,,,,,,,,,,,,,,,,,,,,0.0,I,,1860.0,A,,695.0,A,,3591.0,A,,3821.0,A,,4237.0,A,,6896.0,A,,5992.0,A,,3394.0,A,,1883.0,A,,3846.0,A,,5329.0,A,,2873.0,A,,3854.0,A,,4312.0,A,,5910.0,A,,8353.0,A,,9841.0,A,,11146.0,A,,12167.0,A,,11270.0,A,,8780.0,A,,12456.0,A,,9793.0,A,,10399.0,A,,12422.0,A,,8611.0,A,,6194.0,A,,5480.0,A,,5878.0,A,,9294.0,A,,10836.0,A,,13828.0,A,
119,'428,Latvia,656,'01610,"Coffee, green",5910,Export quantity,t,,,,,,,,,,,,,,,,,,,,,,,,,,,,,,,,,,,,,,,,,,,,,,,,,,,,,,,,,,,,,,,,,,,,,,,,,,,,,,,,,,,,,,,,,,,,,,,,,20.0,A,,75.0,A,,26.0,A,,5.0,A,,14.0,A,,25.0,A,,13.0,A,,0.0,A,,0.0,A,,0.0,A,,0.0,A,,123.0,A,,140.0,A,,0.0,A,,0.0,A,,46.0,A,,177.0,A,,28.0,A,,153.0,A,,29.0,A,,105.0,A,,116.15,A,,65.37,A,,334.84,A,,96.0,A,,233.4,A,,147.95,A,,200.53,A,,226.92,A,,1216.07,A,,392.89,A,,181.54,A,
119,'428,Latvia,656,'01610,"Coffee, green",5922,Export value,1000 USD,,,,,,,,,,,,,,,,,,,,,,,,,,,,,,,,,,,,,,,,,,,,,,,,,,,,,,,,,,,,,,,,,,,,,,,,,,,,,,,,,,,,,,,,,,,,,,0.0,A,,32.0,A,,191.0,A,,191.0,A,,17.0,A,,79.0,A,,227.0,A,,64.0,A,,0.0,A,,1.0,X,Estimated data using trading partners database,2.0,A,,6.0,A,,126.0,A,,164.0,A,,0.0,A,,1.0,A,,374.0,A,,803.0,A,,300.0,A,,481.0,A,,254.0,A,,500.0,A,,848.0,A,,426.0,A,,1489.0,A,,730.0,A,,1867.0,A,,1215.0,A,,997.0,A,,907.0,A,,5599.0,A,,1924.0,A,,1133.0,A,
121,'422,Lebanon,656,'01610,"Coffee, green",5610,Import quantity,t,2965.0,A,,2698.0,A,,3590.0,A,,2447.0,A,,3584.0,A,,4506.0,A,,4252.0,A,,4494.0,A,,4813.0,A,,4808.0,A,,5804.0,A,,6571.0,A,,7400.0,A,,7500.0,I,,7800.0,I,,8100.0,I,,5522.0,A,,4000.0,X,Estimated data using trading partners database,5800.0,X,Estimated data using trading partners database,7000.0,X,Estimated data using trading partners database,12000.0,X,Estimated data using trading partners database,13000.0,X,Estimated data using trading partners database,11000.0,X,Estimated data using trading partners database,10000.0,X,Estimated data using trading partners database,11000.0,X,Estimated data using trading partners database,5000.0,X,Estimated data using trading partners database,8000.0,X,Estimated data using trading partners database,12500.0,X,Estimated data using trading partners database,6500.0,X,Estimated data using trading partners database,10000.0,X,Estimated data using trading partners database,16000.0,X,Estimated data using trading partners database,21000.0,X,Estimated data using trading partners database,15000.0,X,Estimated data using trading partners database,13000.0,X,Estimated data using trading partners database,18000.0,X,Estimated data using trading partners database,18000.0,X,Estimated data using trading partners database,13055.0,A,,17553.0,A,,16120.0,A,,15513.0,A,,24347.0,A,,16222.0,A,,15494.0,A,,17987.0,A,,18691.0,A,,16971.0,A,,22280.0,X,Estimated data using trading partners database,19208.0,A,,20217.0,A,,22125.0,A,,20741.0,A,,21301.0,A,,26143.0,A,,27117.09,A,,24781.83,A,,24480.2,A,,24882.73,A,,28910.05,A,,33629.27,A,,19615.84,A,,23798.94,A,,16195.64,A,,22698.43,I,,26170.37,I,
121,'422,Lebanon,656,'01610,"Coffee, green",5622,Import value,1000 USD,1643.0,A,,1355.0,A,,1886.0,A,,1789.0,A,,2687.0,A,,2948.0,A,,2617.0,A,,2712.0,A,,3142.0,A,,4186.0,A,,4718.0,A,,4675.0,A,,7960.0,A,,11000.0,I,,11700.0,I,,20000.0,I,,23115.0,A,,16100.0,X,Estimated data using trading partners database,21000.0,I,,26000.0,X,Estimated data using trading partners database,30000.0,X,Estimated data using trading partners database,33000.0,X,Estimated data using trading partners database,28600.0,I,,28000.0,I,,33000.0,I,,20500.0,X,Estimated data using trading partners database,17500.0,X,Estimated data using trading partners database,30000.0,X,Estimated data using trading partners database,13500.0,X,Estimated data using trading partners database,13000.0,X,Estimated data using trading partners database,20000.0,X,Estimated data using trading partners database,21600.0,X,Estimated data using trading partners database,19500.0,X,Estimated data using trading partners database,39000.0,X,Estimated data using trading partners database,57000.0,X,Estimated data using trading partners database,46000.0,X,Estimated data using trading partners database,35494.0,A,,42707.0,A,,25876.0,A,,24638.0,A,,25173.0,A,,11894.0,A,,13950.0,A,,21832.0,A,,26807.0,A,,27505.0,A,,49247.0,A,,49979.0,A,,41312.0,A,,52284.0,A,,67138.0,A,,72823.0,A,,70477.0,A,,61493.0,A,,64876.0,A,,57314.0,A,,69199.0,A,,69741.0,A,,71631.0,A,,36698.0,A,,48654.0,A,,52485.0,A,,72426.0,A,,91562.0,A,
121,'422,Lebanon,656,'01610,"Coffee, green",5910,Export quantity,t,0.0,A,,0.0,A,,0.0,A,,0.0,A,,0.0,A,,0.0,A,,0.0,A,,0.0,A,,0.0,A,,0.0,A,,0.0,A,,0.0,A,,0.0,A,,0.0,A,,0.0,A,,0.0,A,,16.0,A,,0.0,A,,0.0,A,,0.0,A,,0.0,A,,0.0,A,,0.0,A,,0.0,A,,0.0,A,,0.0,A,,0.0,A,,0.0,A,,0.0,A,,0.0,A,,0.0,A,,0.0,A,,0.0,A,,0.0,E,,0.0,E,,0.0,E,,73.0,A,,118.0,A,,62.0,A,,15.0,A,,111.0,A,,56.0,A,,291.0,A,,58.0,A,,35.0,A,,152.0,A,,176.0,A,,226.0,A,,155.0,A,,84.0,A,,73.0,A,,45.0,A,,48.0,A,,59.62,A,,142.71,A,,157.87,A,,124.04,A,,91.15,A,,75.22,A,,66.63,A,,649.64,A,,2381.88,A,,920.43,I,,464.61,I,
121,'422,Lebanon,656,'01610,"Coffee, green",5922,Export value,1000 USD,0.0,A,,0.0,A,,0.0,A,,0.0,A,,0.0,A,,0.0,A,,0.0,A,,0.0,A,,0.0,A,,0.0,A,,0.0,A,,0.0,A,,0.0,A,,0.0,A,,0.0,A,,0.0,A,,34.0,A,,0.0,A,,0.0,A,,0.0,A,,0.0,A,,0.0,A,,0.0,A,,0.0,A,,0.0,A,,0.0,A,,0.0,A,,0.0,A,,0.0,A,,0.0,A,,0.0,A,,0.0,A,,0.0,A,,0.0,E,,0.0,E,,0.0,E,,161.0,A,,314.0,A,,86.0,A,,40.0,A,,154.0,A,,72.0,A,,290.0,A,,228.0,A,,84.0,A,,616.0,A,,719.0,A,,1155.0,A,,890.0,A,,503.0,A,,410.0,A,,287.0,A,,317.0,A,,390.0,A,,397.0,A,,929.0,A,,627.0,A,,550.0,A,,394.0,A,,252.0,A,,2040.0,A,,7843.0,A,,2864.0,A,,1668.0,A,
122,'426,Lesotho,656,'01610,"Coffee, green",5610,Import quantity,t,0.0,A,,0.0,A,,0.0,A,,0.0,A,,0.0,A,,0.0,A,,0.0,A,,0.0,A,,0.0,A,,0.0,A,,0.0,A,,0.0,A,,0.0,A,,0.0,A,,180.0,I,,120.0,I,,140.0,I,,140.0,I,,260.0,X,Estimated data using trading partners database,260.0,X,Estimated data using trading partners database,350.0,I,,350.0,I,,550.0,X,Estimated data using trading partners database,500.0,X,Estimated data using trading partners database,250.0,I,,300.0,I,,700.0,I,,940.0,X,Estimated data using trading partners database,670.0,X,Estimated data using trading partners database,480.0,X,Estimated data using trading partners database,420.0,X,Estimated data using trading partners database,660.0,X,Estimated data using trading partners database,1300.0,X,Estimated data using trading partners database,0.0,X,Estimated data using trading partners database,0.0,E,,210.0,I,,220.0,I,,250.0,I,,200.0,I,,150.0,I,,120.0,I,,100.0,I,,80.0,I,,60.0,I,,50.0,I,,39.0,X,Estimated data using trading partners database,50.0,I,,50.0,E,,50.0,E,,50.0,E,,50.0,E,,50.0,E,,46.0,X,Estimated data using trading partners database,30.02,X,Estimated data using trading partners database,9.21,X,Estimated data using trading partners database,53.26,A,,61.89,A,,37.68,A,,29.8,A,,23.67,A,,6.68,A,,7.78,A,,11.22,I,,18.41,A,
122,'426,Lesotho,656,'01610,"Coffee, green",5622,Import value,1000 USD,0.0,A,,0.0,A,,0.0,A,,0.0,A,,0.0,A,,0.0,A,,0.0,A,,0.0,A,,0.0,A,,0.0,A,,0.0,A,,0.0,A,,0.0,A,,0.0,A,,272.0,A,,297.0,A,,573.0,A,,435.0,A,,852.0,A,,894.0,A,,992.0,A,,915.0,A,,1487.0,A,,1439.0,A,,715.0,A,,842.0,A,,2000.0,I,,3000.0,I,,2000.0,I,,1300.0,I,,1050.0,I,,1400.0,I,,3250.0,I,,0.0,X,Estimated data using trading partners database,0.0,E,,515.0,A,,550.0,I,,580.0,I,,490.0,I,,350.0,I,,300.0,I,,240.0,I,,200.0,I,,150.0,I,,120.0,I,,93.0,X,Estimated data using trading partners database,125.0,I,,125.0,E,,125.0,E,,125.0,E,,125.0,E,,125.0,E,,195.0,X,Estimated data using trading partners database,124.0,X,Estimated data using trading partners database,53.0,X,Estimated data using trading partners database,131.0,A,,225.0,A,,58.0,A,,101.0,A,,84.0,A,,46.0,A,,346.0,A,,887.0,A,,899.0,A,
122,'426,Lesotho,656,'01610,"Coffee, green",5910,Export quantity,t,,,,,,,,,,,,,,,,,,,,,,,,,,,,,,,,,,,,,,,,,,,,,,,,,,,,,,,,,,,,,,,,,,,,,,,,,,,,,,,,,,,,,,,,,,,,,,,,,,,,,,,,,,,,,,,,,,,,,,,,,,,,,,,,,,,,,,,,,,,,,,,,,,,,,,,,,,,,,,,,5.65,I,,15.02,X,Estimated data using trading partners database,0.06,A,,0.12,A,,0.0,A,,1.13,A,,,,,0.02,A,,,,,0.03,A,,0.01,A,
122,'426,Lesotho,656,'01610,"Coffee, green",5922,Export value,1000 USD,,,,,,,,,,,,,,,,,,,,,,,,,,,,,,,,,,,,,,,,,,,,,,,,,,,,,,,,,,,,,,,,,,,,,,,,,,,,,,,,,,,,,,,,,,,,,,,,,,,,,,,,,,,,,,,,,,,,,,,,,,,,,,,,,,,,,,,,,,,,,,,,,,,,,,,,,,,,,,,,11.0,X,Estimated data using trading partners database,10.0,X,Estimated data using trading partners database,0.0,A,,1.0,A,,0.0,A,,1.0,A,,,,,0.0,A,,,,,2.0,A,,0.0,A,
123,'430,Liberia,656,'01610,"Coffee, green",5610,Import quantity,t,160.0,A,,60.0,A,,60.0,A,,43.0,A,,34.0,A,,271.0,A,,122.0,A,,457.0,A,,346.0,A,,191.0,A,,125.0,A,,46.0,A,,130.0,A,,261.0,A,,122.0,A,,162.0,A,,377.0,A,,61.0,A,,6.0,A,,21.0,A,,3.0,A,,7.0,A,,20.0,A,,50.0,A,,15.0,A,,0.0,A,,0.0,A,,0.0,A,,0.0,A,,0.0,A,,0.0,A,,35.0,X,Estimated data using trading partners database,460.0,X,Estimated data using trading partners database,0.0,X,Estimated data using trading partners database,0.0,X,Estimated data using trading partners database,0.0,X,Estimated data using trading partners database,110.0,X,Estimated data using trading partners database,0.0,X,Estimated data using trading partners database,0.0,X,Estimated data using trading partners database,0.0,X,Estimated data using trading partners database,40.0,X,Estimated data using trading partners database,40.0,E,,40.0,E,,0.0,X,Estimated data using trading partners database,0.0,X,Estimated data using trading partners database,252.0,X,Estimated data using trading partners database,0.0,X,Estimated data using trading partners database,0.0,E,,0.0,E,,0.0,X,Estimated data using trading partners database,0.0,E,,0.0,E,,61.0,X,Estimated data using trading partners database,20.83,X,Estimated data using trading partners database,0.49,X,Estimated data using trading partners database,0.48,X,Estimated data using trading partners database,0.49,X,Estimated data using trading partners database,0.18,X,Estimated data using trading partners database,2.0,X,Estimated data using trading partners database,0.06,A,,1.8,A,,48.45,A,,5.37,A,,1.57,I,
123,'430,Liberia,656,'01610,"Coffee, green",5622,Import value,1000 USD,70.0,A,,70.0,A,,90.0,A,,85.0,A,,75.0,A,,191.0,A,,121.0,A,,155.0,A,,136.0,A,,105.0,A,,41.0,A,,11.0,A,,41.0,A,,106.0,A,,63.0,A,,84.0,A,,358.0,A,,52.0,A,,31.0,A,,16.0,A,,2.0,A,,8.0,A,,19.0,A,,39.0,A,,14.0,A,,0.0,A,,0.0,A,,0.0,A,,0.0,A,,0.0,A,,0.0,A,,40.0,X,Estimated data using trading partners database,500.0,X,Estimated data using trading partners database,0.0,X,Estimated data using trading partners database,0.0,X,Estimated data using trading partners database,0.0,X,Estimated data using trading partners database,160.0,X,Estimated data using trading partners database,0.0,X,Estimated data using trading partners database,0.0,X,Estimated data using trading partners database,0.0,X,Estimated data using trading partners database,25.0,I,,25.0,E,,25.0,E,,1.0,X,Estimated data using trading partners database,0.0,X,Estimated data using trading partners database,361.0,X,Estimated data using trading partners database,3.0,X,Estimated data using trading partners database,3.0,E,,3.0,E,,0.0,X,Estimated data using trading partners database,0.0,E,,0.0,X,Estimated data using trading partners database,296.0,X,Estimated data using trading partners database,36.0,X,Estimated data using trading partners database,6.0,X,Estimated data using trading partners database,8.0,X,Estimated data using trading partners database,7.0,X,Estimated data using trading partners database,0.0,X,Estimated data using trading partners database,21.0,X,Estimated data using trading partners database,0.0,A,,2.0,A,,394.0,A,,8.0,A,,36.0,X,Estimated data using trading partners database
123,'430,Liberia,656,'01610,"Coffee, green",5910,Export quantity,t,990.0,A,,1920.0,A,,3670.0,A,,7834.0,A,,3187.0,A,,8911.0,A,,4327.0,A,,4686.0,A,,4261.0,A,,4967.0,A,,5521.0,A,,5594.0,A,,6935.0,A,,3424.0,A,,4150.0,A,,4238.0,A,,10076.0,A,,8665.0,A,,8160.0,A,,12742.0,A,,8305.0,A,,10036.0,A,,7417.0,A,,4905.0,A,,11090.0,A,,8403.0,A,,4750.0,X,Estimated data using trading partners database,3600.0,X,Estimated data using trading partners database,4800.0,X,Estimated data using trading partners database,1600.0,X,Estimated data using trading partners database,0.0,I,,0.0,A,,0.0,A,,0.0,E,,0.0,E,,0.0,E,,0.0,E,,0.0,E,,915.0,X,Estimated data using trading partners database,210.0,X,Estimated data using trading partners database,320.0,X,Estimated data using trading partners database,346.0,X,Estimated data using trading partners database,396.0,X,Estimated data using trading partners database,396.0,E,,47.0,X,Estimated data using trading partners database,27.0,X,Estimated data using trading partners database,93.0,X,Estimated data using trading partners database,104.0,X,Estimated data using trading partners database,104.0,E,,60.0,X,Estimated data using trading partners database,449.0,X,Estimated data using trading partners database,148.0,X,Estimated data using trading partners database,201.0,X,Estimated data using trading partners database,80.74,X,Estimated data using trading partners database,211.11,X,Estimated data using trading partners database,177.36,X,Estimated data using trading partners database,814.4,X,Estimated data using trading partners database,464.55,X,Estimated data using trading partners database,38.53,X,Estimated data using trading partners database,,,,,,,,,,2.4,A,,290.19,X,Estimated data using trading partners database
123,'430,Liberia,656,'01610,"Coffee, green",5922,Export value,1000 USD,360.0,A,,610.0,A,,1550.0,A,,6001.0,A,,1720.0,A,,5788.0,A,,2500.0,A,,2903.0,A,,2524.0,A,,3339.0,A,,4013.0,A,,4556.0,A,,5061.0,A,,3971.0,A,,4522.0,A,,6589.0,A,,42987.0,A,,25318.0,A,,27136.0,A,,32953.0,A,,19351.0,A,,22787.0,A,,18164.0,A,,13744.0,A,,27289.0,A,,16072.0,A,,9989.0,A,,6200.0,X,Estimated data using trading partners database,7600.0,X,Estimated data using trading partners database,1700.0,X,Estimated data using trading partners database,0.0,I,,0.0,A,,0.0,A,,0.0,E,,0.0,E,,0.0,E,,0.0,E,,0.0,E,,1185.0,I,,180.0,I,,280.0,I,,192.0,X,Estimated data using trading partners database,338.0,X,Estimated data using trading partners database,338.0,E,,54.0,X,Estimated data using trading partners database,38.0,X,Estimated data using trading partners database,132.0,X,Estimated data using trading partners database,195.0,X,Estimated data using trading partners database,195.0,E,,78.0,X,Estimated data using trading partners database,821.0,X,Estimated data using trading partners database,325.0,X,Estimated data using trading partners database,376.0,X,Estimated data using trading partners database,137.0,X,Estimated data using trading partners database,349.0,X,Estimated data using trading partners database,284.0,X,Estimated data using trading partners database,2674.0,X,Estimated data using trading partners database,756.0,X,Estimated data using trading partners database,40.0,X,Estimated data using trading partners database,,,,,,,,,,145.0,A,,890.0,X,Estimated data using trading partners database
124,'434,Libya,656,'01610,"Coffee, green",5610,Import quantity,t,490.0,A,,571.0,A,,562.0,A,,578.0,A,,623.0,A,,589.0,A,,684.0,A,,690.0,A,,524.0,A,,601.0,A,,803.0,A,,751.0,A,,1391.0,A,,1799.0,A,,1793.0,A,,992.0,A,,2016.0,A,,2933.0,A,,1016.0,A,,3105.0,A,,4106.0,A,,3358.0,A,,1000.0,X,Estimated data using trading partners database,2000.0,I,,2400.0,I,,2743.0,A,,4546.0,A,,2649.0,A,,3000.0,A,,7092.0,A,,7435.0,A,,3600.0,X,Estimated data using trading partners database,1900.0,X,Estimated data using trading partners database,5500.0,X,Estimated data using trading partners database,2999.0,A,,2550.0,X,Estimated data using trading partners database,3700.0,X,Estimated data using trading partners database,1300.0,X,Estimated data using trading partners database,4600.0,A,,710.0,A,,1710.0,A,,401.0,X,Estimated data using trading partners database,677.0,A,,767.0,A,,1841.0,X,Estimated data using trading partners database,1637.0,X,Estimated data using trading partners database,2713.0,X,Estimated data using trading partners database,2728.0,X,Estimated data using trading partners database,2609.0,X,Estimated data using trading partners database,3786.0,X,Estimated data using trading partners database,2838.0,X,Estimated data using trading partners database,7023.0,X,Estimated data using trading partners database,9870.0,X,Estimated data using trading partners database,9044.39,X,Estimated data using trading partners database,9665.42,X,Estimated data using trading partners database,9357.7,A,,12437.75,A,,9995.6,A,,11907.43,A,,13715.95,X,Estimated data using trading partners database,15608.4,X,Estimated data using trading partners database,14008.71,X,Estimated data using trading partners database,20622.91,X,Estimated data using trading partners database,21481.32,X,Estimated data using trading partners database
124,'434,Libya,656,'01610,"Coffee, green",5622,Import value,1000 USD,313.0,A,,424.0,A,,405.0,A,,590.0,A,,565.0,A,,486.0,A,,625.0,A,,542.0,A,,421.0,A,,536.0,A,,743.0,A,,675.0,A,,1598.0,A,,2030.0,A,,2300.0,A,,2715.0,A,,10999.0,A,,9215.0,A,,3810.0,A,,11608.0,A,,12004.0,A,,9740.0,A,,3000.0,I,,4600.0,I,,5500.0,I,,9409.0,A,,11999.0,A,,5828.0,A,,3955.0,A,,8800.0,A,,9030.0,A,,3700.0,X,Estimated data using trading partners database,2500.0,X,Estimated data using trading partners database,15000.0,X,Estimated data using trading partners database,9559.0,A,,4255.0,X,Estimated data using trading partners database,19000.0,X,Estimated data using trading partners database,8400.0,X,Estimated data using trading partners database,6120.0,A,,3450.0,A,,3750.0,A,,399.0,X,Estimated data using trading partners database,1071.0,A,,1379.0,A,,2869.0,X,Estimated data using trading partners database,3024.0,X,Estimated data using trading partners database,5964.0,X,Estimated data using trading partners database,6963.0,X,Estimated data using trading partners database,6923.0,X,Estimated data using trading partners database,8838.0,X,Estimated data using trading partners database,8114.0,X,Estimated data using trading partners database,20180.0,X,Estimated data using trading partners database,25229.0,X,Estimated data using trading partners database,25440.0,X,Estimated data using trading partners database,24277.0,X,Estimated data using trading partners database,19345.0,A,,29408.0,A,,23667.0,A,,23671.0,A,,29957.0,X,Estimated data using trading partners database,36250.0,X,Estimated data using trading partners database,47304.0,X,Estimated data using trading partners database,69037.0,X,Estimated data using trading partners database,100239.0,X,Estimated data using trading partners database
124,'434,Libya,656,'01610,"Coffee, green",5910,Export quantity,t,,,,,,,,,,,,,,,,,,,,,,,,,,,,,,,,,,,,,,,,,,,,,,,,,,,,,,,,,,,,,,,,,,,,,,,,,,,,,,,,,,,,,,,,,,,,,,,,,,,,,,,,,,,,,,,,,,,,,,,,,,,,,,,,,,,,,,,,,,,,,,,,,,,,,,,,,,,,,,,,,,,,,,3.71,A,,3.71,A,,,,,12.5,A,,,,,0.66,X,Estimated data using trading partners database,,,,0.0,X,Estimated data using trading partners database,0.09,X,Estimated data using trading partners database
124,'434,Libya,656,'01610,"Coffee, green",5922,Export value,1000 USD,,,,,,,,,,,,,,,,,,,,,,,,,,,,,,,,,,,,,,,,,,,,,,,,,,,,,,,,,,,,,,,,,,,,,,,,,,,,,,,,,,,,,,,,,,,,,,,,,,,,,,,,,,,,,,,,,,,,,,,,,,,,,,,,,,,,,,,,,,,,,,,,,,,,,,,,,,,,,,,,,,,,,,2.0,A,,2.0,A,,,,,4.0,A,,,,,1.0,X,Estimated data using trading partners database,,,,0.0,X,Estimated data using trading partners database,1.0,X,Estimated data using trading partners database
126,'440,Lithuania,656,'01610,"Coffee, green",5610,Import quantity,t,,,,,,,,,,,,,,,,,,,,,,,,,,,,,,,,,,,,,,,,,,,,,,,,,,,,,,,,,,,,,,,,,,,,,,,,,,,,,,,,,,,,,,,,,,,,,,63.0,A,,0.0,I,,358.0,A,,697.0,A,,708.0,A,,258.0,A,,139.0,A,,64.0,A,,100.0,A,,58.0,A,,89.0,X,Estimated data using trading partners database,123.0,A,,204.0,A,,186.0,A,,265.0,A,,268.0,A,,315.0,A,,294.0,A,,433.0,A,,351.0,A,,570.0,A,,489.0,A,,717.61,A,,810.46,A,,1219.19,A,,1447.81,A,,1645.69,A,,1984.36,A,,2985.35,A,,2435.06,A,,3600.7,A,,4100.08,A,,3850.27,A,
126,'440,Lithuania,656,'01610,"Coffee, green",5622,Import value,1000 USD,,,,,,,,,,,,,,,,,,,,,,,,,,,,,,,,,,,,,,,,,,,,,,,,,,,,,,,,,,,,,,,,,,,,,,,,,,,,,,,,,,,,,,,,,,,,,,314.0,A,,0.0,I,,921.0,A,,2431.0,A,,2653.0,A,,766.0,A,,355.0,A,,232.0,A,,312.0,A,,107.0,A,,190.0,A,,294.0,A,,532.0,A,,703.0,A,,1008.0,A,,1140.0,A,,1344.0,A,,1240.0,A,,2050.0,A,,2382.0,A,,3677.0,A,,2059.0,A,,3757.0,A,,3349.0,A,,5060.0,A,,6563.0,A,,6592.0,A,,7022.0,A,,10479.0,A,,9700.0,A,,20095.0,A,,20223.0,A,,20454.0,A,
126,'440,Lithuania,656,'01610,"Coffee, green",5910,Export quantity,t,,,,,,,,,,,,,,,,,,,,,,,,,,,,,,,,,,,,,,,,,,,,,,,,,,,,,,,,,,,,,,,,,,,,,,,,,,,,,,,,,,,,,,,,,,,,,,15.0,A,,0.0,I,,64.0,A,,266.0,A,,516.0,A,,31.0,A,,32.0,A,,5.0,A,,3.0,A,,1.0,A,,0.0,X,Estimated data using trading partners database,1.0,A,,6.0,A,,9.0,A,,19.0,A,,32.0,A,,16.0,A,,37.0,A,,67.0,A,,3.0,A,,270.0,A,,32.0,A,,128.6,A,,136.35,A,,335.36,A,,407.66,A,,403.38,A,,686.38,A,,849.19,A,,821.85,A,,1228.86,A,,1515.44,A,,886.12,A,
126,'440,Lithuania,656,'01610,"Coffee, green",5922,Export value,1000 USD,,,,,,,,,,,,,,,,,,,,,,,,,,,,,,,,,,,,,,,,,,,,,,,,,,,,,,,,,,,,,,,,,,,,,,,,,,,,,,,,,,,,,,,,,,,,,,39.0,A,,0.0,I,,295.0,A,,1897.0,A,,2382.0,A,,180.0,A,,54.0,A,,31.0,A,,10.0,A,,3.0,A,,0.0,X,Estimated data using trading partners database,6.0,A,,25.0,A,,43.0,A,,133.0,A,,217.0,A,,158.0,A,,559.0,A,,319.0,A,,30.0,A,,2042.0,A,,163.0,A,,852.0,A,,741.0,A,,2098.0,A,,2491.0,A,,2237.0,A,,2974.0,A,,4096.0,A,,4117.0,A,,7514.0,A,,9017.0,A,,5602.0,A,
256,'442,Luxembourg,656,'01610,"Coffee, green",5610,Import quantity,t,,,,,,,,,,,,,,,,,,,,,,,,,,,,,,,,,,,,,,,,,,,,,,,,,,,,,,,,,,,,,,,,,,,,,,,,,,,,,,,,,,,,,,,,,,,,,,,,,,,,,,,,,,,,,,,,,,,,,,138.0,A,,263.0,A,,269.0,A,,200.0,A,,195.0,A,,174.0,A,,166.0,A,,224.0,A,,370.0,A,,524.0,A,,595.0,A,,899.0,A,,863.0,A,,677.0,A,,596.21,A,,826.15,A,,692.1,A,,902.05,A,,825.65,A,,774.51,A,,835.78,A,,589.7,A,,766.31,A,,708.12,A,,707.4,A,
256,'442,Luxembourg,656,'01610,"Coffee, green",5622,Import value,1000 USD,,,,,,,,,,,,,,,,,,,,,,,,,,,,,,,,,,,,,,,,,,,,,,,,,,,,,,,,,,,,,,,,,,,,,,,,,,,,,,,,,,,,,,,,,,,,,,,,,,,,,,,,,,,,,,,,,,,,,,627.0,A,,1320.0,A,,1080.0,A,,914.0,A,,1574.0,A,,2263.0,A,,1900.0,A,,2590.0,A,,4219.0,A,,4550.0,A,,3221.0,A,,5762.0,A,,5356.0,A,,3514.0,A,,3314.0,A,,3816.0,A,,3432.0,A,,4562.0,A,,4328.0,A,,3576.0,A,,4004.0,A,,3569.0,A,,4677.0,A,,4833.0,A,,4560.0,A,
256,'442,Luxembourg,656,'01610,"Coffee, green",5910,Export quantity,t,,,,,,,,,,,,,,,,,,,,,,,,,,,,,,,,,,,,,,,,,,,,,,,,,,,,,,,,,,,,,,,,,,,,,,,,,,,,,,,,,,,,,,,,,,,,,,,,,,,,,,,,,,,,,,,,,,,,,,0.0,A,,0.0,A,,5.0,A,,50.0,A,,9.0,A,,18.0,A,,82.0,A,,51.0,A,,81.0,X,Estimated data using trading partners database,117.0,A,,124.0,X,Estimated data using trading partners database,294.0,X,Estimated data using trading partners database,119.0,X,Estimated data using trading partners database,108.0,X,Estimated data using trading partners database,47.7,A,,43.47,A,,6.89,A,,14.26,A,,5.86,A,,27.28,A,,11.06,A,,46.94,A,,207.85,A,,125.24,A,,149.2,A,
256,'442,Luxembourg,656,'01610,"Coffee, green",5922,Export value,1000 USD,,,,,,,,,,,,,,,,,,,,,,,,,,,,,,,,,,,,,,,,,,,,,,,,,,,,,,,,,,,,,,,,,,,,,,,,,,,,,,,,,,,,,,,,,,,,,,,,,,,,,,,,,,,,,,,,,,,,,,,,,1.0,A,,18.0,A,,266.0,A,,41.0,A,,132.0,A,,409.0,A,,467.0,A,,1179.0,A,,934.0,A,,593.0,A,,1405.0,A,,583.0,A,,567.0,A,,723.0,A,,612.0,A,,48.0,A,,100.0,A,,40.0,A,,185.0,A,,81.0,A,,808.0,A,,1617.0,A,,1159.0,A,,1527.0,A,
129,'450,Madagascar,656,'01610,"Coffee, green",5610,Import quantity,t,0.0,A,,0.0,A,,0.0,A,,0.0,A,,0.0,A,,0.0,A,,0.0,A,,0.0,A,,0.0,A,,0.0,A,,0.0,A,,0.0,A,,0.0,A,,0.0,A,,0.0,A,,0.0,A,,0.0,A,,0.0,A,,0.0,A,,0.0,A,,0.0,A,,0.0,A,,2.0,A,,0.0,A,,0.0,A,,0.0,A,,0.0,A,,0.0,A,,0.0,A,,0.0,A,,0.0,A,,3.0,A,,1.0,A,,2.0,A,,0.0,X,Estimated data using trading partners database,1.0,A,,0.0,X,Estimated data using trading partners database,1.0,A,,15.0,A,,1.35,A,,0.0,A,,0.0,E,,8.0,A,,8.0,A,,1.0,A,,5.0,A,,22.0,A,,21.0,A,,40.0,A,,6.0,A,,2.0,A,,24.0,A,,2.0,A,,49.93,A,,19.3,A,,3.23,A,,245.74,A,,2473.45,A,,798.28,A,,0.28,A,,1.36,A,,831.76,A,,862.44,A,,724.06,X,Estimated data using trading partners database
129,'450,Madagascar,656,'01610,"Coffee, green",5622,Import value,1000 USD,0.0,A,,0.0,A,,0.0,A,,0.0,A,,0.0,A,,0.0,A,,0.0,A,,0.0,A,,0.0,A,,0.0,A,,0.0,A,,0.0,A,,0.0,A,,0.0,A,,0.0,A,,0.0,A,,0.0,A,,0.0,A,,0.0,A,,0.0,A,,0.0,A,,0.0,A,,9.0,A,,0.0,A,,0.0,A,,0.0,A,,0.0,A,,0.0,A,,0.0,A,,0.0,A,,0.0,A,,7.0,A,,4.0,A,,4.0,A,,0.0,X,Estimated data using trading partners database,1.0,A,,0.0,X,Estimated data using trading partners database,0.0,X,Estimated data using trading partners database,29.0,A,,4.0,A,,0.0,A,,0.0,E,,60.0,A,,18.0,A,,2.0,A,,31.0,A,,63.0,A,,80.0,A,,113.0,A,,44.0,A,,9.0,A,,129.0,A,,15.0,A,,208.0,A,,64.0,A,,8.0,A,,429.0,A,,4899.0,A,,1438.0,A,,1.0,A,,7.0,A,,2081.0,A,,1999.0,A,,2800.0,X,Estimated data using trading partners database
129,'450,Madagascar,656,'01610,"Coffee, green",5910,Export quantity,t,39808.0,A,,56018.0,A,,44391.0,A,,37955.0,A,,50063.0,A,,45653.0,A,,49904.0,A,,53802.0,A,,49579.0,A,,51942.0,A,,51866.0,A,,56234.0,A,,65402.0,A,,65379.0,A,,67437.0,A,,72960.0,A,,50189.0,A,,55169.0,A,,63117.0,A,,69470.0,A,,56941.0,A,,53918.0,A,,50034.0,A,,51337.0,A,,41662.0,A,,44937.0,A,,46633.0,A,,42101.0,A,,58524.0,A,,47824.0,A,,40878.0,A,,49448.0,A,,50917.0,A,,36510.0,A,,35240.0,A,,40113.0,A,,25896.0,A,,30277.0,A,,13067.0,A,,4922.29,A,,2978.0,X,Estimated data using trading partners database,3920.0,A,,4497.0,A,,7756.0,A,,6727.0,A,,10555.0,A,,10747.0,A,,7588.0,A,,1948.0,A,,8303.0,A,,4014.0,A,,2432.0,X,Estimated data using trading partners database,10949.0,A,,8767.65,A,,3061.55,A,,4485.05,A,,1767.44,A,,0.28,A,,240.24,A,,3044.12,A,,530.04,A,,1.08,A,,60.6,A,,2103.36,X,Estimated data using trading partners database
129,'450,Madagascar,656,'01610,"Coffee, green",5922,Export value,1000 USD,22463.0,A,,30044.0,A,,23759.0,A,,24547.0,A,,28895.0,A,,30760.0,A,,32902.0,A,,35662.0,A,,32047.0,A,,39377.0,A,,39191.0,A,,45533.0,A,,59983.0,A,,64895.0,A,,65722.0,A,,118713.0,A,,164656.0,A,,162461.0,A,,179202.0,A,,214274.0,A,,112336.0,A,,94308.0,A,,114632.0,A,,136515.0,A,,96112.0,A,,137313.0,A,,97226.0,A,,72681.0,A,,72408.0,A,,38837.0,A,,28390.0,A,,31541.0,A,,40510.0,A,,91274.0,A,,81380.0,A,,57364.0,A,,32838.0,A,,40238.0,A,,15287.0,A,,3959.0,A,,2150.0,A,,1875.0,A,,2647.0,A,,2253.0,A,,6374.0,A,,12435.0,A,,15139.0,A,,14895.0,A,,2547.0,A,,11104.0,A,,6565.0,A,,5347.0,A,,19968.0,A,,15620.0,A,,5266.0,A,,7265.0,A,,3260.0,A,,1.0,A,,344.0,A,,3925.0,A,,494.0,A,,8.0,A,,303.0,A,,7214.0,X,Estimated data using trading partners database
130,'454,Malawi,656,'01610,"Coffee, green",5610,Import quantity,t,15.0,I,,15.0,I,,15.0,I,,15.0,A,,24.0,A,,25.0,A,,32.0,A,,48.0,A,,107.0,A,,110.0,A,,35.0,A,,59.0,A,,64.0,A,,78.0,A,,59.0,A,,79.0,A,,34.0,A,,69.0,A,,61.0,A,,50.0,A,,90.0,A,,61.0,A,,70.0,A,,19.0,A,,29.0,A,,267.0,A,,11.0,A,,8.0,A,,30.0,A,,2.0,A,,1.0,A,,0.0,X,Estimated data using trading partners database,174.0,A,,0.0,X,Estimated data using trading partners database,0.0,I,,,,,1.0,A,,19.0,A,,19.0,E,,1.0,A,,0.0,A,,0.0,A,,9.0,X,Estimated data using trading partners database,196.0,X,Estimated data using trading partners database,0.0,X,Estimated data using trading partners database,5.0,X,Estimated data using trading partners database,21.0,A,,1.0,A,,0.0,A,,5.0,A,,1.0,A,,2.0,X,Estimated data using trading partners database,29.0,A,,6.27,A,,6.23,A,,4.97,A,,4.85,A,,5.1,A,,5.18,A,,1.34,A,,6.96,A,,1.65,A,,2.0,A,,1.64,A,
130,'454,Malawi,656,'01610,"Coffee, green",5622,Import value,1000 USD,23.0,I,,23.0,I,,23.0,I,,23.0,A,,28.0,A,,40.0,A,,62.0,A,,86.0,A,,131.0,A,,167.0,A,,93.0,A,,139.0,A,,135.0,A,,161.0,A,,129.0,A,,197.0,A,,98.0,A,,289.0,A,,273.0,A,,200.0,A,,407.0,A,,253.0,A,,240.0,A,,58.0,A,,101.0,A,,363.0,A,,45.0,A,,33.0,A,,82.0,A,,4.0,A,,1.0,A,,0.0,X,Estimated data using trading partners database,162.0,A,,0.0,X,Estimated data using trading partners database,0.0,I,,,,,3.0,A,,44.0,A,,44.0,E,,2.0,A,,0.0,A,,1.0,A,,18.0,A,,352.0,X,Estimated data using trading partners database,2.0,X,Estimated data using trading partners database,12.0,X,Estimated data using trading partners database,80.0,A,,7.0,A,,1.0,A,,15.0,A,,6.0,A,,12.0,X,Estimated data using trading partners database,62.0,A,,20.0,A,,16.0,A,,11.0,A,,12.0,A,,7.0,A,,16.0,A,,2.0,A,,15.0,A,,4.0,A,,2.0,A,,15.0,A,
130,'454,Malawi,656,'01610,"Coffee, green",5910,Export quantity,t,150.0,I,,150.0,I,,150.0,I,,174.0,A,,29.0,A,,132.0,A,,168.0,A,,197.0,A,,180.0,A,,137.0,A,,205.0,A,,150.0,A,,173.0,A,,198.0,A,,191.0,A,,241.0,A,,283.0,A,,241.0,A,,455.0,A,,448.0,A,,806.0,A,,1038.0,A,,1028.0,A,,1743.0,A,,3334.0,A,,3742.0,A,,4899.0,A,,3720.0,A,,3614.0,A,,7022.0,A,,5941.0,A,,8640.0,A,,5663.0,A,,4586.0,A,,5228.0,A,,5100.0,A,,4203.0,A,,3592.0,A,,4300.0,X,Estimated data using trading partners database,3400.0,X,Estimated data using trading partners database,5940.0,A,,2504.0,A,,2442.0,A,,2820.0,X,Estimated data using trading partners database,1247.0,X,Estimated data using trading partners database,2759.0,X,Estimated data using trading partners database,1404.0,A,,648.0,A,,708.0,X,Estimated data using trading partners database,901.0,A,,858.0,A,,1136.0,X,Estimated data using trading partners database,917.0,A,,1055.62,A,,958.89,A,,813.07,A,,519.76,A,,256.43,A,,428.85,A,,246.36,A,,323.41,A,,213.9,A,,189.61,A,,796.89,A,
130,'454,Malawi,656,'01610,"Coffee, green",5922,Export value,1000 USD,100.0,I,,100.0,I,,100.0,I,,109.0,A,,21.0,A,,56.0,A,,141.0,A,,134.0,A,,120.0,A,,122.0,A,,194.0,A,,110.0,A,,188.0,A,,254.0,A,,293.0,A,,701.0,A,,1229.0,A,,688.0,A,,1780.0,A,,1106.0,A,,1798.0,A,,2316.0,A,,2328.0,A,,3608.0,A,,6843.0,A,,12238.0,A,,9247.0,A,,9655.0,A,,6179.0,A,,10696.0,A,,9351.0,A,,9591.0,A,,7085.0,A,,14774.0,A,,15421.0,A,,10686.0,A,,12754.0,A,,11122.0,A,,8600.0,X,Estimated data using trading partners database,7000.0,X,Estimated data using trading partners database,5480.0,A,,2302.0,A,,2665.0,A,,3488.0,X,Estimated data using trading partners database,2378.0,X,Estimated data using trading partners database,5292.0,X,Estimated data using trading partners database,3388.0,A,,1488.0,A,,2188.0,A,,5271.0,A,,4148.0,A,,4694.0,X,Estimated data using trading partners database,2890.0,A,,3369.0,A,,2883.0,A,,2704.0,A,,1809.0,A,,959.0,A,,1321.0,A,,709.0,A,,1464.0,A,,955.0,A,,715.0,A,,2821.0,A,
131,'458,Malaysia,656,'01610,"Coffee, green",5610,Import quantity,t,9987.0,A,,8534.0,A,,8256.0,A,,4388.0,A,,3322.0,A,,4727.0,A,,4633.0,A,,5202.0,A,,4804.0,A,,3229.0,A,,4095.0,A,,3974.0,A,,3256.0,A,,3625.0,A,,3559.0,A,,2275.0,A,,1258.0,A,,2249.0,A,,3145.0,A,,2106.0,A,,3081.0,A,,6573.0,A,,7991.0,A,,7344.0,A,,4680.0,A,,2453.0,A,,5722.0,A,,9476.0,A,,9410.0,A,,9355.0,A,,10965.0,A,,11168.0,A,,11071.0,A,,11557.0,A,,15835.0,A,,21897.0,A,,14000.0,X,Estimated data using trading partners database,14292.0,A,,17082.0,A,,21917.0,A,,22995.0,A,,25691.0,A,,19038.0,A,,23986.0,A,,23826.0,A,,35368.0,A,,42165.0,A,,42126.0,A,,39747.0,A,,60268.0,A,,66896.0,A,,69407.0,A,,85545.0,A,,77310.13,A,,82841.28,A,,86961.92,A,,90024.85,A,,103633.57,A,,110028.32,A,,104639.98,A,,96151.34,A,,100013.58,A,,72110.77,A,,88840.02,A,
131,'458,Malaysia,656,'01610,"Coffee, green",5622,Import value,1000 USD,3567.0,A,,3036.0,A,,3749.0,A,,2842.0,A,,1826.0,A,,2577.0,A,,2178.0,A,,2673.0,A,,2168.0,A,,1752.0,A,,2290.0,A,,1901.0,A,,2446.0,A,,3111.0,A,,2664.0,A,,3002.0,A,,3507.0,A,,4106.0,A,,4417.0,A,,4552.0,A,,4292.0,A,,6433.0,A,,7656.0,A,,7361.0,A,,5962.0,A,,5341.0,A,,10778.0,A,,15497.0,A,,12014.0,A,,10090.0,A,,12503.0,A,,11193.0,A,,11977.0,A,,23472.0,A,,39790.0,A,,28094.0,A,,16000.0,X,Estimated data using trading partners database,22168.0,A,,22256.0,A,,18913.0,A,,13866.0,A,,16711.0,A,,16191.0,A,,19562.0,A,,25860.0,A,,53688.0,A,,82057.0,A,,97819.0,A,,67468.0,A,,103351.0,A,,163871.0,A,,165396.0,A,,192228.0,A,,192559.0,A,,197183.0,A,,182795.0,A,,221670.0,A,,225810.0,A,,242983.0,A,,223257.0,A,,218765.0,A,,330679.0,A,,253511.0,A,,402947.0,A,
131,'458,Malaysia,656,'01610,"Coffee, green",5910,Export quantity,t,5051.0,A,,4351.0,A,,4657.0,A,,1909.0,A,,793.0,A,,1115.0,A,,1205.0,A,,1992.0,A,,1159.0,A,,765.0,A,,802.0,A,,1008.0,A,,776.0,A,,1472.0,A,,1519.0,A,,5043.0,A,,4729.0,A,,2084.0,A,,3838.0,A,,1781.0,A,,2485.0,A,,6224.0,A,,9468.0,A,,4478.0,A,,3145.0,A,,1025.0,X,Estimated data using trading partners database,925.0,A,,1896.0,A,,108.0,A,,338.0,A,,238.0,A,,290.0,A,,255.0,A,,578.0,X,Estimated data using trading partners database,383.0,X,Estimated data using trading partners database,430.0,X,Estimated data using trading partners database,430.0,E,,366.0,A,,302.0,A,,483.0,A,,489.0,A,,550.0,A,,674.0,A,,637.0,A,,666.0,A,,1490.0,A,,984.0,A,,768.0,A,,1142.0,A,,1099.0,A,,1318.0,A,,1343.0,A,,1571.0,A,,1174.74,A,,628.66,A,,934.48,A,,826.41,A,,1126.84,A,,884.83,A,,1889.81,A,,2488.97,A,,1104.96,A,,2415.33,A,,836.23,A,
131,'458,Malaysia,656,'01610,"Coffee, green",5922,Export value,1000 USD,3669.0,A,,2832.0,A,,2814.0,A,,1190.0,A,,436.0,A,,629.0,A,,666.0,A,,783.0,A,,596.0,A,,375.0,A,,446.0,A,,510.0,A,,589.0,A,,1480.0,A,,1401.0,A,,3722.0,A,,13506.0,A,,4537.0,A,,7841.0,A,,5246.0,A,,2841.0,A,,3684.0,A,,7078.0,A,,6078.0,A,,4638.0,A,,2130.0,A,,1492.0,A,,2441.0,A,,149.0,A,,461.0,A,,447.0,A,,532.0,A,,438.0,A,,1094.0,A,,1076.0,A,,915.0,A,,915.0,E,,790.0,A,,646.0,A,,896.0,A,,615.0,A,,658.0,A,,981.0,A,,930.0,A,,1353.0,A,,2169.0,A,,1921.0,A,,2357.0,A,,2794.0,A,,2679.0,A,,3865.0,A,,4143.0,A,,4131.0,A,,4028.0,A,,2310.0,A,,2673.0,A,,2615.0,A,,3334.0,A,,2325.0,A,,4722.0,A,,8046.0,A,,4403.0,A,,11233.0,A,,4805.0,A,
132,'462,Maldives,656,'01610,"Coffee, green",5610,Import quantity,t,0.0,A,,0.0,A,,0.0,A,,0.0,A,,0.0,A,,0.0,A,,0.0,A,,0.0,A,,0.0,A,,0.0,A,,0.0,A,,0.0,A,,0.0,A,,0.0,A,,0.0,A,,0.0,A,,0.0,A,,0.0,A,,0.0,A,,0.0,A,,0.0,A,,0.0,A,,0.0,A,,0.0,A,,0.0,A,,0.0,A,,0.0,A,,0.0,A,,51.0,A,,0.0,A,,0.0,A,,0.0,A,,0.0,A,,0.0,A,,0.0,A,,0.0,E,,40.0,A,,40.0,I,,40.0,I,,20.0,X,Estimated data using trading partners database,1.0,A,,2.0,X,Estimated data using trading partners database,1.0,A,,7.0,A,,23.0,A,,27.0,A,,25.0,A,,19.0,A,,1.0,X,Estimated data using trading partners database,7.0,A,,17.0,A,,24.0,A,,17.0,A,,86.84,A,,292.85,A,,193.28,A,,295.56,A,,348.21,A,,235.51,A,,165.97,A,,177.39,A,,278.37,A,,704.13,A,,307.3,A,
132,'462,Maldives,656,'01610,"Coffee, green",5622,Import value,1000 USD,0.0,A,,0.0,A,,0.0,A,,0.0,A,,0.0,A,,0.0,A,,0.0,A,,0.0,A,,0.0,A,,0.0,A,,0.0,A,,0.0,A,,0.0,A,,0.0,A,,0.0,A,,0.0,A,,0.0,A,,0.0,A,,0.0,A,,0.0,A,,0.0,A,,0.0,A,,0.0,A,,0.0,A,,0.0,A,,0.0,A,,0.0,A,,0.0,A,,313.0,A,,0.0,A,,0.0,A,,0.0,A,,0.0,A,,0.0,A,,0.0,A,,0.0,E,,324.0,A,,324.0,I,,324.0,I,,162.0,I,,19.0,A,,21.0,A,,32.0,A,,79.0,A,,157.0,A,,406.0,A,,183.0,A,,329.0,A,,16.0,X,Estimated data using trading partners database,147.0,A,,331.0,A,,535.0,A,,287.0,A,,392.0,A,,3344.0,A,,2386.0,A,,3998.0,A,,4489.0,A,,4589.0,A,,3355.0,A,,3433.0,A,,5429.0,A,,6166.0,A,,5285.0,A,
132,'462,Maldives,656,'01610,"Coffee, green",5910,Export quantity,t,,,,,,,,,,,,,,,,,,,,,,,,,,,,,,,,,,,,,,,,,,,,,,,,,,,,,,,,,,,,,,,,,,,,,,,,,,,,,,,,,,,,,,,,,,,,,,,,,,,,,,,,,,,,,,,,,,,,,,,,,,,,,,,,,,,,,,,,,,,,,,,,,,,,,,,,,,,,,,,,,,,,,,,,,,,,,,,,,,,,,0.0,A,,,,,,,,,,
132,'462,Maldives,656,'01610,"Coffee, green",5922,Export value,1000 USD,,,,,,,,,,,,,,,,,,,,,,,,,,,,,,,,,,,,,,,,,,,,,,,,,,,,,,,,,,,,,,,,,,,,,,,,,,,,,,,,,,,,,,,,,,,,,,,,,,,,,,,,,,,,,,,,,,,,,,,,,,,,,,,,,,,,,,,,,,,,,,,,,,,,,,,,,,,,,,,,,,,,,,,,,,,,,,,,,,,,,0.0,A,,,,,,,,,,
133,'466,Mali,656,'01610,"Coffee, green",5610,Import quantity,t,50.0,I,,50.0,A,,610.0,A,,89.0,A,,54.0,A,,213.0,A,,56.0,A,,323.0,A,,1822.0,A,,927.0,A,,1504.0,A,,1295.0,A,,433.0,A,,277.0,A,,256.0,A,,64.0,A,,146.0,A,,194.0,A,,335.0,A,,49.0,A,,70.0,A,,19.0,A,,1.0,A,,1.0,A,,28.0,A,,0.0,A,,12.0,X,Estimated data using trading partners database,0.0,A,,0.0,A,,0.0,A,,0.0,A,,0.0,A,,0.0,A,,0.0,E,,0.0,X,Estimated data using trading partners database,0.0,A,,2.75,A,,9.79,A,,0.8,A,,2.01,A,,5.0,A,,0.0,A,,2.0,A,,553.0,A,,25.0,A,,136.0,A,,264.0,X,Estimated data using trading partners database,867.0,A,,880.0,I,,900.0,I,,900.0,I,,104.0,X,Estimated data using trading partners database,0.0,X,Estimated data using trading partners database,0.87,X,Estimated data using trading partners database,4.3,X,Estimated data using trading partners database,499.91,A,,127.68,A,,206.17,A,,41.9,A,,577.33,X,Estimated data using trading partners database,1114.85,X,Estimated data using trading partners database,229.38,A,,92.87,A,,113.59,X,Estimated data using trading partners database
133,'466,Mali,656,'01610,"Coffee, green",5622,Import value,1000 USD,50.0,I,,50.0,A,,583.0,A,,55.0,A,,35.0,A,,86.0,A,,17.0,A,,60.0,A,,148.0,A,,105.0,A,,164.0,A,,165.0,A,,144.0,A,,70.0,A,,323.0,A,,69.0,A,,67.0,A,,157.0,A,,339.0,A,,50.0,A,,73.0,A,,37.0,A,,2.0,A,,5.0,A,,251.0,A,,0.0,A,,57.0,A,,0.0,A,,0.0,A,,0.0,A,,0.0,A,,0.0,A,,0.0,A,,0.0,E,,0.0,X,Estimated data using trading partners database,0.0,A,,12.0,A,,10.0,A,,1.0,A,,3.0,A,,5.0,A,,0.0,A,,2.0,A,,958.0,A,,19.0,A,,216.0,A,,294.0,A,,461.0,A,,500.0,I,,550.0,I,,570.0,I,,134.0,A,,13.0,X,Estimated data using trading partners database,20.0,X,Estimated data using trading partners database,16.0,X,Estimated data using trading partners database,430.0,A,,227.0,A,,204.0,A,,74.0,A,,988.0,X,Estimated data using trading partners database,1677.0,X,Estimated data using trading partners database,400.0,A,,366.0,A,,276.0,X,Estimated data using trading partners database
133,'466,Mali,656,'01610,"Coffee, green",5910,Export quantity,t,0.0,A,,0.0,A,,0.0,A,,0.0,A,,0.0,A,,0.0,A,,21.0,A,,4.0,A,,250.0,A,,1721.0,A,,1449.0,A,,1641.0,A,,25.0,A,,106.0,A,,0.0,A,,0.0,A,,2.0,A,,0.0,A,,0.0,A,,0.0,A,,0.0,A,,0.0,A,,15.0,A,,0.0,A,,0.0,A,,0.0,A,,0.0,A,,0.0,A,,0.0,A,,0.0,A,,0.0,A,,0.0,A,,0.0,A,,0.0,E,,0.0,E,,0.0,A,,0.0,E,,0.0,E,,0.0,E,,0.0,A,,0.0,E,,0.0,A,,0.0,E,,0.0,E,,6.0,A,,0.0,X,Estimated data using trading partners database,0.0,A,,0.0,A,,0.0,E,,0.0,E,,0.0,E,,157.0,X,Estimated data using trading partners database,5.0,X,Estimated data using trading partners database,2.5,X,Estimated data using trading partners database,2.7,X,Estimated data using trading partners database,9.47,A,,44.0,A,,17.3,A,,65.77,A,,,,,,,,1819.0,A,,494.0,A,,2.14,X,Estimated data using trading partners database
133,'466,Mali,656,'01610,"Coffee, green",5922,Export value,1000 USD,0.0,A,,0.0,A,,0.0,A,,0.0,A,,0.0,A,,0.0,A,,2.0,A,,0.0,A,,40.0,A,,267.0,A,,257.0,A,,327.0,A,,17.0,A,,64.0,A,,0.0,A,,0.0,A,,2.0,A,,0.0,A,,0.0,A,,0.0,A,,0.0,A,,0.0,A,,115.0,A,,0.0,A,,0.0,A,,0.0,A,,0.0,A,,0.0,A,,0.0,A,,0.0,A,,0.0,A,,0.0,A,,0.0,A,,0.0,E,,0.0,E,,0.0,A,,0.0,E,,0.0,E,,0.0,E,,0.0,A,,0.0,E,,0.0,A,,0.0,E,,0.0,E,,16.0,A,,0.0,X,Estimated data using trading partners database,1.0,A,,1.0,A,,1.0,E,,2.0,X,Estimated data using trading partners database,2.0,E,,191.0,A,,1.0,X,Estimated data using trading partners database,1.0,X,Estimated data using trading partners database,1.0,X,Estimated data using trading partners database,24.0,A,,1.0,A,,3.0,A,,59.0,A,,,,,,,,280.0,A,,60.0,A,,1.0,X,Estimated data using trading partners database
134,'470,Malta,656,'01610,"Coffee, green",5610,Import quantity,t,502.0,A,,493.0,A,,610.0,A,,250.0,A,,228.0,A,,389.0,A,,210.0,A,,230.0,A,,211.0,A,,171.0,A,,178.0,A,,105.0,A,,154.0,A,,118.0,A,,96.0,A,,93.0,A,,72.0,A,,86.0,A,,88.0,A,,142.0,A,,65.0,A,,100.0,A,,55.0,A,,90.0,A,,51.0,A,,85.0,A,,98.0,A,,158.0,A,,86.0,A,,115.0,A,,93.0,A,,77.0,A,,117.0,A,,106.0,A,,85.0,A,,61.0,A,,95.0,A,,89.0,A,,76.0,A,,61.0,A,,74.0,A,,66.0,A,,102.0,A,,36.0,A,,44.0,A,,48.0,A,,35.0,A,,40.0,A,,34.0,A,,48.0,A,,33.0,A,,68.0,A,,26.0,A,,56.54,A,,54.76,A,,3.11,A,,20.46,A,,37.91,A,,69.73,A,,149.26,A,,87.66,A,,63.98,A,,137.22,A,,140.79,A,
134,'470,Malta,656,'01610,"Coffee, green",5622,Import value,1000 USD,216.0,A,,238.0,A,,318.0,A,,192.0,A,,150.0,A,,263.0,A,,140.0,A,,160.0,A,,151.0,A,,153.0,A,,158.0,A,,98.0,A,,171.0,A,,159.0,A,,125.0,A,,194.0,A,,278.0,A,,324.0,A,,326.0,A,,518.0,A,,184.0,A,,194.0,A,,88.0,A,,114.0,A,,99.0,A,,333.0,A,,267.0,A,,416.0,A,,641.0,A,,285.0,A,,230.0,A,,196.0,A,,291.0,A,,376.0,A,,453.0,A,,322.0,A,,390.0,A,,367.0,A,,299.0,A,,266.0,A,,285.0,A,,234.0,A,,392.0,A,,262.0,A,,227.0,A,,257.0,A,,149.0,A,,171.0,A,,135.0,A,,197.0,A,,242.0,A,,249.0,A,,108.0,A,,128.0,A,,133.0,A,,42.0,A,,82.0,A,,178.0,A,,278.0,A,,340.0,A,,166.0,A,,270.0,A,,680.0,A,,1215.0,A,
134,'470,Malta,656,'01610,"Coffee, green",5910,Export quantity,t,0.0,A,,0.0,A,,0.0,A,,0.0,A,,0.0,A,,0.0,A,,0.0,A,,7.0,A,,0.0,A,,0.0,A,,0.0,A,,0.0,A,,0.0,A,,0.0,A,,0.0,A,,0.0,A,,6.0,A,,0.0,A,,0.0,A,,0.0,A,,0.0,A,,0.0,A,,0.0,A,,0.0,A,,0.0,A,,0.0,A,,0.0,A,,0.0,A,,0.0,A,,0.0,A,,0.0,A,,0.0,A,,0.0,A,,0.0,I,,0.0,E,,0.0,E,,0.0,E,,0.0,E,,14.0,A,,10.0,A,,4.0,A,,3.0,A,,72.0,X,Estimated data using trading partners database,1.0,A,,0.0,X,Estimated data using trading partners database,0.0,E,,0.0,E,,0.0,E,,0.0,E,,7.0,A,,3.0,A,,13.0,A,,16.0,A,,0.4,A,,30.4,A,,1.66,A,,9.2,A,,3.94,A,,0.0,A,,0.0,A,,108.41,A,,0.0,A,,0.1,A,,0.01,A,
134,'470,Malta,656,'01610,"Coffee, green",5922,Export value,1000 USD,0.0,A,,0.0,A,,0.0,A,,0.0,A,,0.0,A,,0.0,A,,0.0,A,,5.0,A,,0.0,A,,0.0,A,,0.0,A,,0.0,A,,0.0,A,,0.0,A,,0.0,A,,0.0,A,,42.0,A,,0.0,A,,0.0,A,,0.0,A,,0.0,A,,0.0,A,,0.0,A,,0.0,A,,0.0,A,,0.0,A,,0.0,A,,0.0,A,,0.0,A,,0.0,A,,0.0,A,,0.0,A,,0.0,A,,0.0,E,,0.0,E,,0.0,E,,0.0,E,,0.0,E,,188.0,A,,149.0,A,,31.0,A,,58.0,A,,64.0,X,Estimated data using trading partners database,1.0,A,,0.0,X,Estimated data using trading partners database,0.0,E,,0.0,E,,0.0,E,,0.0,E,,78.0,A,,29.0,A,,44.0,A,,172.0,A,,32.0,A,,119.0,A,,47.0,A,,55.0,A,,64.0,A,,0.0,A,,0.0,A,,797.0,A,,0.0,A,,1.0,A,,0.0,A,
127,'584,Marshall Islands,656,'01610,"Coffee, green",5610,Import quantity,t,,,,,,,,,,,,,,,,,,,,,,,,,,,,,,,,,,,,,,,,,,,,,,,,,,,,,,,,,,,,,,,,,,,,,,,,,,,,,,,,,,,,,,,,,,,,,,,,,,,,,,,,,,,,,,,,,,,,,,23.16,X,Estimated data using trading partners database,,,,0.09,X,Estimated data using trading partners database,,,,0.62,I,,,,,0.99,X,Estimated data using trading partners database,,,,,,,,,,,,,,,,0.01,X,Estimated data using trading partners database,0.04,X,Estimated data using trading partners database,0.13,X,Estimated data using trading partners database,0.01,X,Estimated data using trading partners database,0.56,X,Estimated data using trading partners database,1.06,X,Estimated data using trading partners database,0.4,X,Estimated data using trading partners database,0.75,X,Estimated data using trading partners database,2.28,X,Estimated data using trading partners database,9.4,X,Estimated data using trading partners database,2.93,X,Estimated data using trading partners database,2.09,X,Estimated data using trading partners database,1.55,I,
127,'584,Marshall Islands,656,'01610,"Coffee, green",5622,Import value,1000 USD,,,,,,,,,,,,,,,,,,,,,,,,,,,,,,,,,,,,,,,,,,,,,,,,,,,,,,,,,,,,,,,,,,,,,,,,,,,,,,,,,,,,,,,,,,,,,,,,,,,,,,,,,,,,,,,,,,,,,,46.0,X,Estimated data using trading partners database,,,,0.0,X,Estimated data using trading partners database,,,,1.0,X,Estimated data using trading partners database,,,,7.0,X,Estimated data using trading partners database,,,,,,,,,,,,,,,,1.0,X,Estimated data using trading partners database,0.0,X,Estimated data using trading partners database,1.0,X,Estimated data using trading partners database,0.0,X,Estimated data using trading partners database,7.0,X,Estimated data using trading partners database,11.0,X,Estimated data using trading partners database,5.0,X,Estimated data using trading partners database,7.0,X,Estimated data using trading partners database,23.0,X,Estimated data using trading partners database,28.0,X,Estimated data using trading partners database,38.0,X,Estimated data using trading partners database,25.0,X,Estimated data using trading partners database,24.0,X,Estimated data using trading partners database
127,'584,Marshall Islands,656,'01610,"Coffee, green",5910,Export quantity,t,,,,,,,,,,,,,,,,,,,,,,,,,,,,,,,,,,,,,,,,,,,,,,,,,,,,,,,,,,,,,,,,,,,,,,,,,,,,,,,,,,,,,,,,,,,,,,,,,,,,,,,,,,,,,,,,,,,,,,,,,,,,,,,,,,,,,,,,24.0,X,Estimated data using trading partners database,,,,,,,,,,19.2,X,Estimated data using trading partners database,,,,,,,,,,0.0,X,Estimated data using trading partners database,,,,,,,,,,0.14,X,Estimated data using trading partners database,,,,0.13,X,Estimated data using trading partners database,,,,,,,0.01,X,Estimated data using trading partners database,0.0,X,Estimated data using trading partners database
127,'584,Marshall Islands,656,'01610,"Coffee, green",5922,Export value,1000 USD,,,,,,,,,,,,,,,,,,,,,,,,,,,,,,,,,,,,,,,,,,,,,,,,,,,,,,,,,,,,,,,,,,,,,,,,,,,,,,,,,,,,,,,,,,,,,,,,,,,,,,,,,,,,,,,,,,,,,,,,,,,,,,,,,,,,,,,,24.0,X,Estimated data using trading partners database,,,,,,,,,,36.0,X,Estimated data using trading partners database,,,,,,,,,,0.0,X,Estimated data using trading partners database,,,,,,,,,,0.0,X,Estimated data using trading partners database,,,,0.0,X,Estimated data using trading partners database,,,,,,,0.0,X,Estimated data using trading partners database,0.0,X,Estimated data using trading partners database
136,'478,Mauritania,656,'01610,"Coffee, green",5610,Import quantity,t,16.0,A,,6.0,A,,4.0,A,,1.0,A,,3.0,A,,17.0,A,,3.0,A,,4.0,A,,5.0,A,,14.0,A,,0.0,A,,0.0,A,,346.0,A,,128.0,A,,10.0,A,,0.0,A,,0.0,A,,0.0,A,,0.0,A,,0.0,A,,0.0,A,,0.0,A,,0.0,A,,0.0,A,,0.0,A,,0.0,A,,0.0,A,,0.0,A,,1.0,A,,0.0,A,,16.0,A,,15.0,A,,7.0,A,,1.0,A,,0.0,X,Estimated data using trading partners database,0.0,E,,0.0,E,,0.0,E,,0.0,E,,1.0,X,Estimated data using trading partners database,1.0,E,,77.0,X,Estimated data using trading partners database,2.0,X,Estimated data using trading partners database,40.0,X,Estimated data using trading partners database,2.0,A,,0.0,X,Estimated data using trading partners database,12.0,X,Estimated data using trading partners database,25.0,X,Estimated data using trading partners database,2.0,X,Estimated data using trading partners database,14.0,A,,13.0,A,,17.0,A,,40.0,A,,236.28,A,,1.45,X,Estimated data using trading partners database,437.74,A,,469.18,A,,768.54,A,,587.76,A,,966.49,A,,1546.97,A,,734.66,A,,734.35,A,,590.13,A,
136,'478,Mauritania,656,'01610,"Coffee, green",5622,Import value,1000 USD,15.0,I,,15.0,A,,9.0,A,,3.0,A,,8.0,A,,30.0,I,,6.0,A,,8.0,A,,6.0,A,,21.0,A,,0.0,A,,0.0,A,,202.0,A,,70.0,I,,44.0,A,,0.0,A,,0.0,A,,0.0,A,,0.0,A,,0.0,A,,0.0,A,,0.0,A,,0.0,A,,0.0,A,,0.0,A,,0.0,A,,0.0,A,,0.0,A,,7.0,A,,0.0,A,,59.0,A,,162.0,A,,38.0,A,,7.0,A,,0.0,X,Estimated data using trading partners database,0.0,E,,0.0,E,,0.0,E,,0.0,E,,4.0,I,,4.0,E,,25.0,X,Estimated data using trading partners database,7.0,X,Estimated data using trading partners database,36.0,X,Estimated data using trading partners database,3.0,A,,2.0,X,Estimated data using trading partners database,47.0,A,,64.0,A,,21.0,X,Estimated data using trading partners database,101.0,A,,51.0,A,,85.0,A,,224.0,A,,150.0,A,,21.0,X,Estimated data using trading partners database,178.0,A,,178.0,A,,275.0,A,,233.0,A,,484.0,A,,715.0,A,,454.0,A,,438.0,A,,312.0,A,
137,'480,Mauritius,656,'01610,"Coffee, green",5610,Import quantity,t,54.0,A,,37.0,A,,38.0,A,,12.0,A,,23.0,A,,28.0,A,,29.0,A,,30.0,A,,28.0,A,,41.0,A,,35.0,A,,40.0,A,,50.0,A,,66.0,A,,45.0,A,,78.0,A,,69.0,A,,59.0,A,,153.0,X,Estimated data using trading partners database,5.0,A,,5.0,A,,7.0,A,,0.0,A,,25.0,A,,25.0,A,,10.0,A,,24.0,A,,32.0,A,,25.0,A,,16.0,A,,22.0,A,,28.0,A,,35.0,A,,29.0,A,,42.0,A,,32.0,A,,52.0,A,,52.0,A,,57.0,A,,48.6,A,,50.0,A,,53.0,A,,57.0,A,,71.0,A,,74.0,A,,81.0,A,,80.0,A,,100.0,A,,86.0,A,,76.0,A,,85.0,A,,95.0,A,,82.0,A,,91.11,A,,77.86,A,,134.11,A,,87.86,A,,90.15,A,,87.16,A,,61.81,A,,31.43,A,,59.26,A,,291.18,X,Estimated data using trading partners database,83.9,A,
137,'480,Mauritius,656,'01610,"Coffee, green",5622,Import value,1000 USD,14.0,A,,11.0,A,,15.0,A,,10.0,A,,12.0,A,,71.0,A,,77.0,A,,90.0,A,,73.0,A,,92.0,A,,83.0,A,,102.0,A,,124.0,A,,249.0,A,,165.0,A,,283.0,A,,496.0,A,,412.0,A,,927.0,A,,14.0,A,,17.0,A,,24.0,A,,0.0,A,,80.0,A,,77.0,A,,43.0,A,,81.0,A,,167.0,A,,79.0,A,,41.0,A,,66.0,A,,83.0,A,,95.0,A,,80.0,A,,193.0,A,,180.0,A,,188.0,A,,177.0,A,,174.0,A,,120.0,A,,107.0,A,,116.0,A,,140.0,A,,172.0,A,,180.0,A,,221.0,A,,253.0,A,,361.0,A,,297.0,A,,292.0,A,,381.0,A,,438.0,A,,337.0,A,,361.0,A,,309.0,A,,699.0,A,,394.0,A,,374.0,A,,308.0,A,,205.0,A,,187.0,A,,375.0,A,,1472.0,X,Estimated data using trading partners database,558.0,A,
137,'480,Mauritius,656,'01610,"Coffee, green",5910,Export quantity,t,0.0,A,,0.0,A,,0.0,A,,0.0,A,,0.0,A,,0.0,A,,0.0,A,,0.0,A,,0.0,A,,0.0,A,,0.0,A,,3.0,A,,0.0,A,,13.0,A,,1.0,A,,0.0,A,,5.0,A,,0.0,A,,0.0,A,,0.0,A,,0.0,A,,0.0,A,,0.0,A,,0.0,A,,0.0,A,,0.0,A,,0.0,A,,0.0,A,,0.0,A,,1.0,X,Estimated data using trading partners database,0.0,X,Estimated data using trading partners database,1.0,A,,0.0,I,,0.0,X,Estimated data using trading partners database,0.0,X,Estimated data using trading partners database,0.0,A,,0.0,X,Estimated data using trading partners database,0.0,X,Estimated data using trading partners database,1.0,A,,0.46,A,,0.0,A,,0.0,A,,1.0,A,,1.0,A,,0.0,A,,0.0,A,,1.0,A,,1.0,A,,1.0,A,,0.0,X,Estimated data using trading partners database,4.0,A,,2.0,A,,2.0,A,,0.54,A,,0.24,A,,,,,3.18,A,,0.82,A,,1.38,A,,0.76,A,,0.0,A,,,,,0.02,X,Estimated data using trading partners database,,,
137,'480,Mauritius,656,'01610,"Coffee, green",5922,Export value,1000 USD,0.0,A,,0.0,A,,0.0,A,,0.0,A,,0.0,A,,0.0,A,,0.0,A,,0.0,A,,0.0,A,,0.0,A,,0.0,A,,1.0,A,,0.0,A,,8.0,A,,1.0,A,,0.0,A,,9.0,A,,0.0,A,,0.0,A,,0.0,A,,0.0,A,,0.0,A,,0.0,A,,0.0,A,,0.0,A,,0.0,A,,1.0,A,,0.0,A,,0.0,A,,3.0,A,,1.0,A,,4.0,A,,1.0,A,,0.0,X,Estimated data using trading partners database,0.0,X,Estimated data using trading partners database,4.0,A,,0.0,X,Estimated data using trading partners database,0.0,X,Estimated data using trading partners database,3.0,A,,4.0,A,,3.0,A,,3.0,A,,3.0,A,,4.0,A,,2.0,A,,0.0,A,,9.0,A,,10.0,A,,7.0,A,,0.0,X,Estimated data using trading partners database,35.0,A,,9.0,A,,15.0,A,,5.0,A,,3.0,A,,,,,24.0,A,,14.0,A,,19.0,A,,15.0,A,,14.0,A,,,,,0.0,X,Estimated data using trading partners database,,,
138,'484,Mexico,656,'01610,"Coffee, green",5610,Import quantity,t,0.0,A,,0.0,A,,0.0,A,,0.0,A,,0.0,A,,0.0,A,,0.0,A,,0.0,A,,0.0,A,,0.0,A,,0.0,A,,0.0,A,,0.0,A,,0.0,A,,0.0,A,,0.0,A,,0.0,A,,0.0,A,,0.0,A,,0.0,A,,0.0,A,,0.0,A,,0.0,A,,0.0,A,,0.0,A,,0.0,A,,0.0,A,,0.0,A,,4.0,A,,719.0,A,,995.0,A,,2159.0,A,,37.0,A,,2191.0,A,,1160.0,A,,734.0,A,,10669.0,A,,9002.0,A,,8083.0,A,,5067.31,A,,17708.0,A,,9624.0,A,,14002.0,A,,9023.0,A,,277.0,A,,698.0,A,,1007.0,A,,43.0,A,,379.0,A,,8735.0,A,,11635.0,A,,5895.0,A,,8153.0,A,,31113.92,A,,48026.81,A,,65669.48,A,,31231.75,I,,22700.37,A,,39833.64,I,,25219.24,I,,29894.2,I,,21447.52,I,,43178.53,I,,42406.93,I,
138,'484,Mexico,656,'01610,"Coffee, green",5622,Import value,1000 USD,0.0,A,,0.0,A,,0.0,A,,0.0,A,,0.0,A,,0.0,A,,0.0,A,,0.0,A,,0.0,A,,0.0,A,,0.0,A,,0.0,A,,0.0,A,,0.0,A,,0.0,A,,0.0,A,,0.0,A,,0.0,A,,0.0,A,,0.0,A,,0.0,A,,0.0,A,,0.0,A,,0.0,A,,0.0,A,,0.0,A,,0.0,A,,0.0,A,,12.0,A,,1293.0,A,,874.0,A,,3021.0,A,,64.0,A,,6936.0,A,,4061.0,A,,1678.0,A,,24974.0,A,,16787.0,A,,13105.0,A,,5948.0,A,,11089.0,A,,6891.0,A,,11842.0,A,,8703.0,A,,403.0,A,,1496.0,A,,1782.0,A,,149.0,A,,1277.0,A,,29747.0,A,,40333.0,A,,15708.0,A,,17628.0,A,,92869.0,A,,108117.0,A,,127514.0,A,,62705.0,A,,41344.0,A,,68605.0,A,,43145.0,A,,59448.0,A,,56578.0,A,,112765.0,A,,146004.0,A,
138,'484,Mexico,656,'01610,"Coffee, green",5910,Export quantity,t,89222.0,A,,91290.0,A,,66600.0,A,,100875.0,A,,78079.0,A,,92283.0,A,,74714.0,A,,95361.0,A,,94012.0,A,,80905.0,A,,91183.0,A,,92239.0,A,,128871.0,A,,115976.0,A,,137849.0,A,,159285.0,A,,102252.0,A,,109457.0,A,,170314.0,A,,157769.0,A,,151715.0,A,,152535.0,A,,181418.0,A,,159620.0,A,,211656.0,A,,197329.0,A,,212259.0,A,,161213.0,A,,265919.0,A,,190570.0,A,,208335.0,A,,185974.0,A,,183742.0,A,,188156.0,A,,187171.0,A,,262432.0,A,,242243.0,A,,189650.0,A,,238144.0,A,,280058.8,A,,162145.0,A,,146397.0,A,,126151.0,A,,116626.0,A,,86992.0,A,,124331.0,A,,134748.0,A,,109423.0,A,,128746.0,A,,102601.0,A,,112452.0,A,,160771.0,A,,140090.0,A,,102447.09,A,,91998.04,A,,79916.14,A,,112988.4,A,,113354.36,A,,98087.21,A,,100725.24,A,,95137.22,A,,116563.82,A,,84644.47,A,,89096.95,A,
138,'484,Mexico,656,'01610,"Coffee, green",5922,Export value,1000 USD,71748.0,A,,70059.0,A,,49106.0,A,,95162.0,A,,73051.0,A,,83466.0,A,,60213.0,A,,77416.0,A,,73886.0,A,,86084.0,A,,81114.0,A,,85751.0,A,,157010.0,A,,154241.0,A,,184954.0,A,,376442.0,A,,451813.0,A,,357839.0,A,,574859.0,A,,421431.0,A,,334357.0,A,,387407.0,A,,320143.0,A,,424434.0,A,,510855.0,A,,822958.0,A,,491175.0,A,,453858.0,A,,567029.0,A,,332890.0,A,,378270.0,A,,265564.0,A,,263623.0,A,,396173.0,A,,766410.0,A,,743721.0,A,,913676.0,A,,700305.0,A,,622846.0,A,,651700.0,A,,241746.0,A,,186530.0,A,,177902.0,A,,196150.0,A,,219463.0,A,,309961.0,A,,353908.0,A,,342786.0,A,,358037.0,A,,361436.0,A,,666445.0,A,,722221.0,A,,466247.0,A,,405430.0,A,,360967.0,A,,300984.0,A,,400774.0,A,,372654.0,A,,307348.0,A,,355653.0,A,,363711.0,A,,648609.0,A,,429501.0,A,,450353.0,A,
145,'583,Micronesia (Federated States of),656,'01610,"Coffee, green",5610,Import quantity,t,,,,,,,,,,,,,,,,,,,,,,,,,,,,,,,,,,,,,,,,,,,,,,,,,,,,,,,,,,,,,,,,,,,,,,,,,,,,,,,,,,,,,,,,,,,,,,,,,,,,,,,,,,,,,,,,,,,,,,,,,,,,,,,,,,115.84,X,Estimated data using trading partners database,,,,1.79,X,Estimated data using trading partners database,,,,,,,,,,,,,,,,,,,,,,,,,,,,,,,,,,,,,,,,,,,0.01,X,Estimated data using trading partners database,,,,38.41,X,Estimated data using trading partners database,,,
145,'583,Micronesia (Federated States of),656,'01610,"Coffee, green",5622,Import value,1000 USD,,,,,,,,,,,,,,,,,,,,,,,,,,,,,,,,,,,,,,,,,,,,,,,,,,,,,,,,,,,,,,,,,,,,,,,,,,,,,,,,,,,,,,,,,,,,,,,,,,,,,,,,,,,,,,,,,,,,,,,,,,,,,,,,,,192.0,X,Estimated data using trading partners database,,,,10.0,X,Estimated data using trading partners database,,,,,,,,,,,,,,,,,,,,,,,,,,,,,,,,,,,,,,,,,,,1.0,X,Estimated data using trading partners database,,,,160.0,X,Estimated data using trading partners database,,,
141,'496,Mongolia,656,'01610,"Coffee, green",5610,Import quantity,t,,,,,,,,,,,,,,,,,,,,,,,,,,,,,,,,,,,,,,,,,,,,,,,,,,,,,,,,,,,,,,,,,,,,,,,,,,,,,,,,,,,,,,,,,,,,,,,,,,,,,,,,,,,,,47.0,A,,0.0,A,,1.0,A,,3.0,A,,1.0,A,,0.0,A,,0.0,A,,0.0,A,,0.0,E,,2.0,A,,1.0,A,,1.0,X,Estimated data using trading partners database,3.0,X,Estimated data using trading partners database,3.0,I,,3.0,E,,3.0,X,Estimated data using trading partners database,5.0,X,Estimated data using trading partners database,3.23,X,Estimated data using trading partners database,7.07,A,,9.51,A,,29.88,A,,49.53,A,,50.47,A,,103.88,A,,176.45,A,,203.04,A,,291.06,A,,336.82,X,Estimated data using trading partners database
141,'496,Mongolia,656,'01610,"Coffee, green",5622,Import value,1000 USD,,,,,,,,,,,,,,,,,,,,,,,,,,,,,,,,,,,,,,,,,,,,,,,,,,,,,,,,,,,,,,,,,,,,,,,,,,,,,,,,,,,,,,,,,,,,,,,,,,,,,,,,,,,,,78.0,A,,1.0,A,,6.0,A,,12.0,A,,4.0,A,,1.0,A,,0.0,A,,1.0,A,,1.0,E,,3.0,A,,7.0,A,,4.0,X,Estimated data using trading partners database,18.0,X,Estimated data using trading partners database,18.0,I,,18.0,E,,22.0,X,Estimated data using trading partners database,28.0,X,Estimated data using trading partners database,19.0,X,Estimated data using trading partners database,52.0,A,,64.0,A,,77.0,A,,219.0,A,,207.0,A,,459.0,A,,894.0,A,,1365.0,A,,1635.0,A,,2210.0,X,Estimated data using trading partners database
141,'496,Mongolia,656,'01610,"Coffee, green",5910,Export quantity,t,,,,,,,,,,,,,,,,,,,,,,,,,,,,,,,,,,,,,,,,,,,,,,,,,,,,,,,,,,,,,,,,,,,,,,,,,,,,,,,,,,,,,,,,,,,,,,,,,,,,,,,,,,,,,,,,,,,,,,,,,,,,,,,,,,,,,,,,,,,,,,,,,,,,,,,,,,,,,,,,,,,,,,0.03,A,,1.0,A,,0.7,A,,,,,,,,,,,,,,,,,1.79,X,Estimated data using trading partners database
141,'496,Mongolia,656,'01610,"Coffee, green",5922,Export value,1000 USD,,,,,,,,,,,,,,,,,,,,,,,,,,,,,,,,,,,,,,,,,,,,,,,,,,,,,,,,,,,,,,,,,,,,,,,,,,,,,,,,,,,,,,,,,,,,,,,,,,,,,,,,,,,,,,,,,,,,,,,,,,,,,,,,,,,,,,,,,,,,,,,,,,,,,,,,,,,,,,,,,,,,,,0.0,A,,6.0,A,,3.0,A,,,,,,,,,,,,,,,,,8.0,X,Estimated data using trading partners database
273,'499,Montenegro,656,'01610,"Coffee, green",5610,Import quantity,t,,,,,,,,,,,,,,,,,,,,,,,,,,,,,,,,,,,,,,,,,,,,,,,,,,,,,,,,,,,,,,,,,,,,,,,,,,,,,,,,,,,,,,,,,,,,,,,,,,,,,,,,,,,,,,,,,,,,,,,,,,,,,,,,,,,,,,,,10542.0,A,,8344.0,A,,7994.0,A,,11766.0,A,,12251.0,A,,8113.0,A,,3867.0,A,,4271.0,A,,3161.97,A,,3183.45,A,,2648.54,A,,2606.18,A,,2576.06,A,,2743.06,A,,2130.43,A,,2310.39,A,,2352.3,A,,2508.66,A,,2322.78,A,
273,'499,Montenegro,656,'01610,"Coffee, green",5622,Import value,1000 USD,,,,,,,,,,,,,,,,,,,,,,,,,,,,,,,,,,,,,,,,,,,,,,,,,,,,,,,,,,,,,,,,,,,,,,,,,,,,,,,,,,,,,,,,,,,,,,,,,,,,,,,,,,,,,,,,,,,,,,,,,,,,,,,,,,,,,,,,13418.0,A,,15642.0,A,,14737.0,A,,21590.0,A,,29580.0,A,,27055.0,A,,12546.0,A,,8347.0,A,,6767.0,A,,6168.0,A,,5840.0,A,,6768.0,A,,5896.0,A,,5301.0,A,,3706.0,A,,5013.0,A,,8441.0,A,,8576.0,A,,10194.0,A,
273,'499,Montenegro,656,'01610,"Coffee, green",5910,Export quantity,t,,,,,,,,,,,,,,,,,,,,,,,,,,,,,,,,,,,,,,,,,,,,,,,,,,,,,,,,,,,,,,,,,,,,,,,,,,,,,,,,,,,,,,,,,,,,,,,,,,,,,,,,,,,,,,,,,,,,,,,,,,,,,,,,,,,,,,,,,,,3.0,A,,1.0,A,,1.0,A,,8.0,A,,76.0,A,,12.0,A,,1.0,A,,1.07,A,,1.06,A,,0.64,A,,0.69,A,,0.69,A,,0.52,A,,0.1,A,,0.02,A,,0.05,A,,0.02,A,,0.28,A,
273,'499,Montenegro,656,'01610,"Coffee, green",5922,Export value,1000 USD,,,,,,,,,,,,,,,,,,,,,,,,,,,,,,,,,,,,,,,,,,,,,,,,,,,,,,,,,,,,,,,,,,,,,,,,,,,,,,,,,,,,,,,,,,,,,,,,,,,,,,,,,,,,,,,,,,,,,,,,,,,,,,,,,,,,,,,,,,,12.0,A,,14.0,A,,17.0,A,,44.0,A,,151.0,A,,68.0,A,,24.0,A,,18.0,A,,15.0,A,,9.0,A,,10.0,A,,12.0,A,,8.0,A,,1.0,A,,0.0,A,,0.0,A,,0.0,A,,7.0,A,
143,'504,Morocco,656,'01610,"Coffee, green",5610,Import quantity,t,7738.0,A,,8576.0,A,,10690.0,A,,8416.0,A,,9613.0,A,,8969.0,A,,11165.0,A,,12053.0,A,,10882.0,A,,15669.0,A,,11203.0,A,,12956.0,A,,12238.0,A,,11308.0,A,,12328.0,A,,9750.0,A,,4274.0,A,,7648.0,A,,7164.0,A,,9070.0,A,,9591.0,A,,13781.0,A,,13033.0,A,,15783.0,A,,12980.0,A,,11911.0,A,,12999.0,A,,17300.0,A,,18543.0,A,,20896.0,A,,19437.0,A,,22529.0,A,,20271.0,A,,21808.0,A,,20015.0,A,,22478.0,A,,26991.0,A,,27535.0,A,,26441.0,A,,34946.0,A,,33616.0,A,,36914.0,A,,32832.0,A,,29671.0,A,,28864.0,A,,32621.0,A,,35127.0,A,,30982.0,A,,37874.0,A,,33831.0,A,,16989.0,X,Estimated data using trading partners database,42793.0,A,,41582.0,X,Estimated data using trading partners database,36036.57,A,,37816.58,A,,38073.12,A,,39267.54,A,,51221.14,I,,48277.81,A,,44258.43,A,,48937.21,A,,51982.71,A,,44149.56,A,,37072.93,X,Estimated data using trading partners database
143,'504,Morocco,656,'01610,"Coffee, green",5622,Import value,1000 USD,2907.0,A,,3584.0,A,,5625.0,A,,5829.0,A,,6019.0,A,,6425.0,A,,7049.0,A,,6965.0,A,,6032.0,A,,9703.0,A,,6285.0,A,,7633.0,A,,11477.0,A,,11640.0,A,,15674.0,A,,17588.0,A,,16069.0,A,,24341.0,A,,25324.0,A,,29897.0,A,,18732.0,A,,18329.0,A,,15453.0,A,,19649.0,A,,20249.0,A,,32616.0,A,,29212.0,A,,30345.0,A,,24787.0,A,,22525.0,A,,20889.0,A,,21826.0,A,,21554.0,A,,37902.0,A,,59967.0,A,,43545.0,A,,45112.0,A,,49344.0,A,,41002.0,A,,37274.0,A,,23029.0,A,,22977.0,A,,26762.0,A,,26206.0,A,,31788.0,A,,45229.0,A,,63556.0,A,,71895.0,A,,69487.0,A,,60310.0,A,,44262.0,X,Estimated data using trading partners database,103117.0,A,,95918.0,A,,84093.0,A,,84843.0,A,,80489.0,A,,91169.0,A,,104738.0,A,,86747.0,A,,78174.0,A,,98939.0,A,,130343.0,A,,121941.0,A,,170746.0,X,Estimated data using trading partners database
143,'504,Morocco,656,'01610,"Coffee, green",5910,Export quantity,t,,,,,,,,,,,,,,,,,,,,,,,,,,,,,,,,,,,,,,,,,,,,,,,,,,,,,,,,,,,,,,,,,,,,,,,,,,,,,,,,,,,,,,,,,,,,,,,,,,,,100.0,A,,1.0,A,,0.0,A,,0.0,A,,0.0,I,,0.0,X,Estimated data using trading partners database,0.0,A,,0.14,E,,275.0,A,,136.0,A,,249.0,A,,0.0,A,,0.0,E,,0.0,A,,3.0,A,,0.0,X,Estimated data using trading partners database,0.0,E,,0.0,E,,0.0,A,,19.0,A,,,,,42.47,A,,39.6,A,,0.01,A,,1.18,A,,6.81,A,,38.4,A,,15.01,A,,11.99,A,,9.45,A,,8.01,X,Estimated data using trading partners database
143,'504,Morocco,656,'01610,"Coffee, green",5922,Export value,1000 USD,,,,,,,,,,,,,,,,,,,,,,,,,,,,,,,,,,,,,,,,,,,,,,,,,,,,,,,,,,,,,,,,,,,,,,,,,,,,,,,,,,,,,,,,,,,,,,,,,,,,86.0,A,,7.0,A,,1.0,A,,0.0,A,,0.0,I,,0.0,X,Estimated data using trading partners database,1.0,A,,1.0,E,,146.0,A,,107.0,A,,197.0,A,,0.0,A,,0.0,E,,0.0,A,,52.0,A,,0.0,X,Estimated data using trading partners database,0.0,E,,0.0,E,,2.0,A,,26.0,A,,,,,75.0,A,,70.0,A,,0.0,A,,4.0,A,,42.0,A,,69.0,A,,19.0,A,,38.0,A,,39.0,A,,35.0,X,Estimated data using trading partners database
144,'508,Mozambique,656,'01610,"Coffee, green",5610,Import quantity,t,520.0,A,,240.0,A,,240.0,A,,195.0,A,,220.0,A,,197.0,A,,238.0,A,,255.0,A,,256.0,A,,286.0,A,,318.0,A,,330.0,A,,404.0,A,,362.0,A,,163.0,A,,104.0,A,,0.0,A,,0.0,A,,0.0,A,,0.0,A,,0.0,A,,0.0,A,,0.0,A,,0.0,A,,0.0,A,,0.0,A,,0.0,A,,0.0,A,,0.0,A,,0.0,A,,0.0,A,,0.0,A,,0.0,A,,0.0,E,,0.0,E,,0.0,E,,0.0,E,,0.0,E,,0.0,E,,0.0,E,,0.0,E,,117.0,X,Estimated data using trading partners database,54.0,X,Estimated data using trading partners database,58.0,X,Estimated data using trading partners database,7.0,X,Estimated data using trading partners database,30.0,X,Estimated data using trading partners database,64.0,X,Estimated data using trading partners database,46.0,X,Estimated data using trading partners database,19.0,X,Estimated data using trading partners database,39.0,X,Estimated data using trading partners database,90.0,X,Estimated data using trading partners database,39.0,X,Estimated data using trading partners database,48.0,X,Estimated data using trading partners database,46.54,A,,21.66,A,,23.08,A,,209.79,X,Estimated data using trading partners database,179.57,X,Estimated data using trading partners database,17.14,A,,36.92,A,,16.87,A,,50.53,A,,40.48,A,,33.63,A,
144,'508,Mozambique,656,'01610,"Coffee, green",5622,Import value,1000 USD,250.0,A,,130.0,A,,140.0,A,,168.0,A,,152.0,A,,153.0,A,,181.0,A,,225.0,A,,199.0,A,,249.0,A,,282.0,A,,282.0,A,,387.0,A,,428.0,A,,202.0,A,,165.0,A,,0.0,A,,0.0,A,,0.0,A,,0.0,A,,0.0,A,,0.0,A,,0.0,A,,0.0,A,,0.0,A,,0.0,A,,0.0,A,,0.0,A,,0.0,A,,0.0,A,,0.0,A,,0.0,A,,0.0,A,,0.0,E,,0.0,E,,0.0,E,,0.0,E,,0.0,E,,0.0,E,,0.0,E,,0.0,E,,147.0,X,Estimated data using trading partners database,43.0,X,Estimated data using trading partners database,121.0,X,Estimated data using trading partners database,20.0,X,Estimated data using trading partners database,129.0,X,Estimated data using trading partners database,424.0,X,Estimated data using trading partners database,330.0,X,Estimated data using trading partners database,67.0,X,Estimated data using trading partners database,110.0,X,Estimated data using trading partners database,535.0,X,Estimated data using trading partners database,112.0,A,,337.0,X,Estimated data using trading partners database,234.0,A,,152.0,A,,146.0,A,,959.0,X,Estimated data using trading partners database,739.0,X,Estimated data using trading partners database,133.0,A,,331.0,A,,129.0,A,,175.0,A,,248.0,A,,329.0,A,
144,'508,Mozambique,656,'01610,"Coffee, green",5910,Export quantity,t,0.0,A,,0.0,A,,0.0,A,,0.0,A,,2.0,A,,0.0,A,,6.0,A,,0.0,A,,0.0,A,,1.0,A,,7.0,A,,3.0,A,,0.0,A,,0.0,A,,0.0,A,,0.0,A,,0.0,A,,0.0,A,,0.0,A,,0.0,A,,0.0,A,,0.0,A,,0.0,A,,0.0,A,,0.0,A,,0.0,A,,0.0,A,,0.0,A,,0.0,A,,0.0,A,,0.0,A,,0.0,A,,0.0,A,,0.0,E,,0.0,E,,0.0,E,,0.0,E,,0.0,E,,0.0,E,,0.0,E,,0.0,E,,0.0,E,,1.0,X,Estimated data using trading partners database,38.0,X,Estimated data using trading partners database,38.0,E,,38.0,E,,38.0,E,,3.0,X,Estimated data using trading partners database,3.0,E,,35.0,X,Estimated data using trading partners database,35.0,E,,0.0,X,Estimated data using trading partners database,19.0,X,Estimated data using trading partners database,,,,0.3,A,,,,,0.44,X,Estimated data using trading partners database,20.63,X,Estimated data using trading partners database,,,,0.1,A,,7.09,A,,8.35,A,,9.86,A,,6.92,A,
144,'508,Mozambique,656,'01610,"Coffee, green",5922,Export value,1000 USD,0.0,A,,0.0,A,,0.0,A,,0.0,A,,3.0,A,,0.0,A,,4.0,A,,0.0,A,,0.0,A,,2.0,A,,7.0,A,,3.0,A,,0.0,A,,0.0,A,,1.0,A,,1.0,A,,0.0,A,,0.0,A,,0.0,A,,0.0,A,,0.0,A,,0.0,A,,0.0,A,,0.0,A,,0.0,A,,0.0,A,,0.0,A,,0.0,A,,0.0,A,,0.0,A,,0.0,A,,0.0,A,,0.0,A,,0.0,E,,0.0,E,,0.0,E,,0.0,E,,0.0,E,,0.0,E,,0.0,E,,0.0,E,,0.0,E,,1.0,X,Estimated data using trading partners database,67.0,X,Estimated data using trading partners database,67.0,E,,67.0,E,,67.0,E,,4.0,X,Estimated data using trading partners database,4.0,E,,119.0,X,Estimated data using trading partners database,119.0,E,,0.0,X,Estimated data using trading partners database,88.0,X,Estimated data using trading partners database,,,,0.0,A,,,,,10.0,X,Estimated data using trading partners database,52.0,X,Estimated data using trading partners database,,,,2.0,A,,29.0,A,,53.0,A,,57.0,A,,44.0,A,
28,'104,Myanmar,656,'01610,"Coffee, green",5610,Import quantity,t,120.0,A,,70.0,A,,0.0,A,,0.0,A,,0.0,A,,0.0,A,,0.0,A,,0.0,A,,0.0,A,,0.0,A,,0.0,A,,0.0,A,,0.0,A,,0.0,A,,0.0,A,,41.0,A,,11.0,A,,10.0,A,,0.0,A,,0.0,A,,0.0,A,,0.0,A,,0.0,A,,0.0,A,,0.0,A,,0.0,A,,0.0,A,,0.0,A,,0.0,A,,0.0,A,,0.0,A,,0.0,A,,0.0,A,,0.0,A,,0.0,A,,0.0,A,,0.0,A,,0.0,E,,70.0,X,Estimated data using trading partners database,55.0,X,Estimated data using trading partners database,45.0,X,Estimated data using trading partners database,130.0,X,Estimated data using trading partners database,130.0,E,,2.0,X,Estimated data using trading partners database,2.0,X,Estimated data using trading partners database,13.0,X,Estimated data using trading partners database,37.0,X,Estimated data using trading partners database,46.0,X,Estimated data using trading partners database,66.0,X,Estimated data using trading partners database,66.0,X,Estimated data using trading partners database,42.0,X,Estimated data using trading partners database,42.0,E,,10.0,X,Estimated data using trading partners database,1.81,I,,41.17,I,,299.81,A,,135.14,A,,181.4,A,,129.97,A,,161.47,A,,79.51,A,,79.82,A,,59.16,A,,0.0,A,
28,'104,Myanmar,656,'01610,"Coffee, green",5622,Import value,1000 USD,140.0,A,,100.0,A,,0.0,A,,0.0,A,,0.0,A,,0.0,A,,0.0,A,,0.0,A,,0.0,A,,0.0,A,,0.0,A,,0.0,A,,0.0,A,,0.0,A,,0.0,A,,92.0,A,,49.0,A,,28.0,A,,0.0,A,,0.0,A,,0.0,A,,0.0,A,,0.0,A,,0.0,A,,0.0,A,,0.0,A,,0.0,A,,0.0,A,,0.0,A,,0.0,A,,1.0,A,,0.0,A,,0.0,A,,0.0,A,,0.0,A,,0.0,A,,0.0,A,,0.0,E,,50.0,I,,60.0,I,,40.0,X,Estimated data using trading partners database,140.0,X,Estimated data using trading partners database,140.0,E,,4.0,X,Estimated data using trading partners database,8.0,X,Estimated data using trading partners database,18.0,X,Estimated data using trading partners database,167.0,X,Estimated data using trading partners database,221.0,X,Estimated data using trading partners database,311.0,X,Estimated data using trading partners database,400.0,X,Estimated data using trading partners database,226.0,X,Estimated data using trading partners database,226.0,E,,153.0,X,Estimated data using trading partners database,29.0,A,,649.0,A,,749.0,A,,331.0,A,,475.0,A,,410.0,A,,396.0,A,,169.0,A,,277.0,A,,322.0,A,,0.0,A,
28,'104,Myanmar,656,'01610,"Coffee, green",5910,Export quantity,t,0.0,A,,0.0,A,,0.0,A,,0.0,A,,0.0,A,,0.0,A,,0.0,A,,0.0,A,,0.0,A,,0.0,A,,0.0,A,,0.0,A,,0.0,A,,0.0,A,,0.0,A,,0.0,A,,0.0,A,,0.0,A,,0.0,A,,0.0,A,,0.0,A,,0.0,A,,0.0,A,,0.0,A,,0.0,A,,0.0,A,,0.0,A,,0.0,A,,0.0,A,,0.0,A,,242.0,A,,0.0,A,,0.0,A,,0.0,A,,0.0,A,,0.0,A,,0.0,A,,0.0,E,,0.0,E,,0.0,E,,0.0,E,,185.0,X,Estimated data using trading partners database,212.0,X,Estimated data using trading partners database,339.0,X,Estimated data using trading partners database,53.0,X,Estimated data using trading partners database,65.0,X,Estimated data using trading partners database,59.0,X,Estimated data using trading partners database,43.0,X,Estimated data using trading partners database,14.0,X,Estimated data using trading partners database,57.0,X,Estimated data using trading partners database,94.0,X,Estimated data using trading partners database,48.0,X,Estimated data using trading partners database,66.0,X,Estimated data using trading partners database,796.1,I,,686.77,I,,695.5,A,,774.43,A,,696.29,A,,885.77,A,,367.08,A,,965.97,A,,1908.56,A,,1700.21,A,,1893.88,A,
28,'104,Myanmar,656,'01610,"Coffee, green",5922,Export value,1000 USD,0.0,A,,0.0,A,,0.0,A,,0.0,A,,0.0,A,,0.0,A,,0.0,A,,0.0,A,,0.0,A,,1.0,A,,0.0,A,,0.0,A,,0.0,A,,0.0,A,,0.0,A,,0.0,A,,0.0,A,,0.0,A,,0.0,A,,0.0,A,,0.0,A,,0.0,A,,0.0,A,,0.0,A,,0.0,A,,0.0,A,,0.0,A,,0.0,A,,0.0,A,,0.0,A,,614.0,A,,0.0,A,,0.0,A,,0.0,A,,0.0,A,,0.0,A,,0.0,A,,0.0,E,,0.0,E,,0.0,E,,0.0,E,,111.0,X,Estimated data using trading partners database,129.0,X,Estimated data using trading partners database,222.0,X,Estimated data using trading partners database,35.0,X,Estimated data using trading partners database,66.0,X,Estimated data using trading partners database,95.0,X,Estimated data using trading partners database,79.0,X,Estimated data using trading partners database,6.0,X,Estimated data using trading partners database,44.0,X,Estimated data using trading partners database,231.0,X,Estimated data using trading partners database,97.0,X,Estimated data using trading partners database,165.0,X,Estimated data using trading partners database,2172.0,A,,1788.0,A,,1440.0,A,,2020.0,A,,2581.0,A,,2251.0,A,,1706.0,A,,2834.0,A,,12635.0,A,,9857.0,A,,10806.0,A,
147,'516,Namibia,656,'01610,"Coffee, green",5610,Import quantity,t,,,,,,,,,,,,,,,,,,,,,,,,,,,,,,,,,,,,,,,,,,,,,,,,,,,,,,,,,,,,,,,,,,,,,,,,,,,,,,,,,,,,,,,,,,,,,,,,,,,,,,,,,,,,,1166.0,A,,409.0,A,,469.0,A,,618.0,X,Estimated data using trading partners database,709.0,A,,444.0,A,,395.0,A,,300.0,I,,788.0,I,,135.0,X,Estimated data using trading partners database,5708.0,X,Estimated data using trading partners database,10122.0,X,Estimated data using trading partners database,7000.0,I,,7200.0,I,,7500.0,I,,896.0,A,,934.0,A,,1064.9,A,,1176.61,A,,560.78,A,,736.68,A,,834.15,I,,694.88,I,,421.57,A,,434.96,A,,489.04,I,,759.0,I,,352.25,I,
147,'516,Namibia,656,'01610,"Coffee, green",5622,Import value,1000 USD,,,,,,,,,,,,,,,,,,,,,,,,,,,,,,,,,,,,,,,,,,,,,,,,,,,,,,,,,,,,,,,,,,,,,,,,,,,,,,,,,,,,,,,,,,,,,,,,,,,,,,,,,,,,,1577.0,A,,1333.0,A,,1633.0,A,,1886.0,A,,1516.0,A,,892.0,A,,1373.0,A,,1000.0,I,,2450.0,I,,7.0,X,Estimated data using trading partners database,16558.0,X,Estimated data using trading partners database,23271.0,X,Estimated data using trading partners database,18000.0,I,,19000.0,I,,20500.0,I,,3586.0,A,,3135.0,A,,3232.0,A,,2575.0,A,,2172.0,A,,3038.0,A,,3071.0,A,,2334.0,A,,1409.0,A,,1817.0,A,,2229.0,A,,2147.0,A,,2043.0,A,
147,'516,Namibia,656,'01610,"Coffee, green",5910,Export quantity,t,,,,,,,,,,,,,,,,,,,,,,,,,,,,,,,,,,,,,,,,,,,,,,,,,,,,,,,,,,,,,,,,,,,,,,,,,,,,,,,,,,,,,,,,,,,,,,,,,,,,,,,,,,,,,9.0,A,,48.0,X,Estimated data using trading partners database,1.0,A,,8.0,X,Estimated data using trading partners database,25.0,X,Estimated data using trading partners database,65.0,A,,75.0,X,Estimated data using trading partners database,5.0,X,Estimated data using trading partners database,13.0,X,Estimated data using trading partners database,,,,,,,1.0,X,Estimated data using trading partners database,0.0,X,Estimated data using trading partners database,0.0,E,,0.0,E,,1.0,A,,4.0,A,,59.63,A,,0.15,A,,0.98,A,,2.34,A,,0.81,A,,0.39,A,,4.46,A,,1.72,A,,3.05,A,,2.75,A,,1.3,A,
147,'516,Namibia,656,'01610,"Coffee, green",5922,Export value,1000 USD,,,,,,,,,,,,,,,,,,,,,,,,,,,,,,,,,,,,,,,,,,,,,,,,,,,,,,,,,,,,,,,,,,,,,,,,,,,,,,,,,,,,,,,,,,,,,,,,,,,,,,,,,,,,,28.0,A,,53.0,A,,6.0,A,,26.0,A,,24.0,A,,60.0,A,,96.0,A,,6.0,X,Estimated data using trading partners database,15.0,X,Estimated data using trading partners database,15.0,E,,15.0,E,,4.0,X,Estimated data using trading partners database,4.0,E,,1.0,X,Estimated data using trading partners database,1.0,E,,16.0,A,,24.0,A,,352.0,A,,1.0,A,,7.0,A,,8.0,A,,2.0,A,,1.0,A,,10.0,A,,8.0,A,,12.0,A,,9.0,A,,8.0,A,
148,'520,Naoero,656,'01610,"Coffee, green",5610,Import quantity,t,,,,,,,,,,,,,,,,,,,,,,,,,,,,,,,,,,,,,,,,,,,,,,,,,,,,,,,,,,,,,,,,,,,,,,,,,,,,,,,,,,,,,,,,,,,,,,,,,,,,,,,,,,,,,,,,,,,,,,,,,,,,,,,,,,,,,,,,,,,,,,,,,,,,,,,,,,,,,,,,2.3,X,Estimated data using trading partners database,8.27,X,Estimated data using trading partners database,12.0,X,Estimated data using trading partners database,4.0,X,Estimated data using trading partners database,10.19,X,Estimated data using trading partners database,3.98,X,Estimated data using trading partners database,6.88,X,Estimated data using trading partners database,4.73,X,Estimated data using trading partners database,6.45,X,Estimated data using trading partners database,2.66,X,Estimated data using trading partners database,2.56,X,Estimated data using trading partners database
148,'520,Naoero,656,'01610,"Coffee, green",5622,Import value,1000 USD,,,,,,,,,,,,,,,,,,,,,,,,,,,,,,,,,,,,,,,,,,,,,,,,,,,,,,,,,,,,,,,,,,,,,,,,,,,,,,,,,,,,,,,,,,,,,,,,,,,,,,,,,,,,,,,,,,,,,,,,,,,,,,,,,,,,,,,,,,,,,,,,,,,,,,,,,,,,,,,,47.0,X,Estimated data using trading partners database,167.0,X,Estimated data using trading partners database,239.0,X,Estimated data using trading partners database,114.0,X,Estimated data using trading partners database,201.0,X,Estimated data using trading partners database,66.0,X,Estimated data using trading partners database,96.0,X,Estimated data using trading partners database,64.0,X,Estimated data using trading partners database,62.0,X,Estimated data using trading partners database,37.0,X,Estimated data using trading partners database,37.0,X,Estimated data using trading partners database
148,'520,Naoero,656,'01610,"Coffee, green",5910,Export quantity,t,,,,,,,,,,,,,,,,,,,,,,,,,,,,,,,,,,,,,,,,,,,,,,,,,,,,,,,,,,,,,,,,,,,,,,,,,,,,,,,,,,,,,,,,,,,,,,,,,,,,,,,,,,,,,,,,,,,,,,,,,,,,,,,,,,,,,,,,,,,,,,,,,,,,,,,,,,,,,,,,0.0,X,Estimated data using trading partners database,,,,,,,18.0,X,Estimated data using trading partners database,,,,86.4,X,Estimated data using trading partners database,,,,,,,,,,,,,0.1,X,Estimated data using trading partners database
148,'520,Naoero,656,'01610,"Coffee, green",5922,Export value,1000 USD,,,,,,,,,,,,,,,,,,,,,,,,,,,,,,,,,,,,,,,,,,,,,,,,,,,,,,,,,,,,,,,,,,,,,,,,,,,,,,,,,,,,,,,,,,,,,,,,,,,,,,,,,,,,,,,,,,,,,,,,,,,,,,,,,,,,,,,,,,,,,,,,,,,,,,,,,,,,,,,,0.0,X,Estimated data using trading partners database,,,,,,,64.0,X,Estimated data using trading partners database,,,,181.0,X,Estimated data using trading partners database,,,,,,,,,,,,,1.0,X,Estimated data using trading partners database
149,'524,Nepal,656,'01610,"Coffee, green",5610,Import quantity,t,,,,,,,,,,,,,,,,,,,,,,,,,,,,,,,,,,,,,,,,,,,,,,,,,,,,,,,,,,,,,,,,,,,,,,,,,,,,,,,,,,,,,,,,,,,,,,,,,,,,,,,,,,,,,,,,,,,7.0,I,,,,,,,,10.0,I,,0.0,A,,70.0,X,Estimated data using trading partners database,45.0,X,Estimated data using trading partners database,7.0,X,Estimated data using trading partners database,89.0,X,Estimated data using trading partners database,97.0,X,Estimated data using trading partners database,2.0,A,,2.0,X,Estimated data using trading partners database,1.0,A,,1.0,A,,19.0,A,,36.27,A,,81.43,A,,89.74,A,,86.99,A,,141.98,A,,276.13,A,,140.95,A,,218.76,A,,268.88,I,,392.84,X,Estimated data using trading partners database,240.55,X,Estimated data using trading partners database
149,'524,Nepal,656,'01610,"Coffee, green",5622,Import value,1000 USD,,,,,,,,,,,,,,,,,,,,,,,,,,,,,,,,,,,,,,,,,,,,,,,,,,,,,,,,,,,,,,,,,,,,,,,,,,,,,,,,,,,,,,,,,,,,,,,,,,,,,,,,,,,,,,,,,,,31.0,A,,,,,,,,18.0,A,,0.0,A,,102.0,X,Estimated data using trading partners database,64.0,X,Estimated data using trading partners database,20.0,X,Estimated data using trading partners database,214.0,X,Estimated data using trading partners database,362.0,X,Estimated data using trading partners database,9.0,A,,14.0,A,,7.0,A,,7.0,A,,61.0,A,,127.0,A,,273.0,A,,253.0,A,,280.0,A,,443.0,A,,689.0,A,,455.0,A,,714.0,A,,779.0,A,,1512.0,X,Estimated data using trading partners database,1256.0,X,Estimated data using trading partners database
149,'524,Nepal,656,'01610,"Coffee, green",5910,Export quantity,t,,,,,,,,,,,,,,,,,,,,,,,,,,,,,,,,,,,,,,,,,,,,,,,,,,,,,,,,,,,,,,,,,,,,,,,,,,,,,,,,,,,,,,,,,,,,,,,,,,,,,,,15.0,A,,5.0,A,,4.0,A,,2.0,A,,0.0,A,,4.0,A,,4.0,A,,7.0,A,,55.0,A,,25.0,X,Estimated data using trading partners database,73.0,X,Estimated data using trading partners database,82.0,X,Estimated data using trading partners database,78.0,X,Estimated data using trading partners database,59.0,X,Estimated data using trading partners database,505.0,A,,57.0,A,,159.0,A,,52.0,A,,83.0,A,,51.05,A,,87.24,A,,61.29,A,,67.54,A,,89.17,A,,75.06,A,,48.56,A,,61.57,A,,66.31,A,,81.35,X,Estimated data using trading partners database,100.68,I,
149,'524,Nepal,656,'01610,"Coffee, green",5922,Export value,1000 USD,,,,,,,,,,,,,,,,,,,,,,,,,,,,,,,,,,,,,,,,,,,,,,,,,,,,,,,,,,,,,,,,,,,,,,,,,,,,,,,,,,,,,,,,,,,,,,,,,2.0,A,,0.0,I,,34.0,A,,12.0,A,,11.0,A,,5.0,A,,0.0,A,,20.0,A,,9.0,A,,25.0,A,,151.0,A,,150.0,X,Estimated data using trading partners database,371.0,X,Estimated data using trading partners database,493.0,X,Estimated data using trading partners database,510.0,X,Estimated data using trading partners database,415.0,X,Estimated data using trading partners database,1603.0,A,,296.0,A,,802.0,A,,305.0,A,,468.0,A,,420.0,A,,898.0,A,,632.0,A,,718.0,A,,974.0,A,,826.0,A,,511.0,A,,772.0,A,,867.0,A,,938.0,X,Estimated data using trading partners database,1170.0,X,Estimated data using trading partners database
150,'528,Netherlands (Kingdom of the),656,'01610,"Coffee, green",5610,Import quantity,t,68794.0,A,,63791.0,A,,75413.0,A,,82817.0,A,,82667.0,A,,85065.0,A,,94298.0,A,,102076.0,A,,118080.0,A,,110261.0,A,,123263.0,A,,131823.0,A,,133123.0,A,,134814.0,A,,150925.0,A,,160658.0,A,,117222.0,A,,145772.0,A,,151421.0,A,,135239.0,A,,145413.0,A,,129748.0,A,,138349.0,A,,148064.0,A,,159823.0,A,,161965.0,A,,169713.0,A,,168798.0,A,,156769.0,A,,170303.0,A,,164356.0,A,,181398.0,A,,161924.0,A,,158714.0,A,,137633.0,A,,145230.0,A,,132728.0,A,,87110.0,A,,113946.0,A,,128905.0,A,,120917.0,A,,121304.0,A,,134917.0,A,,138905.0,A,,136295.0,A,,145836.0,A,,153433.0,A,,64717.0,A,,72442.0,A,,73683.0,A,,77641.0,A,,79675.0,A,,74781.0,A,,132705.44,A,,159254.4,A,,166333.83,A,,190213.63,A,,202695.89,A,,206382.13,A,,189183.95,A,,192114.29,A,,242600.34,A,,217574.46,A,,222419.53,A,
150,'528,Netherlands (Kingdom of the),656,'01610,"Coffee, green",5622,Import value,1000 USD,47956.0,A,,43970.0,A,,51852.0,A,,73087.0,A,,74150.0,A,,77956.0,A,,79545.0,A,,85758.0,A,,96872.0,A,,118057.0,A,,125362.0,A,,140212.0,A,,181329.0,A,,199505.0,A,,211659.0,A,,398724.0,A,,556096.0,A,,531318.0,A,,530291.0,A,,503893.0,A,,385851.0,A,,360601.0,A,,378594.0,A,,439596.0,A,,459461.0,A,,653326.0,A,,453352.0,A,,469025.0,A,,392813.0,A,,317876.0,A,,301193.0,A,,280620.0,A,,262888.0,A,,412013.0,A,,517605.0,A,,397798.0,A,,430697.0,A,,249276.0,A,,238184.0,A,,242028.0,A,,176666.0,A,,152308.0,A,,199899.0,A,,219615.0,A,,287249.0,A,,326106.0,A,,384385.0,A,,190352.0,A,,195382.0,A,,245180.0,A,,361038.0,A,,315555.0,A,,236754.0,A,,436415.0,A,,478375.0,A,,459184.0,A,,598164.0,A,,587671.0,A,,515617.0,A,,509858.0,A,,571715.0,A,,971959.0,A,,880941.0,A,,1027589.0,A,
150,'528,Netherlands (Kingdom of the),656,'01610,"Coffee, green",5910,Export quantity,t,2145.0,A,,2431.0,A,,1851.0,A,,2297.0,A,,5651.0,A,,6763.0,A,,7718.0,A,,7206.0,A,,8133.0,A,,6695.0,A,,4298.0,A,,7201.0,A,,18888.0,A,,21043.0,A,,26009.0,A,,30233.0,A,,23967.0,A,,33415.0,A,,31238.0,A,,11574.0,A,,11451.0,A,,7925.0,A,,9449.0,A,,15210.0,A,,21292.0,A,,24294.0,A,,17922.0,A,,14200.0,A,,24169.0,A,,12424.0,A,,8133.0,A,,7211.0,A,,13322.0,A,,17904.0,A,,11181.0,A,,8687.0,A,,8930.0,A,,4233.0,A,,6888.0,A,,7624.0,A,,3387.0,A,,2633.0,A,,4935.0,A,,5257.0,A,,5712.0,A,,8449.0,A,,7069.0,A,,2910.0,A,,11015.0,A,,16009.0,A,,15695.0,A,,12974.0,A,,13218.0,A,,14002.6,A,,16352.15,A,,19502.5,A,,21455.73,A,,26704.57,A,,27589.55,A,,23950.18,A,,23547.66,A,,73784.9,A,,78803.99,A,,89669.83,A,
150,'528,Netherlands (Kingdom of the),656,'01610,"Coffee, green",5922,Export value,1000 USD,2000.0,A,,2120.0,A,,1751.0,A,,2557.0,A,,5955.0,A,,7090.0,A,,7759.0,A,,7276.0,A,,7895.0,A,,8028.0,A,,4959.0,A,,8533.0,A,,30004.0,A,,36393.0,A,,43897.0,A,,88095.0,A,,124576.0,A,,118891.0,A,,107427.0,A,,42672.0,A,,28783.0,A,,21522.0,A,,26087.0,A,,45663.0,A,,58578.0,A,,88900.0,A,,44297.0,A,,39133.0,A,,57850.0,A,,25575.0,A,,14569.0,A,,14092.0,A,,22954.0,A,,45499.0,A,,40000.0,A,,22801.0,A,,29339.0,A,,10086.0,A,,12419.0,A,,14291.0,A,,4925.0,A,,3056.0,A,,15359.0,A,,14910.0,A,,15657.0,A,,24025.0,A,,24922.0,A,,7466.0,A,,31755.0,A,,51161.0,A,,71062.0,A,,64041.0,A,,51779.0,A,,57270.0,A,,61302.0,A,,67106.0,A,,75284.0,A,,89642.0,A,,87762.0,A,,81100.0,A,,88302.0,A,,303084.0,A,,291016.0,A,,420920.0,A,
153,'540,New Caledonia,656,'01610,"Coffee, green",5610,Import quantity,t,0.0,A,,0.0,A,,0.0,A,,0.0,A,,0.0,A,,100.0,A,,119.0,A,,8.0,A,,57.0,A,,2.0,A,,20.0,A,,0.0,A,,0.0,A,,0.0,A,,5.0,A,,8.0,A,,6.0,A,,1.0,A,,2.0,A,,5.0,A,,2.0,A,,2.0,A,,68.0,A,,0.0,A,,0.0,A,,25.0,A,,0.0,A,,0.0,A,,240.0,A,,174.0,A,,265.0,A,,348.0,A,,247.0,A,,339.0,A,,244.0,A,,345.0,A,,296.0,A,,388.0,A,,260.0,X,Estimated data using trading partners database,100.0,X,Estimated data using trading partners database,411.0,A,,354.0,A,,179.0,A,,353.0,A,,279.0,A,,236.0,A,,247.0,A,,199.0,A,,320.0,A,,270.0,A,,180.0,A,,327.0,A,,355.0,A,,332.21,A,,225.93,A,,43.65,X,Estimated data using trading partners database,103.85,X,Estimated data using trading partners database,146.76,X,Estimated data using trading partners database,69.34,X,Estimated data using trading partners database,233.77,X,Estimated data using trading partners database,259.14,X,Estimated data using trading partners database,166.45,X,Estimated data using trading partners database,276.88,X,Estimated data using trading partners database,93.56,X,Estimated data using trading partners database
153,'540,New Caledonia,656,'01610,"Coffee, green",5622,Import value,1000 USD,0.0,A,,0.0,A,,0.0,A,,0.0,A,,0.0,A,,24.0,A,,26.0,A,,4.0,A,,19.0,A,,6.0,A,,23.0,A,,0.0,A,,0.0,A,,0.0,A,,19.0,A,,38.0,A,,35.0,A,,11.0,A,,11.0,A,,27.0,A,,12.0,A,,7.0,A,,172.0,A,,0.0,A,,0.0,A,,83.0,A,,0.0,A,,0.0,A,,0.0,A,,0.0,A,,700.0,A,,650.0,A,,655.0,A,,950.0,I,,850.0,I,,1083.0,A,,811.0,A,,1106.0,A,,350.0,X,Estimated data using trading partners database,600.0,I,,676.0,A,,562.0,A,,269.0,A,,690.0,A,,735.0,A,,774.0,A,,708.0,A,,703.0,A,,1033.0,A,,915.0,A,,757.0,A,,1392.0,A,,1312.0,A,,1297.0,A,,981.0,A,,226.0,X,Estimated data using trading partners database,560.0,X,Estimated data using trading partners database,606.0,X,Estimated data using trading partners database,550.0,X,Estimated data using trading partners database,1146.0,X,Estimated data using trading partners database,1477.0,X,Estimated data using trading partners database,1348.0,X,Estimated data using trading partners database,1712.0,X,Estimated data using trading partners database,1089.0,X,Estimated data using trading partners database
153,'540,New Caledonia,656,'01610,"Coffee, green",5910,Export quantity,t,1889.0,A,,1287.0,A,,1255.0,A,,2087.0,A,,1154.0,A,,1519.0,A,,1052.0,A,,1092.0,A,,653.0,A,,1431.0,A,,346.0,A,,611.0,A,,424.0,A,,371.0,A,,284.0,A,,290.0,A,,332.0,A,,131.0,A,,365.0,A,,234.0,A,,175.0,A,,159.0,A,,37.0,A,,0.0,A,,0.0,A,,16.0,A,,0.0,A,,0.0,A,,0.0,A,,0.0,A,,0.0,A,,0.0,A,,0.0,A,,0.0,E,,0.0,E,,0.0,E,,0.0,A,,18.0,A,,18.0,E,,18.0,E,,35.0,X,Estimated data using trading partners database,0.0,X,Estimated data using trading partners database,0.0,E,,0.0,E,,0.0,E,,1.0,A,,2.0,A,,2.0,X,Estimated data using trading partners database,1.0,A,,0.0,A,,0.0,A,,0.0,A,,0.0,A,,0.06,A,,0.31,A,,0.31,E,,0.04,X,Estimated data using trading partners database,1.92,X,Estimated data using trading partners database,18.98,X,Estimated data using trading partners database,53.57,X,Estimated data using trading partners database,24.32,X,Estimated data using trading partners database,37.97,X,Estimated data using trading partners database,18.98,X,Estimated data using trading partners database,0.05,X,Estimated data using trading partners database
153,'540,New Caledonia,656,'01610,"Coffee, green",5922,Export value,1000 USD,1170.0,A,,729.0,A,,717.0,A,,1343.0,A,,743.0,A,,1031.0,A,,714.0,A,,687.0,A,,385.0,A,,785.0,A,,185.0,A,,351.0,A,,334.0,A,,358.0,A,,409.0,A,,346.0,A,,418.0,A,,171.0,A,,320.0,A,,441.0,A,,300.0,A,,151.0,A,,71.0,A,,0.0,A,,0.0,A,,79.0,A,,0.0,A,,0.0,A,,0.0,A,,0.0,A,,0.0,A,,0.0,A,,0.0,A,,0.0,E,,0.0,E,,0.0,E,,0.0,A,,35.0,A,,35.0,E,,35.0,E,,50.0,I,,0.0,X,Estimated data using trading partners database,0.0,E,,0.0,E,,0.0,E,,47.0,A,,76.0,A,,104.0,X,Estimated data using trading partners database,39.0,A,,17.0,A,,29.0,A,,36.0,A,,19.0,A,,4.0,A,,8.0,A,,8.0,E,,5.0,X,Estimated data using trading partners database,16.0,X,Estimated data using trading partners database,76.0,X,Estimated data using trading partners database,163.0,X,Estimated data using trading partners database,65.0,X,Estimated data using trading partners database,261.0,X,Estimated data using trading partners database,82.0,X,Estimated data using trading partners database,0.0,X,Estimated data using trading partners database
156,'554,New Zealand,656,'01610,"Coffee, green",5610,Import quantity,t,2094.0,A,,3091.0,A,,2767.0,A,,3718.0,A,,3133.0,A,,3623.0,A,,4128.0,A,,3972.0,A,,3646.0,A,,6118.0,A,,7012.0,A,,6532.0,A,,4968.0,A,,5131.0,A,,7147.0,A,,5839.0,A,,5507.0,A,,4011.0,A,,6084.0,A,,7649.0,A,,5956.0,A,,7364.0,A,,6833.0,A,,6674.0,A,,7045.0,A,,7107.0,A,,6274.0,A,,7364.0,A,,5682.0,A,,6747.0,A,,7041.0,A,,6252.0,A,,6416.0,A,,6814.0,A,,6137.0,A,,6717.0,A,,6704.0,A,,7357.0,A,,4866.0,A,,4152.35,A,,5219.0,A,,5010.0,A,,5426.0,A,,5991.0,A,,6500.0,A,,7355.0,A,,7897.0,A,,8231.0,A,,9433.0,A,,9593.0,A,,6890.0,A,,10345.0,A,,10643.0,A,,11080.53,A,,12758.65,A,,12032.06,A,,12319.32,A,,13830.48,A,,13971.61,A,,12650.46,A,,13032.89,A,,14805.91,A,,14118.65,A,,13193.79,A,
156,'554,New Zealand,656,'01610,"Coffee, green",5622,Import value,1000 USD,1185.0,A,,1726.0,A,,1646.0,A,,2535.0,A,,2475.0,A,,2836.0,A,,3078.0,A,,2660.0,A,,2693.0,A,,4466.0,A,,6226.0,A,,5608.0,A,,4883.0,A,,6540.0,A,,9159.0,A,,9058.0,A,,18741.0,A,,15436.0,A,,18248.0,A,,29062.0,A,,17457.0,A,,17798.0,A,,18053.0,A,,19175.0,A,,20123.0,A,,20847.0,A,,20152.0,A,,16897.0,A,,11090.0,A,,10657.0,A,,11557.0,A,,9237.0,A,,8484.0,A,,11621.0,A,,23749.0,A,,18479.0,A,,16592.0,A,,19662.0,A,,10418.0,A,,7992.0,A,,7664.0,A,,6517.0,A,,8006.0,A,,9261.0,A,,14597.0,A,,16876.0,A,,22020.0,A,,26974.0,A,,30549.0,A,,33727.0,A,,36490.0,A,,49622.0,A,,42324.0,A,,46678.0,A,,50947.0,A,,47988.0,A,,52410.0,A,,55275.0,A,,52212.0,A,,49214.0,A,,55349.0,A,,84081.0,A,,73050.0,A,,71559.0,A,
156,'554,New Zealand,656,'01610,"Coffee, green",5910,Export quantity,t,0.0,A,,0.0,A,,0.0,A,,0.0,A,,0.0,A,,0.0,A,,0.0,A,,0.0,A,,0.0,A,,0.0,A,,0.0,A,,0.0,A,,0.0,A,,0.0,A,,0.0,A,,0.0,A,,0.0,A,,0.0,A,,8.0,A,,0.0,A,,0.0,A,,0.0,A,,0.0,A,,10.0,A,,9.0,A,,0.0,A,,0.0,A,,4.0,A,,3.0,A,,1.0,A,,7.0,A,,105.0,A,,34.0,A,,12.0,A,,39.0,A,,1.0,A,,0.0,X,Estimated data using trading partners database,1.0,A,,41.0,A,,5.29,A,,2.0,A,,3.0,A,,36.0,A,,34.0,A,,8.0,A,,13.0,A,,22.0,A,,35.0,A,,107.0,A,,102.0,A,,44.0,A,,71.0,A,,200.0,A,,125.3,A,,176.87,A,,221.17,A,,164.77,A,,231.06,A,,329.86,A,,322.91,A,,143.72,A,,226.35,A,,288.37,A,,153.85,A,
156,'554,New Zealand,656,'01610,"Coffee, green",5922,Export value,1000 USD,0.0,A,,0.0,A,,0.0,A,,0.0,A,,0.0,A,,0.0,A,,0.0,A,,0.0,A,,0.0,A,,0.0,A,,0.0,A,,0.0,A,,0.0,A,,0.0,A,,0.0,A,,0.0,A,,0.0,A,,0.0,A,,4.0,A,,0.0,A,,0.0,A,,0.0,A,,0.0,A,,11.0,A,,18.0,A,,0.0,A,,0.0,A,,4.0,A,,11.0,A,,4.0,A,,14.0,A,,67.0,A,,27.0,A,,24.0,A,,167.0,A,,4.0,A,,0.0,X,Estimated data using trading partners database,5.0,A,,90.0,A,,16.0,A,,21.0,A,,21.0,A,,144.0,A,,194.0,A,,36.0,A,,88.0,A,,97.0,A,,272.0,A,,570.0,A,,524.0,A,,537.0,A,,803.0,A,,1489.0,A,,852.0,A,,1081.0,A,,1216.0,A,,1546.0,A,,2078.0,A,,2210.0,A,,2229.0,A,,1329.0,A,,1904.0,A,,2457.0,A,,1463.0,A,
157,'558,Nicaragua,656,'01610,"Coffee, green",5610,Import quantity,t,146.0,A,,3096.0,A,,191.0,A,,336.0,A,,0.0,A,,0.0,A,,9.0,A,,0.0,A,,0.0,A,,0.0,A,,0.0,A,,0.0,A,,0.0,A,,0.0,A,,0.0,A,,0.0,A,,1.0,A,,0.0,A,,0.0,A,,0.0,A,,0.0,A,,3.0,A,,0.0,A,,0.0,A,,0.0,A,,0.0,A,,0.0,A,,0.0,A,,0.0,A,,0.0,A,,4.0,A,,113.0,A,,505.0,A,,5.0,A,,1.0,A,,0.0,X,Estimated data using trading partners database,45.0,A,,2500.0,X,Estimated data using trading partners database,1930.0,A,,2590.68,A,,132.0,A,,3035.0,A,,6060.0,A,,141.0,A,,3588.0,A,,3348.0,A,,2615.0,A,,860.0,A,,3037.0,A,,1892.0,A,,1974.0,A,,1724.0,A,,712.0,A,,524.14,A,,702.6,A,,1669.76,A,,477.71,A,,0.18,A,,0.01,A,,0.56,A,,0.14,A,,3.97,A,,76.31,A,,,,
157,'558,Nicaragua,656,'01610,"Coffee, green",5622,Import value,1000 USD,45.0,A,,1339.0,A,,83.0,A,,308.0,A,,0.0,A,,0.0,A,,13.0,A,,0.0,A,,0.0,A,,0.0,A,,0.0,A,,0.0,A,,0.0,A,,0.0,A,,0.0,A,,0.0,A,,1.0,A,,0.0,A,,0.0,A,,0.0,A,,0.0,A,,7.0,A,,0.0,A,,0.0,A,,0.0,A,,0.0,A,,0.0,A,,0.0,A,,0.0,A,,0.0,A,,4.0,A,,95.0,A,,372.0,A,,14.0,A,,2.0,A,,0.0,X,Estimated data using trading partners database,79.0,A,,6200.0,X,Estimated data using trading partners database,2190.0,A,,2044.0,A,,72.0,A,,1555.0,A,,2905.0,A,,108.0,A,,2856.0,A,,3331.0,A,,3006.0,A,,1790.0,A,,3297.0,A,,2531.0,A,,3831.0,A,,2725.0,A,,1290.0,A,,1145.0,A,,1316.0,A,,2651.0,A,,739.0,A,,2.0,A,,0.0,A,,13.0,A,,1.0,A,,89.0,A,,180.0,A,,,,
157,'558,Nicaragua,656,'01610,"Coffee, green",5910,Export quantity,t,20965.0,A,,20551.0,A,,24072.0,A,,23279.0,A,,28195.0,A,,23215.0,A,,25819.0,A,,28468.0,A,,26548.0,A,,29893.0,A,,32400.0,A,,32870.0,A,,37300.0,A,,32359.0,A,,40460.0,A,,52576.0,A,,49475.0,A,,54632.0,A,,55392.0,A,,45999.0,A,,52745.0,A,,46550.0,A,,56163.0,A,,41010.0,A,,40204.0,A,,32239.0,A,,37568.0,A,,30958.0,A,,26539.0,A,,37522.0,A,,21735.0,A,,37191.0,A,,29653.0,A,,37842.0,A,,37585.0,A,,53153.0,A,,40301.0,A,,33340.0,A,,27826.0,A,,82346.98,A,,78472.0,A,,57522.0,A,,59964.0,A,,79783.0,A,,56372.0,A,,83219.0,A,,72605.0,A,,91257.0,A,,80360.0,A,,101901.0,A,,87190.0,A,,119631.0,A,,97556.0,A,,112496.62,A,,103756.66,A,,117657.27,A,,127565.29,X,Estimated data using trading partners database,136505.61,A,,170300.93,A,,149116.76,A,,152109.65,A,,155994.53,A,,139511.41,A,,,,
157,'558,Nicaragua,656,'01610,"Coffee, green",5922,Export value,1000 USD,17368.0,A,,15429.0,A,,17538.0,A,,21095.0,A,,26354.0,A,,21761.0,A,,21098.0,A,,22683.0,A,,20563.0,A,,32087.0,A,,29251.0,A,,33090.0,A,,44363.0,A,,46144.0,A,,48079.0,A,,119368.0,A,,198790.0,A,,199600.0,A,,178972.0,A,,165670.0,A,,136530.0,A,,124002.0,A,,114713.0,A,,122395.0,A,,131500.0,A,,109463.0,A,,104813.0,A,,84582.0,A,,65391.0,A,,67600.0,A,,36221.0,A,,45729.0,A,,34476.0,A,,76105.0,A,,118734.0,A,,123735.0,A,,123513.0,A,,84688.0,A,,134825.0,A,,170597.0,A,,98549.0,A,,68982.0,A,,85558.0,A,,126773.0,A,,125926.0,A,,200739.0,A,,188301.0,A,,268458.0,A,,236764.0,A,,341505.0,A,,429299.0,A,,523873.0,A,,351263.0,A,,395556.0,A,,392363.0,A,,402260.0,A,,510187.0,A,,418009.0,A,,458282.0,A,,438202.0,A,,507895.0,A,,714113.0,A,,607054.0,A,,,,
158,'562,Niger,656,'01610,"Coffee, green",5610,Import quantity,t,0.0,A,,0.0,A,,2.0,A,,3.0,A,,3.0,A,,2.0,A,,4.0,A,,2.0,A,,1.0,A,,0.0,A,,0.0,A,,57.0,A,,31.0,A,,76.0,A,,247.0,A,,200.0,I,,200.0,I,,37.0,A,,12.0,A,,24.0,A,,4.0,A,,0.0,A,,19.0,A,,15.0,A,,0.0,A,,0.0,A,,0.0,A,,0.0,A,,0.0,A,,0.0,A,,0.0,I,,0.0,I,,0.0,A,,0.0,A,,2.0,A,,1.0,A,,0.0,A,,0.35,A,,0.16,A,,0.19,A,,0.0,A,,75.0,X,Estimated data using trading partners database,1.0,A,,1.0,E,,1.0,E,,0.0,X,Estimated data using trading partners database,1.0,A,,1.0,A,,1.0,E,,1.0,E,,8.0,A,,13.0,A,,12.0,A,,84.04,A,,66.49,A,,37.22,A,,118.75,A,,14.07,A,,38.88,I,,69.93,A,,18.36,A,,2.93,A,,6.17,A,,7.52,A,
158,'562,Niger,656,'01610,"Coffee, green",5622,Import value,1000 USD,0.0,A,,0.0,A,,1.0,I,,2.0,A,,8.0,A,,1.0,A,,2.0,A,,2.0,A,,1.0,A,,0.0,A,,0.0,A,,204.0,A,,130.0,A,,277.0,A,,877.0,A,,720.0,I,,800.0,I,,128.0,A,,87.0,A,,105.0,A,,9.0,A,,0.0,A,,11.0,A,,29.0,A,,0.0,A,,0.0,A,,0.0,A,,3.0,A,,1.0,A,,0.0,A,,0.0,I,,0.0,I,,0.0,A,,0.0,A,,2.0,A,,2.0,A,,1.0,A,,0.0,A,,1.0,A,,0.0,A,,1.0,A,,96.0,X,Estimated data using trading partners database,1.0,A,,1.0,E,,1.0,E,,0.0,X,Estimated data using trading partners database,1.0,A,,1.0,A,,1.0,E,,1.0,E,,18.0,A,,40.0,A,,34.0,A,,56.0,A,,52.0,A,,78.0,A,,128.0,A,,39.0,A,,97.0,A,,91.0,A,,13.0,A,,3.0,A,,10.0,A,,11.0,A,
158,'562,Niger,656,'01610,"Coffee, green",5910,Export quantity,t,0.0,A,,0.0,A,,0.0,A,,0.0,A,,0.0,A,,0.0,A,,0.0,A,,0.0,A,,0.0,A,,0.0,A,,0.0,A,,0.0,A,,0.0,A,,0.0,A,,0.0,A,,0.0,A,,0.0,A,,16.0,A,,3.0,A,,24.0,A,,4.0,A,,0.0,A,,0.0,A,,0.0,A,,0.0,A,,0.0,A,,0.0,A,,0.0,A,,4.0,I,,0.0,A,,0.0,A,,0.0,A,,0.0,A,,0.0,A,,0.0,A,,0.0,A,,0.0,A,,0.0,A,,0.0,A,,0.0,A,,0.0,A,,0.0,E,,0.0,E,,0.0,E,,0.0,E,,1.0,A,,1.0,A,,1.0,A,,1.0,E,,0.0,A,,0.0,E,,4.0,A,,0.0,X,Estimated data using trading partners database,26.92,A,,29.92,A,,67.97,A,,158.49,A,,69.01,A,,68.1,I,,,,,,,,,,,,,,,,
158,'562,Niger,656,'01610,"Coffee, green",5922,Export value,1000 USD,0.0,A,,0.0,A,,0.0,A,,0.0,A,,0.0,A,,0.0,A,,0.0,A,,0.0,A,,0.0,A,,0.0,A,,0.0,A,,0.0,A,,0.0,A,,0.0,A,,0.0,A,,0.0,A,,0.0,A,,18.0,A,,18.0,A,,105.0,A,,9.0,A,,0.0,A,,0.0,A,,0.0,A,,0.0,A,,0.0,A,,0.0,A,,0.0,A,,7.0,A,,0.0,A,,0.0,A,,0.0,A,,0.0,A,,0.0,A,,0.0,A,,0.0,A,,0.0,A,,0.0,A,,0.0,A,,0.0,A,,0.0,A,,0.0,E,,0.0,E,,0.0,E,,0.0,E,,0.0,A,,0.0,A,,3.0,A,,3.0,E,,0.0,A,,0.0,E,,24.0,A,,0.0,A,,11.0,A,,45.0,A,,98.0,A,,137.0,A,,41.0,A,,37.0,A,,,,,,,,,,,,,,,,
159,'566,Nigeria,656,'01610,"Coffee, green",5610,Import quantity,t,350.0,A,,180.0,A,,110.0,A,,460.0,A,,410.0,A,,314.0,A,,414.0,A,,147.0,A,,112.0,A,,64.0,A,,197.0,A,,286.0,A,,978.0,A,,182.0,A,,0.0,A,,0.0,A,,119.0,A,,18.0,A,,103.0,A,,0.0,A,,18.0,A,,10.0,A,,18.0,A,,110.0,A,,68.0,A,,202.0,A,,0.0,A,,81.0,A,,10.0,A,,206.0,A,,78.0,A,,211.0,A,,669.0,A,,0.0,X,Estimated data using trading partners database,90.0,X,Estimated data using trading partners database,162.0,X,Estimated data using trading partners database,0.0,X,Estimated data using trading partners database,55.0,I,,35.0,I,,145.0,X,Estimated data using trading partners database,320.0,X,Estimated data using trading partners database,486.0,X,Estimated data using trading partners database,70.0,X,Estimated data using trading partners database,16.0,X,Estimated data using trading partners database,8.0,X,Estimated data using trading partners database,35.0,X,Estimated data using trading partners database,359.0,X,Estimated data using trading partners database,2.0,X,Estimated data using trading partners database,3.0,X,Estimated data using trading partners database,2.0,X,Estimated data using trading partners database,2.0,X,Estimated data using trading partners database,9.0,X,Estimated data using trading partners database,8.0,X,Estimated data using trading partners database,4.99,X,Estimated data using trading partners database,4.51,X,Estimated data using trading partners database,17.63,X,Estimated data using trading partners database,88.14,X,Estimated data using trading partners database,19.68,X,Estimated data using trading partners database,4.69,X,Estimated data using trading partners database,65.18,X,Estimated data using trading partners database,111.23,X,Estimated data using trading partners database,142.37,X,Estimated data using trading partners database,115.9,X,Estimated data using trading partners database,201.37,X,Estimated data using trading partners database
159,'566,Nigeria,656,'01610,"Coffee, green",5622,Import value,1000 USD,620.0,A,,200.0,A,,130.0,A,,400.0,A,,350.0,A,,326.0,A,,226.0,A,,94.0,A,,68.0,A,,42.0,A,,116.0,A,,173.0,A,,494.0,A,,121.0,A,,0.0,A,,0.0,A,,176.0,A,,85.0,A,,544.0,A,,0.0,A,,64.0,A,,28.0,A,,65.0,A,,283.0,A,,158.0,A,,183.0,A,,0.0,A,,47.0,A,,21.0,A,,112.0,A,,52.0,A,,201.0,A,,660.0,A,,0.0,X,Estimated data using trading partners database,81.0,A,,450.0,X,Estimated data using trading partners database,0.0,X,Estimated data using trading partners database,165.0,I,,40.0,I,,110.0,I,,160.0,I,,355.0,X,Estimated data using trading partners database,55.0,X,Estimated data using trading partners database,105.0,X,Estimated data using trading partners database,120.0,X,Estimated data using trading partners database,97.0,X,Estimated data using trading partners database,1250.0,A,,6.0,A,,41.0,X,Estimated data using trading partners database,25.0,X,Estimated data using trading partners database,24.0,X,Estimated data using trading partners database,88.0,X,Estimated data using trading partners database,132.0,X,Estimated data using trading partners database,80.0,X,Estimated data using trading partners database,77.0,X,Estimated data using trading partners database,98.0,X,Estimated data using trading partners database,216.0,X,Estimated data using trading partners database,152.0,X,Estimated data using trading partners database,60.0,X,Estimated data using trading partners database,196.0,X,Estimated data using trading partners database,337.0,X,Estimated data using trading partners database,764.0,X,Estimated data using trading partners database,491.0,X,Estimated data using trading partners database,865.0,X,Estimated data using trading partners database
159,'566,Nigeria,656,'01610,"Coffee, green",5910,Export quantity,t,591.0,A,,804.0,A,,1578.0,A,,4147.0,A,,770.0,A,,7342.0,A,,1712.0,A,,2360.0,A,,4776.0,A,,2826.0,A,,3594.0,A,,4171.0,A,,2516.0,A,,265.0,A,,1092.0,A,,5920.0,A,,1990.0,A,,866.0,A,,1478.0,A,,2200.0,X,Estimated data using trading partners database,1550.0,A,,1945.0,A,,2848.0,A,,149.0,A,,72.0,A,,482.0,A,,1100.0,X,Estimated data using trading partners database,813.0,A,,182.0,A,,19.0,A,,19.0,A,,234.0,A,,564.0,A,,480.0,X,Estimated data using trading partners database,773.0,A,,786.0,A,,750.0,X,Estimated data using trading partners database,580.0,X,Estimated data using trading partners database,400.0,X,Estimated data using trading partners database,305.0,X,Estimated data using trading partners database,335.0,X,Estimated data using trading partners database,316.0,X,Estimated data using trading partners database,520.0,X,Estimated data using trading partners database,48.0,X,Estimated data using trading partners database,276.0,X,Estimated data using trading partners database,1699.0,X,Estimated data using trading partners database,473.0,X,Estimated data using trading partners database,69.0,X,Estimated data using trading partners database,38.0,X,Estimated data using trading partners database,156.0,X,Estimated data using trading partners database,393.0,X,Estimated data using trading partners database,317.0,X,Estimated data using trading partners database,39.0,X,Estimated data using trading partners database,81.37,X,Estimated data using trading partners database,152.52,X,Estimated data using trading partners database,74.71,X,Estimated data using trading partners database,97.72,X,Estimated data using trading partners database,89.82,X,Estimated data using trading partners database,42.83,X,Estimated data using trading partners database,30.27,X,Estimated data using trading partners database,7.91,X,Estimated data using trading partners database,14.02,X,Estimated data using trading partners database,21.74,X,Estimated data using trading partners database,25.71,X,Estimated data using trading partners database
159,'566,Nigeria,656,'01610,"Coffee, green",5922,Export value,1000 USD,191.0,A,,260.0,A,,651.0,A,,2307.0,A,,480.0,A,,4208.0,A,,1013.0,A,,1382.0,A,,2770.0,A,,1980.0,A,,2645.0,A,,3512.0,A,,1951.0,A,,229.0,A,,1746.0,A,,8578.0,A,,7378.0,A,,2084.0,A,,4374.0,A,,6800.0,X,Estimated data using trading partners database,2473.0,A,,3148.0,A,,5589.0,A,,127.0,A,,176.0,A,,1200.0,X,Estimated data using trading partners database,1800.0,X,Estimated data using trading partners database,951.0,A,,299.0,A,,14.0,A,,8.0,A,,139.0,A,,338.0,A,,720.0,X,Estimated data using trading partners database,1193.0,A,,1200.0,X,Estimated data using trading partners database,1700.0,X,Estimated data using trading partners database,1150.0,I,,700.0,I,,310.0,I,,325.0,I,,292.0,X,Estimated data using trading partners database,730.0,X,Estimated data using trading partners database,46.0,X,Estimated data using trading partners database,516.0,X,Estimated data using trading partners database,2746.0,X,Estimated data using trading partners database,938.0,X,Estimated data using trading partners database,171.0,X,Estimated data using trading partners database,123.0,X,Estimated data using trading partners database,485.0,X,Estimated data using trading partners database,1843.0,X,Estimated data using trading partners database,954.0,X,Estimated data using trading partners database,84.0,X,Estimated data using trading partners database,236.0,X,Estimated data using trading partners database,355.0,X,Estimated data using trading partners database,347.0,X,Estimated data using trading partners database,229.0,X,Estimated data using trading partners database,201.0,X,Estimated data using trading partners database,118.0,X,Estimated data using trading partners database,49.0,X,Estimated data using trading partners database,30.0,X,Estimated data using trading partners database,55.0,X,Estimated data using trading partners database,22.0,X,Estimated data using trading partners database,122.0,X,Estimated data using trading partners database
160,'570,Niue,656,'01610,"Coffee, green",5610,Import quantity,t,0.0,A,,0.0,A,,0.0,A,,0.0,A,,0.0,A,,0.0,A,,0.0,A,,0.0,A,,0.0,A,,0.0,A,,0.0,A,,0.0,A,,0.0,A,,0.0,A,,2.0,A,,1.0,A,,1.0,A,,2.0,A,,0.0,A,,1.0,A,,2.0,A,,1.0,A,,1.0,X,Estimated data using trading partners database,0.0,A,,1.0,X,Estimated data using trading partners database,0.0,A,,0.0,A,,0.0,A,,0.0,A,,0.0,A,,0.0,A,,0.0,A,,0.0,A,,0.0,E,,0.0,E,,0.0,E,,0.0,E,,0.0,E,,0.0,E,,0.0,E,,0.0,E,,0.0,E,,0.0,E,,0.0,E,,0.0,E,,0.0,E,,0.0,E,,0.0,E,,0.0,E,,0.0,E,,0.0,E,,0.0,E,,0.0,E,,1.03,X,Estimated data using trading partners database,0.99,X,Estimated data using trading partners database,1.1,X,Estimated data using trading partners database,0.04,X,Estimated data using trading partners database,0.2,X,Estimated data using trading partners database,0.43,X,Estimated data using trading partners database,0.08,X,Estimated data using trading partners database,0.19,X,Estimated data using trading partners database,0.1,X,Estimated data using trading partners database,0.06,X,Estimated data using trading partners database,0.03,X,Estimated data using trading partners database
160,'570,Niue,656,'01610,"Coffee, green",5622,Import value,1000 USD,0.0,A,,0.0,A,,0.0,A,,0.0,A,,0.0,A,,0.0,A,,0.0,A,,0.0,A,,0.0,A,,0.0,A,,0.0,A,,0.0,A,,0.0,A,,0.0,A,,5.0,A,,7.0,A,,5.0,A,,7.0,A,,0.0,A,,5.0,A,,8.0,A,,7.0,A,,5.0,A,,0.0,A,,5.0,A,,0.0,A,,0.0,A,,0.0,A,,0.0,A,,0.0,A,,0.0,A,,0.0,A,,0.0,A,,0.0,E,,0.0,E,,0.0,E,,0.0,E,,0.0,E,,0.0,E,,0.0,E,,0.0,E,,0.0,E,,0.0,E,,0.0,E,,0.0,E,,0.0,E,,0.0,E,,0.0,E,,0.0,E,,0.0,E,,0.0,E,,0.0,E,,0.0,E,,6.0,X,Estimated data using trading partners database,3.0,X,Estimated data using trading partners database,4.0,X,Estimated data using trading partners database,4.0,X,Estimated data using trading partners database,11.0,X,Estimated data using trading partners database,11.0,X,Estimated data using trading partners database,5.0,X,Estimated data using trading partners database,7.0,X,Estimated data using trading partners database,6.0,X,Estimated data using trading partners database,5.0,X,Estimated data using trading partners database,3.0,X,Estimated data using trading partners database
160,'570,Niue,656,'01610,"Coffee, green",5910,Export quantity,t,,,,,,,,,,,,,,,,,,,,,,,,,,,,,,,,,,,,,,,,,,,,,,,,,,,,,,,,,,,,,,,,,,,,,,,,,,,,,,,,,,,,,,,,,,,,,,,,,,,,,,,,,,,,,,,,,,,,,,,,,,,,,,,,,,,,,,,,,,,,,,,,,,,,,,,,,,,,,,,,,,,,,,,,,,,,,,,,,,,,,16.34,X,Estimated data using trading partners database,0.36,X,Estimated data using trading partners database,,,,,,
160,'570,Niue,656,'01610,"Coffee, green",5922,Export value,1000 USD,,,,,,,,,,,,,,,,,,,,,,,,,,,,,,,,,,,,,,,,,,,,,,,,,,,,,,,,,,,,,,,,,,,,,,,,,,,,,,,,,,,,,,,,,,,,,,,,,,,,,,,,,,,,,,,,,,,,,,,,,,,,,,,,,,,,,,,,,,,,,,,,,,,,,,,,,,,,,,,,,,,,,,,,,,,,,,,,,,,,,66.0,X,Estimated data using trading partners database,3.0,X,Estimated data using trading partners database,,,,,,
154,'807,North Macedonia,656,'01610,"Coffee, green",5610,Import quantity,t,,,,,,,,,,,,,,,,,,,,,,,,,,,,,,,,,,,,,,,,,,,,,,,,,,,,,,,,,,,,,,,,,,,,,,,,,,,,,,,,,,,,,,,,,,,,,,4497.0,A,,2314.0,A,,3567.0,A,,3825.0,A,,2864.0,A,,2695.0,A,,1500.0,X,Estimated data using trading partners database,3339.0,A,,1754.0,A,,4744.0,A,,5797.0,A,,6575.0,A,,6866.0,A,,6991.0,A,,6813.0,A,,7093.0,A,,6654.0,A,,7135.0,A,,6340.0,A,,6440.0,A,,6807.0,A,,7355.0,A,,6158.63,A,,6048.44,A,,6498.73,A,,6094.09,A,,6388.3,A,,6434.19,A,,5741.07,A,,5157.64,A,,4781.14,A,,5110.43,A,,4824.51,A,
154,'807,North Macedonia,656,'01610,"Coffee, green",5622,Import value,1000 USD,,,,,,,,,,,,,,,,,,,,,,,,,,,,,,,,,,,,,,,,,,,,,,,,,,,,,,,,,,,,,,,,,,,,,,,,,,,,,,,,,,,,,,,,,,,,,,4949.0,A,,2472.0,A,,6109.0,A,,7148.0,A,,5783.0,A,,6300.0,X,Estimated data using trading partners database,2900.0,X,Estimated data using trading partners database,5822.0,A,,2538.0,A,,4125.0,A,,4552.0,A,,5995.0,A,,8124.0,A,,9579.0,A,,11153.0,A,,12000.0,I,,17066.0,A,,14579.0,A,,14140.0,A,,19959.0,A,,20114.0,A,,18745.0,A,,13833.0,A,,14460.0,A,,13938.0,A,,15519.0,A,,14992.0,A,,13038.0,A,,10975.0,A,,10503.0,A,,14450.0,A,,16435.0,A,,19673.0,A,
154,'807,North Macedonia,656,'01610,"Coffee, green",5910,Export quantity,t,,,,,,,,,,,,,,,,,,,,,,,,,,,,,,,,,,,,,,,,,,,,,,,,,,,,,,,,,,,,,,,,,,,,,,,,,,,,,,,,,,,,,,,,,,,,,,256.0,A,,56.0,A,,0.0,I,,0.0,E,,0.0,E,,9.0,A,,0.0,X,Estimated data using trading partners database,0.0,A,,0.0,A,,32.0,A,,0.0,X,Estimated data using trading partners database,0.0,X,Estimated data using trading partners database,1.0,A,,48.0,A,,1.0,A,,1.0,E,,5.0,A,,1.0,A,,3.0,A,,7.0,A,,0.0,X,Estimated data using trading partners database,3.0,A,,,,,,,,14.21,A,,3.0,A,,,,,0.22,A,,0.2,A,,24.0,A,,2.77,A,,,,,19.11,A,
154,'807,North Macedonia,656,'01610,"Coffee, green",5922,Export value,1000 USD,,,,,,,,,,,,,,,,,,,,,,,,,,,,,,,,,,,,,,,,,,,,,,,,,,,,,,,,,,,,,,,,,,,,,,,,,,,,,,,,,,,,,,,,,,,,,,567.0,A,,89.0,A,,0.0,I,,0.0,E,,0.0,E,,3.0,A,,0.0,X,Estimated data using trading partners database,0.0,A,,0.0,A,,24.0,A,,0.0,X,Estimated data using trading partners database,0.0,X,Estimated data using trading partners database,1.0,A,,69.0,A,,4.0,A,,4.0,E,,28.0,A,,3.0,A,,14.0,A,,52.0,A,,0.0,X,Estimated data using trading partners database,7.0,A,,,,,,,,37.0,A,,7.0,A,,,,,1.0,A,,1.0,A,,43.0,A,,91.0,A,,,,,87.0,A,
162,'578,Norway,656,'01610,"Coffee, green",5610,Import quantity,t,26993.0,A,,30966.0,A,,33586.0,A,,33100.0,A,,28702.0,A,,34559.0,A,,35371.0,A,,34551.0,A,,39214.0,A,,37895.0,A,,31405.0,A,,39279.0,A,,36341.0,A,,36643.0,A,,37376.0,A,,37996.0,A,,29625.0,A,,38030.0,A,,38264.0,A,,38395.0,A,,39587.0,A,,39078.0,A,,41180.0,A,,40715.0,A,,39132.0,A,,39667.0,A,,39364.0,A,,36781.0,A,,39589.0,A,,39900.0,A,,41809.0,A,,41325.0,A,,38437.0,A,,44765.0,A,,37202.0,A,,39790.0,A,,37288.0,A,,37805.0,A,,41814.0,A,,34389.73,A,,37610.0,A,,36809.0,A,,35564.0,A,,36315.0,A,,37615.0,A,,35955.0,A,,38685.0,A,,34797.0,A,,34682.0,A,,35850.0,A,,36966.0,A,,33156.0,A,,35391.0,A,,32779.89,A,,35798.9,A,,35159.18,A,,35122.82,A,,31480.56,A,,33833.73,A,,36655.27,A,,33011.05,A,,31311.6,A,,29385.33,A,,26122.37,A,
162,'578,Norway,656,'01610,"Coffee, green",5622,Import value,1000 USD,21823.0,A,,23538.0,A,,25272.0,A,,31152.0,A,,29117.0,A,,33446.0,A,,31476.0,A,,29706.0,A,,33956.0,A,,44986.0,A,,33379.0,A,,43666.0,A,,53073.0,A,,59669.0,A,,60542.0,A,,96564.0,A,,139459.0,A,,150000.0,A,,140558.0,A,,163512.0,A,,117624.0,A,,107189.0,A,,114082.0,A,,124941.0,A,,114328.0,A,,182368.0,A,,104344.0,A,,104447.0,A,,105637.0,A,,75330.0,A,,79872.0,A,,60513.0,A,,58860.0,A,,122587.0,A,,133039.0,A,,106217.0,A,,140265.0,A,,117550.0,A,,93252.0,A,,70312.0,A,,50734.0,A,,46621.0,A,,48788.0,A,,58145.0,A,,89730.0,A,,85897.0,A,,101330.0,A,,111707.0,A,,101718.0,A,,134077.0,A,,212053.0,A,,154375.0,A,,115203.0,A,,130603.0,A,,137351.0,A,,119374.0,A,,136602.0,A,,102228.0,A,,101547.0,A,,123705.0,A,,131391.0,A,,184403.0,A,,151316.0,A,,141146.0,A,
162,'578,Norway,656,'01610,"Coffee, green",5910,Export quantity,t,3.0,A,,79.0,A,,0.0,A,,17.0,A,,21.0,A,,53.0,A,,329.0,A,,0.0,A,,46.0,A,,265.0,A,,30.0,A,,0.0,A,,9.0,A,,0.0,A,,183.0,A,,97.0,A,,131.0,A,,13.0,A,,56.0,A,,552.0,A,,219.0,A,,150.0,A,,231.0,A,,232.0,A,,5.0,A,,280.0,A,,131.0,A,,157.0,A,,145.0,A,,394.0,A,,91.0,A,,48.0,A,,24.0,A,,35.0,A,,53.0,A,,203.0,A,,170.0,A,,39.0,A,,87.0,A,,90.93,A,,169.0,X,Estimated data using trading partners database,130.0,A,,201.0,A,,123.0,A,,86.0,A,,142.0,A,,150.0,A,,74.0,A,,255.0,A,,424.0,A,,242.0,A,,289.0,A,,404.0,A,,193.71,A,,111.01,A,,338.86,A,,612.78,A,,132.33,A,,17.57,A,,62.59,A,,61.59,A,,80.57,A,,235.96,A,,129.68,A,
162,'578,Norway,656,'01610,"Coffee, green",5922,Export value,1000 USD,2.0,A,,57.0,A,,0.0,A,,17.0,A,,16.0,A,,56.0,A,,300.0,A,,0.0,A,,39.0,A,,283.0,A,,28.0,A,,0.0,A,,12.0,A,,0.0,A,,310.0,A,,212.0,A,,353.0,A,,39.0,A,,188.0,A,,2285.0,A,,492.0,A,,430.0,A,,637.0,A,,557.0,A,,23.0,A,,1113.0,A,,338.0,A,,460.0,A,,294.0,A,,831.0,A,,190.0,A,,106.0,A,,37.0,A,,113.0,A,,130.0,A,,556.0,A,,747.0,A,,115.0,A,,231.0,A,,165.0,A,,204.0,A,,165.0,A,,235.0,A,,131.0,A,,221.0,A,,314.0,A,,304.0,A,,211.0,A,,652.0,A,,1602.0,A,,888.0,A,,2111.0,A,,2066.0,A,,1218.0,A,,424.0,A,,1209.0,A,,2761.0,A,,509.0,A,,124.0,A,,242.0,A,,285.0,A,,422.0,A,,1275.0,A,,1392.0,A,
221,'512,Oman,656,'01610,"Coffee, green",5610,Import quantity,t,1350.0,I,,1400.0,I,,1450.0,I,,1450.0,I,,1500.0,I,,1500.0,I,,1600.0,I,,1500.0,I,,1700.0,I,,1600.0,I,,1800.0,I,,1300.0,I,,1300.0,I,,1500.0,I,,1800.0,X,Estimated data using trading partners database,1600.0,X,Estimated data using trading partners database,1896.0,A,,2470.0,A,,4202.0,A,,3113.0,A,,3164.0,A,,2717.0,A,,2678.0,A,,3303.0,A,,2746.0,A,,2238.0,A,,2905.0,A,,4138.0,A,,3487.0,A,,1895.0,A,,2852.0,A,,2985.0,A,,1712.0,A,,1966.0,A,,2844.0,A,,2139.0,A,,2492.0,A,,3110.0,A,,2688.0,A,,2100.0,A,,2479.0,A,,1692.0,A,,2176.0,A,,2891.0,A,,1758.0,A,,1881.0,A,,2904.0,A,,1686.0,A,,2566.0,A,,2353.0,A,,2503.0,A,,3731.0,A,,3276.0,A,,3286.05,A,,2994.83,A,,3203.36,A,,3648.04,A,,4130.33,A,,3864.39,A,,4863.47,A,,5531.52,A,,5545.51,I,,5625.44,I,,1966.71,X,Estimated data using trading partners database
221,'512,Oman,656,'01610,"Coffee, green",5622,Import value,1000 USD,750.0,I,,800.0,I,,850.0,I,,900.0,I,,970.0,I,,1000.0,I,,1250.0,I,,1000.0,I,,1150.0,I,,1294.0,X,Estimated data using trading partners database,1438.0,X,Estimated data using trading partners database,1285.0,X,Estimated data using trading partners database,1412.0,A,,2121.0,A,,2713.0,A,,3584.0,A,,6390.0,A,,7074.0,A,,5628.0,A,,8643.0,A,,8907.0,A,,6137.0,A,,5390.0,A,,5912.0,A,,6246.0,A,,6658.0,A,,7982.0,A,,10318.0,A,,7487.0,A,,2937.0,A,,4829.0,A,,5106.0,A,,2578.0,A,,4355.0,A,,9632.0,A,,5909.0,A,,5909.0,A,,7222.0,A,,5068.0,A,,3309.0,A,,2546.0,A,,1428.0,A,,2380.0,A,,2978.0,A,,2442.0,A,,3088.0,A,,5120.0,A,,4243.0,A,,4798.0,A,,4602.0,A,,7162.0,A,,10034.0,A,,7724.0,A,,8478.0,A,,7439.0,A,,7176.0,A,,9837.0,A,,9455.0,A,,10501.0,A,,11553.0,A,,15209.0,A,,21703.0,A,,21677.0,A,,10578.0,X,Estimated data using trading partners database
221,'512,Oman,656,'01610,"Coffee, green",5910,Export quantity,t,0.0,A,,0.0,A,,0.0,A,,0.0,A,,0.0,A,,0.0,A,,0.0,A,,0.0,A,,0.0,A,,0.0,A,,0.0,A,,0.0,A,,0.0,A,,0.0,A,,0.0,A,,0.0,A,,0.0,A,,7.0,A,,46.0,A,,0.0,A,,162.0,A,,160.0,X,Estimated data using trading partners database,84.0,A,,481.0,A,,21.0,A,,52.0,A,,39.0,A,,214.0,A,,13.0,A,,53.0,A,,30.0,A,,57.0,A,,5.0,A,,79.0,A,,11.0,A,,41.0,A,,77.0,A,,15.0,A,,26.0,A,,274.0,A,,232.0,X,Estimated data using trading partners database,16.0,A,,104.0,A,,29.0,A,,21.0,A,,30.0,A,,30.0,A,,13.0,A,,3.0,A,,9.0,A,,21.0,A,,46.0,A,,60.0,A,,0.04,A,,15.53,A,,159.39,A,,228.77,A,,239.93,A,,544.95,A,,664.44,A,,289.95,A,,222.04,I,,378.92,I,,3.35,X,Estimated data using trading partners database
221,'512,Oman,656,'01610,"Coffee, green",5922,Export value,1000 USD,0.0,A,,0.0,A,,0.0,A,,0.0,A,,0.0,A,,0.0,A,,0.0,A,,0.0,A,,0.0,A,,0.0,A,,0.0,A,,0.0,A,,0.0,A,,0.0,A,,0.0,A,,0.0,A,,0.0,A,,28.0,A,,273.0,A,,0.0,A,,587.0,A,,284.0,A,,146.0,A,,666.0,A,,120.0,A,,171.0,A,,109.0,A,,406.0,A,,34.0,A,,142.0,A,,61.0,A,,197.0,A,,27.0,A,,180.0,A,,45.0,A,,168.0,A,,338.0,A,,33.0,A,,46.0,A,,494.0,A,,159.0,A,,37.0,A,,117.0,A,,29.0,A,,27.0,A,,44.0,A,,44.0,A,,22.0,A,,6.0,A,,19.0,A,,52.0,A,,101.0,A,,86.0,A,,0.0,A,,35.0,A,,315.0,A,,751.0,A,,543.0,A,,2029.0,A,,1756.0,A,,643.0,A,,681.0,A,,1099.0,A,,6.0,X,Estimated data using trading partners database
165,'586,Pakistan,656,'01610,"Coffee, green",5610,Import quantity,t,45.0,A,,56.0,A,,47.0,A,,67.0,A,,40.0,X,Estimated data using trading partners database,60.0,X,Estimated data using trading partners database,60.0,X,Estimated data using trading partners database,50.0,X,Estimated data using trading partners database,40.0,X,Estimated data using trading partners database,55.0,X,Estimated data using trading partners database,60.0,X,Estimated data using trading partners database,54.0,X,Estimated data using trading partners database,79.0,A,,42.0,A,,62.0,A,,231.0,A,,150.0,I,,56.0,A,,79.0,A,,59.0,A,,46.0,A,,1.0,A,,0.0,A,,0.0,A,,3.0,A,,23.0,A,,0.0,A,,0.0,A,,0.0,A,,13.0,A,,8.0,A,,12.0,A,,24.0,A,,0.0,X,Estimated data using trading partners database,21.0,A,,41.0,A,,14.0,A,,43.0,A,,29.0,A,,15.69,A,,2.0,A,,0.0,A,,0.0,E,,14.0,A,,0.0,X,Estimated data using trading partners database,1.0,A,,1.0,A,,2.0,A,,3.0,A,,3.0,A,,0.0,A,,0.0,A,,1.0,A,,0.48,A,,6.45,A,,0.09,A,,85.28,A,,47.72,A,,16.82,A,,22.67,A,,61.2,A,,65.83,A,,81.01,A,,185.32,A,
165,'586,Pakistan,656,'01610,"Coffee, green",5622,Import value,1000 USD,134.0,A,,111.0,A,,102.0,A,,143.0,A,,88.0,A,,135.0,A,,135.0,A,,121.0,A,,103.0,A,,137.0,A,,148.0,A,,146.0,A,,145.0,A,,114.0,A,,157.0,A,,350.0,A,,211.0,A,,202.0,A,,207.0,A,,201.0,A,,291.0,A,,2.0,A,,1.0,A,,0.0,A,,6.0,A,,28.0,A,,0.0,A,,0.0,A,,0.0,A,,53.0,A,,34.0,A,,35.0,A,,92.0,A,,0.0,X,Estimated data using trading partners database,70.0,A,,145.0,A,,74.0,A,,262.0,A,,175.0,A,,61.0,A,,10.0,A,,0.0,A,,0.0,E,,17.0,A,,0.0,X,Estimated data using trading partners database,5.0,A,,8.0,A,,10.0,A,,15.0,A,,14.0,A,,1.0,A,,1.0,A,,2.0,A,,1.0,A,,35.0,A,,0.0,A,,94.0,A,,85.0,A,,37.0,A,,55.0,A,,105.0,A,,168.0,A,,211.0,A,,582.0,A,
165,'586,Pakistan,656,'01610,"Coffee, green",5910,Export quantity,t,,,,,,,,,,,,,,,,,,,,,,,,,,,,,,,,,,,,,,,,,,,,,,,,,,,,,,,,,,,,,,,,,,,,,,,,,,,,,,,,,,,,,,,,,,,,,,,,,,,,,,,,,,,,,,,,,,,,,,,,,,,,,,,,,,,,,,,,,,,0.0,A,,0.0,E,,0.0,E,,0.0,E,,0.0,A,,0.0,A,,0.0,E,,,,,,,,0.02,A,,,,,16.64,A,,,,,,,,,,,,,,,,,,,
165,'586,Pakistan,656,'01610,"Coffee, green",5922,Export value,1000 USD,,,,,,,,,,,,,,,,,,,,,,,,,,,,,,,,,,,,,,,,,,,,,,,,,,,,,,,,,,,,,,,,,,,,,,,,,,,,,,,,,,,,,,,,,,,,,,,,,,,,,,,,,,,,,,,,,,,,,,,,,,,,,,,,,,,,,,,,,,,0.0,A,,0.0,E,,0.0,E,,0.0,E,,3.0,A,,1.0,A,,0.0,X,Estimated data using trading partners database,,,,,,,0.0,A,,,,,16.0,A,,,,,,,,,,,,,,,,,,,
180,'585,Palau,656,'01610,"Coffee, green",5610,Import quantity,t,,,,,,,,,,,,,,,,,,,,,,,,,,,,,,,,,,,,,,,,,,,,,,,,,,,,,,,,,,,,,,,,,,,,,,,,,,,,,,,,,,,,,,,,,,,,,,,,,,,,,,,,,,,,,,,,,,,,,,,,,,,,,,,,,,,,,0.05,X,Estimated data using trading partners database,0.97,X,Estimated data using trading partners database,0.81,X,Estimated data using trading partners database,,,,,,,,,,,,,,,,,,,,,,,,,,,,,,,,,,0.14,X,Estimated data using trading partners database,0.29,X,Estimated data using trading partners database,0.01,X,Estimated data using trading partners database,0.01,X,Estimated data using trading partners database,0.02,X,Estimated data using trading partners database,0.06,X,Estimated data using trading partners database
180,'585,Palau,656,'01610,"Coffee, green",5622,Import value,1000 USD,,,,,,,,,,,,,,,,,,,,,,,,,,,,,,,,,,,,,,,,,,,,,,,,,,,,,,,,,,,,,,,,,,,,,,,,,,,,,,,,,,,,,,,,,,,,,,,,,,,,,,,,,,,,,,,,,,,,,,,,,,,,,,,,,,,,,1.0,X,Estimated data using trading partners database,2.0,X,Estimated data using trading partners database,1.0,X,Estimated data using trading partners database,,,,,,,,,,,,,,,,,,,,,,,,,,,,,,,,,,3.0,X,Estimated data using trading partners database,3.0,X,Estimated data using trading partners database,0.0,X,Estimated data using trading partners database,0.0,X,Estimated data using trading partners database,0.0,X,Estimated data using trading partners database,1.0,X,Estimated data using trading partners database
180,'585,Palau,656,'01610,"Coffee, green",5910,Export quantity,t,,,,,,,,,,,,,,,,,,,,,,,,,,,,,,,,,,,,,,,,,,,,,,,,,,,,,,,,,,,,,,,,,,,,,,,,,,,,,,,,,,,,,,,,,,,,,,,,,,,,,,,,,,,,,,,,,,,,,,,,,,,,,,,,,,,,,,,,,,,14.63,X,Estimated data using trading partners database,,,,,,,,,,,,,,,,,,,,,,,,,,,,,,,,,,,,,,,,,,,,,,,,,,,
180,'585,Palau,656,'01610,"Coffee, green",5922,Export value,1000 USD,,,,,,,,,,,,,,,,,,,,,,,,,,,,,,,,,,,,,,,,,,,,,,,,,,,,,,,,,,,,,,,,,,,,,,,,,,,,,,,,,,,,,,,,,,,,,,,,,,,,,,,,,,,,,,,,,,,,,,,,,,,,,,,,,,,,,,,,,,,39.0,X,Estimated data using trading partners database,,,,,,,,,,,,,,,,,,,,,,,,,,,,,,,,,,,,,,,,,,,,,,,,,,,
299,'275,Palestine,656,'01610,"Coffee, green",5610,Import quantity,t,,,,,,,,,,,,,,,,,,,,,,,,,,,,,,,,,,,,,,,,,,,,,,,,,,,,,,,,,,,,,,,,,,,,,,,,,,,,,,,,,,,,,,,,,,,,,,,,,,,,,,,,,,1172.0,A,,1066.0,A,,1606.0,A,,1392.0,A,,693.0,A,,1083.0,A,,610.0,A,,1100.0,I,,1500.0,I,,2200.0,I,,1400.0,I,,1400.0,I,,1400.0,E,,1400.0,E,,1400.0,E,,39.0,X,Estimated data using trading partners database,39.0,E,,39.0,E,,1550.26,I,,,,,,,,,,,,,,273.0,X,Estimated data using trading partners database,,,,,,,,,,,,,1056.13,I,
299,'275,Palestine,656,'01610,"Coffee, green",5622,Import value,1000 USD,,,,,,,,,,,,,,,,,,,,,,,,,,,,,,,,,,,,,,,,,,,,,,,,,,,,,,,,,,,,,,,,,,,,,,,,,,,,,,,,,,,,,,,,,,,,,,,,,,,,,,,,,,5428.0,A,,3739.0,A,,3382.0,A,,2723.0,A,,1540.0,A,,2954.0,A,,1643.0,A,,2918.0,I,,4058.0,A,,5721.0,A,,3678.0,A,,4000.0,I,,4000.0,E,,4000.0,E,,4000.0,E,,164.0,X,Estimated data using trading partners database,164.0,E,,164.0,E,,3163.0,A,,,,,,,,,,,,,,509.0,X,Estimated data using trading partners database,,,,,,,,,,,,,3444.0,X,Estimated data using trading partners database
299,'275,Palestine,656,'01610,"Coffee, green",5910,Export quantity,t,,,,,,,,,,,,,,,,,,,,,,,,,,,,,,,,,,,,,,,,,,,,,,,,,,,,,,,,,,,,,,,,,,,,,,,,,,,,,,,,,,,,,,,,,,,,,,,,,,,,,,,,,,26.0,A,,159.0,A,,55.0,A,,934.0,A,,1053.0,A,,413.0,A,,407.0,A,,590.0,I,,460.0,I,,540.0,I,,420.0,I,,450.0,I,,450.0,E,,450.0,E,,450.0,E,,450.0,E,,450.0,E,,450.0,E,,509.98,I,,,,,,,,,,,,,,0.0,A,,0.0,A,,0.0,A,,0.0,A,,0.0,A,,0.05,X,Estimated data using trading partners database
299,'275,Palestine,656,'01610,"Coffee, green",5922,Export value,1000 USD,,,,,,,,,,,,,,,,,,,,,,,,,,,,,,,,,,,,,,,,,,,,,,,,,,,,,,,,,,,,,,,,,,,,,,,,,,,,,,,,,,,,,,,,,,,,,,,,,,,,,,,,,,136.0,A,,805.0,A,,265.0,A,,1857.0,A,,2353.0,A,,1125.0,A,,1095.0,A,,1596.0,A,,1232.0,A,,1449.0,A,,1146.0,A,,1300.0,I,,1300.0,E,,1300.0,E,,1300.0,E,,1300.0,E,,1300.0,E,,1300.0,E,,1359.0,A,,,,,,,,,,,,,,793.0,A,,1554.0,A,,1594.0,A,,1887.0,A,,4012.0,A,,0.0,X,Estimated data using trading partners database
166,'591,Panama,656,'01610,"Coffee, green",5610,Import quantity,t,0.0,A,,0.0,A,,0.0,A,,0.0,A,,0.0,A,,0.0,A,,0.0,A,,0.0,A,,0.0,A,,0.0,A,,0.0,A,,0.0,A,,0.0,A,,0.0,A,,0.0,A,,0.0,A,,0.0,A,,0.0,A,,0.0,A,,91.0,A,,0.0,A,,0.0,A,,0.0,A,,0.0,A,,0.0,A,,0.0,A,,0.0,A,,1.0,A,,0.0,A,,0.0,A,,90.0,A,,0.0,X,Estimated data using trading partners database,4200.0,X,Estimated data using trading partners database,0.0,A,,140.0,X,Estimated data using trading partners database,1100.0,X,Estimated data using trading partners database,1400.0,X,Estimated data using trading partners database,20.0,A,,7.0,A,,0.49,A,,0.0,A,,0.0,A,,1.0,A,,2.0,A,,1.0,A,,4.0,A,,3.0,A,,73.0,A,,1.0,A,,0.0,A,,2.0,A,,1248.0,A,,1306.0,A,,867.05,X,Estimated data using trading partners database,1925.59,X,Estimated data using trading partners database,2557.1,X,Estimated data using trading partners database,2391.59,A,,1962.07,A,,2523.23,A,,1783.76,A,,2138.41,A,,5002.66,A,,5001.75,A,,3967.94,A,
166,'591,Panama,656,'01610,"Coffee, green",5622,Import value,1000 USD,0.0,A,,0.0,A,,0.0,A,,0.0,A,,0.0,A,,0.0,A,,0.0,A,,0.0,A,,0.0,A,,0.0,A,,0.0,A,,0.0,A,,0.0,A,,0.0,A,,0.0,A,,0.0,A,,0.0,A,,0.0,A,,0.0,A,,208.0,A,,0.0,A,,0.0,A,,0.0,A,,0.0,A,,0.0,A,,0.0,A,,0.0,A,,1.0,A,,0.0,A,,0.0,A,,88.0,A,,0.0,X,Estimated data using trading partners database,6400.0,X,Estimated data using trading partners database,0.0,A,,270.0,X,Estimated data using trading partners database,2500.0,X,Estimated data using trading partners database,3900.0,X,Estimated data using trading partners database,70.0,A,,57.0,A,,4.0,A,,1.0,A,,0.0,A,,9.0,A,,7.0,A,,2.0,A,,6.0,A,,8.0,A,,219.0,A,,4.0,A,,0.0,I,,11.0,A,,3055.0,A,,3207.0,A,,2047.0,X,Estimated data using trading partners database,5422.0,X,Estimated data using trading partners database,6881.0,X,Estimated data using trading partners database,5440.0,A,,4689.0,A,,6188.0,A,,4352.0,A,,5193.0,A,,19423.0,A,,17765.0,A,,17889.0,A,
166,'591,Panama,656,'01610,"Coffee, green",5910,Export quantity,t,312.0,A,,1712.0,A,,458.0,A,,1472.0,A,,745.0,A,,636.0,A,,672.0,A,,916.0,A,,1287.0,A,,1558.0,A,,1787.0,A,,2450.0,A,,1763.0,A,,1446.0,A,,1562.0,A,,1904.0,A,,1376.0,A,,2455.0,A,,2901.0,A,,3231.0,A,,5129.0,A,,4354.0,A,,5811.0,A,,4638.0,A,,5489.0,A,,7559.0,A,,7600.0,A,,9105.0,A,,5957.0,A,,8194.0,A,,7550.0,A,,7721.0,A,,7787.0,A,,5140.0,A,,10945.0,A,,8345.0,A,,7538.0,A,,8465.0,A,,7895.0,A,,7423.55,A,,7006.0,A,,5415.0,A,,7049.0,A,,5061.0,A,,5244.0,A,,4761.0,A,,5847.0,A,,4921.0,A,,2660.0,A,,3364.0,A,,1965.0,A,,1811.0,A,,1549.0,A,,3070.6,X,Estimated data using trading partners database,2833.34,X,Estimated data using trading partners database,3248.25,X,Estimated data using trading partners database,1622.05,A,,247.5,A,,236.04,A,,559.82,I,,110.92,A,,127.8,A,,51.21,A,,435.47,I,
166,'591,Panama,656,'01610,"Coffee, green",5922,Export value,1000 USD,257.0,A,,1412.0,A,,392.0,A,,1448.0,A,,700.0,A,,605.0,A,,561.0,A,,742.0,A,,1101.0,A,,1705.0,A,,1553.0,A,,2502.0,A,,2060.0,A,,2131.0,A,,2253.0,A,,3374.0,A,,5489.0,A,,8858.0,A,,9975.0,A,,10441.0,A,,13633.0,A,,12394.0,A,,15940.0,A,,12987.0,A,,15586.0,A,,30500.0,A,,18013.0,A,,20480.0,A,,10795.0,A,,13828.0,A,,12999.0,A,,10440.0,A,,11620.0,A,,13581.0,A,,33401.0,A,,18706.0,A,,22425.0,A,,23933.0,A,,18542.0,A,,16045.0,A,,11112.0,A,,9316.0,A,,12158.0,A,,10922.0,A,,13511.0,A,,13128.0,A,,16210.0,A,,16031.0,A,,9630.0,A,,12810.0,I,,9252.0,A,,9423.0,A,,6900.0,A,,18912.0,X,Estimated data using trading partners database,19756.0,X,Estimated data using trading partners database,21952.0,X,Estimated data using trading partners database,7736.0,A,,1393.0,A,,1022.0,A,,2266.0,A,,505.0,A,,437.0,A,,313.0,A,,4168.0,A,
168,'598,Papua New Guinea,656,'01610,"Coffee, green",5610,Import quantity,t,0.0,A,,0.0,A,,0.0,A,,0.0,A,,0.0,A,,0.0,A,,0.0,A,,0.0,A,,0.0,A,,0.0,A,,0.0,A,,0.0,A,,0.0,A,,0.0,A,,0.0,A,,0.0,A,,0.0,A,,0.0,A,,0.0,A,,50.0,I,,18.0,A,,1.0,A,,12.0,A,,2.0,A,,12.0,A,,3.0,A,,43.0,A,,70.0,X,Estimated data using trading partners database,6.0,A,,1.0,A,,0.0,I,,0.0,A,,0.0,A,,7.0,X,Estimated data using trading partners database,4.0,X,Estimated data using trading partners database,0.0,E,,3.0,X,Estimated data using trading partners database,0.0,X,Estimated data using trading partners database,0.0,X,Estimated data using trading partners database,0.28,A,,2.0,A,,25.0,X,Estimated data using trading partners database,1.0,X,Estimated data using trading partners database,137.0,X,Estimated data using trading partners database,0.0,X,Estimated data using trading partners database,19.0,X,Estimated data using trading partners database,0.0,X,Estimated data using trading partners database,85.0,X,Estimated data using trading partners database,0.0,X,Estimated data using trading partners database,68.0,X,Estimated data using trading partners database,27.0,X,Estimated data using trading partners database,26.0,X,Estimated data using trading partners database,48.0,X,Estimated data using trading partners database,26.87,X,Estimated data using trading partners database,93.06,X,Estimated data using trading partners database,47.43,X,Estimated data using trading partners database,204.25,X,Estimated data using trading partners database,42.81,X,Estimated data using trading partners database,177.58,X,Estimated data using trading partners database,10.84,I,,4.16,A,,4.94,A,,163.7,A,,5.15,X,Estimated data using trading partners database
168,'598,Papua New Guinea,656,'01610,"Coffee, green",5622,Import value,1000 USD,0.0,A,,0.0,A,,0.0,A,,0.0,A,,0.0,A,,0.0,A,,0.0,A,,0.0,A,,0.0,A,,0.0,A,,0.0,A,,0.0,A,,0.0,A,,0.0,A,,0.0,A,,0.0,A,,0.0,A,,0.0,A,,0.0,A,,50.0,A,,23.0,A,,13.0,A,,72.0,A,,13.0,A,,41.0,A,,7.0,A,,111.0,A,,243.0,A,,35.0,A,,11.0,A,,0.0,I,,0.0,A,,0.0,A,,38.0,X,Estimated data using trading partners database,37.0,X,Estimated data using trading partners database,0.0,E,,26.0,X,Estimated data using trading partners database,0.0,X,Estimated data using trading partners database,0.0,X,Estimated data using trading partners database,2.0,A,,11.0,A,,75.0,X,Estimated data using trading partners database,5.0,X,Estimated data using trading partners database,196.0,X,Estimated data using trading partners database,0.0,X,Estimated data using trading partners database,50.0,X,Estimated data using trading partners database,0.0,X,Estimated data using trading partners database,309.0,X,Estimated data using trading partners database,0.0,X,Estimated data using trading partners database,237.0,X,Estimated data using trading partners database,150.0,X,Estimated data using trading partners database,168.0,X,Estimated data using trading partners database,304.0,X,Estimated data using trading partners database,220.0,X,Estimated data using trading partners database,341.0,X,Estimated data using trading partners database,541.0,X,Estimated data using trading partners database,894.0,X,Estimated data using trading partners database,602.0,X,Estimated data using trading partners database,957.0,X,Estimated data using trading partners database,83.0,A,,17.0,A,,16.0,A,,841.0,A,,88.0,X,Estimated data using trading partners database
168,'598,Papua New Guinea,656,'01610,"Coffee, green",5910,Export quantity,t,2331.0,A,,3499.0,A,,4923.0,A,,6942.0,A,,8826.0,A,,10978.0,A,,13118.0,A,,18560.0,A,,20189.0,A,,25783.0,A,,23934.0,A,,28188.0,A,,31158.0,A,,32713.0,A,,36769.0,A,,37182.0,A,,49797.0,A,,46125.0,A,,49585.0,A,,51007.0,A,,47057.0,A,,41105.0,A,,52518.0,A,,50771.0,A,,40606.0,A,,53226.0,A,,64796.0,A,,44704.0,A,,79325.0,A,,63416.0,A,,44892.0,A,,53000.0,A,,62800.0,A,,64700.0,A,,55100.0,A,,62300.0,A,,59200.0,A,,83500.0,A,,79200.0,A,,66600.0,A,,51600.0,A,,63100.0,A,,68800.0,A,,63000.0,A,,72100.0,A,,52300.0,A,,54600.0,A,,58000.0,I,,57000.0,I,,58810.0,X,Estimated data using trading partners database,63776.0,X,Estimated data using trading partners database,64897.0,X,Estimated data using trading partners database,47235.0,X,Estimated data using trading partners database,49419.45,X,Estimated data using trading partners database,41849.48,X,Estimated data using trading partners database,54842.89,X,Estimated data using trading partners database,55356.52,X,Estimated data using trading partners database,50317.06,X,Estimated data using trading partners database,50859.81,X,Estimated data using trading partners database,35006.68,A,,40742.07,A,,43880.69,A,,58992.57,A,,57304.07,X,Estimated data using trading partners database
168,'598,Papua New Guinea,656,'01610,"Coffee, green",5922,Export value,1000 USD,2477.0,A,,3475.0,A,,4512.0,A,,6010.0,A,,8171.0,A,,9841.0,A,,11434.0,A,,16038.0,A,,17395.0,A,,22604.0,A,,23493.0,A,,24033.0,A,,30414.0,A,,42549.0,A,,45935.0,A,,53246.0,A,,167365.0,A,,151437.0,A,,175629.0,A,,177015.0,A,,110362.0,A,,105470.0,A,,113496.0,A,,126688.0,A,,117109.0,A,,209610.0,A,,148044.0,A,,130785.0,A,,163476.0,A,,108378.0,A,,80012.0,A,,70514.0,A,,94290.0,A,,203776.0,A,,168170.0,A,,144438.0,A,,227152.0,A,,230101.0,A,,164275.0,A,,106626.0,A,,55715.0,A,,71183.0,A,,84012.0,A,,88089.0,A,,151860.0,A,,110266.0,A,,137835.0,A,,160000.0,I,,160000.0,I,,189569.0,X,Estimated data using trading partners database,317745.0,X,Estimated data using trading partners database,262012.0,X,Estimated data using trading partners database,137904.0,X,Estimated data using trading partners database,171433.0,X,Estimated data using trading partners database,141274.0,X,Estimated data using trading partners database,171157.0,X,Estimated data using trading partners database,167203.0,X,Estimated data using trading partners database,145314.0,X,Estimated data using trading partners database,135810.0,X,Estimated data using trading partners database,100384.0,A,,152707.0,A,,207343.0,A,,227280.0,A,,241043.0,X,Estimated data using trading partners database
169,'600,Paraguay,656,'01610,"Coffee, green",5610,Import quantity,t,0.0,A,,0.0,A,,0.0,A,,0.0,A,,0.0,A,,0.0,A,,0.0,A,,0.0,A,,0.0,A,,0.0,A,,0.0,A,,0.0,A,,0.0,A,,0.0,A,,0.0,A,,0.0,A,,0.0,A,,0.0,A,,0.0,A,,0.0,A,,0.0,A,,0.0,A,,0.0,A,,0.0,A,,0.0,A,,0.0,A,,6.0,A,,0.0,A,,0.0,A,,0.0,A,,0.0,A,,151.0,A,,336.0,A,,327.0,A,,503.0,A,,912.0,A,,906.0,A,,620.0,A,,870.0,X,Estimated data using trading partners database,153.0,A,,437.0,A,,106.0,A,,530.0,X,Estimated data using trading partners database,1604.0,A,,1648.0,A,,1132.0,A,,698.0,A,,621.0,A,,545.0,A,,631.0,A,,455.0,A,,430.0,A,,403.0,A,,616.92,A,,376.08,A,,646.41,A,,865.89,A,,920.99,A,,685.6,A,,865.01,A,,640.37,A,,630.68,A,,644.42,A,,671.97,A,
169,'600,Paraguay,656,'01610,"Coffee, green",5622,Import value,1000 USD,0.0,A,,0.0,A,,0.0,A,,0.0,A,,0.0,A,,0.0,A,,0.0,A,,0.0,A,,0.0,A,,0.0,A,,0.0,A,,0.0,A,,0.0,A,,0.0,A,,0.0,A,,0.0,A,,0.0,A,,0.0,A,,0.0,A,,0.0,A,,0.0,A,,0.0,A,,0.0,A,,0.0,A,,0.0,A,,0.0,A,,13.0,A,,0.0,A,,0.0,A,,0.0,A,,0.0,A,,94.0,A,,412.0,A,,954.0,A,,1600.0,A,,2139.0,A,,2305.0,A,,1497.0,A,,1350.0,I,,193.0,A,,317.0,A,,61.0,A,,482.0,X,Estimated data using trading partners database,1379.0,A,,1654.0,A,,1406.0,A,,1369.0,A,,1465.0,A,,995.0,A,,1311.0,A,,1243.0,A,,1294.0,A,,993.0,A,,1400.0,A,,775.0,A,,1540.0,A,,2410.0,A,,1979.0,A,,1209.0,A,,1370.0,A,,1481.0,A,,2405.0,A,,2054.0,A,,2560.0,A,
169,'600,Paraguay,656,'01610,"Coffee, green",5910,Export quantity,t,1810.0,A,,5266.0,A,,6138.0,A,,4936.0,A,,5227.0,A,,2850.0,A,,2299.0,A,,2762.0,A,,1464.0,A,,1269.0,A,,1436.0,A,,4114.0,A,,2843.0,A,,4025.0,A,,5935.0,A,,3548.0,A,,1661.0,A,,60.0,A,,909.0,A,,329.0,A,,133.0,A,,120.0,A,,0.0,A,,108.0,A,,46.0,A,,0.0,A,,0.0,A,,0.0,A,,33813.0,A,,21784.0,A,,9131.0,A,,1093.0,A,,1376.0,A,,826.0,A,,235.0,A,,271.0,A,,749.0,A,,313.0,A,,93.0,A,,256.0,A,,36.0,A,,0.0,X,Estimated data using trading partners database,122.0,A,,25.0,A,,0.0,X,Estimated data using trading partners database,100.0,A,,31.0,A,,0.0,A,,0.0,A,,0.0,X,Estimated data using trading partners database,0.0,X,Estimated data using trading partners database,0.0,X,Estimated data using trading partners database,0.0,X,Estimated data using trading partners database,0.92,A,,,,,,,,0.08,A,,,,,,,,0.05,A,,0.1,A,,0.12,A,,0.13,A,,0.1,A,
169,'600,Paraguay,656,'01610,"Coffee, green",5922,Export value,1000 USD,970.0,A,,2834.0,A,,3289.0,A,,3170.0,A,,3476.0,A,,1957.0,A,,1405.0,A,,1838.0,A,,928.0,A,,881.0,A,,989.0,A,,3089.0,A,,2661.0,A,,3987.0,A,,8718.0,A,,7770.0,A,,9012.0,A,,213.0,A,,3461.0,A,,1163.0,A,,429.0,A,,307.0,A,,0.0,A,,108.0,A,,88.0,A,,0.0,A,,0.0,A,,0.0,A,,40307.0,A,,20520.0,A,,6171.0,A,,1102.0,A,,1798.0,A,,1767.0,A,,717.0,A,,716.0,A,,1948.0,A,,689.0,A,,93.0,A,,353.0,A,,38.0,A,,0.0,X,Estimated data using trading partners database,98.0,A,,24.0,A,,0.0,X,Estimated data using trading partners database,142.0,A,,59.0,A,,0.0,A,,1.0,A,,0.0,X,Estimated data using trading partners database,0.0,X,Estimated data using trading partners database,0.0,X,Estimated data using trading partners database,0.0,X,Estimated data using trading partners database,2.0,A,,,,,,,,0.0,A,,,,,,,,0.0,A,,1.0,A,,1.0,A,,1.0,A,,1.0,A,
170,'604,Peru,656,'01610,"Coffee, green",5610,Import quantity,t,1764.0,A,,2118.0,A,,1358.0,A,,56.0,A,,123.0,A,,62.0,A,,61.0,A,,0.0,A,,0.0,A,,0.0,A,,0.0,A,,0.0,A,,0.0,A,,0.0,A,,0.0,A,,0.0,A,,0.0,A,,0.0,A,,0.0,A,,,,,,,,,,,,,,,,,,,,,,,,,,,,,,,,,,,,,,,,,,,,,,,,,,,,,,,,76.0,A,,612.0,A,,0.0,A,,18.0,A,,37.0,A,,3.0,X,Estimated data using trading partners database,12.0,A,,1374.0,A,,3.0,A,,14.0,A,,21.0,A,,24.0,A,,77.0,A,,33.0,A,,1015.0,A,,47.0,A,,11.07,A,,34.95,A,,20.53,A,,151.66,A,,16.41,A,,18.15,A,,125.26,A,,216.3,A,,17.0,A,,14.51,A,,13.46,A,
170,'604,Peru,656,'01610,"Coffee, green",5622,Import value,1000 USD,777.0,A,,700.0,A,,377.0,A,,23.0,A,,41.0,A,,31.0,A,,18.0,A,,0.0,A,,0.0,A,,0.0,A,,0.0,A,,0.0,A,,0.0,A,,0.0,A,,0.0,A,,0.0,A,,0.0,A,,0.0,A,,0.0,A,,,,,,,,,,,,,,,,,,,,,,,,,,,,,,,,,,,,,,,,,,,,,,,,,,,,,,,,203.0,A,,471.0,A,,0.0,A,,22.0,A,,40.0,A,,8.0,A,,29.0,A,,1523.0,A,,15.0,A,,36.0,A,,79.0,A,,54.0,A,,208.0,A,,131.0,A,,2179.0,A,,183.0,A,,60.0,A,,147.0,A,,226.0,A,,276.0,A,,102.0,A,,102.0,A,,278.0,A,,411.0,A,,116.0,A,,96.0,A,,99.0,A,
170,'604,Peru,656,'01610,"Coffee, green",5910,Export quantity,t,34008.0,A,,37437.0,A,,40073.0,A,,42258.0,A,,34572.0,A,,35415.0,A,,41567.0,A,,52450.0,A,,42867.0,A,,45572.0,A,,42299.0,A,,53279.0,A,,60796.0,A,,27025.0,A,,42170.0,A,,47089.0,A,,43752.0,A,,53248.0,A,,68284.0,A,,44228.0,A,,45229.0,A,,43314.0,A,,55410.0,A,,54741.0,A,,59392.0,A,,74711.0,A,,69867.0,A,,49496.0,A,,85910.0,A,,68450.0,A,,72141.0,A,,69087.0,A,,46500.0,A,,63421.0,A,,105628.0,A,,100970.0,A,,98853.0,A,,115295.0,A,,144306.0,A,,142908.6,A,,159725.0,A,,167565.0,A,,150354.0,A,,191124.0,A,,142151.0,A,,237537.0,A,,173615.0,A,,224648.0,A,,197472.0,A,,229654.0,A,,293638.0,A,,265468.0,A,,237379.0,A,,181983.66,A,,175200.81,A,,239343.01,A,,245734.99,A,,261255.65,A,,232039.33,A,,213235.51,A,,191623.87,A,,236946.24,A,,204548.44,A,,238264.09,A,
170,'604,Peru,656,'01610,"Coffee, green",5922,Export value,1000 USD,22770.0,A,,24182.0,A,,25563.0,A,,36978.0,A,,29020.0,A,,28532.0,A,,29785.0,A,,35754.0,A,,30130.0,A,,44706.0,A,,35440.0,A,,46811.0,A,,64274.0,A,,34844.0,A,,49292.0,A,,106128.0,A,,189242.0,A,,168778.0,A,,238193.0,A,,143300.0,X,Estimated data using trading partners database,102580.0,X,Estimated data using trading partners database,111880.0,X,Estimated data using trading partners database,115200.0,X,Estimated data using trading partners database,133070.0,X,Estimated data using trading partners database,143670.0,X,Estimated data using trading partners database,272400.0,X,Estimated data using trading partners database,140850.0,X,Estimated data using trading partners database,120770.0,X,Estimated data using trading partners database,156960.0,X,Estimated data using trading partners database,98160.0,X,Estimated data using trading partners database,107780.0,X,Estimated data using trading partners database,70540.0,X,Estimated data using trading partners database,57010.0,X,Estimated data using trading partners database,191530.0,X,Estimated data using trading partners database,278430.0,X,Estimated data using trading partners database,224560.0,X,Estimated data using trading partners database,401340.0,X,Estimated data using trading partners database,281631.0,A,,265111.0,A,,223832.0,A,,180140.0,A,,187913.0,A,,181040.0,A,,289903.0,A,,306075.0,A,,513842.0,A,,426890.0,A,,643800.0,A,,583789.0,A,,887475.0,A,,1580372.0,A,,1019987.0,A,,695334.0,A,,732486.0,A,,580314.0,A,,756376.0,A,,708822.0,A,,681581.0,A,,635156.0,A,,639931.0,A,,756813.0,A,,1187124.0,A,,827532.0,A,,1100423.0,A,
171,'608,Philippines,656,'01610,"Coffee, green",5610,Import quantity,t,910.0,A,,750.0,A,,429.0,A,,210.0,A,,608.0,A,,0.0,A,,0.0,A,,0.0,A,,0.0,A,,0.0,A,,0.0,A,,0.0,A,,651.0,A,,2076.0,A,,0.0,A,,0.0,A,,0.0,A,,0.0,A,,0.0,A,,0.0,A,,0.0,A,,0.0,A,,0.0,A,,0.0,A,,0.0,A,,0.0,A,,0.0,A,,0.0,A,,0.0,A,,0.0,A,,1.0,A,,0.0,X,Estimated data using trading partners database,0.0,A,,0.0,E,,0.0,X,Estimated data using trading partners database,0.0,E,,2891.0,A,,12744.0,A,,5269.0,A,,13926.42,A,,9777.0,A,,24029.0,A,,2159.0,X,Estimated data using trading partners database,9842.0,A,,25222.0,A,,9630.0,A,,22284.0,A,,18170.0,A,,30971.0,A,,25849.0,A,,23508.0,A,,30118.0,A,,25161.0,A,,7966.19,A,,15273.39,A,,43610.27,A,,23027.3,A,,40668.56,A,,35212.11,A,,45215.96,I,,37978.34,A,,44797.29,I,,51380.7,I,,50942.6,A,
171,'608,Philippines,656,'01610,"Coffee, green",5622,Import value,1000 USD,510.0,A,,430.0,A,,233.0,A,,230.0,A,,554.0,A,,0.0,A,,0.0,A,,0.0,A,,0.0,A,,0.0,A,,0.0,A,,0.0,A,,693.0,A,,2384.0,A,,0.0,A,,0.0,A,,0.0,A,,0.0,A,,0.0,A,,0.0,A,,0.0,A,,0.0,A,,0.0,A,,0.0,A,,0.0,A,,0.0,A,,0.0,A,,0.0,A,,0.0,A,,0.0,A,,7.0,A,,0.0,X,Estimated data using trading partners database,0.0,A,,0.0,E,,0.0,X,Estimated data using trading partners database,0.0,E,,4385.0,A,,19614.0,A,,7758.0,A,,12057.0,A,,7190.0,A,,15319.0,A,,1543.0,X,Estimated data using trading partners database,9453.0,A,,28421.0,A,,12821.0,A,,39442.0,A,,40970.0,A,,46493.0,A,,40893.0,A,,55076.0,A,,67699.0,A,,54036.0,A,,15806.0,A,,28150.0,A,,77450.0,A,,50765.0,A,,82388.0,A,,61599.0,A,,73807.0,A,,66639.0,A,,111886.0,A,,126352.0,A,,201661.0,A,
171,'608,Philippines,656,'01610,"Coffee, green",5910,Export quantity,t,0.0,A,,90.0,A,,0.0,A,,0.0,A,,0.0,A,,0.0,A,,0.0,A,,0.0,A,,0.0,A,,143.0,A,,3594.0,A,,144.0,A,,643.0,A,,6.0,A,,2309.0,A,,12978.0,A,,11209.0,A,,13286.0,A,,15925.0,A,,15802.0,A,,20522.0,A,,24588.0,A,,21546.0,A,,32881.0,A,,30653.0,A,,42553.0,A,,16421.0,A,,26235.0,A,,24974.0,A,,9121.0,A,,4637.0,A,,1394.0,A,,732.0,A,,4096.0,A,,2422.0,A,,502.0,A,,543.0,A,,729.0,A,,214.0,A,,295.43,A,,163.0,A,,41.0,A,,172.0,A,,163.0,A,,56.0,A,,136.0,A,,16.0,A,,18.0,A,,0.0,A,,20.0,A,,7.0,X,Estimated data using trading partners database,45.0,A,,99.0,A,,0.81,A,,1.17,A,,6.06,A,,0.36,A,,16.49,A,,15.98,A,,19.75,I,,24.4,A,,19.58,I,,33.93,I,,51.9,A,
171,'608,Philippines,656,'01610,"Coffee, green",5922,Export value,1000 USD,0.0,A,,40.0,A,,0.0,A,,0.0,A,,0.0,A,,0.0,A,,0.0,A,,0.0,A,,0.0,A,,89.0,A,,2162.0,A,,102.0,A,,456.0,A,,7.0,A,,2582.0,A,,24675.0,A,,44618.0,A,,33527.0,A,,43780.0,A,,44576.0,A,,39376.0,A,,49429.0,A,,46687.0,A,,76154.0,A,,69542.0,A,,118756.0,A,,32117.0,A,,48307.0,A,,41987.0,A,,8007.0,A,,4699.0,A,,1427.0,A,,883.0,A,,8462.0,A,,7142.0,A,,1288.0,A,,1222.0,A,,1454.0,A,,462.0,A,,430.0,A,,144.0,A,,59.0,A,,235.0,A,,223.0,A,,106.0,A,,169.0,A,,58.0,A,,40.0,A,,0.0,A,,36.0,A,,26.0,A,,131.0,A,,131.0,A,,4.0,A,,7.0,A,,36.0,A,,3.0,A,,110.0,A,,140.0,A,,213.0,A,,265.0,A,,295.0,A,,483.0,A,,403.0,A,
173,'616,Poland,656,'01610,"Coffee, green",5610,Import quantity,t,4190.0,A,,7190.0,A,,8900.0,A,,10950.0,A,,15380.0,A,,19543.0,A,,20128.0,A,,27845.0,A,,30300.0,A,,34478.0,A,,30014.0,A,,30937.0,A,,29510.0,A,,26288.0,A,,30753.0,A,,31750.0,A,,26643.0,A,,35299.0,A,,33343.0,A,,37007.0,A,,27642.0,A,,18970.0,A,,17322.0,A,,34403.0,A,,35657.0,A,,25813.0,A,,28387.0,A,,33440.0,A,,43624.0,A,,20993.0,A,,11601.0,A,,62318.0,A,,64539.0,A,,85259.0,A,,90647.0,A,,97056.0,A,,107452.0,A,,109331.0,A,,111317.0,A,,116755.99,A,,117796.0,A,,103514.0,A,,102148.0,A,,104641.0,A,,101145.0,A,,77818.0,A,,61724.0,A,,59850.0,A,,97170.0,A,,100929.0,A,,107240.0,A,,108484.0,A,,86971.0,A,,78722.96,A,,104253.97,A,,103553.72,A,,117069.62,A,,123005.26,A,,123427.75,A,,128712.87,A,,128876.52,A,,120336.03,A,,122697.19,A,,123936.04,A,
173,'616,Poland,656,'01610,"Coffee, green",5622,Import value,1000 USD,3270.0,A,,5570.0,A,,6460.0,A,,9510.0,A,,11760.0,A,,14429.0,A,,14208.0,A,,20319.0,A,,20272.0,A,,23854.0,A,,20568.0,A,,22694.0,A,,28597.0,A,,33203.0,A,,35734.0,A,,74575.0,A,,113352.0,A,,123518.0,A,,99799.0,A,,127113.0,A,,54427.0,A,,30259.0,A,,20202.0,A,,47029.0,A,,64533.0,A,,86912.0,A,,69412.0,A,,74473.0,A,,95860.0,A,,24099.0,A,,11768.0,A,,56496.0,A,,73754.0,A,,185969.0,A,,282473.0,A,,213011.0,A,,232998.0,A,,215118.0,A,,181518.0,A,,134364.0,A,,81592.0,A,,65114.0,A,,86459.0,A,,96308.0,A,,128151.0,A,,122610.0,A,,119952.0,A,,154336.0,A,,201781.0,A,,230738.0,A,,350351.0,A,,319428.0,A,,220549.0,A,,201050.0,A,,254239.0,A,,229378.0,A,,303110.0,A,,288513.0,A,,249779.0,A,,292511.0,A,,311511.0,A,,410855.0,A,,425456.0,A,,525513.0,A,
173,'616,Poland,656,'01610,"Coffee, green",5910,Export quantity,t,0.0,A,,0.0,A,,0.0,A,,0.0,A,,0.0,A,,0.0,A,,0.0,A,,0.0,A,,0.0,A,,0.0,A,,0.0,A,,0.0,A,,0.0,A,,0.0,A,,0.0,A,,0.0,A,,0.0,A,,0.0,A,,0.0,A,,0.0,A,,0.0,A,,0.0,A,,0.0,A,,0.0,A,,0.0,A,,0.0,A,,0.0,A,,0.0,A,,0.0,A,,0.0,A,,0.0,A,,4460.0,A,,1477.0,A,,272.0,A,,202.0,A,,4389.0,A,,4421.0,A,,5837.0,A,,3033.0,A,,6607.32,A,,2750.0,A,,1789.0,A,,879.0,A,,347.0,A,,1913.0,A,,1868.0,A,,1276.0,A,,1088.0,A,,1976.0,A,,2179.0,A,,1143.0,A,,2390.0,A,,2548.0,A,,2337.64,A,,3720.58,A,,3157.82,A,,2052.9,A,,2274.5,A,,1696.07,A,,2128.7,A,,1419.19,A,,2647.04,A,,4143.71,A,,3032.33,A,
173,'616,Poland,656,'01610,"Coffee, green",5922,Export value,1000 USD,0.0,A,,0.0,A,,0.0,A,,0.0,A,,0.0,A,,0.0,A,,0.0,A,,0.0,A,,0.0,A,,0.0,A,,0.0,A,,0.0,A,,0.0,A,,0.0,A,,0.0,A,,0.0,A,,0.0,A,,0.0,A,,0.0,A,,0.0,A,,0.0,A,,0.0,A,,0.0,A,,0.0,A,,0.0,A,,0.0,A,,0.0,A,,0.0,A,,0.0,A,,0.0,A,,0.0,A,,4463.0,A,,1767.0,A,,592.0,A,,702.0,A,,11853.0,A,,16824.0,A,,15293.0,A,,5234.0,A,,10769.0,A,,2863.0,A,,1010.0,A,,867.0,A,,673.0,A,,1909.0,A,,4244.0,A,,3595.0,A,,10533.0,A,,9861.0,A,,9255.0,A,,6406.0,A,,9796.0,A,,9153.0,A,,9106.0,A,,14751.0,A,,12475.0,A,,7276.0,A,,7988.0,A,,6179.0,A,,14156.0,A,,7348.0,A,,12623.0,A,,19253.0,A,,17970.0,A,
174,'620,Portugal,656,'01610,"Coffee, green",5610,Import quantity,t,12591.0,A,,12225.0,A,,13301.0,A,,10760.0,A,,12921.0,A,,13248.0,A,,14790.0,A,,16380.0,A,,17517.0,A,,16665.0,A,,19418.0,A,,20959.0,A,,20002.0,A,,18826.0,A,,15190.0,A,,19587.0,A,,12345.0,A,,10530.0,A,,13475.0,A,,11764.0,A,,14255.0,A,,19401.0,A,,17804.0,A,,19439.0,A,,22676.0,A,,21317.0,A,,25354.0,A,,24461.0,A,,27115.0,A,,31034.0,A,,30465.0,A,,32325.0,A,,35687.0,A,,35537.0,A,,32852.0,A,,39490.0,A,,37039.0,A,,38733.0,A,,41915.0,A,,41955.0,A,,43419.0,A,,42842.0,A,,43015.0,A,,43257.0,A,,41585.0,A,,43025.0,A,,44924.0,A,,43313.0,A,,44026.0,A,,45597.0,A,,49340.0,X,Estimated data using trading partners database,51046.0,A,,52298.0,A,,48676.19,A,,48671.62,A,,53628.42,A,,52072.59,A,,55347.06,A,,57192.69,A,,45036.36,A,,45323.34,A,,50282.28,A,,51028.86,A,,57496.41,A,
174,'620,Portugal,656,'01610,"Coffee, green",5622,Import value,1000 USD,5452.0,A,,5017.0,A,,6357.0,A,,7030.0,A,,7154.0,A,,8154.0,A,,8479.0,A,,9115.0,A,,9688.0,A,,9022.0,A,,10512.0,A,,11486.0,A,,13971.0,A,,17521.0,A,,15551.0,A,,29879.0,A,,53768.0,A,,30317.0,A,,42285.0,A,,41858.0,A,,35351.0,A,,46684.0,A,,43335.0,A,,48913.0,A,,55602.0,A,,74425.0,A,,67063.0,A,,60551.0,A,,64490.0,A,,48482.0,A,,46596.0,A,,46220.0,A,,52112.0,A,,82922.0,A,,120006.0,A,,107662.0,A,,109592.0,A,,106722.0,A,,90305.0,A,,81856.0,A,,58759.0,A,,42690.0,A,,50965.0,A,,56645.0,A,,68072.0,A,,81181.0,A,,99010.0,A,,116634.0,A,,105425.0,A,,110950.0,A,,166868.0,A,,160131.0,A,,143477.0,A,,132027.0,A,,129740.0,A,,134613.0,A,,145553.0,A,,140651.0,A,,128696.0,A,,102052.0,A,,108497.0,A,,159992.0,A,,176428.0,A,,226773.0,A,
174,'620,Portugal,656,'01610,"Coffee, green",5910,Export quantity,t,0.0,A,,1.0,A,,17.0,A,,4.0,A,,6.0,A,,14.0,A,,2.0,A,,107.0,A,,34.0,A,,41.0,A,,45.0,A,,93.0,A,,93.0,A,,77.0,A,,31.0,A,,2.0,A,,5.0,A,,178.0,A,,2.0,A,,3.0,A,,11.0,A,,3.0,A,,1.0,A,,0.0,A,,0.0,A,,2.0,A,,2.0,A,,31.0,A,,1.0,A,,115.0,A,,96.0,A,,279.0,A,,19.0,A,,2.0,A,,5.0,A,,11.0,A,,83.0,A,,218.0,A,,197.0,A,,229.0,A,,79.0,A,,62.0,A,,148.0,A,,134.0,A,,179.0,A,,42.0,A,,115.0,A,,93.0,X,Estimated data using trading partners database,127.0,X,Estimated data using trading partners database,157.0,A,,818.0,X,Estimated data using trading partners database,867.0,A,,702.0,A,,1328.83,A,,707.26,A,,1550.19,A,,1730.17,A,,1770.86,A,,1635.47,A,,1239.34,A,,1524.87,A,,1954.29,A,,1926.44,A,,1618.81,A,
174,'620,Portugal,656,'01610,"Coffee, green",5922,Export value,1000 USD,0.0,A,,0.0,A,,8.0,A,,3.0,A,,5.0,A,,11.0,A,,3.0,A,,70.0,A,,23.0,A,,34.0,A,,35.0,A,,71.0,A,,86.0,A,,108.0,A,,57.0,A,,2.0,A,,9.0,A,,743.0,A,,13.0,A,,34.0,A,,96.0,A,,12.0,A,,6.0,A,,0.0,A,,0.0,A,,8.0,A,,14.0,A,,109.0,A,,3.0,A,,169.0,A,,286.0,A,,543.0,A,,35.0,A,,27.0,A,,50.0,A,,105.0,A,,353.0,A,,870.0,A,,475.0,A,,465.0,A,,161.0,A,,118.0,A,,250.0,A,,236.0,A,,480.0,A,,257.0,A,,804.0,A,,598.0,A,,586.0,A,,793.0,A,,3278.0,A,,4264.0,A,,3547.0,A,,6104.0,A,,3004.0,A,,7752.0,A,,7867.0,A,,6281.0,A,,5418.0,A,,3874.0,A,,4633.0,A,,7379.0,A,,6685.0,A,,6643.0,A,
179,'634,Qatar,656,'01610,"Coffee, green",5610,Import quantity,t,100.0,I,,120.0,I,,140.0,I,,160.0,I,,180.0,I,,190.0,I,,190.0,I,,200.0,I,,199.0,A,,231.0,A,,438.0,A,,324.0,A,,338.0,A,,498.0,A,,389.0,A,,128.0,A,,700.0,X,Estimated data using trading partners database,376.0,A,,624.0,A,,285.0,A,,289.0,A,,378.0,A,,105.0,A,,177.0,A,,211.0,A,,272.0,A,,327.0,A,,336.0,A,,213.0,A,,220.0,A,,294.0,A,,334.0,A,,116.0,A,,117.0,A,,376.0,A,,50.0,X,Estimated data using trading partners database,110.0,X,Estimated data using trading partners database,270.0,X,Estimated data using trading partners database,0.0,X,Estimated data using trading partners database,124.0,A,,350.0,A,,240.0,A,,273.0,A,,223.0,A,,367.0,A,,389.0,A,,341.0,A,,403.0,A,,244.0,X,Estimated data using trading partners database,444.0,X,Estimated data using trading partners database,580.0,I,,717.0,I,,853.0,A,,821.63,A,,997.08,A,,988.85,A,,1216.84,A,,1276.54,A,,1375.23,A,,1169.03,A,,1396.48,A,,1375.98,A,,1283.54,I,,803.6,X,Estimated data using trading partners database
179,'634,Qatar,656,'01610,"Coffee, green",5622,Import value,1000 USD,58.0,I,,70.0,I,,83.0,I,,95.0,I,,108.0,I,,114.0,I,,114.0,I,,120.0,I,,151.0,A,,254.0,A,,365.0,A,,276.0,A,,410.0,A,,776.0,A,,573.0,A,,481.0,A,,2761.0,X,Estimated data using trading partners database,1949.0,A,,2595.0,A,,1326.0,A,,1689.0,A,,1439.0,A,,173.0,A,,371.0,A,,446.0,A,,992.0,A,,1004.0,A,,861.0,A,,424.0,A,,664.0,A,,576.0,A,,538.0,A,,213.0,A,,422.0,A,,1103.0,A,,150.0,X,Estimated data using trading partners database,380.0,X,Estimated data using trading partners database,1000.0,X,Estimated data using trading partners database,0.0,X,Estimated data using trading partners database,189.0,A,,448.0,A,,338.0,A,,445.0,A,,415.0,A,,896.0,A,,1101.0,A,,1224.0,A,,1501.0,A,,1836.0,X,Estimated data using trading partners database,1952.0,A,,2530.0,I,,3107.0,I,,3685.0,A,,2945.0,A,,3623.0,A,,3339.0,A,,4283.0,A,,4922.0,A,,6393.0,A,,4804.0,A,,6891.0,A,,8223.0,A,,7553.0,A,,5115.0,X,Estimated data using trading partners database
179,'634,Qatar,656,'01610,"Coffee, green",5910,Export quantity,t,0.0,A,,0.0,A,,0.0,A,,0.0,A,,0.0,A,,0.0,A,,0.0,A,,0.0,A,,0.0,A,,0.0,A,,0.0,A,,0.0,A,,17.0,I,,25.0,I,,10.0,I,,0.0,A,,0.0,A,,0.0,A,,0.0,A,,0.0,A,,0.0,A,,0.0,A,,0.0,A,,0.0,A,,0.0,A,,0.0,A,,0.0,A,,0.0,A,,0.0,A,,0.0,A,,0.0,A,,0.0,A,,0.0,A,,0.0,E,,1.0,A,,10.0,X,Estimated data using trading partners database,20.0,X,Estimated data using trading partners database,40.0,X,Estimated data using trading partners database,0.0,X,Estimated data using trading partners database,13.0,A,,0.0,A,,0.0,E,,0.0,A,,4.0,A,,1.0,A,,1.0,A,,0.0,A,,1.0,A,,8.0,A,,0.0,X,Estimated data using trading partners database,10.0,X,Estimated data using trading partners database,62.0,X,Estimated data using trading partners database,62.0,E,,,,,3.45,A,,,,,,,,,,,,,,,,,,,,,,,,,,0.22,X,Estimated data using trading partners database
179,'634,Qatar,656,'01610,"Coffee, green",5922,Export value,1000 USD,0.0,A,,0.0,A,,0.0,A,,0.0,A,,0.0,A,,0.0,A,,0.0,A,,0.0,A,,0.0,A,,0.0,A,,0.0,A,,0.0,A,,19.0,A,,32.0,A,,12.0,A,,0.0,A,,0.0,A,,0.0,A,,0.0,A,,0.0,A,,0.0,A,,0.0,A,,0.0,A,,0.0,A,,0.0,A,,0.0,A,,0.0,A,,0.0,A,,0.0,A,,0.0,A,,0.0,A,,0.0,A,,0.0,A,,0.0,E,,3.0,A,,20.0,X,Estimated data using trading partners database,40.0,X,Estimated data using trading partners database,50.0,X,Estimated data using trading partners database,0.0,X,Estimated data using trading partners database,9.0,A,,0.0,A,,0.0,E,,5.0,A,,5.0,A,,3.0,A,,7.0,A,,1.0,A,,5.0,A,,54.0,A,,0.0,X,Estimated data using trading partners database,59.0,X,Estimated data using trading partners database,331.0,X,Estimated data using trading partners database,331.0,E,,,,,16.0,A,,,,,,,,,,,,,,,,,,,,,,,,,,10.0,X,Estimated data using trading partners database
117,'410,Republic of Korea,656,'01610,"Coffee, green",5610,Import quantity,t,0.0,A,,0.0,A,,0.0,A,,25.0,A,,82.0,A,,74.0,A,,0.0,A,,27.0,A,,473.0,A,,395.0,A,,1048.0,A,,2016.0,A,,2278.0,A,,1876.0,A,,2560.0,A,,2149.0,A,,2326.0,A,,3641.0,A,,5733.0,A,,6619.0,A,,9085.0,A,,10880.0,A,,11638.0,A,,16131.0,A,,22497.0,A,,23458.0,A,,27637.0,A,,34911.0,A,,43100.0,A,,51404.0,A,,49357.0,A,,56263.0,A,,61899.0,A,,68447.0,A,,63253.0,A,,57385.0,A,,67655.0,A,,63122.0,A,,66588.0,A,,75569.37,A,,49497.0,X,Estimated data using trading partners database,79374.0,A,,74419.0,A,,81570.0,A,,83327.0,A,,84930.0,A,,84542.0,A,,97820.0,A,,96928.0,A,,107152.0,A,,116396.0,A,,100228.0,A,,107113.0,A,,126030.48,I,,129566.87,A,,142860.38,A,,147501.04,A,,145051.1,A,,152012.92,A,,159748.16,A,,165059.74,A,,181641.03,A,,166474.7,A,,174873.79,A,
117,'410,Republic of Korea,656,'01610,"Coffee, green",5622,Import value,1000 USD,0.0,A,,0.0,A,,0.0,A,,44.0,A,,131.0,A,,78.0,A,,0.0,A,,50.0,A,,258.0,A,,487.0,A,,1100.0,A,,1921.0,A,,2643.0,A,,2794.0,A,,3916.0,A,,5536.0,A,,11279.0,A,,13575.0,A,,19440.0,A,,25203.0,A,,22517.0,A,,22408.0,A,,19616.0,A,,24896.0,A,,40156.0,A,,78873.0,A,,62915.0,A,,67369.0,A,,71383.0,A,,72186.0,A,,77451.0,A,,71797.0,A,,80414.0,A,,158356.0,A,,222271.0,A,,136825.0,A,,199084.0,A,,155382.0,A,,122194.0,A,,107677.0,A,,65983.0,A,,63634.0,A,,71455.0,A,,86347.0,A,,129084.0,A,,146718.0,A,,177821.0,A,,252052.0,A,,234035.0,A,,316070.0,A,,475280.0,A,,385131.0,A,,317742.0,A,,429111.0,A,,439565.0,A,,426251.0,A,,491776.0,A,,447571.0,A,,434933.0,A,,467795.0,A,,563648.0,A,,917808.0,A,,744829.0,A,,856713.0,A,
117,'410,Republic of Korea,656,'01610,"Coffee, green",5910,Export quantity,t,0.0,A,,0.0,A,,0.0,A,,0.0,A,,0.0,A,,0.0,A,,0.0,A,,0.0,A,,0.0,A,,0.0,A,,0.0,A,,0.0,A,,0.0,A,,8.0,A,,0.0,A,,0.0,A,,0.0,A,,0.0,A,,62.0,A,,0.0,A,,110.0,A,,96.0,A,,31.0,A,,46.0,A,,4.0,A,,1.0,X,Estimated data using trading partners database,1.0,A,,0.0,A,,166.0,A,,13.0,A,,0.0,A,,2.0,A,,2.0,A,,0.0,X,Estimated data using trading partners database,0.0,X,Estimated data using trading partners database,3.0,A,,24.0,A,,3.0,A,,1.0,A,,6.64,A,,9.0,A,,38.0,A,,121.0,A,,22.0,X,Estimated data using trading partners database,7.0,A,,9.0,A,,18.0,A,,1.0,X,Estimated data using trading partners database,538.0,A,,3646.0,A,,6991.0,A,,2098.0,A,,894.0,A,,143.43,A,,163.18,A,,155.07,A,,215.01,A,,78.84,A,,142.17,A,,158.44,A,,283.41,I,,202.96,A,,313.7,A,,350.25,A,
117,'410,Republic of Korea,656,'01610,"Coffee, green",5922,Export value,1000 USD,0.0,A,,0.0,A,,0.0,A,,0.0,A,,0.0,A,,0.0,A,,0.0,A,,0.0,A,,0.0,A,,0.0,A,,0.0,A,,0.0,A,,0.0,A,,4.0,A,,0.0,A,,0.0,A,,0.0,A,,0.0,A,,236.0,A,,0.0,A,,172.0,A,,127.0,A,,133.0,A,,190.0,A,,38.0,A,,8.0,A,,7.0,A,,2.0,A,,324.0,A,,44.0,A,,0.0,A,,22.0,A,,4.0,A,,4.0,A,,0.0,X,Estimated data using trading partners database,28.0,A,,74.0,A,,29.0,A,,3.0,A,,32.0,A,,39.0,A,,44.0,A,,319.0,A,,76.0,A,,14.0,A,,32.0,A,,65.0,A,,2.0,A,,1392.0,A,,11155.0,A,,26232.0,A,,11491.0,A,,4215.0,A,,715.0,A,,878.0,A,,819.0,A,,871.0,A,,324.0,A,,745.0,A,,695.0,A,,1250.0,A,,1422.0,A,,2061.0,A,,2306.0,A,
146,'498,Republic of Moldova,656,'01610,"Coffee, green",5610,Import quantity,t,,,,,,,,,,,,,,,,,,,,,,,,,,,,,,,,,,,,,,,,,,,,,,,,,,,,,,,,,,,,,,,,,,,,,,,,,,,,,,,,,,,,,,,,,,,,,,12.0,I,,,,,0.0,A,,1.0,A,,1.0,A,,0.0,A,,,,,8.0,A,,1.0,A,,0.0,A,,5.0,A,,32.0,A,,0.0,X,Estimated data using trading partners database,7.0,A,,3.0,A,,4.0,A,,10.0,A,,8.0,A,,4.0,A,,8.0,A,,9.0,A,,15.0,A,,9.15,A,,37.94,A,,15.52,A,,11.87,A,,21.04,A,,24.54,A,,52.72,A,,77.16,A,,64.37,A,,71.43,A,,83.91,A,
146,'498,Republic of Moldova,656,'01610,"Coffee, green",5622,Import value,1000 USD,,,,,,,,,,,,,,,,,,,,,,,,,,,,,,,,,,,,,,,,,,,,,,,,,,,,,,,,,,,,,,,,,,,,,,,,,,,,,,,,,,,,,,,,,,,,,,,,,,,,0.0,A,,9.0,A,,1.0,A,,0.0,A,,,,,31.0,A,,3.0,A,,0.0,A,,6.0,A,,33.0,A,,0.0,X,Estimated data using trading partners database,3.0,A,,24.0,A,,34.0,A,,35.0,A,,27.0,A,,25.0,A,,45.0,A,,64.0,A,,93.0,A,,83.0,A,,300.0,A,,109.0,A,,77.0,A,,115.0,A,,144.0,A,,288.0,A,,480.0,A,,502.0,A,,558.0,A,,586.0,A,
146,'498,Republic of Moldova,656,'01610,"Coffee, green",5910,Export quantity,t,,,,,,,,,,,,,,,,,,,,,,,,,,,,,,,,,,,,,,,,,,,,,,,,,,,,,,,,,,,,,,,,,,,,,,,,,,,,,,,,,,,,,,,,,,,,,,7.0,A,,,,,1.0,A,,0.0,A,,0.0,A,,0.0,A,,,,,,,,4.0,A,,0.0,A,,0.0,E,,0.0,E,,0.0,E,,0.0,E,,0.0,E,,0.0,E,,0.0,E,,0.0,E,,0.0,E,,0.0,E,,0.0,E,,0.0,E,,,,,25.02,A,,,,,0.86,A,,,,,,,,,,,0.0,A,,0.0,A,,0.0,A,,1.26,A,
146,'498,Republic of Moldova,656,'01610,"Coffee, green",5922,Export value,1000 USD,,,,,,,,,,,,,,,,,,,,,,,,,,,,,,,,,,,,,,,,,,,,,,,,,,,,,,,,,,,,,,,,,,,,,,,,,,,,,,,,,,,,,,,,,,,,,,16.0,A,,0.0,I,,3.0,A,,0.0,A,,0.0,A,,0.0,A,,0.0,E,,0.0,E,,12.0,A,,0.0,A,,0.0,E,,0.0,E,,0.0,E,,0.0,E,,0.0,E,,0.0,E,,0.0,E,,0.0,E,,0.0,E,,0.0,E,,0.0,E,,0.0,E,,,,,240.0,A,,,,,12.0,A,,,,,,,,,,,0.0,A,,0.0,A,,0.0,A,,15.0,A,
183,'642,Romania,656,'01610,"Coffee, green",5610,Import quantity,t,100.0,X,Estimated data using trading partners database,570.0,X,Estimated data using trading partners database,715.0,X,Estimated data using trading partners database,2255.0,X,Estimated data using trading partners database,1495.0,A,,2479.0,A,,3345.0,A,,3541.0,A,,3633.0,A,,5886.0,A,,5763.0,A,,13274.0,A,,13239.0,A,,15447.0,A,,10590.0,A,,11000.0,I,,11500.0,I,,14500.0,X,Estimated data using trading partners database,14000.0,X,Estimated data using trading partners database,15000.0,X,Estimated data using trading partners database,18000.0,X,Estimated data using trading partners database,18000.0,X,Estimated data using trading partners database,13000.0,X,Estimated data using trading partners database,23000.0,X,Estimated data using trading partners database,30000.0,X,Estimated data using trading partners database,7200.0,X,Estimated data using trading partners database,12100.0,X,Estimated data using trading partners database,12600.0,X,Estimated data using trading partners database,9416.0,A,,23724.0,A,,11379.0,A,,7683.0,A,,4052.0,A,,6974.0,A,,11408.0,A,,26532.0,A,,25025.0,A,,22699.0,A,,22008.0,A,,23757.0,A,,28411.0,A,,35136.0,A,,33926.0,A,,34266.0,A,,33496.0,A,,30396.0,A,,24748.0,A,,22403.0,A,,22381.0,A,,21521.0,A,,20261.0,A,,21369.0,A,,21280.0,A,,18559.33,A,,18054.23,A,,20375.41,A,,19319.37,A,,17235.25,A,,16717.71,A,,17007.08,A,,16480.82,A,,17988.54,A,,17100.53,A,,18560.37,A,
183,'642,Romania,656,'01610,"Coffee, green",5622,Import value,1000 USD,75.0,X,Estimated data using trading partners database,429.0,X,Estimated data using trading partners database,533.0,X,Estimated data using trading partners database,1990.0,X,Estimated data using trading partners database,1200.0,I,,2000.0,I,,2700.0,I,,2800.0,I,,2800.0,I,,5534.0,X,Estimated data using trading partners database,4600.0,I,,10700.0,I,,14000.0,I,,18000.0,I,,14367.0,A,,26000.0,I,,48000.0,I,,48000.0,I,,50000.0,I,,60000.0,I,,50000.0,I,,53000.0,I,,35000.0,I,,65000.0,I,,80000.0,I,,26000.0,I,,30000.0,I,,29000.0,I,,19629.0,A,,39979.0,A,,17119.0,A,,7225.0,A,,3819.0,A,,3798.0,A,,8795.0,X,Estimated data using trading partners database,11803.0,A,,12821.0,A,,26836.0,A,,38761.0,A,,37848.0,A,,37450.0,A,,29199.0,A,,35536.0,A,,41545.0,A,,48695.0,A,,51659.0,A,,52719.0,A,,59409.0,A,,52426.0,A,,56060.0,A,,75801.0,A,,66966.0,A,,55533.0,A,,52209.0,A,,51073.0,A,,50445.0,A,,51353.0,A,,47413.0,A,,44814.0,A,,47493.0,A,,54403.0,A,,76438.0,A,,67243.0,A,,86202.0,A,
183,'642,Romania,656,'01610,"Coffee, green",5910,Export quantity,t,0.0,A,,0.0,A,,0.0,A,,0.0,A,,0.0,A,,0.0,A,,0.0,A,,0.0,A,,0.0,A,,0.0,A,,0.0,A,,0.0,A,,0.0,A,,0.0,A,,0.0,A,,0.0,A,,0.0,A,,0.0,A,,0.0,A,,0.0,A,,0.0,A,,0.0,A,,0.0,A,,0.0,A,,0.0,A,,0.0,A,,0.0,A,,0.0,A,,0.0,A,,0.0,A,,0.0,A,,92.0,A,,52.0,A,,19.0,A,,0.0,A,,0.0,X,Estimated data using trading partners database,38.0,A,,640.0,A,,56.0,A,,20.0,A,,0.0,A,,0.0,E,,0.0,E,,0.0,A,,24.0,A,,23.0,A,,0.0,A,,0.0,A,,0.0,A,,21.0,A,,52.0,A,,50.0,A,,193.0,X,Estimated data using trading partners database,49.41,A,,4.35,A,,113.46,A,,27.54,A,,76.66,A,,330.53,A,,87.19,I,,53.65,A,,70.31,A,,65.46,A,,33.35,A,
183,'642,Romania,656,'01610,"Coffee, green",5922,Export value,1000 USD,0.0,A,,0.0,A,,0.0,A,,0.0,A,,0.0,A,,0.0,A,,0.0,A,,0.0,A,,0.0,A,,0.0,A,,0.0,A,,0.0,A,,0.0,A,,0.0,A,,0.0,A,,0.0,A,,0.0,A,,0.0,A,,0.0,A,,0.0,A,,0.0,A,,0.0,A,,0.0,A,,0.0,A,,0.0,A,,0.0,A,,0.0,A,,0.0,A,,0.0,A,,0.0,A,,0.0,A,,86.0,A,,62.0,A,,6.0,A,,0.0,A,,0.0,X,Estimated data using trading partners database,129.0,A,,957.0,A,,77.0,A,,57.0,A,,1.0,A,,0.0,X,Estimated data using trading partners database,0.0,E,,2.0,A,,52.0,A,,97.0,A,,1.0,A,,0.0,A,,0.0,A,,103.0,A,,324.0,A,,403.0,X,Estimated data using trading partners database,1400.0,X,Estimated data using trading partners database,269.0,A,,88.0,A,,535.0,A,,138.0,A,,359.0,A,,609.0,A,,434.0,A,,310.0,A,,453.0,A,,345.0,A,,591.0,A,
185,'643,Russian Federation,656,'01610,"Coffee, green",5610,Import quantity,t,,,,,,,,,,,,,,,,,,,,,,,,,,,,,,,,,,,,,,,,,,,,,,,,,,,,,,,,,,,,,,,,,,,,,,,,,,,,,,,,,,,,,,,,,,,,,,27898.0,A,,8044.0,A,,4891.0,A,,4507.0,A,,8858.0,A,,10000.0,X,Estimated data using trading partners database,2967.0,A,,5371.0,A,,16834.08,A,,19171.0,A,,21767.0,A,,26597.0,A,,23426.0,A,,32960.0,A,,46906.0,A,,54454.0,A,,64751.0,A,,78632.0,A,,89663.0,A,,98605.0,A,,109654.0,A,,126002.0,A,,135488.3,A,,137565.52,A,,150932.22,A,,165409.91,A,,168540.47,A,,185615.87,A,,198323.07,A,,205353.72,A,,189549.71,X,Estimated data using trading partners database,161303.42,I,,113350.72,X,Estimated data using trading partners database
185,'643,Russian Federation,656,'01610,"Coffee, green",5622,Import value,1000 USD,,,,,,,,,,,,,,,,,,,,,,,,,,,,,,,,,,,,,,,,,,,,,,,,,,,,,,,,,,,,,,,,,,,,,,,,,,,,,,,,,,,,,,,,,,,,,,33066.0,A,,11845.0,A,,12020.0,A,,13756.0,A,,14595.0,A,,15000.0,X,Estimated data using trading partners database,4645.0,A,,9081.0,A,,25116.0,A,,24191.0,A,,23031.0,A,,26876.0,A,,22339.0,A,,40458.0,A,,80080.0,A,,115576.0,A,,169848.0,A,,171908.0,A,,234130.0,A,,378406.0,A,,360698.0,A,,336717.0,A,,391667.0,A,,363529.0,A,,367227.0,A,,449936.0,A,,387370.0,A,,404224.0,A,,416436.0,A,,504668.0,A,,605974.0,X,Estimated data using trading partners database,498968.0,X,Estimated data using trading partners database,572006.0,X,Estimated data using trading partners database
185,'643,Russian Federation,656,'01610,"Coffee, green",5910,Export quantity,t,,,,,,,,,,,,,,,,,,,,,,,,,,,,,,,,,,,,,,,,,,,,,,,,,,,,,,,,,,,,,,,,,,,,,,,,,,,,,,,,,,,,,,,,,,,,,,26.0,A,,5.0,A,,637.0,A,,34.0,A,,291.0,A,,215.0,X,Estimated data using trading partners database,962.0,A,,1.0,A,,70.23,A,,0.0,A,,0.0,A,,144.0,A,,18.0,A,,19.0,A,,0.0,A,,1.0,A,,14.0,A,,61.0,A,,32.0,A,,59.0,A,,51.0,A,,167.0,A,,146.68,A,,321.8,I,,256.31,A,,385.85,A,,315.03,A,,460.79,A,,838.24,A,,1326.03,A,,898.65,X,Estimated data using trading partners database,584.88,X,Estimated data using trading partners database,168.26,X,Estimated data using trading partners database
185,'643,Russian Federation,656,'01610,"Coffee, green",5922,Export value,1000 USD,,,,,,,,,,,,,,,,,,,,,,,,,,,,,,,,,,,,,,,,,,,,,,,,,,,,,,,,,,,,,,,,,,,,,,,,,,,,,,,,,,,,,,,,,,,,,,250.0,A,,9.0,A,,785.0,A,,223.0,A,,701.0,A,,2065.0,X,Estimated data using trading partners database,1696.0,A,,1.0,A,,95.0,A,,0.0,A,,0.0,A,,78.0,A,,21.0,A,,20.0,A,,0.0,A,,1.0,A,,35.0,A,,166.0,A,,82.0,A,,314.0,A,,126.0,A,,469.0,A,,630.0,A,,1159.0,A,,1011.0,A,,1679.0,A,,1344.0,A,,1857.0,A,,3163.0,A,,5655.0,A,,4760.0,X,Estimated data using trading partners database,2807.0,X,Estimated data using trading partners database,983.0,X,Estimated data using trading partners database
184,'646,Rwanda,656,'01610,"Coffee, green",5610,Import quantity,t,0.0,A,,0.0,A,,0.0,A,,0.0,A,,0.0,A,,0.0,A,,0.0,A,,0.0,A,,0.0,A,,0.0,A,,0.0,A,,0.0,A,,6000.0,X,Estimated data using trading partners database,11000.0,I,,9000.0,I,,16000.0,I,,3000.0,I,,0.0,A,,5565.0,A,,0.0,A,,0.0,A,,0.0,A,,0.0,A,,0.0,A,,0.0,A,,0.0,A,,0.0,A,,0.0,A,,0.0,A,,0.0,A,,0.0,A,,0.0,A,,0.0,A,,0.0,A,,0.0,A,,0.0,A,,0.0,A,,19.0,A,,30.0,A,,18.0,X,Estimated data using trading partners database,953.0,A,,22.0,A,,0.0,X,Estimated data using trading partners database,207.0,X,Estimated data using trading partners database,0.0,I,,85.0,A,,228.0,A,,1051.0,A,,3.0,A,,7.0,A,,194.0,A,,239.0,A,,9.0,X,Estimated data using trading partners database,54.24,A,,1153.8,A,,822.6,A,,271.9,A,,648.34,A,,1626.93,A,,89.86,A,,256.02,A,,1294.52,A,,274.19,X,Estimated data using trading partners database,35.19,X,Estimated data using trading partners database
184,'646,Rwanda,656,'01610,"Coffee, green",5622,Import value,1000 USD,0.0,A,,0.0,A,,0.0,A,,0.0,A,,0.0,A,,0.0,A,,0.0,A,,0.0,A,,0.0,A,,0.0,A,,0.0,A,,0.0,A,,6000.0,I,,6600.0,I,,10200.0,I,,29000.0,I,,5500.0,I,,0.0,A,,6893.0,A,,0.0,A,,0.0,A,,0.0,A,,0.0,A,,0.0,A,,0.0,A,,0.0,A,,0.0,A,,0.0,A,,0.0,A,,0.0,A,,0.0,A,,0.0,A,,0.0,A,,0.0,A,,0.0,A,,0.0,A,,0.0,A,,7.0,A,,36.0,A,,18.0,X,Estimated data using trading partners database,664.0,A,,16.0,A,,0.0,X,Estimated data using trading partners database,156.0,X,Estimated data using trading partners database,0.0,I,,20.0,A,,119.0,A,,1581.0,A,,2.0,A,,8.0,A,,616.0,A,,455.0,A,,20.0,A,,19.0,A,,147.0,A,,288.0,A,,32.0,A,,572.0,A,,422.0,A,,46.0,A,,636.0,A,,1578.0,A,,1016.0,X,Estimated data using trading partners database,114.0,X,Estimated data using trading partners database
184,'646,Rwanda,656,'01610,"Coffee, green",5910,Export quantity,t,10400.0,A,,10000.0,A,,3400.0,A,,8273.0,A,,10260.0,A,,8803.0,A,,11127.0,A,,11652.0,A,,11574.0,A,,13602.0,A,,15204.0,A,,10617.0,A,,20395.0,A,,25125.0,A,,26743.0,A,,36771.0,A,,19151.0,A,,19317.0,A,,39111.0,A,,22418.0,A,,29065.0,A,,27030.0,A,,29188.0,A,,31554.0,A,,34259.0,A,,41210.0,A,,46407.0,A,,31293.0,A,,35814.0,A,,45579.0,A,,37642.0,A,,33851.0,A,,29667.0,A,,1800.0,X,Estimated data using trading partners database,8248.0,A,,2111.0,A,,10341.0,A,,1332.0,A,,18094.0,A,,13137.0,A,,18230.0,A,,19556.0,A,,14099.0,A,,21117.0,X,Estimated data using trading partners database,18463.0,A,,26075.0,A,,15256.0,I,,22254.0,A,,15109.0,A,,17571.0,A,,14442.0,A,,18907.0,A,,16960.0,A,,14739.95,A,,18262.78,A,,17523.18,A,,18670.71,A,,22042.39,A,,23920.74,A,,19871.86,A,,18042.49,A,,17064.59,A,,16582.19,X,Estimated data using trading partners database,17721.89,X,Estimated data using trading partners database
184,'646,Rwanda,656,'01610,"Coffee, green",5922,Export value,1000 USD,5512.0,I,,5300.0,I,,1818.0,A,,6286.0,A,,7352.0,A,,6567.0,A,,7344.0,A,,8292.0,A,,6452.0,A,,13618.0,A,,11172.0,A,,8650.0,A,,20289.0,A,,22412.0,A,,26258.0,A,,62088.0,A,,66497.0,A,,45481.0,A,,94664.0,A,,43964.0,A,,57104.0,A,,61007.0,A,,55035.0,A,,56957.0,A,,61251.0,A,,143551.0,A,,109272.0,A,,77003.0,A,,85059.0,A,,67123.0,A,,57657.0,A,,35164.0,A,,30000.0,X,Estimated data using trading partners database,2300.0,X,Estimated data using trading partners database,29922.0,A,,4379.0,A,,11595.0,A,,3895.0,A,,30212.0,A,,17402.0,A,,14907.0,A,,13951.0,A,,13853.0,A,,28458.0,X,Estimated data using trading partners database,36945.0,A,,47953.0,A,,32479.0,I,,54632.0,A,,37181.0,A,,55894.0,A,,72538.0,A,,70336.0,A,,49345.0,A,,58413.0,A,,62133.0,A,,58046.0,A,,64246.0,A,,72108.0,A,,71341.0,A,,67911.0,A,,80634.0,A,,92641.0,A,,83978.0,X,Estimated data using trading partners database,88438.0,X,Estimated data using trading partners database
188,'659,Saint Kitts and Nevis,656,'01610,"Coffee, green",5610,Import quantity,t,,,,,,,,,,,,,,,,,,,,,,,,,,,,,,,,,,,,,,,,,,,,,,,,,,,,,,,,,,,,,,,,,,,,,,,,,,,,,,,,,,,,,,,,,,,,,,,,,,,,,,,,,,9.0,A,,6.0,A,,5.0,X,Estimated data using trading partners database,5.0,X,Estimated data using trading partners database,1.0,A,,1.0,A,,2.0,A,,1.0,A,,7.0,X,Estimated data using trading partners database,1.0,A,,3.0,X,Estimated data using trading partners database,3.0,A,,8.0,X,Estimated data using trading partners database,3.0,X,Estimated data using trading partners database,4.0,X,Estimated data using trading partners database,27.0,X,Estimated data using trading partners database,27.0,E,,27.0,E,,27.0,E,,9.08,I,,27.0,E,,29.76,A,,1.22,X,Estimated data using trading partners database,0.0,X,Estimated data using trading partners database,0.04,X,Estimated data using trading partners database,0.02,X,Estimated data using trading partners database,0.01,X,Estimated data using trading partners database,3.67,X,Estimated data using trading partners database,2.79,X,Estimated data using trading partners database
188,'659,Saint Kitts and Nevis,656,'01610,"Coffee, green",5622,Import value,1000 USD,,,,,,,,,,,,,,,,,,,,,,,,,,,,,,,,,,,,,,,,,,,,,,,,,,,,,,,,,,,,,,,,,,,,,,,,,,,,,,,,,,,,,,,,,,,,,,,,,,,,,,,,,,48.0,A,,49.0,A,,40.0,X,Estimated data using trading partners database,40.0,X,Estimated data using trading partners database,13.0,A,,7.0,A,,12.0,A,,17.0,A,,32.0,A,,12.0,A,,62.0,A,,68.0,A,,75.0,X,Estimated data using trading partners database,32.0,X,Estimated data using trading partners database,28.0,X,Estimated data using trading partners database,75.0,X,Estimated data using trading partners database,75.0,E,,75.0,E,,75.0,E,,82.0,A,,75.0,E,,156.0,A,,3.0,X,Estimated data using trading partners database,3.0,X,Estimated data using trading partners database,0.0,X,Estimated data using trading partners database,0.0,X,Estimated data using trading partners database,0.0,X,Estimated data using trading partners database,19.0,X,Estimated data using trading partners database,9.0,X,Estimated data using trading partners database
188,'659,Saint Kitts and Nevis,656,'01610,"Coffee, green",5910,Export quantity,t,,,,,,,,,,,,,,,,,,,,,,,,,,,,,,,,,,,,,,,,,,,,,,,,,,,,,,,,,,,,,,,,,,,,,,,,,,,,,,,,,,,,,,,,,,,,,,,,,,,,,,,,,,,,,,,,,,,,,,,,,,,,,,,,,,,,,0.0,A,,2.0,I,,0.0,X,Estimated data using trading partners database,0.0,E,,0.0,E,,0.0,X,Estimated data using trading partners database,5.0,X,Estimated data using trading partners database,0.0,X,Estimated data using trading partners database,0.0,E,,,,,,,,,,,0.02,A,,,,,12.0,X,Estimated data using trading partners database,38.43,X,Estimated data using trading partners database,1.82,X,Estimated data using trading partners database,0.06,X,Estimated data using trading partners database,32.01,X,Estimated data using trading partners database,0.33,X,Estimated data using trading partners database
188,'659,Saint Kitts and Nevis,656,'01610,"Coffee, green",5922,Export value,1000 USD,,,,,,,,,,,,,,,,,,,,,,,,,,,,,,,,,,,,,,,,,,,,,,,,,,,,,,,,,,,,,,,,,,,,,,,,,,,,,,,,,,,,,,,,,,,,,,,,,,,,,,,,,,,,,,,,,,,,,,3.0,A,,0.0,A,,0.0,E,,0.0,E,,0.0,E,,0.0,A,,34.0,X,Estimated data using trading partners database,0.0,X,Estimated data using trading partners database,0.0,E,,0.0,E,,0.0,X,Estimated data using trading partners database,13.0,X,Estimated data using trading partners database,0.0,X,Estimated data using trading partners database,0.0,E,,,,,,,,,,,0.0,A,,,,,69.0,X,Estimated data using trading partners database,84.0,X,Estimated data using trading partners database,14.0,X,Estimated data using trading partners database,1.0,X,Estimated data using trading partners database,196.0,X,Estimated data using trading partners database,0.0,X,Estimated data using trading partners database
189,'662,Saint Lucia,656,'01610,"Coffee, green",5610,Import quantity,t,38.0,A,,37.0,A,,42.0,A,,42.0,A,,52.0,A,,53.0,A,,56.0,A,,53.0,A,,69.0,A,,56.0,A,,63.0,A,,51.0,A,,73.0,A,,59.0,A,,31.0,A,,45.0,A,,17.0,A,,16.0,A,,14.0,A,,16.0,A,,0.0,A,,1.0,A,,0.0,A,,4.0,A,,12.0,A,,4.0,A,,4.0,A,,1.0,A,,4.0,A,,,,,1.0,A,,2.0,A,,4.0,A,,7.0,A,,8.0,A,,8.0,A,,5.0,A,,5.0,A,,0.0,A,,2.0,A,,2.0,A,,1.0,A,,2.0,A,,3.0,A,,10.0,A,,2.0,A,,20.0,A,,3.0,A,,0.0,X,Estimated data using trading partners database,0.0,X,Estimated data using trading partners database,0.0,E,,0.0,E,,0.0,E,,10.09,A,,0.65,X,Estimated data using trading partners database,8.53,A,,9.66,A,,3.75,A,,14.17,A,,1.39,A,,29.0,X,Estimated data using trading partners database,19.76,X,Estimated data using trading partners database,47.09,X,Estimated data using trading partners database,24.45,X,Estimated data using trading partners database
189,'662,Saint Lucia,656,'01610,"Coffee, green",5622,Import value,1000 USD,27.0,A,,29.0,A,,37.0,A,,43.0,A,,49.0,A,,63.0,A,,64.0,A,,63.0,A,,53.0,A,,51.0,A,,65.0,A,,61.0,A,,76.0,A,,63.0,A,,38.0,A,,74.0,A,,53.0,A,,78.0,A,,82.0,A,,82.0,A,,0.0,A,,1.0,A,,0.0,A,,12.0,A,,47.0,A,,13.0,A,,16.0,A,,3.0,A,,12.0,A,,0.0,A,,3.0,A,,11.0,A,,23.0,A,,25.0,A,,46.0,A,,41.0,A,,35.0,A,,34.0,A,,0.0,A,,8.0,A,,9.0,A,,4.0,A,,10.0,A,,10.0,A,,36.0,A,,14.0,A,,46.0,A,,26.0,A,,5.0,X,Estimated data using trading partners database,5.0,E,,5.0,E,,5.0,E,,0.0,X,Estimated data using trading partners database,77.0,A,,23.0,X,Estimated data using trading partners database,44.0,A,,64.0,A,,55.0,A,,149.0,A,,20.0,A,,291.0,X,Estimated data using trading partners database,203.0,X,Estimated data using trading partners database,587.0,X,Estimated data using trading partners database,192.0,X,Estimated data using trading partners database
189,'662,Saint Lucia,656,'01610,"Coffee, green",5910,Export quantity,t,0.0,A,,0.0,A,,0.0,A,,0.0,A,,0.0,A,,0.0,A,,0.0,A,,0.0,A,,0.0,A,,0.0,A,,0.0,A,,0.0,A,,0.0,A,,0.0,A,,0.0,A,,0.0,A,,0.0,A,,0.0,A,,0.0,A,,12.0,A,,0.0,A,,0.0,A,,0.0,A,,0.0,A,,1.0,A,,0.0,A,,,,,,,,,,,,,,,,,,,,,,,,,,,,,,,,,,,,,,0.0,A,,,,,0.0,A,,0.0,A,,0.0,E,,0.0,E,,0.0,E,,0.0,E,,0.0,E,,0.0,A,,0.0,E,,0.0,E,,0.0,E,,0.0,E,,0.0,E,,1.48,A,,0.01,X,Estimated data using trading partners database,6.42,A,,0.07,A,,0.18,A,,0.63,A,,0.34,A,,1.48,X,Estimated data using trading partners database,8.82,X,Estimated data using trading partners database,3.2,X,Estimated data using trading partners database,0.0,X,Estimated data using trading partners database
189,'662,Saint Lucia,656,'01610,"Coffee, green",5922,Export value,1000 USD,0.0,A,,0.0,A,,0.0,A,,0.0,A,,0.0,A,,0.0,A,,0.0,A,,0.0,A,,0.0,A,,0.0,A,,0.0,A,,0.0,A,,0.0,A,,0.0,A,,0.0,A,,0.0,A,,0.0,A,,0.0,A,,0.0,A,,7.0,A,,0.0,A,,0.0,A,,0.0,A,,0.0,A,,5.0,A,,0.0,A,,0.0,A,,0.0,A,,0.0,A,,0.0,A,,0.0,A,,0.0,A,,0.0,A,,0.0,E,,0.0,E,,0.0,E,,0.0,A,,0.0,E,,0.0,A,,0.0,A,,0.0,A,,0.0,A,,0.0,E,,0.0,E,,0.0,E,,0.0,E,,0.0,E,,0.0,A,,0.0,E,,0.0,E,,0.0,E,,0.0,E,,0.0,E,,34.0,A,,0.0,X,Estimated data using trading partners database,7.0,A,,1.0,A,,1.0,A,,4.0,A,,3.0,A,,3.0,X,Estimated data using trading partners database,16.0,X,Estimated data using trading partners database,11.0,X,Estimated data using trading partners database,0.0,X,Estimated data using trading partners database
191,'670,Saint Vincent and the Grenadines,656,'01610,"Coffee, green",5610,Import quantity,t,0.0,A,,0.0,A,,0.0,A,,0.0,A,,0.0,A,,0.0,A,,0.0,A,,0.0,A,,0.0,A,,0.0,A,,0.0,A,,0.0,A,,39.0,A,,9.0,A,,0.0,A,,0.0,A,,0.0,A,,0.0,A,,0.0,A,,,,,,,,,,,,,,,,,,,,,,,,,,,,,,,,,,,,,,,,,,,,,,,,,,,,,,,,,,,,,,,,,,,,3.0,A,,3.0,A,,4.0,A,,1.0,A,,3.0,A,,3.0,A,,2.0,A,,4.0,A,,3.0,A,,0.0,X,Estimated data using trading partners database,0.0,E,,0.0,E,,3.41,A,,3.17,A,,4.23,A,,2.22,A,,4.34,A,,4.45,A,,3.84,A,,3.37,A,,3.35,A,,8.83,A,,0.11,X,Estimated data using trading partners database
191,'670,Saint Vincent and the Grenadines,656,'01610,"Coffee, green",5622,Import value,1000 USD,0.0,A,,0.0,A,,0.0,A,,0.0,A,,0.0,A,,0.0,A,,0.0,A,,0.0,A,,0.0,A,,0.0,A,,0.0,A,,0.0,A,,15.0,A,,22.0,A,,0.0,A,,0.0,A,,0.0,A,,0.0,A,,0.0,A,,,,,,,,,,,,,,,,,,,,,,,,,,,,,,,,,,,,,,,,,,,,,,,,,,,,,,,,,,,,,,,,,,,,9.0,A,,14.0,A,,15.0,A,,9.0,A,,14.0,A,,25.0,A,,21.0,A,,14.0,A,,22.0,A,,0.0,X,Estimated data using trading partners database,0.0,E,,0.0,E,,25.0,A,,33.0,A,,21.0,A,,17.0,A,,21.0,A,,29.0,A,,29.0,A,,21.0,A,,32.0,A,,44.0,A,,3.0,X,Estimated data using trading partners database
191,'670,Saint Vincent and the Grenadines,656,'01610,"Coffee, green",5910,Export quantity,t,0.0,A,,0.0,A,,0.0,A,,0.0,A,,0.0,A,,0.0,A,,0.0,A,,0.0,A,,0.0,A,,0.0,A,,0.0,A,,0.0,A,,4.0,A,,11.0,A,,1.0,A,,22.0,A,,0.0,A,,0.0,A,,0.0,A,,,,,,,,,,,,,,,,,,,,,,,,,,,,,,,,,,,,,,,,,,,,,,,,,,,,,,,,,,,,,,,,,,,,,,,,,,,,,,,,,,,,,,,,,,,,,,,,,,,,,,,,,,,0.03,A,,,,,,,,,,,,,,0.01,A,,0.0,A,,0.0,A,,,,,,,
191,'670,Saint Vincent and the Grenadines,656,'01610,"Coffee, green",5922,Export value,1000 USD,0.0,A,,0.0,A,,0.0,A,,0.0,A,,0.0,A,,0.0,A,,0.0,A,,0.0,A,,0.0,A,,0.0,A,,0.0,A,,0.0,A,,2.0,A,,5.0,A,,0.0,A,,10.0,A,,0.0,A,,0.0,A,,0.0,A,,,,,,,,,,,,,,,,,,,,,,,,,,,,,,,,,,,,,,,,,,,,,,,,,,,,,,,,,,,,,,,,,,,,,,,,,,,,,,,,,,,,,,,,,,,,,,,,,,,,,,,,,,,0.0,A,,,,,,,,,,,,,,0.0,A,,0.0,A,,0.0,A,,,,,,,
244,'882,Samoa,656,'01610,"Coffee, green",5610,Import quantity,t,1.0,A,,0.0,A,,2.0,A,,4.0,A,,3.0,A,,3.0,A,,4.0,A,,4.0,A,,2.0,A,,5.0,A,,3.0,A,,7.0,A,,8.0,A,,11.0,A,,20.0,A,,6.0,A,,5.0,A,,9.0,A,,5.0,A,,4.0,A,,4.0,A,,2.0,A,,1.0,A,,0.0,A,,14.0,A,,0.0,A,,7.0,A,,0.0,A,,0.0,A,,0.0,A,,15.0,X,Estimated data using trading partners database,20.0,X,Estimated data using trading partners database,40.0,X,Estimated data using trading partners database,0.0,X,Estimated data using trading partners database,0.0,X,Estimated data using trading partners database,20.0,X,Estimated data using trading partners database,0.0,X,Estimated data using trading partners database,2.0,X,Estimated data using trading partners database,0.0,X,Estimated data using trading partners database,1.0,X,Estimated data using trading partners database,1.0,E,,55.0,X,Estimated data using trading partners database,4.0,X,Estimated data using trading partners database,1.0,X,Estimated data using trading partners database,0.0,X,Estimated data using trading partners database,4.0,X,Estimated data using trading partners database,2.0,X,Estimated data using trading partners database,3.0,X,Estimated data using trading partners database,0.0,X,Estimated data using trading partners database,98.0,X,Estimated data using trading partners database,1.0,X,Estimated data using trading partners database,35.0,A,,19.0,A,,4.64,A,,54.14,A,,60.59,A,,75.17,A,,60.31,A,,1.81,A,,76.25,X,Estimated data using trading partners database,0.58,A,,2.32,A,,5.64,A,,4.67,A,
244,'882,Samoa,656,'01610,"Coffee, green",5622,Import value,1000 USD,4.0,A,,0.0,A,,6.0,A,,12.0,A,,12.0,A,,8.0,A,,11.0,A,,13.0,A,,9.0,A,,17.0,A,,14.0,A,,19.0,A,,32.0,A,,38.0,A,,56.0,A,,22.0,A,,38.0,A,,44.0,A,,17.0,A,,24.0,A,,45.0,A,,24.0,A,,18.0,A,,0.0,A,,44.0,A,,0.0,A,,30.0,A,,0.0,A,,0.0,A,,0.0,A,,40.0,I,,50.0,I,,100.0,I,,0.0,I,,0.0,I,,40.0,I,,0.0,I,,20.0,I,,0.0,I,,20.0,I,,20.0,E,,40.0,X,Estimated data using trading partners database,56.0,X,Estimated data using trading partners database,11.0,X,Estimated data using trading partners database,11.0,X,Estimated data using trading partners database,12.0,X,Estimated data using trading partners database,17.0,X,Estimated data using trading partners database,25.0,X,Estimated data using trading partners database,1.0,X,Estimated data using trading partners database,176.0,X,Estimated data using trading partners database,7.0,X,Estimated data using trading partners database,35.0,A,,17.0,A,,7.0,A,,110.0,A,,113.0,A,,166.0,A,,164.0,A,,20.0,A,,179.0,X,Estimated data using trading partners database,4.0,A,,9.0,A,,36.0,A,,21.0,A,
244,'882,Samoa,656,'01610,"Coffee, green",5910,Export quantity,t,3.0,A,,29.0,A,,29.0,A,,0.0,A,,9.0,A,,20.0,A,,23.0,A,,20.0,A,,6.0,A,,0.0,A,,21.0,A,,0.0,A,,0.0,A,,0.0,A,,0.0,A,,10.0,A,,0.0,A,,0.0,A,,0.0,A,,0.0,A,,0.0,A,,0.0,A,,0.0,A,,0.0,A,,0.0,A,,0.0,A,,0.0,A,,0.0,A,,0.0,A,,0.0,A,,0.0,A,,0.0,A,,0.0,A,,0.0,E,,0.0,E,,0.0,E,,0.0,E,,0.0,E,,0.0,E,,0.0,E,,0.0,E,,0.0,E,,0.0,E,,0.0,E,,0.0,E,,0.0,E,,0.0,E,,0.0,E,,0.0,E,,0.0,E,,0.0,E,,0.0,E,,0.0,E,,,,,,,,,,,,,,,,,,,,,,,,,,0.36,A,,0.21,A,,0.98,A,
244,'882,Samoa,656,'01610,"Coffee, green",5922,Export value,1000 USD,2.0,A,,16.0,A,,16.0,A,,0.0,A,,6.0,A,,14.0,A,,15.0,A,,12.0,A,,4.0,A,,0.0,A,,15.0,A,,0.0,A,,0.0,A,,0.0,A,,0.0,A,,34.0,A,,0.0,A,,0.0,A,,0.0,A,,1.0,A,,1.0,A,,2.0,A,,0.0,A,,0.0,A,,0.0,A,,0.0,A,,0.0,A,,0.0,A,,0.0,A,,0.0,A,,0.0,A,,0.0,A,,0.0,A,,0.0,E,,0.0,E,,0.0,E,,0.0,E,,0.0,E,,0.0,E,,0.0,E,,0.0,E,,0.0,E,,0.0,E,,0.0,E,,0.0,E,,0.0,E,,0.0,E,,0.0,E,,0.0,E,,0.0,E,,0.0,E,,0.0,E,,0.0,E,,,,,,,,,,,,,,,,,,,,,,,,,,5.0,A,,2.0,A,,8.0,A,
193,'678,Sao Tome and Principe,656,'01610,"Coffee, green",5610,Import quantity,t,0.0,A,,0.0,A,,0.0,A,,0.0,A,,0.0,A,,0.0,A,,0.0,A,,0.0,A,,16.0,A,,23.0,A,,32.0,A,,12.0,A,,0.0,A,,0.0,A,,0.0,A,,0.0,A,,0.0,A,,0.0,A,,0.0,A,,0.0,A,,0.0,A,,0.0,A,,0.0,A,,0.0,A,,0.0,A,,0.0,A,,0.0,A,,0.0,A,,0.0,A,,0.0,A,,0.0,A,,0.0,A,,0.0,A,,0.0,E,,0.0,E,,0.0,E,,0.0,E,,0.0,E,,0.0,E,,0.0,E,,0.0,E,,51.0,X,Estimated data using trading partners database,0.0,X,Estimated data using trading partners database,261.0,X,Estimated data using trading partners database,0.0,X,Estimated data using trading partners database,0.0,X,Estimated data using trading partners database,0.0,X,Estimated data using trading partners database,0.0,E,,0.0,E,,21.0,X,Estimated data using trading partners database,0.0,X,Estimated data using trading partners database,0.0,E,,0.0,A,,0.62,A,,0.07,A,,0.07,A,,0.21,A,,0.61,A,,0.19,A,,0.13,A,,0.47,A,,0.06,A,,0.2,A,,0.37,X,Estimated data using trading partners database
193,'678,Sao Tome and Principe,656,'01610,"Coffee, green",5622,Import value,1000 USD,0.0,A,,0.0,A,,0.0,A,,0.0,A,,0.0,A,,0.0,A,,0.0,A,,0.0,A,,11.0,A,,16.0,A,,20.0,A,,7.0,A,,0.0,A,,0.0,A,,0.0,A,,0.0,A,,0.0,A,,0.0,A,,0.0,A,,0.0,A,,0.0,A,,0.0,A,,0.0,A,,0.0,A,,0.0,A,,0.0,A,,0.0,A,,0.0,A,,0.0,A,,0.0,A,,0.0,A,,0.0,A,,0.0,A,,0.0,E,,0.0,E,,0.0,E,,0.0,E,,0.0,E,,0.0,E,,0.0,E,,0.0,E,,52.0,X,Estimated data using trading partners database,0.0,X,Estimated data using trading partners database,195.0,X,Estimated data using trading partners database,2.0,X,Estimated data using trading partners database,3.0,X,Estimated data using trading partners database,1.0,X,Estimated data using trading partners database,1.0,X,Estimated data using trading partners database,0.0,X,Estimated data using trading partners database,77.0,X,Estimated data using trading partners database,77.0,E,,0.0,X,Estimated data using trading partners database,3.0,A,,9.0,A,,1.0,A,,1.0,A,,2.0,A,,6.0,A,,11.0,A,,3.0,A,,4.0,A,,1.0,A,,3.0,A,,2.0,X,Estimated data using trading partners database
193,'678,Sao Tome and Principe,656,'01610,"Coffee, green",5910,Export quantity,t,240.0,A,,260.0,A,,200.0,A,,134.0,A,,170.0,A,,122.0,A,,135.0,A,,136.0,A,,118.0,A,,92.0,A,,59.0,A,,90.0,A,,45.0,A,,93.0,A,,28.0,A,,45.0,A,,20.0,A,,60.0,X,Estimated data using trading partners database,30.0,A,,20.0,X,Estimated data using trading partners database,20.0,A,,40.0,A,,30.0,X,Estimated data using trading partners database,13.0,A,,11.0,A,,9.0,A,,5.0,X,Estimated data using trading partners database,0.0,A,,0.0,A,,6.0,A,,4.0,A,,0.0,A,,5.0,A,,6.0,A,,5.0,I,,0.0,A,,5.0,A,,6.0,A,,11.0,X,Estimated data using trading partners database,14.0,X,Estimated data using trading partners database,95.0,I,,11.0,X,Estimated data using trading partners database,0.0,X,Estimated data using trading partners database,0.0,X,Estimated data using trading partners database,1.0,X,Estimated data using trading partners database,0.0,X,Estimated data using trading partners database,0.0,X,Estimated data using trading partners database,0.0,E,,0.0,E,,19.0,X,Estimated data using trading partners database,5.0,X,Estimated data using trading partners database,1.0,X,Estimated data using trading partners database,0.0,X,Estimated data using trading partners database,0.94,A,,1.0,A,,1.0,A,,5.42,A,,0.41,A,,1.2,A,,1.35,A,,,,,3.0,A,,1.9,A,,0.25,X,Estimated data using trading partners database
193,'678,Sao Tome and Principe,656,'01610,"Coffee, green",5922,Export value,1000 USD,220.0,A,,240.0,A,,170.0,A,,140.0,A,,200.0,A,,147.0,A,,165.0,A,,169.0,A,,166.0,A,,139.0,A,,94.0,A,,142.0,A,,95.0,A,,160.0,X,Estimated data using trading partners database,48.0,X,Estimated data using trading partners database,85.0,X,Estimated data using trading partners database,50.0,I,,140.0,X,Estimated data using trading partners database,116.0,A,,55.0,I,,57.0,A,,98.0,A,,60.0,I,,39.0,A,,36.0,A,,30.0,A,,20.0,X,Estimated data using trading partners database,0.0,A,,0.0,A,,14.0,A,,12.0,A,,0.0,A,,19.0,A,,33.0,A,,25.0,A,,0.0,A,,24.0,A,,16.0,A,,50.0,X,Estimated data using trading partners database,53.0,X,Estimated data using trading partners database,370.0,I,,34.0,X,Estimated data using trading partners database,0.0,X,Estimated data using trading partners database,0.0,X,Estimated data using trading partners database,9.0,X,Estimated data using trading partners database,0.0,X,Estimated data using trading partners database,21.0,X,Estimated data using trading partners database,8.0,X,Estimated data using trading partners database,0.0,X,Estimated data using trading partners database,85.0,X,Estimated data using trading partners database,22.0,X,Estimated data using trading partners database,7.0,A,,1.0,A,,4.0,A,,2.0,A,,2.0,A,,24.0,A,,15.0,A,,6.0,A,,10.0,A,,,,,22.0,A,,19.0,A,,2.0,X,Estimated data using trading partners database
194,'682,Saudi Arabia,656,'01610,"Coffee, green",5610,Import quantity,t,3740.0,X,Estimated data using trading partners database,4360.0,A,,3871.0,A,,5778.0,A,,5590.0,A,,6831.0,A,,5213.0,A,,7480.0,A,,8481.0,A,,5839.0,A,,6644.0,A,,6626.0,A,,7081.0,A,,7113.0,A,,6862.0,A,,5487.0,A,,12392.0,A,,7323.0,A,,6173.0,A,,7576.0,A,,13970.0,A,,19931.0,A,,18225.0,A,,14074.0,A,,11877.0,A,,11823.0,A,,16324.0,A,,12774.0,A,,6049.0,A,,11761.0,A,,16065.0,A,,12816.0,A,,6641.0,A,,4102.0,A,,14861.0,A,,13889.0,A,,9268.0,A,,17270.0,A,,17000.0,I,,21316.41,A,,18964.0,A,,22963.0,A,,23357.0,A,,27348.0,A,,28590.0,A,,30384.0,A,,32929.0,A,,33837.0,X,Estimated data using trading partners database,30083.0,A,,37829.0,A,,35626.0,A,,42178.0,A,,38253.0,A,,42575.0,A,,50464.0,A,,44107.71,A,,52398.0,A,,55175.88,A,,48693.97,A,,54080.73,A,,66003.25,A,,63204.1,A,,65284.51,I,,84517.6,A,
194,'682,Saudi Arabia,656,'01610,"Coffee, green",5622,Import value,1000 USD,2410.0,X,Estimated data using trading partners database,2980.0,A,,2937.0,A,,4828.0,A,,4648.0,A,,5453.0,A,,3581.0,A,,5451.0,A,,6282.0,A,,5003.0,A,,5748.0,A,,5658.0,A,,7535.0,A,,11897.0,A,,8048.0,A,,7774.0,A,,29149.0,A,,27933.0,A,,22580.0,A,,29651.0,A,,43757.0,A,,55126.0,A,,47050.0,A,,32863.0,A,,25516.0,A,,40334.0,A,,44002.0,A,,37287.0,A,,18956.0,A,,25905.0,A,,37005.0,A,,35414.0,A,,19931.0,A,,18266.0,A,,59193.0,A,,42342.0,A,,28356.0,A,,50968.0,A,,37000.0,I,,48655.0,A,,35945.0,A,,35989.0,A,,34410.0,A,,43216.0,A,,59536.0,A,,66203.0,A,,84393.0,A,,116054.0,X,Estimated data using trading partners database,86311.0,A,,122689.0,A,,157948.0,A,,184116.0,A,,137289.0,A,,162818.0,A,,164313.0,A,,139624.0,A,,191013.0,A,,169707.0,A,,144666.0,A,,173993.0,A,,249562.0,A,,329725.0,A,,335334.0,A,,404979.0,A,
194,'682,Saudi Arabia,656,'01610,"Coffee, green",5910,Export quantity,t,150.0,X,Estimated data using trading partners database,120.0,X,Estimated data using trading partners database,112.0,X,Estimated data using trading partners database,101.0,X,Estimated data using trading partners database,97.0,A,,80.0,X,Estimated data using trading partners database,59.0,X,Estimated data using trading partners database,9.0,X,Estimated data using trading partners database,40.0,X,Estimated data using trading partners database,0.0,A,,0.0,A,,0.0,A,,2.0,A,,7.0,A,,17.0,A,,16.0,A,,0.0,A,,0.0,A,,2.0,I,,144.0,A,,1717.0,A,,393.0,A,,734.0,A,,1184.0,A,,1366.0,A,,894.0,A,,468.0,A,,443.0,A,,1394.0,A,,855.0,A,,37.0,A,,66.0,A,,302.0,A,,353.0,A,,30.0,A,,247.0,A,,111.0,A,,276.0,A,,80.0,X,Estimated data using trading partners database,502.4,A,,780.0,A,,412.0,A,,292.0,A,,301.0,A,,602.0,A,,474.0,A,,476.0,A,,2109.0,X,Estimated data using trading partners database,2109.0,E,,1458.0,A,,1255.0,A,,1099.0,A,,1526.0,A,,1961.0,A,,1614.0,A,,711.0,A,,894.75,A,,1405.77,A,,32.21,A,,1302.96,A,,2381.07,A,,2379.15,A,,2501.06,I,,4542.29,A,
194,'682,Saudi Arabia,656,'01610,"Coffee, green",5922,Export value,1000 USD,70.0,X,Estimated data using trading partners database,60.0,X,Estimated data using trading partners database,59.0,X,Estimated data using trading partners database,53.0,X,Estimated data using trading partners database,61.0,A,,50.0,X,Estimated data using trading partners database,40.0,X,Estimated data using trading partners database,6.0,X,Estimated data using trading partners database,27.0,X,Estimated data using trading partners database,0.0,A,,0.0,A,,0.0,A,,3.0,A,,44.0,A,,6.0,A,,27.0,A,,0.0,A,,0.0,A,,5.0,A,,493.0,A,,3725.0,A,,1005.0,A,,1858.0,A,,2718.0,A,,2215.0,A,,2777.0,A,,1250.0,A,,1129.0,A,,2915.0,A,,1868.0,A,,129.0,A,,150.0,A,,318.0,A,,640.0,A,,86.0,A,,636.0,A,,195.0,A,,602.0,A,,175.0,X,Estimated data using trading partners database,695.0,A,,919.0,A,,404.0,A,,342.0,A,,314.0,A,,813.0,A,,573.0,A,,775.0,A,,5227.0,X,Estimated data using trading partners database,5227.0,E,,1955.0,A,,2610.0,A,,2125.0,A,,3027.0,A,,3294.0,A,,2947.0,A,,1959.0,A,,2115.0,A,,3574.0,A,,248.0,A,,3592.0,A,,10024.0,A,,14081.0,A,,13990.0,A,,23255.0,A,
195,'686,Senegal,656,'01610,"Coffee, green",5610,Import quantity,t,50.0,A,,42.0,A,,202.0,A,,78.0,A,,903.0,A,,2329.0,A,,1850.0,A,,2224.0,A,,1400.0,A,,298.0,A,,544.0,A,,1440.0,A,,1514.0,A,,698.0,A,,1715.0,A,,2117.0,A,,1337.0,A,,660.0,A,,403.0,A,,338.0,A,,920.0,A,,0.0,A,,0.0,A,,1524.0,A,,373.0,A,,303.0,A,,800.0,A,,1289.0,A,,2179.0,A,,1535.0,A,,1547.0,A,,1247.0,A,,32.0,A,,1050.0,X,Estimated data using trading partners database,6.0,A,,78.0,A,,40.0,A,,9.0,A,,28.0,A,,2.98,A,,12.0,X,Estimated data using trading partners database,7.0,A,,16.0,A,,144.0,A,,50.0,A,,23.0,A,,7.0,A,,27.0,A,,23.0,A,,31.0,X,Estimated data using trading partners database,79.0,A,,194.0,A,,225.0,A,,439.17,A,,1525.85,A,,5750.71,A,,6139.96,A,,4873.3,A,,3031.2,A,,5248.6,A,,5928.41,A,,2287.91,A,,209.52,A,,723.39,A,
195,'686,Senegal,656,'01610,"Coffee, green",5622,Import value,1000 USD,50.0,A,,39.0,A,,58.0,A,,45.0,A,,153.0,A,,346.0,A,,664.0,A,,952.0,A,,436.0,A,,99.0,A,,176.0,A,,646.0,A,,449.0,A,,312.0,A,,1023.0,A,,1161.0,A,,1884.0,A,,808.0,A,,576.0,A,,577.0,A,,1030.0,A,,0.0,A,,0.0,A,,1344.0,A,,141.0,A,,186.0,A,,366.0,A,,1069.0,A,,733.0,A,,889.0,A,,838.0,A,,696.0,A,,29.0,A,,1100.0,I,,10.0,A,,43.0,A,,25.0,A,,26.0,A,,44.0,A,,5.0,A,,26.0,A,,12.0,A,,22.0,A,,262.0,A,,174.0,A,,83.0,A,,39.0,A,,50.0,A,,36.0,A,,47.0,A,,124.0,A,,132.0,A,,190.0,A,,212.0,A,,339.0,A,,982.0,A,,883.0,A,,1945.0,A,,1039.0,A,,1856.0,A,,2104.0,A,,815.0,A,,178.0,A,,368.0,A,
195,'686,Senegal,656,'01610,"Coffee, green",5910,Export quantity,t,20.0,I,,22.0,A,,5.0,A,,103.0,A,,1.0,A,,7.0,A,,5.0,A,,0.0,A,,2.0,A,,36.0,A,,12.0,A,,58.0,A,,1.0,A,,2.0,A,,5.0,A,,15.0,A,,87.0,A,,4.0,A,,380.0,A,,679.0,A,,0.0,A,,0.0,A,,0.0,A,,0.0,A,,0.0,A,,0.0,A,,0.0,A,,0.0,A,,4.0,A,,0.0,A,,0.0,A,,0.0,A,,0.0,A,,0.0,E,,0.0,A,,0.0,E,,0.0,X,Estimated data using trading partners database,0.0,A,,0.0,X,Estimated data using trading partners database,0.03,A,,0.0,A,,1.0,A,,0.0,A,,14.0,X,Estimated data using trading partners database,0.0,A,,3.0,A,,2.0,A,,2.0,A,,2.0,A,,3.0,A,,31.0,A,,13.0,A,,6.0,A,,9.66,A,,10.75,A,,26.22,A,,9.87,A,,23.38,A,,9.85,A,,19.79,A,,17.0,A,,43.98,A,,12.73,I,,7.4,A,
195,'686,Senegal,656,'01610,"Coffee, green",5922,Export value,1000 USD,14.0,I,,15.0,A,,6.0,A,,23.0,A,,1.0,A,,9.0,A,,6.0,A,,0.0,A,,3.0,A,,23.0,A,,11.0,A,,8.0,A,,2.0,A,,3.0,A,,11.0,A,,27.0,A,,156.0,A,,32.0,A,,1081.0,A,,709.0,A,,1.0,A,,0.0,A,,0.0,A,,1.0,A,,0.0,A,,2.0,A,,1.0,A,,1.0,A,,5.0,A,,0.0,A,,0.0,A,,0.0,A,,0.0,A,,0.0,E,,1.0,A,,0.0,A,,0.0,X,Estimated data using trading partners database,0.0,A,,0.0,X,Estimated data using trading partners database,0.0,A,,0.0,A,,1.0,A,,1.0,A,,19.0,A,,1.0,A,,8.0,A,,3.0,A,,8.0,A,,4.0,A,,8.0,A,,76.0,A,,61.0,A,,28.0,A,,37.0,A,,32.0,A,,33.0,A,,23.0,A,,43.0,A,,22.0,A,,62.0,A,,97.0,A,,76.0,A,,19.0,A,,13.0,A,
272,'688,Serbia,656,'01610,"Coffee, green",5610,Import quantity,t,,,,,,,,,,,,,,,,,,,,,,,,,,,,,,,,,,,,,,,,,,,,,,,,,,,,,,,,,,,,,,,,,,,,,,,,,,,,,,,,,,,,,,,,,,,,,,,,,,,,,,,,,,,,,,,,,,,,,,,,,,,,,,,,,,,,,,,,34624.0,A,,34577.0,A,,38536.0,A,,32099.0,A,,30920.0,A,,32401.0,A,,33257.0,A,,31613.0,A,,29365.03,A,,31413.32,I,,29125.71,I,,28912.85,I,,28009.66,I,,29854.02,I,,29800.71,I,,29852.12,I,,27966.24,I,,27494.95,I,,26027.03,I,
272,'688,Serbia,656,'01610,"Coffee, green",5622,Import value,1000 USD,,,,,,,,,,,,,,,,,,,,,,,,,,,,,,,,,,,,,,,,,,,,,,,,,,,,,,,,,,,,,,,,,,,,,,,,,,,,,,,,,,,,,,,,,,,,,,,,,,,,,,,,,,,,,,,,,,,,,,,,,,,,,,,,,,,,,,,,56254.0,A,,73208.0,A,,98007.0,A,,68059.0,A,,72011.0,A,,102566.0,A,,99754.0,A,,80202.0,A,,69607.0,A,,75861.0,A,,63536.0,A,,74417.0,A,,64254.0,A,,60113.0,A,,55278.0,A,,63106.0,A,,94221.0,A,,91403.0,A,,107725.0,A,
272,'688,Serbia,656,'01610,"Coffee, green",5910,Export quantity,t,,,,,,,,,,,,,,,,,,,,,,,,,,,,,,,,,,,,,,,,,,,,,,,,,,,,,,,,,,,,,,,,,,,,,,,,,,,,,,,,,,,,,,,,,,,,,,,,,,,,,,,,,,,,,,,,,,,,,,,,,,,,,,,,,,,,,,,,24.0,A,,53.0,A,,139.0,A,,14.0,A,,100.0,A,,7.0,A,,4.0,A,,1.0,A,,94.17,A,,14.16,A,,6.65,A,,18.19,A,,355.75,A,,124.92,A,,100.34,A,,44.6,A,,196.72,A,,25.95,A,,36.17,A,
272,'688,Serbia,656,'01610,"Coffee, green",5922,Export value,1000 USD,,,,,,,,,,,,,,,,,,,,,,,,,,,,,,,,,,,,,,,,,,,,,,,,,,,,,,,,,,,,,,,,,,,,,,,,,,,,,,,,,,,,,,,,,,,,,,,,,,,,,,,,,,,,,,,,,,,,,,,,,,,,,,,,,,,,,,,,29.0,A,,123.0,A,,362.0,A,,61.0,A,,280.0,A,,28.0,A,,22.0,A,,5.0,A,,208.0,A,,55.0,A,,37.0,A,,109.0,A,,841.0,A,,313.0,A,,271.0,A,,173.0,A,,1002.0,A,,110.0,A,,224.0,A,
186,'891,Serbia and Montenegro,656,'01610,"Coffee, green",5610,Import quantity,t,,,,,,,,,,,,,,,,,,,,,,,,,,,,,,,,,,,,,,,,,,,,,,,,,,,,,,,,,,,,,,,,,,,,,,,,,,,,,,,,,,,,,,,,,,,,,,26257.0,A,,0.0,X,Estimated data using trading partners database,1400.0,X,Estimated data using trading partners database,8200.0,X,Estimated data using trading partners database,10550.0,A,,17856.0,A,,26793.0,A,,35572.0,X,Estimated data using trading partners database,38252.0,A,,39664.0,A,,43280.0,A,,2721.0,X,Estimated data using trading partners database,49864.0,A,,707.0,X,Estimated data using trading partners database,,,,,,,,,,,,,,,,,,,,,,,,,,,,,,,,,,,,,,,,,,,,,,,,,,,,,,,,,
186,'891,Serbia and Montenegro,656,'01610,"Coffee, green",5622,Import value,1000 USD,,,,,,,,,,,,,,,,,,,,,,,,,,,,,,,,,,,,,,,,,,,,,,,,,,,,,,,,,,,,,,,,,,,,,,,,,,,,,,,,,,,,,,,,,,,,,,39466.0,A,,0.0,X,Estimated data using trading partners database,4000.0,X,Estimated data using trading partners database,24200.0,X,Estimated data using trading partners database,32891.0,A,,48617.0,A,,69864.0,A,,81432.0,X,Estimated data using trading partners database,74608.0,A,,48019.0,A,,47931.0,A,,2705.0,X,Estimated data using trading partners database,68604.0,A,,1434.0,X,Estimated data using trading partners database,,,,,,,,,,,,,,,,,,,,,,,,,,,,,,,,,,,,,,,,,,,,,,,,,,,,,,,,,
186,'891,Serbia and Montenegro,656,'01610,"Coffee, green",5910,Export quantity,t,,,,,,,,,,,,,,,,,,,,,,,,,,,,,,,,,,,,,,,,,,,,,,,,,,,,,,,,,,,,,,,,,,,,,,,,,,,,,,,,,,,,,,,,,,,,,,,,,,,,,,,,,,3.0,A,,0.0,A,,0.0,E,,0.0,E,,0.0,A,,0.0,A,,50.0,A,,37.0,X,Estimated data using trading partners database,17.0,A,,0.0,X,Estimated data using trading partners database,,,,,,,,,,,,,,,,,,,,,,,,,,,,,,,,,,,,,,,,,,,,,,,,,,,,,,,,,
186,'891,Serbia and Montenegro,656,'01610,"Coffee, green",5922,Export value,1000 USD,,,,,,,,,,,,,,,,,,,,,,,,,,,,,,,,,,,,,,,,,,,,,,,,,,,,,,,,,,,,,,,,,,,,,,,,,,,,,,,,,,,,,,,,,,,,,,0.0,X,Estimated data using trading partners database,0.0,A,,0.0,E,,0.0,E,,32.0,A,,4.0,A,,0.0,A,,0.0,E,,0.0,A,,0.0,A,,31.0,A,,30.0,X,Estimated data using trading partners database,24.0,A,,0.0,X,Estimated data using trading partners database,,,,,,,,,,,,,,,,,,,,,,,,,,,,,,,,,,,,,,,,,,,,,,,,,,,,,,,,,
196,'690,Seychelles,656,'01610,"Coffee, green",5610,Import quantity,t,40.0,A,,30.0,A,,30.0,A,,30.0,A,,30.0,A,,29.0,A,,18.0,A,,24.0,A,,20.0,I,,21.0,A,,18.0,A,,20.0,I,,13.0,A,,12.0,A,,10.0,A,,12.0,A,,7.0,A,,9.0,A,,13.0,A,,17.0,A,,24.0,A,,3.0,A,,3.0,A,,2.0,A,,4.0,A,,0.0,A,,0.0,A,,6.0,A,,0.0,A,,3.0,A,,0.0,A,,1.0,A,,1.0,A,,18.0,A,,17.0,A,,3.0,A,,13.0,A,,10.0,A,,15.0,I,,10.12,A,,2.0,A,,19.0,A,,26.0,A,,1.0,X,Estimated data using trading partners database,33.0,A,,21.0,A,,53.0,X,Estimated data using trading partners database,8.0,X,Estimated data using trading partners database,15.0,X,Estimated data using trading partners database,6.0,I,,5.0,X,Estimated data using trading partners database,3.0,X,Estimated data using trading partners database,43.0,X,Estimated data using trading partners database,8.67,I,,8.17,A,,26.53,I,,20.21,A,,13.56,A,,12.57,A,,12.73,A,,11.67,A,,14.41,A,,23.19,A,,30.61,A,
196,'690,Seychelles,656,'01610,"Coffee, green",5622,Import value,1000 USD,10.0,A,,10.0,A,,10.0,A,,10.0,A,,10.0,A,,14.0,A,,7.0,A,,10.0,A,,7.0,I,,6.0,A,,8.0,A,,9.0,A,,11.0,A,,10.0,A,,11.0,A,,15.0,A,,38.0,A,,52.0,A,,53.0,A,,177.0,A,,178.0,A,,9.0,A,,8.0,A,,6.0,A,,9.0,A,,0.0,A,,0.0,A,,19.0,A,,0.0,A,,43.0,A,,0.0,A,,6.0,A,,5.0,A,,82.0,A,,53.0,A,,10.0,A,,107.0,A,,76.0,A,,126.0,A,,63.0,A,,8.0,A,,102.0,A,,161.0,A,,11.0,X,Estimated data using trading partners database,230.0,A,,179.0,A,,342.0,A,,31.0,X,Estimated data using trading partners database,81.0,X,Estimated data using trading partners database,26.0,X,Estimated data using trading partners database,63.0,X,Estimated data using trading partners database,16.0,X,Estimated data using trading partners database,138.0,X,Estimated data using trading partners database,71.0,A,,48.0,A,,123.0,A,,109.0,A,,120.0,A,,74.0,A,,78.0,A,,70.0,A,,78.0,A,,206.0,A,,183.0,A,
197,'694,Sierra Leone,656,'01610,"Coffee, green",5610,Import quantity,t,,,,,,,,,,,,,,,,,,,,,,,,,,,,,,,,,,,,,,,,,,,,,,,,,,,,,,,,,,,,,,,,,,,,,,,,,,,,,,,,,,,,,,,,,,,,,,,,,,,,,,,,,,,,,,,,,,,,,,,,,,,,,,,,,,,,,,,,,,,,,,,,,,,,,,,,,,,,,,,,0.98,X,Estimated data using trading partners database,10.5,X,Estimated data using trading partners database,0.25,X,Estimated data using trading partners database,3.0,X,Estimated data using trading partners database,0.2,A,,1.62,X,Estimated data using trading partners database,0.32,X,Estimated data using trading partners database,19.22,X,Estimated data using trading partners database,0.76,X,Estimated data using trading partners database,0.01,X,Estimated data using trading partners database,0.8,X,Estimated data using trading partners database
197,'694,Sierra Leone,656,'01610,"Coffee, green",5622,Import value,1000 USD,,,,,,,,,,,,,,,,,,,,,,,,,,,,,,,,,,,,,,,,,,,,,,,,,,,,,,,,,,,,,,,,,,,,,,,,,,,,,,,,,,,,,,,,,,,,,,,,,,,,,,,,,,,,,,,,,,,,,,,,,,,,,,,,,,,,,,,,,,,,,,,,,,,,,,,,,,,,,,,,16.0,X,Estimated data using trading partners database,44.0,X,Estimated data using trading partners database,8.0,X,Estimated data using trading partners database,45.0,X,Estimated data using trading partners database,0.0,A,,24.0,X,Estimated data using trading partners database,0.0,X,Estimated data using trading partners database,105.0,X,Estimated data using trading partners database,4.0,X,Estimated data using trading partners database,0.0,X,Estimated data using trading partners database,6.0,X,Estimated data using trading partners database
197,'694,Sierra Leone,656,'01610,"Coffee, green",5910,Export quantity,t,5103.0,A,,2419.0,A,,3958.0,A,,6029.0,A,,3937.0,A,,9593.0,A,,668.0,A,,6418.0,A,,5871.0,A,,6686.0,A,,4138.0,A,,14057.0,A,,12059.0,A,,3157.0,A,,7370.0,A,,4688.0,A,,7480.0,A,,5421.0,A,,13298.0,A,,9909.0,A,,9288.0,A,,8658.0,A,,5562.0,A,,1924.0,A,,10237.0,A,,7383.0,A,,5681.0,A,,8026.0,A,,5246.0,A,,8200.0,X,Estimated data using trading partners database,6200.0,X,Estimated data using trading partners database,4323.0,A,,3255.0,A,,3778.0,A,,4700.0,X,Estimated data using trading partners database,1600.0,X,Estimated data using trading partners database,2900.0,X,Estimated data using trading partners database,2500.0,X,Estimated data using trading partners database,1350.0,X,Estimated data using trading partners database,2100.0,X,Estimated data using trading partners database,1237.0,X,Estimated data using trading partners database,3156.0,X,Estimated data using trading partners database,2038.0,X,Estimated data using trading partners database,950.0,X,Estimated data using trading partners database,634.0,X,Estimated data using trading partners database,1727.0,X,Estimated data using trading partners database,2194.0,X,Estimated data using trading partners database,1042.0,X,Estimated data using trading partners database,5275.0,X,Estimated data using trading partners database,2455.0,X,Estimated data using trading partners database,2168.0,X,Estimated data using trading partners database,3557.0,X,Estimated data using trading partners database,2927.0,X,Estimated data using trading partners database,2800.0,E,,3242.61,X,Estimated data using trading partners database,2800.0,E,,2333.3,X,Estimated data using trading partners database,2800.0,E,,2804.61,X,Estimated data using trading partners database,3461.28,X,Estimated data using trading partners database,1878.32,X,Estimated data using trading partners database,2352.96,X,Estimated data using trading partners database,1589.1,X,Estimated data using trading partners database,2468.77,X,Estimated data using trading partners database
197,'694,Sierra Leone,656,'01610,"Coffee, green",5922,Export value,1000 USD,1670.0,A,,870.0,A,,1830.0,A,,3810.0,A,,1890.0,A,,5509.0,A,,360.0,A,,3748.0,A,,3623.0,A,,5186.0,A,,4175.0,A,,11089.0,A,,12184.0,A,,3330.0,A,,7902.0,A,,11523.0,A,,30627.0,A,,18187.0,A,,34940.0,A,,27891.0,A,,16982.0,A,,14559.0,A,,9983.0,A,,4410.0,A,,27813.0,A,,19578.0,A,,17312.0,A,,14243.0,A,,7997.0,A,,8072.0,A,,5900.0,X,Estimated data using trading partners database,2782.0,A,,2551.0,A,,4339.0,A,,9300.0,X,Estimated data using trading partners database,2600.0,X,Estimated data using trading partners database,6500.0,X,Estimated data using trading partners database,4400.0,X,Estimated data using trading partners database,1850.0,X,Estimated data using trading partners database,2000.0,I,,1701.0,I,,1601.0,X,Estimated data using trading partners database,1337.0,X,Estimated data using trading partners database,592.0,X,Estimated data using trading partners database,547.0,X,Estimated data using trading partners database,1853.0,X,Estimated data using trading partners database,3404.0,X,Estimated data using trading partners database,2077.0,X,Estimated data using trading partners database,8755.0,I,,3391.0,X,Estimated data using trading partners database,4576.0,X,Estimated data using trading partners database,6748.0,X,Estimated data using trading partners database,5622.0,X,Estimated data using trading partners database,5000.0,E,,5982.0,X,Estimated data using trading partners database,5000.0,E,,4582.0,X,Estimated data using trading partners database,5000.0,E,,3697.0,X,Estimated data using trading partners database,4500.0,X,Estimated data using trading partners database,2881.0,X,Estimated data using trading partners database,4764.0,X,Estimated data using trading partners database,3472.0,X,Estimated data using trading partners database,9264.0,X,Estimated data using trading partners database
200,'702,Singapore,656,'01610,"Coffee, green",5610,Import quantity,t,59845.0,A,,55850.0,A,,60607.0,A,,5538.0,A,,3216.0,A,,15121.0,A,,7062.0,A,,12431.0,A,,10497.0,A,,8716.0,A,,11689.0,A,,5767.0,A,,10743.0,A,,10372.0,A,,5848.0,A,,19335.0,A,,17169.0,A,,10484.0,A,,13555.0,A,,6862.0,A,,20684.0,A,,30214.0,A,,37308.0,A,,57982.0,A,,45381.0,A,,71741.0,A,,41545.0,A,,23816.0,A,,15671.0,A,,57661.0,A,,56748.0,A,,82013.0,A,,78171.0,A,,95023.0,A,,41748.0,A,,17499.0,A,,38712.0,A,,18013.0,A,,18282.0,A,,10064.09,A,,9222.0,A,,10380.0,A,,6266.0,A,,9972.0,A,,23711.0,A,,21596.0,A,,16258.0,A,,12559.0,A,,10436.0,A,,9091.0,A,,9094.0,A,,12410.0,A,,11251.0,A,,10221.92,A,,12651.37,A,,11264.1,A,,10368.54,A,,12456.15,A,,12551.35,A,,6852.99,I,,9151.15,A,,11541.75,A,,10240.75,A,,10265.68,A,
200,'702,Singapore,656,'01610,"Coffee, green",5622,Import value,1000 USD,12832.0,A,,11172.0,A,,14259.0,A,,3303.0,A,,1735.0,A,,7576.0,A,,3320.0,A,,5369.0,A,,5036.0,A,,4853.0,A,,7172.0,A,,3284.0,A,,9422.0,A,,9962.0,A,,5888.0,A,,35543.0,A,,60996.0,A,,25893.0,A,,31554.0,A,,20374.0,A,,37357.0,A,,60471.0,A,,86827.0,A,,140994.0,A,,113489.0,A,,212485.0,A,,83904.0,A,,47148.0,A,,23468.0,A,,53228.0,A,,47174.0,A,,60405.0,A,,67704.0,A,,176422.0,A,,114755.0,A,,29368.0,A,,54662.0,A,,29015.0,A,,24715.0,A,,9349.0,A,,5646.0,A,,6144.0,A,,5406.0,A,,8111.0,A,,33478.0,A,,38147.0,A,,43794.0,A,,31834.0,A,,21460.0,A,,18656.0,A,,29895.0,A,,52989.0,A,,33485.0,A,,32278.0,A,,43091.0,A,,29954.0,A,,32117.0,A,,39949.0,A,,40190.0,A,,22786.0,A,,24530.0,A,,48683.0,A,,43071.0,A,,51484.0,A,
200,'702,Singapore,656,'01610,"Coffee, green",5910,Export quantity,t,57813.0,A,,53451.0,A,,71017.0,A,,12868.0,A,,14415.0,A,,32542.0,A,,76368.0,A,,59036.0,A,,68215.0,A,,45096.0,A,,30840.0,A,,26144.0,A,,17938.0,A,,20071.0,A,,19139.0,A,,26631.0,A,,26316.0,A,,33779.0,A,,25447.0,A,,27967.0,A,,45302.0,A,,51291.0,A,,40485.0,A,,58002.0,A,,55604.0,A,,84664.0,A,,65543.0,A,,78843.0,A,,37392.0,A,,67965.0,A,,74527.0,A,,73614.0,A,,83664.0,A,,151773.0,A,,85493.0,A,,46798.0,A,,52087.0,A,,29763.0,A,,20222.0,A,,12213.1,A,,8881.0,A,,8394.0,A,,6789.0,A,,10174.0,A,,8938.0,A,,9246.0,A,,6633.0,A,,6020.0,A,,3714.0,A,,5208.0,A,,7326.0,A,,3763.0,A,,3133.0,A,,3371.42,A,,2820.91,A,,3900.95,A,,3117.46,A,,5084.71,A,,3584.7,A,,2749.93,I,,3983.0,A,,4069.46,A,,4562.83,A,,4817.45,A,
200,'702,Singapore,656,'01610,"Coffee, green",5922,Export value,1000 USD,18122.0,A,,19993.0,A,,31199.0,A,,9352.0,A,,9122.0,A,,19776.0,A,,41404.0,A,,32922.0,A,,35979.0,A,,29838.0,A,,21309.0,A,,15920.0,A,,16113.0,A,,20775.0,A,,20639.0,A,,56046.0,A,,107289.0,A,,90332.0,A,,77090.0,A,,82813.0,A,,88795.0,A,,95246.0,A,,104835.0,A,,150541.0,A,,136613.0,A,,256721.0,A,,137303.0,A,,161943.0,A,,64261.0,A,,67024.0,A,,70633.0,A,,63522.0,A,,76132.0,A,,299087.0,A,,243863.0,A,,84721.0,A,,81027.0,A,,50155.0,A,,30114.0,A,,15447.0,A,,8656.0,A,,9190.0,A,,10347.0,A,,15240.0,A,,19905.0,A,,20884.0,A,,22978.0,A,,22922.0,A,,16281.0,A,,25287.0,A,,35025.0,A,,18040.0,A,,14674.0,A,,15643.0,A,,13903.0,A,,18204.0,A,,15926.0,A,,27926.0,A,,19154.0,A,,15528.0,A,,23733.0,A,,24523.0,A,,27003.0,A,,31176.0,A,
199,'703,Slovakia,656,'01610,"Coffee, green",5610,Import quantity,t,,,,,,,,,,,,,,,,,,,,,,,,,,,,,,,,,,,,,,,,,,,,,,,,,,,,,,,,,,,,,,,,,,,,,,,,,,,,,,,,,,,,,,,,,,,,,,,,,10011.0,A,,11823.0,A,,11504.0,A,,11547.0,A,,9355.0,A,,9885.0,A,,9623.0,A,,10148.0,A,,10584.0,A,,9086.0,A,,7591.0,A,,6645.0,A,,6011.0,X,Estimated data using trading partners database,4686.0,X,Estimated data using trading partners database,4605.0,X,Estimated data using trading partners database,8203.0,X,Estimated data using trading partners database,6635.0,X,Estimated data using trading partners database,4192.0,X,Estimated data using trading partners database,5795.0,A,,5080.0,X,Estimated data using trading partners database,5487.0,A,,3116.32,A,,4268.8,A,,3428.74,A,,4788.45,A,,5434.48,A,,5513.98,A,,4268.98,A,,5765.2,A,,3903.14,A,,4668.89,A,,5172.71,A,
199,'703,Slovakia,656,'01610,"Coffee, green",5622,Import value,1000 USD,,,,,,,,,,,,,,,,,,,,,,,,,,,,,,,,,,,,,,,,,,,,,,,,,,,,,,,,,,,,,,,,,,,,,,,,,,,,,,,,,,,,,,,,,,,,,,,,,13976.0,A,,26712.0,A,,42858.0,A,,28736.0,A,,26567.0,A,,26564.0,A,,20103.0,A,,16114.0,A,,10961.0,A,,7571.0,A,,6959.0,A,,7148.0,A,,9470.0,A,,11176.0,A,,12495.0,A,,21788.0,A,,20867.0,A,,13302.0,A,,40830.0,A,,39918.0,A,,19074.0,A,,16528.0,A,,16071.0,A,,10585.0,A,,17442.0,A,,17108.0,A,,16948.0,A,,13980.0,A,,22660.0,A,,18377.0,A,,22647.0,A,,25302.0,A,
199,'703,Slovakia,656,'01610,"Coffee, green",5910,Export quantity,t,,,,,,,,,,,,,,,,,,,,,,,,,,,,,,,,,,,,,,,,,,,,,,,,,,,,,,,,,,,,,,,,,,,,,,,,,,,,,,,,,,,,,,,,,,,,,,,,,78.0,A,,133.0,A,,80.0,A,,1.0,A,,4.0,A,,14.0,A,,3.0,A,,18.0,A,,71.0,A,,69.0,A,,44.0,A,,20.0,A,,2.0,A,,3.0,A,,0.0,X,Estimated data using trading partners database,1162.0,X,Estimated data using trading partners database,989.0,X,Estimated data using trading partners database,609.0,X,Estimated data using trading partners database,2085.0,A,,897.0,X,Estimated data using trading partners database,1022.0,X,Estimated data using trading partners database,628.17,A,,185.42,A,,83.94,A,,547.82,A,,661.52,A,,1850.06,A,,2974.69,A,,1678.03,A,,1242.79,A,,1198.39,A,,127.55,A,
199,'703,Slovakia,656,'01610,"Coffee, green",5922,Export value,1000 USD,,,,,,,,,,,,,,,,,,,,,,,,,,,,,,,,,,,,,,,,,,,,,,,,,,,,,,,,,,,,,,,,,,,,,,,,,,,,,,,,,,,,,,,,,,,,,,,,,26.0,A,,432.0,A,,331.0,A,,9.0,A,,36.0,A,,62.0,A,,57.0,A,,300.0,A,,245.0,A,,394.0,A,,174.0,A,,108.0,A,,31.0,A,,34.0,A,,0.0,X,Estimated data using trading partners database,9265.0,A,,9010.0,A,,5091.0,A,,21951.0,A,,22256.0,A,,6930.0,A,,5609.0,A,,1447.0,A,,472.0,A,,4046.0,A,,3880.0,A,,12820.0,A,,14185.0,A,,9454.0,A,,8456.0,A,,7743.0,A,,797.0,A,
198,'705,Slovenia,656,'01610,"Coffee, green",5610,Import quantity,t,,,,,,,,,,,,,,,,,,,,,,,,,,,,,,,,,,,,,,,,,,,,,,,,,,,,,,,,,,,,,,,,,,,,,,,,,,,,,,,,,,,,,,,,,,,,,,6886.0,A,,8116.0,A,,8597.0,A,,7852.0,A,,9154.0,A,,8861.0,A,,9216.0,A,,1340.0,X,Estimated data using trading partners database,10147.81,A,,10369.0,A,,10696.0,A,,9019.0,A,,9522.0,A,,9334.0,A,,8504.0,A,,8692.0,A,,9417.0,A,,10334.0,A,,10719.0,A,,9198.0,A,,9267.0,A,,11323.0,A,,11061.58,A,,11416.22,A,,13339.96,A,,17653.76,A,,24662.32,A,,29321.21,A,,27154.49,A,,27631.68,A,,27767.97,A,,27185.15,A,,24968.96,A,
198,'705,Slovenia,656,'01610,"Coffee, green",5622,Import value,1000 USD,,,,,,,,,,,,,,,,,,,,,,,,,,,,,,,,,,,,,,,,,,,,,,,,,,,,,,,,,,,,,,,,,,,,,,,,,,,,,,,,,,,,,,,,,,,,,,9290.0,A,,12881.0,A,,24776.0,A,,27260.0,A,,26126.0,A,,25827.0,A,,25286.0,A,,2820.0,X,Estimated data using trading partners database,16114.0,A,,13610.0,A,,11781.0,A,,10311.0,A,,12790.0,A,,15510.0,A,,16012.0,A,,20703.0,A,,26359.0,A,,24970.0,A,,28337.0,A,,35313.0,A,,33108.0,A,,30459.0,A,,30596.0,A,,33156.0,A,,33837.0,A,,48509.0,A,,60400.0,A,,62491.0,A,,56443.0,A,,66742.0,A,,99251.0,A,,97943.0,A,,112762.0,A,
198,'705,Slovenia,656,'01610,"Coffee, green",5910,Export quantity,t,,,,,,,,,,,,,,,,,,,,,,,,,,,,,,,,,,,,,,,,,,,,,,,,,,,,,,,,,,,,,,,,,,,,,,,,,,,,,,,,,,,,,,,,,,,,,,34.0,A,,47.0,A,,55.0,A,,63.0,A,,115.0,A,,66.0,A,,112.0,A,,3.0,X,Estimated data using trading partners database,90.19,A,,98.0,A,,227.0,A,,235.0,A,,442.0,A,,854.0,A,,519.0,A,,550.0,A,,1397.0,A,,2348.0,A,,2783.0,A,,989.0,A,,619.0,A,,2479.0,A,,2025.7,A,,2163.19,A,,4477.51,A,,9223.95,A,,15408.86,A,,20430.29,A,,18157.44,A,,18521.18,A,,17667.85,A,,17128.72,A,,14852.03,A,
198,'705,Slovenia,656,'01610,"Coffee, green",5922,Export value,1000 USD,,,,,,,,,,,,,,,,,,,,,,,,,,,,,,,,,,,,,,,,,,,,,,,,,,,,,,,,,,,,,,,,,,,,,,,,,,,,,,,,,,,,,,,,,,,,,,62.0,A,,71.0,A,,154.0,A,,230.0,A,,314.0,A,,220.0,A,,373.0,A,,8.0,X,Estimated data using trading partners database,300.0,A,,173.0,A,,340.0,A,,376.0,A,,794.0,A,,1637.0,A,,1121.0,A,,1397.0,A,,3888.0,A,,5511.0,A,,6508.0,A,,3656.0,A,,2161.0,A,,6025.0,A,,4689.0,A,,4728.0,A,,13225.0,A,,24078.0,A,,35082.0,A,,40832.0,A,,35791.0,A,,43173.0,A,,61080.0,A,,58405.0,A,,69824.0,A,
25,'090,Solomon Islands,656,'01610,"Coffee, green",5610,Import quantity,t,2.0,A,,2.0,A,,3.0,A,,5.0,A,,4.0,I,,6.0,I,,6.0,I,,8.0,I,,7.0,I,,13.0,I,,10.0,I,,11.0,A,,7.0,A,,12.0,A,,8.0,A,,20.0,A,,14.0,A,,13.0,A,,17.0,A,,19.0,A,,20.0,A,,16.0,A,,13.0,A,,20.0,A,,19.0,A,,15.0,A,,11.0,A,,14.0,A,,10.0,I,,10.0,I,,10.0,I,,10.0,I,,10.0,E,,10.0,E,,10.0,E,,10.0,E,,145.0,X,Estimated data using trading partners database,126.0,X,Estimated data using trading partners database,126.0,E,,126.0,E,,126.0,E,,26.0,A,,9.0,A,,15.0,A,,11.0,A,,46.0,X,Estimated data using trading partners database,75.0,A,,80.0,I,,85.0,I,,80.0,I,,42.0,X,Estimated data using trading partners database,38.0,A,,31.0,A,,0.04,X,Estimated data using trading partners database,0.21,X,Estimated data using trading partners database,,,,0.0,A,,0.0,A,,0.32,X,Estimated data using trading partners database,1.06,X,Estimated data using trading partners database,,,,,,,0.03,X,Estimated data using trading partners database,,,
25,'090,Solomon Islands,656,'01610,"Coffee, green",5622,Import value,1000 USD,9.0,A,,9.0,A,,12.0,A,,15.0,A,,14.0,A,,18.0,A,,18.0,A,,23.0,A,,18.0,A,,39.0,A,,30.0,A,,36.0,A,,40.0,A,,51.0,A,,41.0,A,,82.0,A,,101.0,A,,113.0,A,,118.0,A,,137.0,A,,149.0,A,,166.0,A,,129.0,A,,186.0,A,,169.0,A,,179.0,A,,120.0,A,,157.0,A,,90.0,I,,80.0,I,,80.0,I,,70.0,I,,70.0,E,,70.0,E,,70.0,E,,70.0,E,,270.0,X,Estimated data using trading partners database,220.0,X,Estimated data using trading partners database,220.0,E,,220.0,E,,220.0,E,,65.0,A,,80.0,A,,67.0,A,,48.0,A,,170.0,A,,187.0,A,,200.0,I,,220.0,I,,230.0,I,,126.0,A,,196.0,A,,163.0,A,,1.0,X,Estimated data using trading partners database,7.0,X,Estimated data using trading partners database,,,,229.0,A,,25.0,A,,8.0,X,Estimated data using trading partners database,3.0,X,Estimated data using trading partners database,,,,,,,2.0,X,Estimated data using trading partners database,,,
25,'090,Solomon Islands,656,'01610,"Coffee, green",5910,Export quantity,t,,,,,,,,,,,,,,,,,,,,,,,,,,,,,,,,,,,,,,,,,,,,,,,,,,,,,,,,,,,,,,,,,,,,,,,,,,,,,,,,,,,,,,,,,,,,,,,,,,,,,,,,,,,,,,,,,,,,,,,,,,,,,,,,,,,,,,,,,,,,,,,,,,,,,,,,,,,,,,,,,,,,,,1.48,X,Estimated data using trading partners database,,,,,,,0.2,X,Estimated data using trading partners database,,,,0.01,X,Estimated data using trading partners database,0.0,X,Estimated data using trading partners database,18.98,X,Estimated data using trading partners database,,,
25,'090,Solomon Islands,656,'01610,"Coffee, green",5922,Export value,1000 USD,,,,,,,,,,,,,,,,,,,,,,,,,,,,,,,,,,,,,,,,,,,,,,,,,,,,,,,,,,,,,,,,,,,,,,,,,,,,,,,,,,,,,,,,,,,,,,,,,,,,,,,,,,,,,,,,,,,,,,,,,,,,,,,,,,,,,,,,,,,,,,,,,,,,,,,,,,,,,,,,,,,,,,0.0,X,Estimated data using trading partners database,,,,,,,2.0,X,Estimated data using trading partners database,,,,0.0,X,Estimated data using trading partners database,0.0,X,Estimated data using trading partners database,115.0,X,Estimated data using trading partners database,,,
201,'706,Somalia,656,'01610,"Coffee, green",5610,Import quantity,t,1520.0,A,,460.0,A,,1600.0,A,,1340.0,A,,479.0,A,,1610.0,A,,1771.0,A,,2671.0,A,,492.0,A,,1522.0,A,,1953.0,A,,1221.0,A,,577.0,A,,1652.0,A,,925.0,A,,2695.0,A,,532.0,A,,456.0,A,,1402.0,A,,662.0,A,,1145.0,A,,1225.0,A,,578.0,A,,0.0,A,,0.0,A,,0.0,A,,0.0,A,,0.0,A,,0.0,A,,0.0,A,,0.0,A,,0.0,A,,0.0,A,,0.0,E,,0.0,E,,0.0,E,,0.0,E,,0.0,E,,0.0,E,,0.0,E,,0.0,E,,86.0,X,Estimated data using trading partners database,53.0,X,Estimated data using trading partners database,66.0,X,Estimated data using trading partners database,15.0,X,Estimated data using trading partners database,64.0,X,Estimated data using trading partners database,9.0,X,Estimated data using trading partners database,16.0,X,Estimated data using trading partners database,10.0,X,Estimated data using trading partners database,0.0,X,Estimated data using trading partners database,0.0,E,,0.0,E,,3.0,X,Estimated data using trading partners database,0.14,X,Estimated data using trading partners database,0.33,X,Estimated data using trading partners database,20.97,X,Estimated data using trading partners database,7.18,X,Estimated data using trading partners database,50.93,X,Estimated data using trading partners database,46.23,X,Estimated data using trading partners database,139.85,X,Estimated data using trading partners database,272.65,X,Estimated data using trading partners database,600.97,X,Estimated data using trading partners database,337.32,X,Estimated data using trading partners database,0.66,X,Estimated data using trading partners database
201,'706,Somalia,656,'01610,"Coffee, green",5622,Import value,1000 USD,180.0,A,,90.0,A,,210.0,A,,250.0,A,,158.0,A,,224.0,A,,278.0,A,,226.0,A,,49.0,A,,197.0,A,,219.0,A,,170.0,A,,114.0,A,,356.0,A,,216.0,A,,713.0,A,,151.0,A,,156.0,A,,391.0,A,,309.0,A,,455.0,A,,666.0,A,,101.0,A,,0.0,A,,0.0,A,,0.0,A,,0.0,A,,0.0,A,,0.0,A,,0.0,A,,0.0,A,,0.0,A,,0.0,A,,0.0,E,,0.0,E,,0.0,E,,0.0,E,,0.0,E,,0.0,E,,0.0,E,,0.0,E,,19.0,X,Estimated data using trading partners database,7.0,X,Estimated data using trading partners database,148.0,X,Estimated data using trading partners database,35.0,X,Estimated data using trading partners database,39.0,X,Estimated data using trading partners database,4.0,X,Estimated data using trading partners database,12.0,X,Estimated data using trading partners database,6.0,X,Estimated data using trading partners database,0.0,X,Estimated data using trading partners database,0.0,E,,0.0,E,,3.0,X,Estimated data using trading partners database,4.0,X,Estimated data using trading partners database,2.0,X,Estimated data using trading partners database,65.0,X,Estimated data using trading partners database,38.0,X,Estimated data using trading partners database,162.0,X,Estimated data using trading partners database,140.0,X,Estimated data using trading partners database,262.0,X,Estimated data using trading partners database,502.0,X,Estimated data using trading partners database,1483.0,X,Estimated data using trading partners database,1074.0,X,Estimated data using trading partners database,7.0,X,Estimated data using trading partners database
201,'706,Somalia,656,'01610,"Coffee, green",5910,Export quantity,t,,,,,,,,,,,,,,,,,,,,,,,,,,,,,,,,,,,,,,,,,,,,,,,,,,,,,,,,,,,,,,,,,,,,,,,,,,,,,,,,,,,,,,,,,,,,,,,,,,,,,,,,,,,,,,,,,,,,,,,,,,,,,,,,,,,,,,,,,,,,,,,,,,,,,,,,,,,,,,,,,,,,,,0.01,X,Estimated data using trading partners database,,,,,,,19.66,X,Estimated data using trading partners database,,,,,,,,,,,,,5.62,X,Estimated data using trading partners database
201,'706,Somalia,656,'01610,"Coffee, green",5922,Export value,1000 USD,,,,,,,,,,,,,,,,,,,,,,,,,,,,,,,,,,,,,,,,,,,,,,,,,,,,,,,,,,,,,,,,,,,,,,,,,,,,,,,,,,,,,,,,,,,,,,,,,,,,,,,,,,,,,,,,,,,,,,,,,,,,,,,,,,,,,,,,,,,,,,,,,,,,,,,,,,,,,,,,,,,,,,0.0,X,Estimated data using trading partners database,,,,,,,50.0,X,Estimated data using trading partners database,,,,,,,,,,,,,27.0,X,Estimated data using trading partners database
202,'710,South Africa,656,'01610,"Coffee, green",5610,Import quantity,t,11100.0,A,,12380.0,A,,18780.0,A,,10081.0,A,,10076.0,A,,12747.0,A,,11684.0,A,,15579.0,A,,13828.0,A,,15113.0,A,,17772.0,A,,17713.0,A,,17363.0,A,,19045.0,A,,18213.0,A,,15430.0,A,,13951.0,A,,10265.0,A,,17027.0,A,,14782.0,A,,15956.0,A,,15006.0,A,,19475.0,A,,18148.0,A,,16855.0,A,,16253.0,A,,15405.0,A,,15527.0,A,,16111.0,A,,17113.0,A,,16776.0,A,,20102.0,A,,23372.0,A,,17567.0,A,,18045.0,A,,18940.0,A,,18345.0,A,,19711.0,A,,16988.0,A,,23137.62,A,,18000.0,I,,19970.0,A,,21322.0,A,,22900.0,A,,24820.0,A,,27651.0,A,,20743.0,A,,26529.0,A,,19376.0,A,,24683.0,A,,23148.0,A,,20573.0,A,,19543.0,A,,21857.81,A,,21196.23,A,,22363.41,A,,22723.6,A,,21497.38,A,,22987.57,A,,25574.45,A,,22998.0,A,,19004.13,A,,20970.95,A,,24457.97,I,
202,'710,South Africa,656,'01610,"Coffee, green",5622,Import value,1000 USD,5450.0,A,,5700.0,A,,9130.0,A,,6538.0,A,,6863.0,A,,7795.0,A,,6651.0,A,,8565.0,A,,8040.0,A,,9518.0,A,,10004.0,A,,8698.0,A,,12734.0,A,,18529.0,A,,19961.0,A,,27874.0,A,,58322.0,A,,25094.0,A,,47309.0,A,,45047.0,A,,28918.0,A,,19212.0,A,,21774.0,A,,21940.0,A,,24698.0,A,,45534.0,A,,26366.0,A,,25923.0,A,,20887.0,A,,17243.0,A,,16814.0,A,,15964.0,A,,19490.0,A,,36755.0,A,,49198.0,A,,37450.0,A,,38256.0,A,,36646.0,A,,27444.0,A,,24150.0,A,,19000.0,A,,14610.0,A,,18728.0,A,,21421.0,A,,31561.0,A,,38482.0,A,,38480.0,A,,61156.0,A,,39524.0,A,,51929.0,A,,74946.0,A,,64936.0,A,,51572.0,A,,57507.0,A,,53012.0,A,,54276.0,A,,64020.0,A,,55528.0,A,,53270.0,A,,54359.0,A,,52621.0,A,,71555.0,A,,78670.0,A,,100606.0,A,
202,'710,South Africa,656,'01610,"Coffee, green",5910,Export quantity,t,190.0,A,,330.0,A,,850.0,A,,170.0,A,,70.0,A,,118.0,A,,173.0,A,,99.0,A,,180.0,A,,88.0,A,,155.0,A,,200.0,A,,40.0,X,Estimated data using trading partners database,100.0,X,Estimated data using trading partners database,33.0,X,Estimated data using trading partners database,60.0,X,Estimated data using trading partners database,70.0,X,Estimated data using trading partners database,200.0,X,Estimated data using trading partners database,165.0,X,Estimated data using trading partners database,200.0,X,Estimated data using trading partners database,1400.0,X,Estimated data using trading partners database,720.0,X,Estimated data using trading partners database,220.0,X,Estimated data using trading partners database,200.0,X,Estimated data using trading partners database,325.0,A,,65.0,X,Estimated data using trading partners database,240.0,X,Estimated data using trading partners database,515.0,A,,138.0,A,,617.0,A,,119.0,A,,408.0,A,,110.0,I,,105.0,A,,826.0,A,,914.0,A,,3656.0,A,,5905.0,A,,1721.0,A,,1102.92,A,,619.0,X,Estimated data using trading partners database,457.0,X,Estimated data using trading partners database,105.0,A,,764.0,A,,1275.0,A,,3851.0,A,,7148.0,A,,1919.0,A,,1112.0,A,,640.0,A,,936.0,A,,819.0,A,,2156.0,A,,2214.96,A,,1755.54,A,,1878.87,A,,1656.62,A,,1613.53,A,,1209.43,A,,1273.61,X,Estimated data using trading partners database,1282.28,A,,1017.55,A,,1093.92,A,,1112.56,I,
202,'710,South Africa,656,'01610,"Coffee, green",5922,Export value,1000 USD,190.0,A,,230.0,A,,670.0,A,,150.0,A,,70.0,A,,109.0,A,,177.0,A,,120.0,A,,201.0,A,,114.0,A,,193.0,A,,250.0,A,,75.0,A,,170.0,A,,49.0,A,,155.0,A,,275.0,A,,622.0,A,,526.0,A,,614.0,A,,3718.0,A,,1991.0,A,,626.0,A,,581.0,A,,647.0,A,,235.0,A,,514.0,A,,887.0,A,,311.0,A,,1067.0,A,,312.0,A,,419.0,A,,121.0,A,,213.0,A,,2193.0,A,,2213.0,A,,10844.0,A,,13768.0,A,,3257.0,A,,2526.0,A,,1309.0,A,,900.0,I,,233.0,A,,876.0,A,,1781.0,A,,3781.0,A,,4288.0,A,,4726.0,A,,3149.0,A,,2505.0,A,,2779.0,A,,2574.0,A,,8581.0,A,,8024.0,A,,6109.0,A,,6546.0,A,,7042.0,A,,7377.0,A,,5208.0,A,,4228.0,A,,6212.0,A,,5923.0,A,,6441.0,A,,7558.0,A,
277,'728,South Sudan,656,'01610,"Coffee, green",5610,Import quantity,t,,,,,,,,,,,,,,,,,,,,,,,,,,,,,,,,,,,,,,,,,,,,,,,,,,,,,,,,,,,,,,,,,,,,,,,,,,,,,,,,,,,,,,,,,,,,,,,,,,,,,,,,,,,,,,,,,,,,,,,,,,,,,,,,,,,,,,,,,,,,,,,,,,,,,,,,,,0.0,X,Estimated data using trading partners database,20.0,X,Estimated data using trading partners database,210.35,X,Estimated data using trading partners database,199.13,X,Estimated data using trading partners database,400.09,X,Estimated data using trading partners database,399.4,X,Estimated data using trading partners database,11.67,X,Estimated data using trading partners database,1090.58,X,Estimated data using trading partners database,856.07,X,Estimated data using trading partners database,591.93,X,Estimated data using trading partners database,1731.49,X,Estimated data using trading partners database,752.47,X,Estimated data using trading partners database,407.0,X,Estimated data using trading partners database
277,'728,South Sudan,656,'01610,"Coffee, green",5622,Import value,1000 USD,,,,,,,,,,,,,,,,,,,,,,,,,,,,,,,,,,,,,,,,,,,,,,,,,,,,,,,,,,,,,,,,,,,,,,,,,,,,,,,,,,,,,,,,,,,,,,,,,,,,,,,,,,,,,,,,,,,,,,,,,,,,,,,,,,,,,,,,,,,,,,,,,,,,,,,,,,0.0,X,Estimated data using trading partners database,62.0,X,Estimated data using trading partners database,509.0,X,Estimated data using trading partners database,423.0,X,Estimated data using trading partners database,696.0,X,Estimated data using trading partners database,917.0,X,Estimated data using trading partners database,31.0,X,Estimated data using trading partners database,1544.0,X,Estimated data using trading partners database,1598.0,X,Estimated data using trading partners database,1274.0,X,Estimated data using trading partners database,4185.0,X,Estimated data using trading partners database,2041.0,X,Estimated data using trading partners database,1215.0,X,Estimated data using trading partners database
277,'728,South Sudan,656,'01610,"Coffee, green",5910,Export quantity,t,,,,,,,,,,,,,,,,,,,,,,,,,,,,,,,,,,,,,,,,,,,,,,,,,,,,,,,,,,,,,,,,,,,,,,,,,,,,,,,,,,,,,,,,,,,,,,,,,,,,,,,,,,,,,,,,,,,,,,,,,,,,,,,,,,,,,,,,,,,,,,,,,,,,,,,,,,0.0,X,Estimated data using trading partners database,0.0,E,,7.57,X,Estimated data using trading partners database,4.6,X,Estimated data using trading partners database,23.8,X,Estimated data using trading partners database,,,,,,,,,,0.0,X,Estimated data using trading partners database,,,,,,,,,,,,
277,'728,South Sudan,656,'01610,"Coffee, green",5922,Export value,1000 USD,,,,,,,,,,,,,,,,,,,,,,,,,,,,,,,,,,,,,,,,,,,,,,,,,,,,,,,,,,,,,,,,,,,,,,,,,,,,,,,,,,,,,,,,,,,,,,,,,,,,,,,,,,,,,,,,,,,,,,,,,,,,,,,,,,,,,,,,,,,,,,,,,,,,,,,,,,0.0,X,Estimated data using trading partners database,0.0,E,,22.0,X,Estimated data using trading partners database,28.0,X,Estimated data using trading partners database,141.0,X,Estimated data using trading partners database,,,,,,,,,,0.0,X,Estimated data using trading partners database,,,,,,,,,,,,
203,'724,Spain,656,'01610,"Coffee, green",5610,Import quantity,t,16396.0,A,,22287.0,A,,31678.0,A,,39254.0,A,,43098.0,A,,49135.0,A,,46247.0,A,,54306.0,A,,67546.0,A,,82823.0,A,,71766.0,A,,85667.0,A,,79654.0,A,,89436.0,A,,81617.0,A,,97185.0,A,,82269.0,A,,90807.0,A,,109450.0,A,,149613.0,A,,113604.0,A,,113116.0,A,,139229.0,A,,124363.0,A,,128701.0,A,,144485.0,A,,156170.0,A,,149133.0,A,,160281.0,A,,176056.0,A,,173999.0,A,,182936.0,A,,177303.0,A,,176643.0,A,,176899.0,A,,197124.0,A,,206536.0,A,,204397.0,A,,211761.0,A,,212767.0,A,,222710.0,A,,218322.0,A,,226966.0,A,,225736.0,A,,240818.0,A,,240919.0,A,,258527.0,A,,254136.0,A,,255398.0,A,,267486.0,A,,255259.0,A,,267889.0,A,,264257.0,A,,270779.72,A,,278654.09,A,,287503.91,A,,273842.07,A,,289358.18,A,,305035.38,A,,317416.77,A,,310115.46,A,,346632.42,A,,305667.2,A,,345275.23,A,
203,'724,Spain,656,'01610,"Coffee, green",5622,Import value,1000 USD,13207.0,A,,16176.0,A,,22951.0,A,,34253.0,A,,39254.0,A,,46460.0,A,,42082.0,A,,46729.0,A,,58362.0,A,,86442.0,A,,75549.0,A,,95564.0,A,,107394.0,A,,132326.0,A,,117214.0,A,,219872.0,A,,445765.0,A,,351096.0,A,,371342.0,A,,559027.0,A,,285126.0,A,,298099.0,A,,361755.0,A,,367617.0,A,,360910.0,A,,561341.0,A,,373282.0,A,,366291.0,A,,335489.0,A,,267474.0,A,,258778.0,A,,222249.0,A,,215917.0,A,,399913.0,A,,587341.0,A,,441584.0,A,,501187.0,A,,470418.0,A,,376508.0,A,,299362.0,A,,202293.0,A,,177962.0,A,,228658.0,A,,243560.0,A,,356996.0,A,,417997.0,A,,539600.0,A,,658460.0,A,,550755.0,A,,643772.0,A,,963403.0,A,,838452.0,A,,683963.0,A,,740773.0,A,,699495.0,A,,668609.0,A,,735194.0,A,,655272.0,A,,606780.0,A,,633487.0,A,,657866.0,A,,1036564.0,A,,928555.0,A,,1362108.0,A,
203,'724,Spain,656,'01610,"Coffee, green",5910,Export quantity,t,0.0,A,,0.0,A,,0.0,A,,0.0,A,,0.0,A,,0.0,A,,0.0,A,,1.0,A,,0.0,A,,0.0,A,,0.0,A,,0.0,A,,0.0,A,,0.0,A,,13.0,A,,26.0,A,,5.0,A,,0.0,A,,0.0,A,,33.0,A,,275.0,A,,296.0,A,,711.0,A,,468.0,A,,380.0,A,,893.0,A,,5269.0,A,,12075.0,A,,3024.0,A,,10154.0,A,,9930.0,A,,11101.0,A,,13243.0,A,,14574.0,A,,10728.0,A,,14474.0,A,,16209.0,A,,13212.0,A,,9144.0,A,,14693.0,A,,16321.0,A,,12201.0,A,,18101.0,A,,20690.0,A,,22486.0,A,,15637.0,A,,14441.0,A,,17189.0,A,,25892.0,A,,28548.0,A,,20772.0,A,,20839.0,X,Estimated data using trading partners database,23322.0,A,,27286.23,A,,25537.79,A,,31036.07,A,,31206.08,A,,24720.85,A,,28443.62,A,,38611.09,A,,46279.73,A,,57157.23,A,,37555.49,A,,32583.4,A,
203,'724,Spain,656,'01610,"Coffee, green",5922,Export value,1000 USD,0.0,A,,0.0,A,,0.0,A,,0.0,A,,0.0,A,,0.0,A,,0.0,A,,1.0,A,,0.0,A,,0.0,A,,0.0,A,,0.0,A,,0.0,A,,0.0,A,,14.0,A,,17.0,A,,5.0,A,,0.0,A,,0.0,A,,219.0,A,,942.0,A,,1061.0,A,,1869.0,A,,1525.0,A,,1007.0,A,,3827.0,A,,15884.0,A,,18656.0,A,,10025.0,A,,22976.0,A,,24984.0,A,,22750.0,A,,18972.0,A,,41889.0,A,,47446.0,A,,44269.0,A,,43012.0,A,,34616.0,A,,21321.0,A,,31139.0,A,,25157.0,A,,16409.0,A,,28494.0,A,,35414.0,A,,47853.0,A,,42936.0,A,,48707.0,A,,69505.0,A,,82116.0,A,,100417.0,A,,119893.0,A,,112891.0,A,,112138.0,A,,123303.0,A,,117087.0,A,,94056.0,A,,105768.0,A,,90844.0,A,,92212.0,A,,104853.0,A,,129881.0,A,,158937.0,A,,116659.0,A,,120397.0,A,
38,'144,Sri Lanka,656,'01610,"Coffee, green",5610,Import quantity,t,0.0,A,,0.0,A,,0.0,A,,0.0,A,,0.0,A,,0.0,A,,0.0,A,,0.0,A,,0.0,A,,0.0,A,,0.0,A,,0.0,A,,0.0,A,,0.0,A,,0.0,A,,0.0,A,,0.0,A,,0.0,A,,0.0,A,,0.0,A,,4.0,A,,3.0,A,,1203.0,A,,186.0,A,,61.0,A,,1.0,A,,0.0,A,,606.0,A,,1.0,A,,1.0,A,,2.0,A,,3.0,A,,3.0,A,,13.0,A,,6.0,A,,2.0,A,,8.0,A,,2.0,A,,37.0,A,,3.08,A,,1.0,A,,1.0,A,,2.0,A,,2.0,X,Estimated data using trading partners database,3.0,A,,2.0,X,Estimated data using trading partners database,18.0,X,Estimated data using trading partners database,36.0,A,,4.0,A,,6.0,A,,4.0,A,,19.0,A,,13.0,A,,8.41,A,,3.16,A,,29.76,A,,8.14,A,,74.45,X,Estimated data using trading partners database,38.9,A,,63.7,A,,2.31,A,,0.62,A,,3.67,A,,0.33,A,
38,'144,Sri Lanka,656,'01610,"Coffee, green",5622,Import value,1000 USD,0.0,A,,0.0,A,,0.0,A,,0.0,A,,0.0,A,,0.0,A,,0.0,A,,0.0,A,,0.0,A,,0.0,A,,0.0,A,,0.0,A,,0.0,A,,0.0,A,,0.0,A,,0.0,A,,0.0,A,,0.0,A,,0.0,A,,0.0,A,,35.0,A,,19.0,A,,2122.0,A,,387.0,A,,106.0,A,,5.0,A,,0.0,A,,838.0,A,,10.0,A,,17.0,A,,21.0,A,,31.0,A,,55.0,A,,29.0,A,,54.0,A,,13.0,A,,51.0,A,,13.0,A,,64.0,A,,21.0,A,,9.0,A,,7.0,A,,15.0,A,,13.0,A,,19.0,A,,11.0,X,Estimated data using trading partners database,16.0,X,Estimated data using trading partners database,37.0,A,,9.0,A,,18.0,A,,17.0,A,,46.0,A,,96.0,A,,61.0,A,,13.0,A,,72.0,A,,34.0,A,,129.0,X,Estimated data using trading partners database,51.0,A,,107.0,A,,7.0,A,,2.0,A,,17.0,A,,3.0,A,
38,'144,Sri Lanka,656,'01610,"Coffee, green",5910,Export quantity,t,0.0,A,,0.0,A,,0.0,A,,0.0,A,,0.0,A,,0.0,A,,0.0,A,,0.0,A,,0.0,A,,0.0,A,,0.0,A,,0.0,A,,132.0,A,,420.0,A,,1257.0,A,,1709.0,A,,986.0,A,,2319.0,A,,2603.0,A,,909.0,A,,2037.0,A,,2920.0,A,,3124.0,A,,3679.0,A,,4956.0,A,,2529.0,A,,743.0,A,,3447.0,A,,1106.0,A,,1330.0,A,,2412.0,A,,1647.0,A,,735.0,A,,1967.0,A,,1206.0,A,,634.0,A,,926.0,A,,1504.0,A,,816.0,A,,26.76,A,,0.0,A,,12.0,X,Estimated data using trading partners database,183.0,A,,87.0,A,,123.0,A,,254.0,X,Estimated data using trading partners database,41.0,X,Estimated data using trading partners database,80.0,A,,55.0,A,,151.0,A,,3.0,A,,1.0,X,Estimated data using trading partners database,9.0,A,,42.7,A,,3.84,A,,0.67,A,,2.08,A,,200.01,X,Estimated data using trading partners database,2.32,A,,3.82,A,,8.73,A,,6.72,A,,5.77,A,,2.69,A,
38,'144,Sri Lanka,656,'01610,"Coffee, green",5922,Export value,1000 USD,0.0,A,,0.0,A,,0.0,A,,0.0,A,,0.0,A,,0.0,A,,0.0,A,,0.0,A,,0.0,A,,0.0,A,,0.0,A,,0.0,A,,98.0,A,,311.0,A,,1372.0,A,,2891.0,A,,3919.0,A,,5453.0,A,,6802.0,A,,2401.0,A,,3386.0,A,,5280.0,A,,7021.0,A,,9125.0,A,,10192.0,A,,7726.0,A,,1334.0,A,,6013.0,A,,1592.0,A,,975.0,A,,1564.0,A,,1096.0,A,,662.0,A,,3707.0,A,,2347.0,A,,902.0,A,,1156.0,A,,1953.0,A,,1052.0,A,,31.0,A,,2.0,A,,25.0,A,,157.0,A,,133.0,A,,118.0,A,,479.0,X,Estimated data using trading partners database,115.0,X,Estimated data using trading partners database,189.0,A,,86.0,A,,278.0,A,,12.0,A,,14.0,A,,51.0,A,,104.0,A,,31.0,A,,5.0,A,,19.0,A,,2747.0,X,Estimated data using trading partners database,27.0,A,,60.0,A,,74.0,A,,63.0,A,,61.0,A,,26.0,A,
276,'729,Sudan,656,'01610,"Coffee, green",5610,Import quantity,t,,,,,,,,,,,,,,,,,,,,,,,,,,,,,,,,,,,,,,,,,,,,,,,,,,,,,,,,,,,,,,,,,,,,,,,,,,,,,,,,,,,,,,,,,,,,,,,,,,,,,,,,,,,,,,,,,,,,,,,,,,,,,,,,,,,,,,,,,,,,,,,,,,,,,,,,,,24628.0,A,,47530.0,X,Estimated data using trading partners database,39065.34,X,Estimated data using trading partners database,35567.23,A,,16674.51,A,,20239.24,I,,18995.86,A,,51594.2,X,Estimated data using trading partners database,73004.89,X,Estimated data using trading partners database,33698.74,X,Estimated data using trading partners database,59753.0,X,Estimated data using trading partners database,64018.0,X,Estimated data using trading partners database,18099.88,X,Estimated data using trading partners database
276,'729,Sudan,656,'01610,"Coffee, green",5622,Import value,1000 USD,,,,,,,,,,,,,,,,,,,,,,,,,,,,,,,,,,,,,,,,,,,,,,,,,,,,,,,,,,,,,,,,,,,,,,,,,,,,,,,,,,,,,,,,,,,,,,,,,,,,,,,,,,,,,,,,,,,,,,,,,,,,,,,,,,,,,,,,,,,,,,,,,,,,,,,,,,29574.0,A,,99654.0,X,Estimated data using trading partners database,94565.0,X,Estimated data using trading partners database,44023.0,A,,44698.0,A,,59901.0,A,,61874.0,A,,94615.0,X,Estimated data using trading partners database,128748.0,X,Estimated data using trading partners database,68181.0,X,Estimated data using trading partners database,142825.0,X,Estimated data using trading partners database,149069.0,X,Estimated data using trading partners database,70999.0,X,Estimated data using trading partners database
276,'729,Sudan,656,'01610,"Coffee, green",5910,Export quantity,t,,,,,,,,,,,,,,,,,,,,,,,,,,,,,,,,,,,,,,,,,,,,,,,,,,,,,,,,,,,,,,,,,,,,,,,,,,,,,,,,,,,,,,,,,,,,,,,,,,,,,,,,,,,,,,,,,,,,,,,,,,,,,,,,,,,,,,,,,,,,,,,,,,,,,,,,,,3.0,A,,0.0,X,Estimated data using trading partners database,7.62,X,Estimated data using trading partners database,,,,,,,,,,,,,,,,0.06,X,Estimated data using trading partners database,,,,0.0,X,Estimated data using trading partners database,0.3,X,Estimated data using trading partners database,0.57,X,Estimated data using trading partners database
276,'729,Sudan,656,'01610,"Coffee, green",5922,Export value,1000 USD,,,,,,,,,,,,,,,,,,,,,,,,,,,,,,,,,,,,,,,,,,,,,,,,,,,,,,,,,,,,,,,,,,,,,,,,,,,,,,,,,,,,,,,,,,,,,,,,,,,,,,,,,,,,,,,,,,,,,,,,,,,,,,,,,,,,,,,,,,,,,,,,,,,,,,,,,,5.0,A,,0.0,X,Estimated data using trading partners database,53.0,X,Estimated data using trading partners database,,,,,,,,,,,,,,,,0.0,X,Estimated data using trading partners database,,,,0.0,X,Estimated data using trading partners database,1.0,X,Estimated data using trading partners database,2.0,X,Estimated data using trading partners database
206,'736,Sudan (former),656,'01610,"Coffee, green",5610,Import quantity,t,9410.0,A,,7730.0,A,,11980.0,A,,11170.0,A,,9500.0,A,,14006.0,A,,11410.0,A,,15030.0,A,,3893.0,A,,14374.0,A,,12052.0,A,,14016.0,A,,7357.0,A,,8608.0,A,,7723.0,A,,7909.0,A,,5857.0,A,,653.0,A,,1750.0,A,,3934.0,A,,1341.0,A,,2618.0,A,,3807.0,A,,5726.0,A,,4384.0,A,,2123.0,A,,928.0,A,,4859.0,A,,11544.0,A,,1600.0,X,Estimated data using trading partners database,7400.0,X,Estimated data using trading partners database,6200.0,X,Estimated data using trading partners database,4186.0,A,,4318.0,A,,4820.0,A,,6397.0,A,,5949.0,A,,8330.0,A,,9578.0,A,,7650.0,A,,10622.0,A,,12700.0,A,,7047.0,X,Estimated data using trading partners database,23328.0,X,Estimated data using trading partners database,23913.0,X,Estimated data using trading partners database,21000.0,I,,29963.0,X,Estimated data using trading partners database,34486.0,X,Estimated data using trading partners database,33707.0,X,Estimated data using trading partners database,37351.0,X,Estimated data using trading partners database,32228.0,X,Estimated data using trading partners database,,,,,,,,,,,,,,,,,,,,,,,,,,,,,,,,,,,,,,,
206,'736,Sudan (former),656,'01610,"Coffee, green",5622,Import value,1000 USD,3380.0,A,,3070.0,A,,5800.0,A,,5290.0,A,,3760.0,A,,5531.0,A,,5253.0,A,,6005.0,A,,1302.0,A,,5476.0,A,,4695.0,A,,5368.0,A,,5756.0,A,,7778.0,A,,7100.0,A,,4858.0,A,,12121.0,A,,594.0,A,,4092.0,A,,15818.0,A,,3805.0,A,,4219.0,A,,5327.0,A,,8760.0,A,,6221.0,A,,4890.0,A,,1407.0,A,,8371.0,A,,32992.0,A,,3000.0,I,,13300.0,X,Estimated data using trading partners database,9300.0,X,Estimated data using trading partners database,6891.0,A,,7726.0,A,,9459.0,A,,12905.0,A,,10509.0,A,,15564.0,A,,17302.0,A,,13597.0,A,,14515.0,A,,15896.0,A,,5708.0,X,Estimated data using trading partners database,21644.0,X,Estimated data using trading partners database,32551.0,X,Estimated data using trading partners database,34125.0,A,,53305.0,X,Estimated data using trading partners database,74966.0,X,Estimated data using trading partners database,58890.0,X,Estimated data using trading partners database,74035.0,X,Estimated data using trading partners database,100840.0,X,Estimated data using trading partners database,,,,,,,,,,,,,,,,,,,,,,,,,,,,,,,,,,,,,,,
206,'736,Sudan (former),656,'01610,"Coffee, green",5910,Export quantity,t,,,,,,,,,,,,,,,,,,,,,,,,,,,,,,,,,,,,,,,,,,,,,,,,,,,,,,,,,,,,,,,,,,,,,,,,,,,,,,,,,,,,,,,,,,,,,,,,,,,,,,,,,,,,,18.0,A,,54.0,A,,18.0,A,,,,,,,,,,,,,,,,,,,,,,,,,,19.0,A,,5.0,X,Estimated data using trading partners database,0.0,I,,0.0,E,,,,,,,,,,,,,,,,,,,,,,,,,,,,,,,,,,,,,,,,
206,'736,Sudan (former),656,'01610,"Coffee, green",5922,Export value,1000 USD,,,,,,,,,,,,,,,,,,,,,,,,,,,,,,,,,,,,,,,,,,,,,,,,,,,,,,,,,,,,,,,,,,,,,,,,,,,,,,,,,,,,,,,,,,,,,,,,,,,,,,,,,,,,,0.0,A,,0.0,A,,0.0,A,,,,,,,,,,,,,,,,,,,,,,,,,,105.0,A,,18.0,X,Estimated data using trading partners database,0.0,I,,0.0,E,,,,,,,,,,,,,,,,,,,,,,,,,,,,,,,,,,,,,,,,
207,'740,Suriname,656,'01610,"Coffee, green",5610,Import quantity,t,,,,,,,,,,,,,,,,,,,,,,,,,,,,,,,,,,,,,,,,,,,,,,,,,,,,,,,,,,,,,,,,,,,,,,,,,,,,,,,,,,,,,,,,,,,,,,,,,,,,,,,,,,,,,,,,,,,,,,,,,,,,,,,,,,,,,,,,,,,,,,,,,,,,4.0,A,,11.0,A,,11.0,E,,3.0,X,Estimated data using trading partners database,,,,0.12,X,Estimated data using trading partners database,1.0,X,Estimated data using trading partners database,3.47,A,,2.08,A,,5.75,A,,0.58,A,,0.2,A,,5.72,A,,21.2,A,,25.25,A,
207,'740,Suriname,656,'01610,"Coffee, green",5622,Import value,1000 USD,,,,,,,,,,,,,,,,,,,,,,,,,,,,,,,,,,,,,,,,,,,,,,,,,,,,,,,,,,,,,,,,,,,,,,,,,,,,,,,,,,,,,,,,,,,,,,,,,,,,,,,,,,,,,,,,,,,,,,,,,,,,,,,,,,,,,,,,,,,,,,,,,,,,16.0,A,,39.0,A,,39.0,E,,13.0,X,Estimated data using trading partners database,,,,1.0,X,Estimated data using trading partners database,5.0,X,Estimated data using trading partners database,2.0,A,,1.0,A,,5.0,A,,5.0,A,,3.0,A,,14.0,A,,33.0,A,,64.0,A,
207,'740,Suriname,656,'01610,"Coffee, green",5910,Export quantity,t,372.0,A,,446.0,A,,422.0,A,,131.0,A,,165.0,A,,267.0,A,,241.0,A,,333.0,A,,300.0,X,Estimated data using trading partners database,300.0,X,Estimated data using trading partners database,3.0,A,,11.0,A,,58.0,A,,0.0,A,,18.0,A,,0.0,A,,2.0,A,,0.0,A,,0.0,A,,0.0,A,,0.0,A,,0.0,A,,0.0,A,,0.0,A,,0.0,A,,0.0,A,,0.0,A,,0.0,A,,0.0,A,,0.0,A,,0.0,A,,0.0,A,,0.0,A,,0.0,E,,0.0,E,,0.0,E,,0.0,E,,0.0,E,,0.0,E,,0.0,E,,0.0,E,,0.0,E,,,,,,,,,,,2.0,X,Estimated data using trading partners database,9.0,X,Estimated data using trading partners database,0.0,X,Estimated data using trading partners database,0.0,I,,0.0,A,,0.0,A,,0.0,E,,0.0,E,,,,,0.04,X,Estimated data using trading partners database,,,,,,,,,,,,,,,,,,,,,,,,,,,
207,'740,Suriname,656,'01610,"Coffee, green",5922,Export value,1000 USD,191.0,A,,230.0,A,,238.0,A,,115.0,A,,156.0,A,,213.0,A,,152.0,A,,208.0,A,,200.0,X,Estimated data using trading partners database,200.0,X,Estimated data using trading partners database,4.0,A,,10.0,A,,57.0,A,,0.0,A,,21.0,A,,0.0,A,,6.0,A,,0.0,A,,0.0,A,,0.0,A,,0.0,A,,0.0,A,,0.0,A,,0.0,A,,0.0,A,,0.0,A,,0.0,A,,0.0,A,,0.0,A,,0.0,A,,0.0,A,,0.0,A,,0.0,A,,0.0,E,,0.0,E,,0.0,E,,0.0,E,,0.0,E,,0.0,E,,0.0,E,,0.0,E,,0.0,E,,,,,,,,,,,8.0,X,Estimated data using trading partners database,36.0,X,Estimated data using trading partners database,2.0,X,Estimated data using trading partners database,0.0,I,,1.0,A,,0.0,A,,0.0,X,Estimated data using trading partners database,0.0,E,,,,,0.0,X,Estimated data using trading partners database,,,,,,,,,,,,,,,,,,,,,,,,,,,
210,'752,Sweden,656,'01610,"Coffee, green",5610,Import quantity,t,77673.0,A,,83807.0,A,,86715.0,A,,91334.0,A,,91791.0,A,,96625.0,A,,101420.0,A,,105995.0,A,,105913.0,A,,106198.0,A,,101844.0,A,,107271.0,A,,110226.0,A,,102016.0,A,,110973.0,A,,118718.0,A,,68695.0,A,,91003.0,A,,96822.0,A,,91323.0,A,,100364.0,A,,94152.0,A,,93538.0,A,,91778.0,A,,90214.0,A,,93282.0,A,,94400.0,A,,89857.0,A,,89266.0,A,,98792.0,A,,95937.0,A,,97914.0,A,,88366.0,A,,95910.0,A,,84666.0,A,,91418.0,A,,87428.0,A,,85107.0,A,,86017.0,A,,92815.0,A,,84714.0,A,,87580.0,A,,85541.0,A,,90965.0,A,,103942.0,A,,110474.0,A,,110257.0,X,Estimated data using trading partners database,110295.0,A,,107506.0,A,,117637.0,A,,103450.0,A,,103141.0,A,,104041.0,A,,101712.56,A,,98895.06,A,,110651.93,A,,108409.33,A,,106762.83,A,,111506.71,A,,109758.93,A,,96849.21,A,,104942.24,A,,92463.39,A,,98195.07,A,
210,'752,Sweden,656,'01610,"Coffee, green",5622,Import value,1000 USD,64920.0,A,,65952.0,A,,66663.0,A,,87373.0,A,,93465.0,A,,94767.0,A,,90308.0,A,,93079.0,A,,92445.0,A,,123965.0,A,,108202.0,A,,119436.0,A,,160100.0,A,,165341.0,A,,178781.0,A,,315084.0,A,,340089.0,A,,343892.0,A,,352050.0,A,,367529.0,A,,275671.0,A,,274046.0,A,,261558.0,A,,286921.0,A,,274172.0,A,,417103.0,A,,249961.0,A,,270989.0,A,,231915.0,A,,195161.0,A,,191218.0,A,,147317.0,A,,155771.0,A,,280412.0,A,,308418.0,A,,259675.0,A,,358681.0,A,,287256.0,A,,201778.0,A,,194833.0,A,,128176.0,A,,117473.0,A,,123605.0,A,,147065.0,A,,241801.0,A,,257828.0,A,,292206.0,A,,358032.0,A,,313927.0,A,,440407.0,A,,599290.0,A,,498431.0,A,,347514.0,A,,386524.0,A,,350315.0,A,,348559.0,A,,381736.0,A,,324160.0,A,,307648.0,A,,326675.0,A,,344848.0,A,,545754.0,A,,415046.0,A,,494017.0,A,
210,'752,Sweden,656,'01610,"Coffee, green",5910,Export quantity,t,48.0,A,,0.0,A,,63.0,A,,3.0,A,,0.0,A,,2.0,A,,4.0,A,,0.0,A,,0.0,A,,375.0,A,,19.0,A,,2.0,A,,13.0,A,,45.0,A,,31.0,A,,47.0,A,,172.0,A,,33.0,A,,487.0,A,,146.0,A,,249.0,A,,545.0,A,,877.0,A,,1167.0,A,,279.0,A,,101.0,A,,54.0,A,,105.0,A,,96.0,A,,295.0,A,,241.0,A,,274.0,A,,253.0,A,,284.0,A,,58.0,A,,194.0,A,,855.0,A,,8.0,A,,282.0,A,,59.0,A,,41.0,A,,291.0,A,,99.0,A,,145.0,A,,238.0,A,,101.0,A,,352.0,A,,576.0,A,,1720.0,A,,1076.0,A,,1459.0,A,,1524.0,A,,1364.0,A,,1182.29,A,,895.29,A,,1317.99,A,,1444.26,A,,1934.55,A,,2739.02,A,,1315.21,A,,1051.62,A,,1580.03,A,,4118.39,A,,2745.67,A,
210,'752,Sweden,656,'01610,"Coffee, green",5922,Export value,1000 USD,40.0,A,,0.0,A,,32.0,A,,5.0,A,,0.0,A,,2.0,A,,4.0,A,,1.0,A,,0.0,A,,321.0,A,,17.0,A,,3.0,A,,12.0,A,,71.0,A,,34.0,A,,82.0,A,,800.0,A,,125.0,A,,1997.0,A,,621.0,A,,665.0,A,,1595.0,A,,2471.0,A,,3337.0,A,,840.0,A,,438.0,A,,156.0,A,,390.0,A,,278.0,A,,560.0,A,,574.0,A,,652.0,A,,517.0,A,,949.0,A,,277.0,A,,614.0,A,,4409.0,A,,47.0,A,,793.0,A,,166.0,A,,143.0,A,,456.0,A,,285.0,A,,393.0,A,,1586.0,A,,699.0,A,,1826.0,A,,1966.0,A,,5800.0,A,,4640.0,A,,10647.0,A,,8805.0,A,,5643.0,A,,5668.0,A,,4385.0,A,,5471.0,A,,6783.0,A,,7697.0,A,,7632.0,A,,5768.0,A,,4679.0,A,,7573.0,A,,20547.0,A,,13590.0,A,
211,'756,Switzerland,656,'01610,"Coffee, green",5610,Import quantity,t,32401.0,A,,30401.0,A,,34380.0,A,,36043.0,A,,44287.0,A,,40657.0,A,,36547.0,A,,44081.0,A,,52390.0,A,,60492.0,A,,62473.0,A,,67404.0,A,,62700.0,A,,58591.0,A,,65548.0,A,,57834.0,A,,54005.0,A,,50434.0,A,,56201.0,A,,60531.0,A,,65068.0,A,,57352.0,A,,59768.0,A,,58648.0,A,,65941.0,A,,61283.0,A,,73480.0,A,,63085.0,A,,62288.0,A,,66923.0,A,,64273.0,A,,62868.0,A,,60569.0,A,,61716.0,A,,58906.0,A,,63824.0,A,,57002.0,A,,64121.0,A,,65151.0,A,,68809.97,A,,71082.0,A,,68446.0,A,,74206.0,A,,67961.0,A,,92314.0,A,,76526.0,A,,95302.0,A,,103635.0,A,,110276.0,A,,120906.0,A,,131094.0,A,,130942.0,A,,143112.0,A,,142256.7,A,,148404.29,I,,151643.6,A,,156287.97,A,,167537.52,I,,175317.91,I,,191821.65,I,,204686.23,I,,210899.41,I,,192739.74,I,,216371.53,I,
211,'756,Switzerland,656,'01610,"Coffee, green",5622,Import value,1000 USD,25661.0,A,,23271.0,A,,26772.0,A,,32262.0,A,,39373.0,A,,37653.0,A,,31773.0,A,,37956.0,A,,44576.0,A,,63709.0,A,,64094.0,A,,72134.0,A,,87463.0,A,,90664.0,A,,96717.0,A,,135732.0,A,,252106.0,A,,199724.0,A,,215198.0,A,,239528.0,A,,181676.0,A,,171991.0,A,,173550.0,A,,177751.0,A,,206202.0,A,,276882.0,A,,253040.0,A,,211415.0,A,,178792.0,A,,165399.0,A,,144714.0,A,,124874.0,A,,108195.0,A,,162132.0,A,,214178.0,A,,178020.0,A,,175180.0,A,,202570.0,A,,155802.0,A,,144197.0,A,,116402.0,A,,97300.0,A,,111703.0,A,,115498.0,A,,202943.0,A,,194003.0,A,,264591.0,A,,346080.0,A,,348093.0,A,,475440.0,A,,786213.0,A,,704608.0,A,,612180.0,A,,619398.0,A,,682358.0,A,,595715.0,A,,639033.0,A,,642618.0,A,,632066.0,A,,717986.0,A,,843128.0,A,,1159610.0,A,,1087382.0,A,,1244388.0,A,
211,'756,Switzerland,656,'01610,"Coffee, green",5910,Export quantity,t,356.0,A,,866.0,A,,792.0,A,,345.0,A,,335.0,A,,791.0,A,,697.0,A,,657.0,A,,717.0,A,,727.0,A,,588.0,A,,957.0,A,,1039.0,A,,1236.0,A,,1664.0,A,,1297.0,A,,484.0,A,,643.0,A,,613.0,A,,603.0,A,,1538.0,A,,1983.0,A,,4342.0,A,,3967.0,A,,5374.0,A,,4529.0,A,,4825.0,A,,3145.0,A,,2111.0,A,,659.0,A,,603.0,A,,367.0,A,,370.0,A,,541.0,A,,152.0,A,,171.0,A,,215.0,A,,262.0,A,,157.0,A,,165.43,A,,187.0,A,,529.0,A,,196.0,A,,415.0,A,,793.0,A,,952.0,A,,1247.0,A,,1078.0,A,,1108.0,A,,1104.0,A,,1404.0,A,,1985.0,A,,1694.0,A,,1788.41,I,,1827.03,I,,1729.38,I,,1950.49,A,,1667.37,I,,1486.72,I,,2033.75,I,,2042.35,I,,2182.33,I,,3655.54,I,,2379.92,I,
211,'756,Switzerland,656,'01610,"Coffee, green",5922,Export value,1000 USD,359.0,A,,722.0,A,,738.0,A,,400.0,A,,393.0,A,,942.0,A,,762.0,A,,771.0,A,,819.0,A,,1011.0,A,,846.0,A,,1325.0,A,,1662.0,A,,2229.0,A,,3096.0,A,,3782.0,A,,2669.0,A,,3163.0,A,,2697.0,A,,2737.0,A,,6122.0,A,,8580.0,A,,17845.0,A,,16471.0,A,,22537.0,A,,27954.0,A,,24610.0,A,,14354.0,A,,7802.0,A,,2518.0,A,,2152.0,A,,935.0,A,,867.0,A,,1299.0,A,,750.0,A,,533.0,A,,813.0,A,,868.0,A,,534.0,A,,476.0,A,,453.0,A,,834.0,A,,382.0,A,,1814.0,A,,2410.0,A,,2785.0,A,,3792.0,A,,4110.0,A,,3386.0,A,,4178.0,A,,7673.0,A,,11162.0,A,,7423.0,A,,7724.0,A,,8083.0,A,,7738.0,A,,8160.0,A,,6801.0,A,,5953.0,A,,8409.0,A,,8372.0,A,,11913.0,A,,24575.0,A,,16019.0,A,
212,'760,Syrian Arab Republic,656,'01610,"Coffee, green",5610,Import quantity,t,1870.0,A,,3880.0,A,,4210.0,A,,3060.0,A,,2470.0,A,,4255.0,A,,715.0,A,,857.0,A,,995.0,A,,1050.0,A,,1632.0,A,,1903.0,A,,3690.0,A,,2028.0,A,,2000.0,A,,1193.0,A,,2987.0,A,,5701.0,A,,3888.0,A,,3454.0,A,,2420.0,A,,7803.0,A,,8720.0,A,,5817.0,A,,7997.0,A,,5790.0,A,,5421.0,A,,2551.0,A,,3980.0,A,,1593.0,A,,9807.0,A,,10165.0,A,,13220.0,A,,10837.0,A,,11606.0,A,,12351.0,A,,11903.0,A,,15430.0,A,,15717.0,A,,11937.0,A,,35235.0,A,,23690.0,A,,11629.0,X,Estimated data using trading partners database,18394.0,A,,18368.0,X,Estimated data using trading partners database,12835.0,A,,32072.0,A,,16842.0,A,,38659.0,A,,22198.0,A,,27322.0,X,Estimated data using trading partners database,19838.0,X,Estimated data using trading partners database,21769.0,X,Estimated data using trading partners database,24749.21,X,Estimated data using trading partners database,22339.0,X,Estimated data using trading partners database,21883.28,X,Estimated data using trading partners database,24240.28,X,Estimated data using trading partners database,21854.94,X,Estimated data using trading partners database,29390.4,X,Estimated data using trading partners database,30677.69,X,Estimated data using trading partners database,21898.75,X,Estimated data using trading partners database,16179.57,X,Estimated data using trading partners database,14112.97,I,,12292.62,X,Estimated data using trading partners database
212,'760,Syrian Arab Republic,656,'01610,"Coffee, green",5622,Import value,1000 USD,1190.0,A,,2160.0,A,,2360.0,A,,2040.0,A,,1740.0,A,,2973.0,A,,619.0,A,,442.0,A,,511.0,A,,993.0,A,,1438.0,A,,1713.0,A,,4994.0,A,,2989.0,A,,2906.0,A,,2719.0,A,,10553.0,A,,18709.0,A,,11502.0,A,,14113.0,A,,9095.0,A,,19855.0,A,,12758.0,A,,10876.0,A,,16610.0,A,,23250.0,A,,13998.0,A,,11811.0,A,,7692.0,A,,2047.0,A,,13975.0,A,,11907.0,A,,17204.0,A,,26228.0,A,,34130.0,A,,30779.0,A,,26097.0,A,,33789.0,A,,28160.0,A,,12599.0,A,,28351.0,A,,16661.0,A,,12452.0,X,Estimated data using trading partners database,20568.0,A,,30233.0,X,Estimated data using trading partners database,15133.0,A,,41260.0,A,,21680.0,A,,50120.0,A,,26847.0,A,,96790.0,X,Estimated data using trading partners database,69234.0,X,Estimated data using trading partners database,57697.0,X,Estimated data using trading partners database,61738.0,X,Estimated data using trading partners database,54900.0,X,Estimated data using trading partners database,54443.0,X,Estimated data using trading partners database,67095.0,X,Estimated data using trading partners database,51304.0,X,Estimated data using trading partners database,59060.0,X,Estimated data using trading partners database,55155.0,X,Estimated data using trading partners database,49357.0,X,Estimated data using trading partners database,61408.0,X,Estimated data using trading partners database,52511.0,X,Estimated data using trading partners database,58107.0,X,Estimated data using trading partners database
212,'760,Syrian Arab Republic,656,'01610,"Coffee, green",5910,Export quantity,t,20.0,A,,320.0,A,,1420.0,A,,590.0,A,,280.0,A,,290.0,A,,78.0,A,,420.0,A,,291.0,A,,381.0,A,,0.0,A,,7.0,A,,0.0,A,,0.0,A,,0.0,A,,0.0,A,,0.0,A,,0.0,A,,0.0,A,,0.0,A,,0.0,A,,0.0,A,,0.0,A,,0.0,A,,0.0,A,,0.0,A,,0.0,A,,0.0,A,,0.0,A,,1.0,A,,0.0,A,,0.0,A,,12.0,A,,0.0,X,Estimated data using trading partners database,0.0,E,,0.0,E,,0.0,E,,0.0,A,,0.0,E,,0.0,E,,0.0,E,,0.0,E,,77.0,X,Estimated data using trading partners database,0.0,X,Estimated data using trading partners database,14.0,X,Estimated data using trading partners database,0.0,X,Estimated data using trading partners database,101.0,A,,34.0,X,Estimated data using trading partners database,5.0,X,Estimated data using trading partners database,5.0,E,,9.0,X,Estimated data using trading partners database,5.0,X,Estimated data using trading partners database,6.0,X,Estimated data using trading partners database,12.17,X,Estimated data using trading partners database,5.27,X,Estimated data using trading partners database,38.42,X,Estimated data using trading partners database,206.92,X,Estimated data using trading partners database,57.47,X,Estimated data using trading partners database,62.27,X,Estimated data using trading partners database,52.72,X,Estimated data using trading partners database,227.46,X,Estimated data using trading partners database,29.73,X,Estimated data using trading partners database,42.95,X,Estimated data using trading partners database,48.47,X,Estimated data using trading partners database
212,'760,Syrian Arab Republic,656,'01610,"Coffee, green",5922,Export value,1000 USD,40.0,A,,290.0,A,,1340.0,A,,670.0,A,,350.0,A,,369.0,A,,111.0,A,,565.0,A,,398.0,A,,490.0,A,,0.0,A,,11.0,A,,0.0,A,,0.0,A,,0.0,A,,0.0,A,,0.0,A,,0.0,A,,0.0,A,,0.0,A,,0.0,A,,0.0,A,,0.0,A,,0.0,A,,0.0,A,,0.0,A,,0.0,A,,0.0,A,,0.0,A,,0.0,A,,0.0,A,,0.0,A,,19.0,A,,0.0,X,Estimated data using trading partners database,0.0,E,,0.0,E,,0.0,E,,0.0,A,,0.0,E,,0.0,E,,0.0,E,,0.0,E,,53.0,X,Estimated data using trading partners database,0.0,X,Estimated data using trading partners database,13.0,X,Estimated data using trading partners database,0.0,X,Estimated data using trading partners database,488.0,A,,69.0,X,Estimated data using trading partners database,23.0,X,Estimated data using trading partners database,23.0,E,,29.0,X,Estimated data using trading partners database,21.0,X,Estimated data using trading partners database,44.0,X,Estimated data using trading partners database,30.0,X,Estimated data using trading partners database,13.0,X,Estimated data using trading partners database,98.0,X,Estimated data using trading partners database,245.0,X,Estimated data using trading partners database,230.0,X,Estimated data using trading partners database,179.0,X,Estimated data using trading partners database,189.0,X,Estimated data using trading partners database,499.0,X,Estimated data using trading partners database,93.0,X,Estimated data using trading partners database,193.0,X,Estimated data using trading partners database,389.0,X,Estimated data using trading partners database
208,'762,Tajikistan,656,'01610,"Coffee, green",5610,Import quantity,t,,,,,,,,,,,,,,,,,,,,,,,,,,,,,,,,,,,,,,,,,,,,,,,,,,,,,,,,,,,,,,,,,,,,,,,,,,,,,,,,,,,,,,,,,,,,,,,,,,,,,,,,,,,,,,,,,,,,,,,,,4.0,A,,0.0,I,,0.0,E,,0.0,E,,0.0,E,,0.0,X,Estimated data using trading partners database,1.0,X,Estimated data using trading partners database,0.0,I,,0.0,I,,0.0,E,,0.0,E,,0.0,E,,0.0,E,,,,,,,,,,,0.69,A,,2.75,A,,3.44,A,,,,,17.42,A,,0.25,A,,1.24,A,,6.85,X,Estimated data using trading partners database
208,'762,Tajikistan,656,'01610,"Coffee, green",5622,Import value,1000 USD,,,,,,,,,,,,,,,,,,,,,,,,,,,,,,,,,,,,,,,,,,,,,,,,,,,,,,,,,,,,,,,,,,,,,,,,,,,,,,,,,,,,,,,,,,,,,,,,,,,,,,,,,,,,,,,,,,,,,,,,,10.0,A,,0.0,I,,0.0,E,,0.0,E,,0.0,E,,0.0,X,Estimated data using trading partners database,1.0,X,Estimated data using trading partners database,0.0,I,,0.0,I,,0.0,E,,0.0,E,,0.0,E,,0.0,E,,,,,,,,,,,4.0,A,,12.0,A,,5.0,A,,,,,47.0,A,,1.0,A,,6.0,A,,56.0,X,Estimated data using trading partners database
216,'764,Thailand,656,'01610,"Coffee, green",5610,Import quantity,t,5000.0,A,,5380.0,A,,2690.0,A,,4960.0,A,,4586.0,A,,6032.0,A,,4058.0,A,,4810.0,A,,5084.0,A,,3180.0,A,,2922.0,A,,3209.0,A,,1971.0,A,,1005.0,A,,946.0,A,,213.0,A,,254.0,A,,75.0,A,,17.0,A,,6.0,A,,0.0,A,,0.0,A,,12.0,A,,0.0,A,,0.0,A,,0.0,A,,0.0,A,,0.0,A,,0.0,A,,0.0,A,,0.0,A,,6.0,A,,25.0,A,,2.0,X,Estimated data using trading partners database,0.0,X,Estimated data using trading partners database,1.0,A,,3.0,A,,145.0,A,,8.0,A,,13.0,A,,12.0,A,,3.0,A,,20.0,X,Estimated data using trading partners database,8.0,X,Estimated data using trading partners database,57.0,A,,58.0,X,Estimated data using trading partners database,121.0,X,Estimated data using trading partners database,14542.0,A,,6214.0,A,,14268.0,A,,34374.0,A,,28682.0,A,,34356.0,A,,46305.33,A,,57115.54,A,,46084.7,I,,55416.86,A,,62658.07,I,,37206.99,I,,59650.34,I,,58606.95,A,,61982.26,I,,62171.08,A,,61296.35,I,
216,'764,Thailand,656,'01610,"Coffee, green",5622,Import value,1000 USD,2750.0,A,,2050.0,A,,1120.0,A,,2290.0,A,,1930.0,A,,2647.0,A,,1693.0,A,,2205.0,A,,2439.0,A,,677.0,A,,1381.0,A,,1489.0,A,,962.0,A,,1026.0,A,,817.0,A,,167.0,A,,580.0,A,,172.0,A,,43.0,A,,21.0,A,,0.0,A,,0.0,A,,23.0,A,,0.0,A,,0.0,A,,0.0,A,,0.0,A,,0.0,A,,0.0,A,,0.0,A,,0.0,A,,15.0,A,,103.0,A,,13.0,A,,0.0,X,Estimated data using trading partners database,4.0,A,,33.0,A,,2171.0,A,,36.0,A,,77.0,A,,69.0,A,,13.0,A,,49.0,A,,25.0,A,,70.0,A,,214.0,A,,324.0,A,,32890.0,A,,8503.0,A,,23585.0,A,,83283.0,A,,63362.0,A,,71342.0,A,,95619.0,A,,106468.0,A,,88901.0,A,,128823.0,A,,119356.0,A,,68433.0,A,,98695.0,A,,112566.0,A,,154802.0,A,,184759.0,A,,244616.0,A,
216,'764,Thailand,656,'01610,"Coffee, green",5910,Export quantity,t,0.0,A,,0.0,A,,0.0,A,,358.0,A,,381.0,A,,1989.0,A,,0.0,A,,175.0,A,,0.0,A,,118.0,A,,0.0,A,,0.0,A,,0.0,A,,0.0,A,,0.0,A,,846.0,A,,1053.0,A,,1364.0,A,,3874.0,A,,2028.0,A,,5557.0,A,,8293.0,A,,10809.0,A,,11209.0,A,,20600.0,A,,21400.0,A,,22703.0,A,,27081.0,A,,51987.0,A,,60327.0,A,,32550.0,A,,69674.0,A,,58421.0,A,,68089.0,A,,76104.0,A,,60964.0,A,,71249.0,A,,53487.0,A,,28294.0,A,,58448.0,A,,65635.0,A,,7094.0,A,,7406.0,A,,22907.0,A,,16042.0,A,,25661.0,A,,11138.0,A,,1539.0,A,,234.0,A,,320.0,A,,720.0,A,,1969.0,A,,423.0,A,,399.33,A,,449.71,I,,333.66,A,,305.37,I,,468.7,A,,457.16,I,,290.58,A,,376.65,A,,374.42,I,,255.18,A,,722.87,A,
216,'764,Thailand,656,'01610,"Coffee, green",5922,Export value,1000 USD,0.0,A,,0.0,A,,0.0,A,,193.0,A,,181.0,A,,969.0,A,,0.0,A,,67.0,A,,0.0,A,,56.0,A,,0.0,A,,0.0,A,,0.0,A,,0.0,A,,0.0,A,,811.0,A,,3632.0,A,,2847.0,A,,6182.0,A,,6116.0,A,,10400.0,A,,15242.0,A,,19650.0,A,,22388.0,A,,32519.0,A,,65495.0,A,,42348.0,A,,47886.0,A,,73580.0,A,,49690.0,A,,28015.0,A,,48816.0,A,,49012.0,A,,85377.0,A,,185042.0,A,,96489.0,A,,68773.0,A,,84543.0,A,,34011.0,A,,41550.0,A,,25841.0,A,,5587.0,A,,3817.0,A,,11810.0,A,,13408.0,A,,27060.0,A,,16715.0,A,,3804.0,A,,911.0,A,,1297.0,A,,3371.0,A,,5168.0,A,,1755.0,A,,1978.0,A,,2330.0,A,,1922.0,A,,1781.0,A,,2902.0,A,,2716.0,A,,1910.0,A,,2380.0,A,,2144.0,A,,2200.0,A,,4126.0,A,
176,'626,Timor-Leste,656,'01610,"Coffee, green",5610,Import quantity,t,,,,,,,,,,,,,,,,,,,,,,,,,,,,,,,,,,,,,,,,,,,,,,,,,,,,,,,,,,,,,,,,,,,,,,,,,,,,,,,,,,,,,,,,,,,,,,,,,,,,,,,,,,,,,,,,,,,700.0,I,,800.0,I,,900.0,I,,500.0,I,,200.0,I,,100.0,X,Estimated data using trading partners database,200.0,X,Estimated data using trading partners database,100.0,X,Estimated data using trading partners database,100.0,I,,35.0,X,Estimated data using trading partners database,79.0,X,Estimated data using trading partners database,79.0,E,,79.0,E,,79.0,E,,79.0,E,,,,,2.52,X,Estimated data using trading partners database,6.73,X,Estimated data using trading partners database,1400.98,A,,32.59,X,Estimated data using trading partners database,500.9,A,,186.58,A,,0.01,A,,3.57,A,,0.0,A,,0.59,X,Estimated data using trading partners database
176,'626,Timor-Leste,656,'01610,"Coffee, green",5622,Import value,1000 USD,,,,,,,,,,,,,,,,,,,,,,,,,,,,,,,,,,,,,,,,,,,,,,,,,,,,,,,,,,,,,,,,,,,,,,,,,,,,,,,,,,,,,,,,,,,,,,,,,,,,,,,,,,,,,,,,,,,800.0,I,,650.0,I,,656.0,X,Estimated data using trading partners database,400.0,I,,100.0,I,,76.0,X,Estimated data using trading partners database,114.0,X,Estimated data using trading partners database,68.0,X,Estimated data using trading partners database,70.0,I,,121.0,X,Estimated data using trading partners database,83.0,X,Estimated data using trading partners database,83.0,E,,83.0,E,,83.0,E,,83.0,E,,,,,50.0,X,Estimated data using trading partners database,25.0,X,Estimated data using trading partners database,1516.0,A,,113.0,X,Estimated data using trading partners database,735.0,A,,197.0,A,,0.0,A,,5.0,A,,0.0,A,,7.0,X,Estimated data using trading partners database
176,'626,Timor-Leste,656,'01610,"Coffee, green",5910,Export quantity,t,1500.0,A,,1860.0,A,,2450.0,A,,2370.0,A,,2493.0,A,,1496.0,A,,3590.0,A,,2919.0,A,,2797.0,A,,3811.0,A,,4908.0,A,,5843.0,A,,5542.0,A,,4000.0,I,,4000.0,I,,5500.0,I,,7500.0,I,,7500.0,I,,7000.0,I,,7000.0,I,,7000.0,I,,7000.0,I,,7000.0,I,,7000.0,I,,7000.0,I,,7000.0,I,,7000.0,I,,7000.0,I,,7000.0,I,,7000.0,I,,7000.0,I,,7000.0,I,,7000.0,I,,8000.0,I,,9000.0,I,,9500.0,I,,9000.0,I,,9500.0,I,,11000.0,I,,12000.0,I,,13000.0,I,,13000.0,I,,10000.0,I,,7689.0,A,,7210.0,A,,8877.0,A,,934.0,X,Estimated data using trading partners database,21044.0,A,,9942.0,A,,25671.0,A,,16561.0,A,,18814.0,A,,17610.0,A,,1988.0,X,Estimated data using trading partners database,2122.0,X,Estimated data using trading partners database,3648.0,X,Estimated data using trading partners database,4833.0,X,Estimated data using trading partners database,7656.62,A,,3609.74,A,,1287.21,A,,4081.76,A,,4196.16,A,,4697.16,A,,3171.52,X,Estimated data using trading partners database
176,'626,Timor-Leste,656,'01610,"Coffee, green",5922,Export value,1000 USD,690.0,A,,920.0,A,,1230.0,A,,1520.0,A,,1569.0,A,,968.0,A,,2104.0,A,,1672.0,A,,1740.0,A,,2966.0,A,,4174.0,A,,4868.0,A,,5936.0,A,,4400.0,I,,4400.0,I,,6000.0,I,,7000.0,I,,7000.0,I,,6500.0,I,,6500.0,I,,6500.0,I,,6500.0,I,,6500.0,I,,6500.0,I,,7000.0,I,,7500.0,I,,7500.0,I,,8000.0,I,,8000.0,I,,8000.0,I,,8000.0,I,,8200.0,I,,8500.0,I,,9000.0,I,,10000.0,I,,10000.0,I,,10500.0,I,,11000.0,I,,13000.0,I,,9000.0,I,,9000.0,I,,9500.0,I,,9000.0,I,,6899.0,A,,7630.0,A,,7999.0,A,,2572.0,X,Estimated data using trading partners database,12632.0,A,,8290.0,A,,15987.0,A,,11923.0,A,,14000.0,I,,15781.0,A,,6303.0,X,Estimated data using trading partners database,7013.0,X,Estimated data using trading partners database,9883.0,X,Estimated data using trading partners database,12240.0,X,Estimated data using trading partners database,19135.0,A,,8444.0,A,,2982.0,A,,10925.0,A,,17000.0,A,,12671.0,A,,11387.0,X,Estimated data using trading partners database
217,'768,Togo,656,'01610,"Coffee, green",5610,Import quantity,t,2.0,A,,1.0,A,,3.0,A,,2.0,A,,3.0,A,,2.0,A,,5.0,A,,1.0,A,,4.0,A,,6.0,A,,5.0,A,,0.0,A,,0.0,A,,0.0,A,,0.0,A,,0.0,A,,15.0,A,,0.0,A,,0.0,A,,1.0,A,,0.0,A,,0.0,A,,0.0,A,,0.0,A,,0.0,A,,0.0,A,,0.0,A,,0.0,A,,0.0,A,,0.0,A,,1.0,A,,12.0,X,Estimated data using trading partners database,0.0,A,,0.0,A,,0.0,A,,4.0,A,,1.0,A,,0.0,A,,0.01,A,,1040.38,A,,1.0,A,,55.0,A,,55.0,E,,31.0,X,Estimated data using trading partners database,7.0,A,,7.0,E,,72.0,A,,5.0,A,,1.0,A,,16.0,A,,15.0,X,Estimated data using trading partners database,41.0,A,,21.0,A,,38.76,A,,13.14,A,,12.35,A,,77.58,A,,2.14,A,,4.46,A,,0.49,A,,4.83,A,,4.42,A,,34.78,A,,13.4,A,
217,'768,Togo,656,'01610,"Coffee, green",5622,Import value,1000 USD,0.0,A,,3.0,A,,6.0,A,,3.0,A,,6.0,A,,6.0,A,,10.0,A,,2.0,A,,2.0,A,,11.0,A,,11.0,A,,0.0,A,,0.0,A,,0.0,A,,0.0,A,,0.0,A,,95.0,A,,0.0,A,,0.0,A,,5.0,A,,0.0,A,,0.0,A,,0.0,A,,0.0,A,,0.0,A,,0.0,A,,0.0,A,,0.0,A,,0.0,A,,0.0,A,,3.0,A,,12.0,A,,0.0,A,,0.0,A,,0.0,A,,9.0,A,,1.0,A,,0.0,A,,0.0,A,,294.0,A,,0.0,A,,23.0,A,,23.0,E,,16.0,A,,8.0,A,,8.0,E,,34.0,A,,9.0,A,,6.0,A,,6.0,A,,12.0,A,,234.0,A,,33.0,A,,101.0,A,,23.0,A,,12.0,A,,52.0,A,,1.0,A,,3.0,A,,11.0,A,,13.0,A,,3.0,A,,58.0,A,,12.0,A,
217,'768,Togo,656,'01610,"Coffee, green",5910,Export quantity,t,10230.0,A,,11540.0,A,,6220.0,A,,16140.0,A,,10660.0,A,,13227.0,A,,5621.0,A,,10220.0,A,,11047.0,A,,13365.0,A,,11878.0,A,,11223.0,A,,10811.0,A,,10681.0,A,,7935.0,A,,9703.0,A,,5502.0,A,,8292.0,A,,8763.0,A,,9020.0,A,,10105.0,A,,9549.0,A,,5880.0,A,,2592.0,A,,10011.0,A,,8179.0,A,,13611.0,A,,11146.0,A,,12783.0,A,,14330.0,A,,9290.0,A,,18791.0,A,,13100.0,A,,9368.0,A,,12544.0,A,,5009.0,A,,18613.0,A,,8054.0,A,,18575.49,A,,13496.94,A,,7676.0,A,,4538.0,A,,1489.0,A,,3980.0,A,,6512.0,A,,8381.0,X,Estimated data using trading partners database,3512.0,A,,4396.0,A,,4659.0,A,,10621.0,A,,11883.0,A,,3986.0,A,,4564.0,A,,7863.58,A,,10849.21,A,,4201.6,A,,1940.38,A,,5979.35,A,,5496.81,A,,3519.33,A,,2878.0,A,,5144.52,A,,6509.54,A,,4689.31,A,
217,'768,Togo,656,'01610,"Coffee, green",5922,Export value,1000 USD,5040.0,A,,5790.0,A,,3240.0,A,,10230.0,A,,5530.0,A,,7912.0,A,,3395.0,A,,6490.0,A,,6774.0,A,,9569.0,A,,9100.0,A,,10238.0,A,,8034.0,A,,8200.0,A,,8235.0,A,,16700.0,A,,22385.0,A,,22211.0,A,,29773.0,A,,23602.0,A,,17922.0,A,,18935.0,A,,12844.0,A,,6960.0,A,,26683.0,A,,26430.0,A,,30795.0,A,,22428.0,A,,22146.0,A,,17809.0,A,,9050.0,A,,18010.0,A,,10604.0,A,,9056.0,A,,20865.0,A,,9234.0,A,,24785.0,A,,15600.0,A,,25496.0,A,,11490.0,A,,4716.0,A,,2853.0,A,,1076.0,A,,2764.0,A,,4309.0,A,,10151.0,X,Estimated data using trading partners database,3660.0,A,,5530.0,A,,5258.0,A,,6148.0,A,,7179.0,A,,7779.0,A,,6476.0,A,,15915.0,A,,19514.0,A,,6973.0,A,,677.0,A,,2201.0,A,,8760.0,A,,5841.0,A,,3760.0,A,,8524.0,A,,8177.0,A,,9552.0,A,
219,'776,Tonga,656,'01610,"Coffee, green",5610,Import quantity,t,2.0,X,Estimated data using trading partners database,1.0,X,Estimated data using trading partners database,2.0,X,Estimated data using trading partners database,3.0,X,Estimated data using trading partners database,3.0,X,Estimated data using trading partners database,3.0,X,Estimated data using trading partners database,5.0,X,Estimated data using trading partners database,5.0,X,Estimated data using trading partners database,4.0,X,Estimated data using trading partners database,5.0,I,,8.0,X,Estimated data using trading partners database,7.0,X,Estimated data using trading partners database,7.0,I,,8.0,I,,8.0,I,,6.0,A,,8.0,I,,3.0,A,,2.0,A,,4.0,A,,4.0,A,,3.0,A,,4.0,A,,6.0,A,,6.0,A,,6.0,A,,9.0,A,,11.0,A,,18.0,A,,7.0,A,,12.0,A,,6.0,A,,10.0,I,,8.0,A,,5.0,A,,5.0,A,,4.0,A,,5.0,A,,0.0,I,,28.0,A,,27.0,A,,21.0,A,,10.0,A,,15.0,A,,15.0,A,,12.0,A,,85.0,A,,85.0,E,,85.0,E,,3.0,A,,3.0,E,,3.0,A,,9.0,A,,17.55,A,,1.07,X,Estimated data using trading partners database,0.69,X,Estimated data using trading partners database,0.07,X,Estimated data using trading partners database,,,,,,,0.15,X,Estimated data using trading partners database,,,,1.69,A,,1.9,A,,0.08,X,Estimated data using trading partners database
219,'776,Tonga,656,'01610,"Coffee, green",5622,Import value,1000 USD,3.0,A,,2.0,A,,3.0,A,,4.0,A,,4.0,A,,5.0,A,,6.0,A,,7.0,A,,6.0,A,,7.0,A,,11.0,A,,10.0,A,,12.0,A,,21.0,A,,22.0,A,,23.0,A,,32.0,A,,43.0,A,,37.0,A,,76.0,A,,50.0,A,,53.0,A,,56.0,A,,88.0,A,,50.0,A,,36.0,A,,53.0,A,,60.0,A,,64.0,A,,31.0,A,,79.0,A,,26.0,A,,50.0,I,,46.0,A,,30.0,A,,32.0,A,,18.0,A,,38.0,A,,0.0,I,,85.0,A,,62.0,A,,52.0,A,,32.0,A,,45.0,A,,43.0,A,,45.0,A,,254.0,A,,254.0,E,,254.0,E,,38.0,A,,38.0,E,,31.0,A,,83.0,A,,99.0,A,,6.0,X,Estimated data using trading partners database,3.0,X,Estimated data using trading partners database,1.0,X,Estimated data using trading partners database,,,,,,,1.0,X,Estimated data using trading partners database,,,,14.0,A,,15.0,A,,1.0,X,Estimated data using trading partners database
219,'776,Tonga,656,'01610,"Coffee, green",5910,Export quantity,t,,,,,,,,,,,,,,,,,,,,,,,,,,,,,,,,,,,,,,,,,,,,,,,,,,,,,,,,,,,,,,,,,,,,,,,,,,,,,,,,,,,,,,,,,,,,,,,,,,,,,,,,,,,,,,,,,,,,,,,,,,,,,,,,,,0.0,A,,1.0,A,,0.0,A,,0.0,A,,0.0,E,,0.0,E,,0.0,E,,0.0,E,,0.0,A,,0.0,E,,,,,,,,,,,,,,,,,5.96,X,Estimated data using trading partners database,,,,,,,,,,,,,,,
219,'776,Tonga,656,'01610,"Coffee, green",5922,Export value,1000 USD,,,,,,,,,,,,,,,,,,,,,,,,,,,,,,,,,,,,,,,,,,,,,,,,,,,,,,,,,,,,,,,,,,,,,,,,,,,,,,,,,,,,,,,,,,,,,,,,,,,,,,,,,,,,,,,,,,,,,,,,,,,,,,,,,,1.0,A,,7.0,A,,3.0,A,,6.0,A,,47.0,X,Estimated data using trading partners database,47.0,E,,0.0,X,Estimated data using trading partners database,0.0,E,,1.0,A,,0.0,X,Estimated data using trading partners database,,,,,,,,,,,,,,,,9.0,X,Estimated data using trading partners database,,,,,,,,,,,,,,,
220,'780,Trinidad and Tobago,656,'01610,"Coffee, green",5610,Import quantity,t,0.0,A,,0.0,A,,0.0,A,,0.0,A,,0.0,A,,0.0,A,,0.0,A,,0.0,A,,0.0,A,,0.0,A,,0.0,A,,0.0,A,,0.0,A,,0.0,A,,0.0,A,,0.0,A,,0.0,A,,0.0,A,,0.0,A,,0.0,A,,0.0,A,,0.0,A,,0.0,A,,0.0,A,,0.0,A,,0.0,A,,0.0,A,,0.0,A,,0.0,A,,36.0,A,,0.0,A,,1.0,X,Estimated data using trading partners database,1.0,A,,0.0,X,Estimated data using trading partners database,5.0,A,,2.0,A,,0.0,A,,28.0,A,,1.0,A,,3.78,A,,67.0,X,Estimated data using trading partners database,2.0,I,,2.0,A,,17.0,A,,17.0,A,,38.0,A,,53.0,A,,156.0,X,Estimated data using trading partners database,202.0,X,Estimated data using trading partners database,210.0,A,,215.0,X,Estimated data using trading partners database,215.0,X,Estimated data using trading partners database,333.0,X,Estimated data using trading partners database,244.29,X,Estimated data using trading partners database,249.97,A,,249.01,A,,233.59,A,,282.71,A,,310.03,A,,293.24,I,,314.28,A,,310.78,A,,232.25,A,,225.38,A,
220,'780,Trinidad and Tobago,656,'01610,"Coffee, green",5622,Import value,1000 USD,0.0,A,,0.0,A,,0.0,A,,0.0,A,,0.0,A,,0.0,A,,0.0,A,,0.0,A,,0.0,A,,0.0,A,,0.0,A,,0.0,A,,0.0,A,,0.0,A,,0.0,A,,0.0,A,,0.0,A,,0.0,A,,0.0,A,,0.0,A,,0.0,A,,0.0,A,,0.0,A,,0.0,A,,0.0,A,,0.0,A,,0.0,A,,0.0,A,,0.0,A,,67.0,A,,0.0,A,,3.0,A,,3.0,A,,2.0,A,,15.0,A,,10.0,A,,0.0,A,,123.0,A,,3.0,A,,12.0,A,,192.0,A,,5.0,A,,5.0,A,,37.0,A,,67.0,A,,135.0,A,,159.0,A,,409.0,X,Estimated data using trading partners database,578.0,A,,542.0,A,,612.0,X,Estimated data using trading partners database,629.0,X,Estimated data using trading partners database,855.0,X,Estimated data using trading partners database,623.0,X,Estimated data using trading partners database,634.0,A,,667.0,A,,821.0,A,,850.0,A,,771.0,A,,720.0,A,,990.0,A,,1121.0,A,,838.0,A,,943.0,A,
220,'780,Trinidad and Tobago,656,'01610,"Coffee, green",5910,Export quantity,t,2263.0,A,,1672.0,A,,3576.0,A,,3728.0,A,,3445.0,A,,2413.0,A,,2578.0,A,,4320.0,A,,2743.0,A,,2023.0,A,,3467.0,A,,2295.0,A,,2056.0,A,,805.0,A,,3139.0,A,,1788.0,A,,1608.0,A,,1160.0,A,,1610.0,A,,901.0,A,,938.0,A,,1107.0,A,,920.0,A,,4.0,A,,1082.0,A,,802.0,A,,768.0,A,,0.0,A,,21.0,A,,469.0,A,,388.0,A,,41.0,A,,446.0,A,,42.0,A,,4.0,A,,7.0,A,,4.0,A,,3.0,A,,4.0,A,,2.16,A,,2.0,A,,2.0,A,,2.0,A,,2.0,A,,2.0,A,,4.0,A,,6.0,A,,4.0,X,Estimated data using trading partners database,3.0,A,,3.0,A,,11.0,X,Estimated data using trading partners database,1.0,X,Estimated data using trading partners database,2.0,X,Estimated data using trading partners database,0.81,X,Estimated data using trading partners database,3.08,A,,3.51,A,,3.19,A,,4.25,A,,6.9,A,,21.97,A,,27.49,A,,25.71,A,,57.1,A,,45.89,A,
220,'780,Trinidad and Tobago,656,'01610,"Coffee, green",5922,Export value,1000 USD,645.0,A,,627.0,A,,1745.0,A,,2717.0,A,,1723.0,A,,1579.0,A,,1590.0,A,,2729.0,A,,1664.0,A,,1355.0,A,,2642.0,A,,1685.0,A,,1810.0,A,,763.0,A,,2739.0,A,,2724.0,A,,3992.0,A,,4704.0,A,,4684.0,A,,2839.0,A,,1881.0,A,,2194.0,A,,1651.0,A,,10.0,A,,2408.0,A,,1981.0,A,,1265.0,A,,0.0,A,,181.0,A,,322.0,A,,261.0,A,,38.0,A,,436.0,A,,126.0,A,,19.0,A,,76.0,A,,34.0,A,,25.0,A,,32.0,A,,22.0,A,,18.0,A,,23.0,A,,21.0,A,,23.0,A,,28.0,A,,28.0,A,,35.0,A,,29.0,X,Estimated data using trading partners database,31.0,A,,29.0,A,,51.0,X,Estimated data using trading partners database,9.0,X,Estimated data using trading partners database,13.0,X,Estimated data using trading partners database,5.0,X,Estimated data using trading partners database,16.0,A,,21.0,A,,21.0,A,,10.0,A,,37.0,A,,127.0,A,,201.0,A,,9.0,A,,225.0,A,,157.0,A,
222,'788,Tunisia,656,'01610,"Coffee, green",5610,Import quantity,t,2894.0,A,,2598.0,A,,2850.0,A,,2058.0,A,,2118.0,A,,2600.0,A,,2859.0,A,,1854.0,A,,2849.0,A,,2259.0,A,,3350.0,A,,4069.0,A,,4390.0,A,,3264.0,A,,3818.0,A,,4749.0,A,,1784.0,A,,3186.0,A,,3213.0,A,,2710.0,A,,3822.0,A,,1597.0,A,,4336.0,A,,4690.0,A,,5813.0,A,,5681.0,A,,5224.0,A,,6137.0,A,,5499.0,A,,5836.0,A,,5273.0,A,,6877.0,A,,5449.0,A,,8857.0,A,,8040.0,A,,6997.0,A,,9994.0,A,,8613.0,A,,9902.0,A,,10401.0,A,,12547.0,A,,12441.0,A,,5600.0,A,,13642.0,A,,9473.0,A,,9643.0,X,Estimated data using trading partners database,12555.0,A,,16791.0,A,,14337.0,A,,15166.0,A,,22412.0,A,,22626.0,A,,22498.0,A,,24026.65,A,,23996.37,A,,23414.15,A,,28560.84,A,,18736.0,X,,30173.56,A,,29900.76,A,,30258.21,A,,28614.46,A,,9193.74,A,,17722.97,X,Estimated data using trading partners database
222,'788,Tunisia,656,'01610,"Coffee, green",5622,Import value,1000 USD,1183.0,A,,1277.0,A,,1440.0,A,,1535.0,A,,1515.0,A,,1629.0,A,,1771.0,A,,1169.0,A,,1611.0,A,,1779.0,A,,2280.0,A,,2904.0,A,,4614.0,A,,3701.0,A,,5097.0,A,,10389.0,A,,8297.0,A,,10107.0,A,,10907.0,A,,9517.0,A,,7814.0,A,,2408.0,A,,5688.0,A,,4903.0,A,,8954.0,A,,12268.0,A,,10218.0,A,,10722.0,A,,7894.0,A,,7401.0,A,,6540.0,A,,7337.0,A,,5666.0,A,,14994.0,A,,25719.0,A,,16340.0,A,,19954.0,A,,17469.0,A,,15300.0,A,,13696.0,A,,14606.0,A,,10457.0,A,,4562.0,A,,13414.0,A,,11272.0,A,,15857.0,X,Estimated data using trading partners database,24324.0,A,,42516.0,A,,26542.0,A,,28062.0,A,,63475.0,A,,62194.0,A,,53963.0,A,,49192.0,A,,52141.0,A,,43905.0,A,,66215.0,A,,48712.0,X,,52651.0,A,,51604.0,A,,62014.0,A,,95442.0,A,,29171.0,A,,79139.0,X,Estimated data using trading partners database
222,'788,Tunisia,656,'01610,"Coffee, green",5910,Export quantity,t,0.0,A,,0.0,A,,0.0,A,,0.0,A,,0.0,A,,0.0,A,,0.0,A,,0.0,A,,0.0,A,,0.0,A,,0.0,A,,0.0,A,,0.0,A,,0.0,A,,0.0,A,,0.0,A,,0.0,A,,0.0,A,,5.0,A,,0.0,A,,0.0,A,,0.0,A,,0.0,A,,0.0,A,,0.0,A,,0.0,A,,0.0,A,,0.0,A,,0.0,A,,0.0,A,,0.0,A,,50.0,A,,6.0,A,,1.0,A,,0.0,X,Estimated data using trading partners database,0.0,X,Estimated data using trading partners database,0.0,X,Estimated data using trading partners database,0.0,X,Estimated data using trading partners database,0.0,I,,0.0,A,,0.0,A,,0.0,E,,0.0,E,,38.0,A,,0.0,X,Estimated data using trading partners database,29.0,X,Estimated data using trading partners database,0.0,X,Estimated data using trading partners database,0.0,E,,0.0,E,,0.0,E,,91.0,A,,0.0,A,,0.0,E,,,,,,,,,,,0.09,A,,0.15,A,,,,,,,,,,,,,,,,,0.04,X,Estimated data using trading partners database
222,'788,Tunisia,656,'01610,"Coffee, green",5922,Export value,1000 USD,0.0,A,,0.0,A,,0.0,A,,0.0,A,,0.0,A,,0.0,A,,0.0,A,,0.0,A,,0.0,A,,0.0,A,,0.0,A,,0.0,A,,0.0,A,,0.0,A,,0.0,A,,0.0,A,,0.0,A,,0.0,A,,91.0,A,,0.0,A,,0.0,A,,0.0,A,,0.0,A,,0.0,A,,0.0,A,,0.0,A,,0.0,A,,0.0,A,,0.0,A,,0.0,A,,0.0,A,,76.0,A,,30.0,A,,10.0,A,,0.0,X,Estimated data using trading partners database,0.0,X,Estimated data using trading partners database,0.0,X,Estimated data using trading partners database,0.0,X,Estimated data using trading partners database,0.0,I,,0.0,A,,0.0,A,,0.0,E,,0.0,E,,33.0,A,,0.0,X,Estimated data using trading partners database,28.0,X,Estimated data using trading partners database,0.0,X,Estimated data using trading partners database,0.0,E,,0.0,E,,0.0,E,,93.0,A,,0.0,A,,0.0,E,,,,,,,,,,,1.0,A,,1.0,A,,,,,,,,,,,,,,,,,0.0,X,Estimated data using trading partners database
223,'792,Türkiye,656,'01610,"Coffee, green",5610,Import quantity,t,2088.0,A,,1149.0,A,,506.0,A,,1511.0,A,,1250.0,A,,2481.0,A,,1197.0,A,,2804.0,A,,1498.0,A,,5019.0,A,,3339.0,A,,7367.0,A,,9018.0,A,,11466.0,A,,3994.0,A,,9979.0,A,,5558.0,A,,1019.0,A,,3.0,A,,0.0,A,,3.0,A,,2432.0,A,,3235.0,A,,3541.0,A,,4069.0,A,,2979.0,A,,4741.0,A,,4157.0,A,,5853.0,A,,7063.0,A,,8332.0,A,,7823.0,A,,10790.0,A,,6286.0,A,,8792.0,A,,9486.0,A,,8386.0,A,,9595.0,A,,8080.0,A,,9043.63,A,,9682.0,A,,13062.0,A,,11417.0,A,,11545.0,A,,12212.0,A,,11914.0,A,,15343.0,A,,13311.0,A,,15669.0,A,,18132.0,A,,17722.0,A,,21304.0,A,,25931.0,A,,31368.95,A,,43187.58,A,,39700.51,A,,51163.94,A,,54811.94,A,,72650.06,A,,79070.53,A,,67768.96,A,,80963.3,A,,93277.99,A,,89216.09,A,
223,'792,Türkiye,656,'01610,"Coffee, green",5622,Import value,1000 USD,1405.0,A,,688.0,A,,324.0,A,,1005.0,A,,1117.0,A,,2007.0,A,,701.0,A,,1661.0,A,,1115.0,A,,3901.0,A,,2671.0,A,,4679.0,A,,10479.0,A,,17240.0,A,,4702.0,A,,16776.0,A,,35073.0,A,,3337.0,A,,20.0,A,,0.0,A,,17.0,A,,4362.0,A,,5273.0,A,,4981.0,A,,7863.0,A,,10986.0,A,,12534.0,A,,9143.0,A,,10204.0,A,,10086.0,A,,11772.0,A,,8140.0,A,,14846.0,A,,16808.0,A,,28031.0,A,,25153.0,A,,23086.0,A,,23634.0,A,,13855.0,A,,15911.0,A,,10694.0,A,,10263.0,A,,10519.0,A,,14507.0,A,,18130.0,A,,20398.0,A,,35247.0,A,,36097.0,A,,34747.0,A,,47457.0,A,,64912.0,A,,77049.0,A,,73840.0,A,,82147.0,A,,116029.0,A,,99807.0,A,,152055.0,A,,144273.0,A,,161719.0,A,,165783.0,A,,174545.0,A,,326022.0,A,,358523.0,A,,382593.0,A,
223,'792,Türkiye,656,'01610,"Coffee, green",5910,Export quantity,t,0.0,A,,0.0,A,,0.0,A,,0.0,A,,0.0,A,,0.0,A,,0.0,A,,0.0,A,,0.0,A,,0.0,A,,0.0,A,,0.0,A,,0.0,A,,0.0,A,,0.0,A,,0.0,A,,0.0,A,,0.0,A,,0.0,A,,0.0,A,,0.0,A,,0.0,A,,0.0,A,,0.0,A,,0.0,A,,0.0,A,,0.0,A,,0.0,A,,0.0,A,,0.0,A,,0.0,A,,2.0,A,,16.0,A,,7.0,A,,3.0,A,,7.0,A,,4.0,A,,16.0,A,,6.0,A,,1.91,A,,8.0,A,,15.0,A,,24.0,A,,10.0,A,,8.0,A,,5.0,A,,11.0,A,,9.0,A,,7.0,A,,8.0,A,,30.0,A,,35.0,A,,6.0,A,,41.59,A,,32.2,A,,19.43,A,,45.13,A,,55.14,A,,2994.69,A,,5005.92,A,,3879.77,A,,5489.4,A,,4294.65,A,,5793.23,A,
223,'792,Türkiye,656,'01610,"Coffee, green",5922,Export value,1000 USD,0.0,A,,0.0,A,,0.0,A,,0.0,A,,0.0,A,,0.0,A,,0.0,A,,0.0,A,,0.0,A,,0.0,A,,0.0,A,,0.0,A,,0.0,A,,0.0,A,,0.0,A,,0.0,A,,0.0,A,,0.0,A,,0.0,A,,0.0,A,,0.0,A,,0.0,A,,0.0,A,,0.0,A,,0.0,A,,0.0,A,,0.0,A,,0.0,A,,0.0,A,,0.0,A,,1.0,A,,7.0,A,,14.0,A,,39.0,A,,23.0,A,,70.0,A,,26.0,A,,101.0,A,,53.0,A,,12.0,A,,58.0,A,,53.0,A,,135.0,A,,103.0,A,,43.0,A,,27.0,A,,65.0,A,,45.0,A,,43.0,A,,81.0,A,,241.0,A,,316.0,A,,59.0,A,,347.0,A,,288.0,A,,156.0,A,,241.0,A,,413.0,A,,6271.0,A,,9754.0,A,,11215.0,A,,22804.0,A,,18263.0,A,,24422.0,A,
213,'795,Turkmenistan,656,'01610,"Coffee, green",5610,Import quantity,t,,,,,,,,,,,,,,,,,,,,,,,,,,,,,,,,,,,,,,,,,,,,,,,,,,,,,,,,,,,,,,,,,,,,,,,,,,,,,,,,,,,,,,,,,,,,,,,,,,,,,,,303.0,X,Estimated data using trading partners database,172.0,X,Estimated data using trading partners database,100.0,I,,100.0,I,,80.0,I,,60.0,I,,42.0,X,Estimated data using trading partners database,0.0,X,Estimated data using trading partners database,0.0,X,Estimated data using trading partners database,0.0,E,,2.0,X,Estimated data using trading partners database,2.0,I,,2.0,I,,0.0,I,,0.0,I,,0.0,E,,0.0,E,,0.0,E,,0.0,E,,,,,1.82,X,Estimated data using trading partners database,1.43,X,Estimated data using trading partners database,1.27,X,Estimated data using trading partners database,12.96,X,Estimated data using trading partners database,16.46,X,Estimated data using trading partners database,9.8,X,Estimated data using trading partners database,36.95,X,Estimated data using trading partners database,41.71,X,Estimated data using trading partners database,30.52,X,Estimated data using trading partners database,252.22,X,Estimated data using trading partners database
213,'795,Turkmenistan,656,'01610,"Coffee, green",5622,Import value,1000 USD,,,,,,,,,,,,,,,,,,,,,,,,,,,,,,,,,,,,,,,,,,,,,,,,,,,,,,,,,,,,,,,,,,,,,,,,,,,,,,,,,,,,,,,,,,,,,,,,,,,,,,,1897.0,A,,567.0,X,Estimated data using trading partners database,300.0,I,,300.0,I,,200.0,I,,100.0,I,,31.0,X,Estimated data using trading partners database,1.0,X,Estimated data using trading partners database,2.0,X,Estimated data using trading partners database,2.0,E,,2.0,X,Estimated data using trading partners database,2.0,I,,2.0,I,,0.0,I,,0.0,I,,0.0,E,,0.0,E,,0.0,E,,0.0,E,,,,,23.0,X,Estimated data using trading partners database,11.0,X,Estimated data using trading partners database,8.0,X,Estimated data using trading partners database,51.0,X,Estimated data using trading partners database,64.0,X,Estimated data using trading partners database,30.0,X,Estimated data using trading partners database,118.0,X,Estimated data using trading partners database,232.0,X,Estimated data using trading partners database,163.0,X,Estimated data using trading partners database,1439.0,X,Estimated data using trading partners database
213,'795,Turkmenistan,656,'01610,"Coffee, green",5910,Export quantity,t,,,,,,,,,,,,,,,,,,,,,,,,,,,,,,,,,,,,,,,,,,,,,,,,,,,,,,,,,,,,,,,,,,,,,,,,,,,,,,,,,,,,,,,,,,,,,,,,,,,,,,,,,,,,,,,,,,,,,,,,,,,,,,,,,,,,,,,,,,,,,,,,,,,,,,,,,,,,,,,,,,,0.06,X,Estimated data using trading partners database,,,,7.16,X,Estimated data using trading partners database,,,,7.02,X,Estimated data using trading partners database,,,,,,,,,,0.2,X,Estimated data using trading partners database,,,
213,'795,Turkmenistan,656,'01610,"Coffee, green",5922,Export value,1000 USD,,,,,,,,,,,,,,,,,,,,,,,,,,,,,,,,,,,,,,,,,,,,,,,,,,,,,,,,,,,,,,,,,,,,,,,,,,,,,,,,,,,,,,,,,,,,,,,,,,,,,,,,,,,,,,,,,,,,,,,,,,,,,,,,,,,,,,,,,,,,,,,,,,,,,,,,,,,,,,,,,,,0.0,X,Estimated data using trading partners database,,,,22.0,X,Estimated data using trading partners database,,,,20.0,X,Estimated data using trading partners database,,,,,,,,,,1.0,X,Estimated data using trading partners database,,,
227,'798,Tuvalu,656,'01610,"Coffee, green",5610,Import quantity,t,,,,,,,,,,,,,,,,,,,,,,,,,,,,,,,,,,,,,,,,,,,,,,,,,,,,,,,,,,,,,,,,,,,,,,,,,,,,,,,,,,,,,,,,,,,,,,,,,,,,,,,,,,,,,,,,,,,,,,,,,,,,,,,1.0,A,,0.0,A,,0.0,A,,0.0,A,,0.0,E,,0.0,E,,0.0,E,,0.0,E,,0.0,E,,0.0,E,,0.0,E,,,,,,,,,,,0.9,X,Estimated data using trading partners database,4.12,X,Estimated data using trading partners database,1.25,X,Estimated data using trading partners database,,,,2.8,X,Estimated data using trading partners database,4.1,X,Estimated data using trading partners database,0.4,X,Estimated data using trading partners database,0.01,X,Estimated data using trading partners database
227,'798,Tuvalu,656,'01610,"Coffee, green",5622,Import value,1000 USD,,,,,,,,,,,,,,,,,,,,,,,,,,,,,,,,,,,,,,,,,,,,,,,,,,,,,,,,,,,,,,,,,,,,,,,,,,,,,,,,,,,,,,,,,,,,,,,,,,,,,,,,,,,,,,,,,,,,,,,,,,,,,,,2.0,A,,0.0,A,,0.0,A,,3.0,A,,3.0,E,,13.0,X,Estimated data using trading partners database,13.0,E,,13.0,E,,13.0,E,,13.0,E,,13.0,E,,,,,,,,,,,2.0,X,Estimated data using trading partners database,25.0,X,Estimated data using trading partners database,11.0,X,Estimated data using trading partners database,,,,2.0,X,Estimated data using trading partners database,10.0,X,Estimated data using trading partners database,0.0,X,Estimated data using trading partners database,0.0,X,Estimated data using trading partners database
226,'800,Uganda,656,'01610,"Coffee, green",5610,Import quantity,t,0.0,A,,0.0,A,,325.0,A,,146.0,A,,120.0,A,,84.0,A,,44.0,A,,43.0,A,,49.0,A,,64.0,A,,35.0,A,,17.0,A,,3.0,A,,0.0,A,,0.0,A,,0.0,A,,0.0,A,,0.0,A,,0.0,A,,0.0,A,,0.0,A,,0.0,A,,0.0,A,,0.0,A,,0.0,A,,0.0,A,,0.0,A,,0.0,A,,0.0,A,,0.0,A,,0.0,A,,0.0,A,,0.0,A,,4.96,A,,18.27,A,,0.0,A,,0.04,A,,1.0,X,Estimated data using trading partners database,0.0,X,Estimated data using trading partners database,389.11,A,,1.0,A,,11.0,X,Estimated data using trading partners database,43.0,X,Estimated data using trading partners database,1.0,A,,175.0,A,,14.0,A,,0.0,A,,100.0,A,,13.0,A,,280.0,A,,240.0,A,,40.0,A,,44.0,A,,21.18,A,,67.09,A,,119.34,A,,2987.5,A,,8353.18,A,,8297.8,A,,28154.1,A,,122.36,A,,109.2,A,,4691.34,A,,1493.69,A,
226,'800,Uganda,656,'01610,"Coffee, green",5622,Import value,1000 USD,0.0,A,,0.0,A,,225.0,A,,104.0,A,,88.0,A,,72.0,A,,52.0,A,,47.0,A,,41.0,A,,32.0,A,,37.0,A,,23.0,A,,6.0,A,,1.0,A,,0.0,A,,0.0,A,,0.0,A,,0.0,A,,0.0,A,,0.0,A,,0.0,A,,0.0,A,,0.0,A,,0.0,A,,0.0,A,,0.0,A,,0.0,A,,0.0,A,,0.0,A,,0.0,A,,0.0,A,,0.0,A,,0.0,A,,1.0,A,,8.0,A,,0.0,A,,0.0,A,,2.0,A,,0.0,X,Estimated data using trading partners database,603.0,A,,1.0,A,,27.0,A,,45.0,A,,5.0,A,,222.0,A,,20.0,A,,0.0,A,,207.0,A,,25.0,A,,580.0,A,,757.0,A,,109.0,A,,66.0,A,,50.0,A,,93.0,A,,175.0,A,,6213.0,A,,7787.0,A,,11358.0,A,,14158.0,A,,55.0,A,,101.0,A,,2500.0,A,,823.0,A,
226,'800,Uganda,656,'01610,"Coffee, green",5910,Export quantity,t,104840.0,A,,133040.0,A,,147810.0,A,,139816.0,A,,157873.0,A,,167326.0,A,,159476.0,A,,151954.0,A,,180565.0,A,,191244.0,A,,174621.0,A,,214183.0,A,,223879.0,A,,201462.0,A,,193047.0,A,,163416.0,A,,132000.0,X,Estimated data using trading partners database,113700.0,A,,143100.0,A,,110100.0,A,,128332.0,A,,174723.0,A,,144274.0,A,,133200.0,A,,151500.0,A,,140800.0,A,,148153.0,A,,144254.0,A,,176453.0,A,,141489.0,A,,127438.0,A,,119006.0,A,,114169.0,A,,202140.0,A,,168859.63,A,,288565.98,A,,210123.0,A,,197143.0,A,,230466.0,A,,142559.18,A,,109568.0,A,,201289.0,A,,39886.0,A,,153275.0,A,,141930.0,A,,126290.0,A,,153987.0,A,,183128.0,A,,174227.0,A,,151715.0,A,,185775.0,A,,169038.0,A,,230248.0,A,,211533.84,A,,219335.62,A,,210584.01,A,,286997.75,A,,252166.29,A,,276836.24,A,,329372.53,A,,405092.59,A,,370145.75,A,,368800.29,A,,386008.07,A,
226,'800,Uganda,656,'01610,"Coffee, green",5922,Export value,1000 USD,39140.0,A,,56490.0,A,,76176.0,A,,99129.0,A,,85193.0,A,,97399.0,A,,96879.0,A,,100103.0,A,,109190.0,A,,142025.0,A,,137524.0,A,,157961.0,A,,202939.0,A,,231066.0,A,,204146.0,A,,298737.0,A,,548856.0,A,,312700.0,A,,425900.0,A,,338700.0,A,,241600.0,A,,349400.0,A,,346300.0,A,,359600.0,A,,348500.0,A,,394200.0,A,,307535.0,A,,265279.0,A,,262811.0,A,,140384.0,A,,117641.0,A,,95372.0,A,,106775.0,A,,189000.0,I,,382858.0,A,,410363.0,A,,309362.0,A,,295666.0,A,,287958.0,A,,121258.0,A,,51271.0,A,,96601.0,A,,36521.0,A,,123878.0,A,,172133.0,A,,188849.0,A,,226966.0,A,,366888.0,A,,268704.0,A,,270123.0,A,,460327.0,A,,370687.0,A,,424459.0,A,,409073.0,A,,401722.0,A,,371518.0,A,,555150.0,A,,435956.0,A,,437619.0,A,,514192.0,A,,713154.0,A,,857054.0,A,,950887.0,A,,1547579.0,A,
230,'804,Ukraine,656,'01610,"Coffee, green",5610,Import quantity,t,,,,,,,,,,,,,,,,,,,,,,,,,,,,,,,,,,,,,,,,,,,,,,,,,,,,,,,,,,,,,,,,,,,,,,,,,,,,,,,,,,,,,,,,,,,,,,,,,,,,2926.0,A,,2144.0,A,,2011.0,A,,2239.0,A,,4512.0,A,,5260.0,A,,5363.0,A,,5141.0,A,,4662.0,A,,4350.0,A,,1851.0,A,,5615.0,A,,5206.0,A,,5169.0,A,,4989.0,A,,5091.0,A,,4479.0,A,,6156.0,A,,7480.0,A,,7941.0,A,,8248.44,A,,10881.01,A,,16488.82,A,,17194.03,A,,24435.62,A,,25761.72,A,,24792.15,A,,27261.52,A,,22068.81,A,,24449.0,A,,25639.96,A,
230,'804,Ukraine,656,'01610,"Coffee, green",5622,Import value,1000 USD,,,,,,,,,,,,,,,,,,,,,,,,,,,,,,,,,,,,,,,,,,,,,,,,,,,,,,,,,,,,,,,,,,,,,,,,,,,,,,,,,,,,,,,,,,,,,,,,,,,,7300.0,I,,5360.0,I,,4900.0,I,,5466.0,A,,11200.0,I,,5000.0,I,,5500.0,I,,5001.0,A,,4631.0,A,,4880.0,A,,1946.0,A,,8032.0,A,,9387.0,A,,11333.0,A,,14360.0,A,,14651.0,A,,13362.0,A,,22420.0,A,,26895.0,A,,26819.0,A,,26995.0,A,,29123.0,A,,41039.0,A,,44400.0,A,,59358.0,A,,60616.0,A,,58906.0,A,,71238.0,A,,80803.0,A,,93539.0,A,,119609.0,A,
230,'804,Ukraine,656,'01610,"Coffee, green",5910,Export quantity,t,,,,,,,,,,,,,,,,,,,,,,,,,,,,,,,,,,,,,,,,,,,,,,,,,,,,,,,,,,,,,,,,,,,,,,,,,,,,,,,,,,,,,,,,,,,,,,,,,,,,339.0,A,,138.0,A,,125.0,A,,,,,,,,2.0,A,,1.0,A,,20.0,A,,0.0,X,Estimated data using trading partners database,0.0,E,,0.0,E,,0.0,E,,0.0,E,,0.0,E,,0.0,A,,0.0,A,,0.0,A,,0.0,A,,0.0,E,,1.0,A,,0.08,A,,,,,0.0,A,,0.6,A,,3.5,A,,23.46,A,,157.4,A,,32.5,A,,40.36,A,,110.94,A,,110.1,A,
230,'804,Ukraine,656,'01610,"Coffee, green",5922,Export value,1000 USD,,,,,,,,,,,,,,,,,,,,,,,,,,,,,,,,,,,,,,,,,,,,,,,,,,,,,,,,,,,,,,,,,,,,,,,,,,,,,,,,,,,,,,,,,,,,,,,,,,,,700.0,I,,275.0,I,,250.0,I,,,,,,,,4.0,I,,2.0,I,,50.0,A,,0.0,X,Estimated data using trading partners database,0.0,E,,0.0,E,,0.0,E,,0.0,E,,0.0,E,,0.0,A,,0.0,A,,1.0,A,,0.0,A,,0.0,E,,4.0,A,,1.0,A,,,,,0.0,A,,21.0,A,,27.0,A,,169.0,A,,502.0,A,,248.0,A,,205.0,A,,944.0,A,,773.0,A,
225,'784,United Arab Emirates,656,'01610,"Coffee, green",5610,Import quantity,t,0.0,A,,0.0,A,,0.0,A,,0.0,A,,0.0,A,,690.0,A,,1127.0,A,,625.0,A,,1074.0,A,,532.0,A,,1183.0,A,,1005.0,A,,1800.0,X,Estimated data using trading partners database,1915.0,A,,1453.0,A,,1624.0,A,,2033.0,A,,2617.0,A,,1725.0,A,,2995.0,A,,3461.0,A,,3329.0,A,,3463.0,A,,3742.0,A,,2419.0,A,,1617.0,A,,2316.0,A,,3525.0,A,,4163.0,A,,3572.0,A,,3725.0,A,,3908.0,A,,2700.0,X,Estimated data using trading partners database,2914.0,A,,4573.0,A,,5105.0,A,,3200.0,X,Estimated data using trading partners database,6300.0,X,Estimated data using trading partners database,6312.0,A,,8572.0,A,,8000.0,X,Estimated data using trading partners database,6911.0,A,,5711.0,A,,5177.0,X,Estimated data using trading partners database,4846.0,A,,6437.0,X,Estimated data using trading partners database,6122.0,A,,5012.0,A,,6226.0,X,Estimated data using trading partners database,5201.0,X,Estimated data using trading partners database,6592.0,X,Estimated data using trading partners database,6625.0,X,Estimated data using trading partners database,11529.0,X,Estimated data using trading partners database,9361.15,A,,9970.33,A,,9108.25,A,,17307.72,A,,13720.84,A,,15733.7,A,,14890.13,A,,19917.63,A,,32407.54,A,,39294.7,I,,48326.87,X,Estimated data using trading partners database
225,'784,United Arab Emirates,656,'01610,"Coffee, green",5622,Import value,1000 USD,0.0,A,,0.0,A,,0.0,A,,0.0,A,,0.0,A,,413.0,A,,691.0,A,,341.0,A,,636.0,A,,411.0,A,,806.0,I,,747.0,A,,1679.0,A,,2321.0,A,,2137.0,A,,3670.0,A,,8644.0,A,,9824.0,A,,6418.0,A,,11880.0,A,,11606.0,A,,9514.0,A,,6409.0,A,,7247.0,A,,5503.0,A,,6767.0,A,,7005.0,A,,9404.0,A,,13820.0,A,,9736.0,A,,7915.0,A,,6075.0,A,,4600.0,X,Estimated data using trading partners database,7768.0,A,,15445.0,A,,14258.0,A,,10300.0,X,Estimated data using trading partners database,17000.0,X,Estimated data using trading partners database,16245.0,A,,18989.0,A,,9000.0,I,,8173.0,A,,9373.0,A,,9307.0,X,Estimated data using trading partners database,9998.0,A,,15869.0,X,Estimated data using trading partners database,15363.0,A,,16051.0,A,,17862.0,X,Estimated data using trading partners database,17227.0,X,Estimated data using trading partners database,30038.0,X,Estimated data using trading partners database,27764.0,X,Estimated data using trading partners database,36319.0,X,Estimated data using trading partners database,29572.0,A,,34667.0,A,,28979.0,A,,39346.0,A,,40329.0,A,,46363.0,A,,47297.0,A,,70024.0,A,,134967.0,A,,161130.0,A,,239739.0,X,Estimated data using trading partners database
225,'784,United Arab Emirates,656,'01610,"Coffee, green",5910,Export quantity,t,0.0,A,,0.0,A,,0.0,A,,0.0,A,,0.0,A,,0.0,A,,0.0,A,,0.0,A,,0.0,A,,0.0,A,,0.0,A,,0.0,A,,0.0,A,,50.0,A,,0.0,A,,0.0,A,,0.0,A,,389.0,A,,29.0,A,,73.0,A,,82.0,A,,320.0,A,,232.0,A,,133.0,A,,147.0,A,,895.0,A,,19.0,A,,384.0,A,,598.0,A,,597.0,A,,621.0,A,,442.0,A,,200.0,A,,259.0,A,,746.0,A,,1387.0,A,,150.0,X,Estimated data using trading partners database,60.0,X,Estimated data using trading partners database,90.0,X,Estimated data using trading partners database,90.0,I,,90.0,E,,1789.0,A,,1003.0,A,,2099.0,X,Estimated data using trading partners database,1251.0,A,,346.0,X,Estimated data using trading partners database,1229.0,A,,986.0,A,,375.0,X,Estimated data using trading partners database,735.0,X,Estimated data using trading partners database,62.0,X,Estimated data using trading partners database,325.0,X,Estimated data using trading partners database,723.0,X,Estimated data using trading partners database,3719.29,A,,3630.13,A,,2665.66,A,,3901.94,A,,4722.43,A,,4802.73,A,,5400.58,A,,7953.98,A,,18732.13,A,,28429.5,I,,35000.0,E,
225,'784,United Arab Emirates,656,'01610,"Coffee, green",5922,Export value,1000 USD,0.0,A,,0.0,A,,0.0,A,,0.0,A,,0.0,A,,0.0,A,,0.0,A,,0.0,A,,0.0,A,,0.0,A,,0.0,A,,0.0,A,,0.0,A,,126.0,A,,0.0,A,,0.0,A,,0.0,A,,1245.0,A,,185.0,A,,345.0,A,,319.0,A,,962.0,A,,671.0,A,,416.0,A,,542.0,A,,3118.0,A,,73.0,A,,782.0,A,,1476.0,A,,1455.0,A,,1283.0,A,,898.0,A,,224.0,A,,614.0,A,,1785.0,A,,3802.0,A,,350.0,X,Estimated data using trading partners database,90.0,X,Estimated data using trading partners database,180.0,X,Estimated data using trading partners database,180.0,I,,180.0,E,,2722.0,A,,1616.0,A,,1317.0,X,Estimated data using trading partners database,2005.0,A,,578.0,X,Estimated data using trading partners database,2534.0,A,,1756.0,A,,934.0,X,Estimated data using trading partners database,1552.0,X,Estimated data using trading partners database,140.0,X,Estimated data using trading partners database,1243.0,X,Estimated data using trading partners database,1210.0,X,Estimated data using trading partners database,8273.0,A,,9316.0,A,,7157.0,A,,9045.0,A,,10297.0,A,,12977.0,A,,15886.0,A,,28205.0,A,,62709.0,A,,89948.0,A,,110000.0,E,
229,'826,United Kingdom of Great Britain and Northern Ireland,656,'01610,"Coffee, green",5610,Import quantity,t,58662.0,A,,69208.0,A,,76530.0,A,,78180.0,A,,58312.0,A,,81586.0,A,,80510.0,A,,91680.0,A,,102220.0,A,,91689.0,A,,107735.0,A,,101848.0,A,,123706.0,A,,97580.0,A,,92698.0,A,,97302.0,A,,79443.0,A,,77676.0,A,,96059.0,A,,71962.0,A,,92212.0,A,,90397.0,A,,94792.0,A,,110470.0,A,,105050.0,A,,102145.0,A,,113034.0,A,,113062.0,A,,111242.0,A,,121385.0,A,,111178.0,A,,119534.0,A,,126540.0,A,,130853.0,A,,108423.0,A,,122084.0,A,,123922.0,A,,133000.0,A,,122434.0,A,,119127.0,A,,119448.0,A,,126453.0,A,,111894.0,A,,122336.0,A,,113504.0,A,,118364.0,A,,116708.0,A,,121027.0,A,,127878.0,A,,137990.0,A,,146032.0,A,,137767.0,A,,147642.0,A,,151613.12,A,,171050.88,A,,178346.52,A,,165863.11,A,,196962.46,A,,189610.56,A,,162379.62,A,,155020.44,A,,186771.15,A,,169022.51,A,,153742.7,A,
229,'826,United Kingdom of Great Britain and Northern Ireland,656,'01610,"Coffee, green",5622,Import value,1000 USD,35556.0,A,,40203.0,A,,48130.0,A,,65920.0,A,,41356.0,A,,62910.0,A,,59247.0,A,,68454.0,A,,75523.0,A,,85192.0,A,,98937.0,A,,98121.0,A,,149453.0,A,,112650.0,A,,112768.0,A,,207406.0,A,,377446.0,A,,262633.0,A,,321303.0,A,,262628.0,A,,230194.0,A,,235137.0,A,,256615.0,A,,333566.0,A,,309512.0,A,,398264.0,A,,297523.0,A,,305362.0,A,,263942.0,A,,203142.0,A,,189012.0,A,,166223.0,A,,182357.0,A,,344387.0,A,,371970.0,A,,294533.0,A,,379521.0,A,,372349.0,A,,253477.0,A,,199333.0,A,,138577.0,A,,122321.0,A,,141847.0,A,,175948.0,A,,195974.0,A,,250509.0,A,,284471.0,A,,357703.0,A,,337960.0,A,,414321.0,A,,659539.0,A,,554180.0,A,,468977.0,A,,508060.0,A,,545909.0,A,,545550.0,A,,541915.0,A,,550050.0,A,,501019.0,A,,446258.0,A,,479597.0,A,,766968.0,A,,681666.0,A,,711075.0,A,
229,'826,United Kingdom of Great Britain and Northern Ireland,656,'01610,"Coffee, green",5910,Export quantity,t,4090.0,A,,2080.0,A,,1319.0,A,,3896.0,A,,3077.0,A,,1256.0,A,,666.0,A,,588.0,A,,1176.0,A,,2528.0,A,,2211.0,A,,1673.0,A,,669.0,A,,3871.0,A,,11032.0,A,,4422.0,A,,7390.0,A,,10507.0,A,,13688.0,A,,3499.0,A,,3560.0,A,,2365.0,A,,2495.0,A,,3473.0,A,,2073.0,A,,3355.0,A,,4421.0,A,,6223.0,A,,7217.0,A,,6371.0,A,,7670.0,A,,7733.0,A,,8294.0,A,,9248.0,A,,5865.0,A,,6932.0,A,,4745.0,A,,5610.0,A,,4277.0,A,,5129.0,A,,4484.0,X,Estimated data using trading partners database,4672.0,A,,2785.0,A,,1790.0,A,,1900.0,A,,3368.0,A,,2568.0,A,,3397.0,A,,3446.0,A,,5350.0,A,,5412.0,A,,6029.0,A,,8619.0,A,,5632.75,A,,8214.05,A,,14677.29,A,,8150.83,A,,10067.8,A,,10852.91,A,,7268.51,A,,19091.44,A,,24253.98,A,,19582.67,A,,25879.1,A,
229,'826,United Kingdom of Great Britain and Northern Ireland,656,'01610,"Coffee, green",5922,Export value,1000 USD,3976.0,A,,1626.0,A,,1163.0,A,,3063.0,A,,2345.0,A,,1142.0,A,,657.0,A,,520.0,A,,934.0,A,,2247.0,A,,2136.0,A,,1609.0,A,,758.0,A,,4305.0,A,,11450.0,A,,10157.0,A,,33549.0,A,,41428.0,A,,46565.0,A,,14425.0,A,,8599.0,A,,5815.0,A,,6760.0,A,,10454.0,A,,6581.0,A,,13852.0,A,,14871.0,A,,21033.0,A,,19514.0,A,,12411.0,A,,14325.0,A,,13632.0,A,,11830.0,A,,25175.0,A,,22837.0,A,,20896.0,A,,18490.0,A,,21619.0,A,,12537.0,A,,11352.0,A,,9465.0,A,,6756.0,A,,6561.0,A,,7658.0,A,,7443.0,A,,13294.0,A,,15569.0,A,,27705.0,A,,22275.0,A,,29498.0,A,,36989.0,A,,34837.0,A,,36872.0,A,,33952.0,A,,43462.0,A,,51332.0,A,,41434.0,A,,48676.0,A,,48187.0,A,,39356.0,A,,52677.0,A,,66675.0,A,,58532.0,A,,122162.0,A,
215,'834,United Republic of Tanzania,656,'01610,"Coffee, green",5610,Import quantity,t,0.0,A,,0.0,A,,0.0,A,,10.0,A,,0.0,A,,0.0,A,,0.0,A,,54.0,A,,0.0,A,,38.0,A,,0.0,A,,0.0,A,,0.0,A,,35.0,A,,0.0,A,,0.0,A,,0.0,A,,0.0,A,,6.0,A,,0.0,A,,1.0,A,,2.0,A,,0.0,A,,0.0,A,,0.0,A,,0.0,A,,0.0,A,,0.0,A,,0.0,A,,0.0,A,,0.0,A,,0.0,A,,0.0,A,,0.0,E,,2.0,A,,6.0,A,,10.0,A,,18.0,A,,1.0,A,,18.0,X,Estimated data using trading partners database,10.0,X,Estimated data using trading partners database,28.0,X,Estimated data using trading partners database,16.0,X,Estimated data using trading partners database,17.0,A,,60.0,A,,18.0,A,,93.0,A,,18.0,A,,35.0,A,,0.0,X,Estimated data using trading partners database,0.0,A,,5.0,A,,3.0,A,,9.41,A,,2.74,A,,4.67,A,,0.32,A,,3.5,A,,0.12,A,,3.0,A,,867.7,A,,2218.74,A,,926.17,A,,469.46,A,
215,'834,United Republic of Tanzania,656,'01610,"Coffee, green",5622,Import value,1000 USD,0.0,A,,0.0,A,,0.0,A,,6.0,A,,0.0,A,,0.0,A,,0.0,A,,35.0,A,,0.0,A,,38.0,A,,0.0,A,,0.0,A,,0.0,A,,21.0,A,,0.0,A,,0.0,A,,1.0,A,,0.0,A,,5.0,A,,0.0,A,,3.0,A,,7.0,A,,0.0,A,,0.0,A,,0.0,A,,0.0,A,,0.0,A,,0.0,A,,0.0,A,,0.0,A,,0.0,A,,0.0,A,,0.0,A,,0.0,E,,5.0,A,,42.0,A,,8.0,A,,68.0,A,,2.0,A,,56.0,A,,29.0,A,,21.0,A,,25.0,A,,27.0,A,,19.0,A,,8.0,A,,16.0,A,,3.0,A,,87.0,A,,0.0,X,Estimated data using trading partners database,1.0,A,,1.0,A,,1.0,A,,18.0,A,,2.0,A,,2.0,A,,0.0,A,,3.0,A,,1.0,A,,0.0,A,,1122.0,A,,1878.0,A,,1336.0,A,,940.0,A,
215,'834,United Republic of Tanzania,656,'01610,"Coffee, green",5910,Export quantity,t,25010.0,A,,26080.0,A,,26458.0,A,,33481.0,A,,28395.0,A,,51128.0,A,,45353.0,A,,49310.0,A,,49670.0,A,,44996.0,A,,35530.0,A,,54718.0,A,,60273.0,A,,41032.0,A,,54385.0,A,,57870.0,A,,46705.0,A,,50796.0,A,,50737.0,A,,43282.0,A,,60727.0,A,,52234.0,A,,48413.0,A,,52704.0,A,,43634.0,A,,49420.0,A,,44034.0,A,,38674.0,A,,49785.0,A,,61142.0,A,,52464.0,A,,51000.0,A,,58600.0,A,,37000.0,A,,47970.0,A,,61690.0,A,,40862.0,A,,38603.0,A,,44636.0,A,,54167.0,A,,48273.0,A,,36291.0,A,,46136.0,A,,38683.0,A,,47448.0,A,,37560.0,A,,51909.0,A,,45356.0,A,,56022.0,A,,35359.0,A,,38708.0,A,,53291.0,A,,62142.0,A,,44120.23,A,,57820.1,A,,57925.28,A,,41362.91,A,,56346.62,A,,76226.09,A,,64000.24,A,,67951.5,A,,58433.26,I,,84394.11,A,,82170.75,A,
215,'834,United Republic of Tanzania,656,'01610,"Coffee, green",5922,Export value,1000 USD,18940.0,A,,18410.0,A,,19153.0,A,,30943.0,A,,24047.0,A,,42380.0,A,,33428.0,A,,37150.0,A,,36104.0,A,,43746.0,A,,31879.0,A,,53626.0,A,,70591.0,A,,52533.0,A,,65206.0,A,,152530.0,A,,223698.0,A,,168425.0,A,,156621.0,A,,142117.0,A,,149767.0,A,,129626.0,A,,129792.0,A,,153628.0,A,,115902.0,A,,200396.0,A,,101012.0,A,,122809.0,A,,108919.0,A,,83800.0,A,,77300.0,A,,59500.0,A,,96100.0,A,,115360.0,A,,142600.0,A,,136110.0,A,,100909.0,A,,115203.0,A,,114702.0,X,Estimated data using trading partners database,104820.0,A,,63844.0,A,,35003.0,A,,49063.0,A,,49434.0,A,,75836.0,A,,73034.0,A,,113064.0,A,,100001.0,A,,111233.0,A,,102294.0,A,,140043.0,A,,185326.0,A,,161359.0,A,,121413.0,A,,155005.0,A,,150713.0,A,,124055.0,A,,70838.0,X,Estimated data using trading partners database,152187.0,A,,145208.0,A,,155226.0,A,,161160.0,A,,227933.0,A,,292883.0,A,
231,'840,United States of America,656,'01610,"Coffee, green",5610,Import quantity,t,1343576.0,A,,1469360.0,A,,1430089.0,A,,1369324.0,A,,1277411.0,A,,1323849.0,A,,1278738.0,A,,1522845.0,A,,1213956.0,A,,1183588.0,A,,1300722.0,A,,1245909.0,A,,1307743.0,A,,1154544.0,A,,1217297.0,A,,1187252.0,A,,888630.0,A,,1088042.0,A,,1163747.0,A,,1089166.0,A,,993370.0,A,,1050113.0,A,,987900.0,A,,1065485.0,A,,1123531.0,A,,1170763.0,A,,1193918.0,A,,920894.0,A,,1162629.0,A,,1173968.0,A,,1133575.0,A,,1300384.0,A,,1081387.0,A,,892348.0,A,,953138.0,A,,1076141.0,A,,1130883.0,A,,1139895.0,A,,1233637.0,A,,1297508.0,A,,1157565.0,A,,1163052.0,A,,1219731.0,A,,1239080.0,A,,1213634.0,A,,1276191.0,A,,1312902.0,A,,1311217.0,A,,1255598.0,A,,1280298.0,A,,1376620.0,A,,1371338.0,A,,1423815.0,A,,1457102.3,A,,1462569.95,A,,1518125.65,A,,1531320.71,A,,1493440.21,A,,1592249.37,A,,1427849.36,A,,1470259.06,A,,1512848.13,A,,1276122.48,A,,1348037.02,A,
231,'840,United States of America,656,'01610,"Coffee, green",5622,Import value,1000 USD,961093.0,A,,986510.0,A,,954939.0,A,,1197010.0,A,,1058307.0,A,,1067308.0,A,,962734.0,A,,1139678.0,A,,893900.0,A,,1159533.0,A,,1167834.0,A,,1181697.0,A,,1565881.0,A,,1503864.0,A,,1561727.0,A,,2633207.0,A,,3861754.0,A,,3728689.0,A,,3818977.0,A,,3872659.0,A,,2622971.0,A,,2730100.0,A,,2731006.0,A,,3214803.0,A,,3283667.0,A,,4432373.0,A,,2846407.0,A,,2404140.0,A,,2399671.0,A,,1911105.0,A,,1865079.0,A,,1698357.0,A,,1482227.0,A,,2347369.0,A,,3067091.0,A,,2573549.0,A,,3662620.0,A,,3147872.0,A,,2626353.0,A,,2446888.0,A,,1451993.0,A,,1369583.0,A,,1710569.0,A,,1978782.0,A,,2630994.0,A,,2958909.0,A,,3360264.0,A,,3928075.0,A,,3490670.0,A,,4173489.0,A,,7081860.0,A,,5809571.0,A,,4800883.0,A,,5228597.0,A,,5237941.0,A,,4898451.0,A,,5296368.0,A,,4774979.0,A,,4742049.0,A,,4543041.0,A,,5333144.0,A,,7888644.0,A,,6096945.0,A,,6770302.0,A,
231,'840,United States of America,656,'01610,"Coffee, green",5910,Export quantity,t,26944.0,A,,36558.0,A,,32688.0,A,,40512.0,A,,31888.0,A,,29315.0,A,,24769.0,A,,26626.0,A,,22291.0,A,,23304.0,A,,20774.0,A,,29020.0,A,,65608.0,A,,78944.0,A,,45627.0,A,,61489.0,A,,94500.0,A,,51770.0,A,,71937.0,A,,68191.0,A,,58235.0,A,,50720.0,A,,36821.0,A,,55059.0,A,,42968.0,A,,67748.0,A,,52518.0,A,,63098.0,A,,38677.0,A,,27260.0,A,,33397.0,A,,42063.0,A,,62444.0,A,,102999.0,A,,61133.0,A,,53661.0,A,,63256.0,A,,68969.0,A,,42105.0,A,,40705.71,A,,47071.0,A,,47835.0,A,,50555.0,A,,73331.0,A,,39964.0,A,,1902.0,X,Estimated data using trading partners database,45113.0,A,,31791.0,A,,25766.0,A,,39325.0,A,,63913.0,A,,50009.0,A,,37809.0,A,,47894.57,A,,36829.21,A,,40628.4,A,,34576.99,A,,32525.29,A,,27318.1,A,,29213.01,A,,31806.96,A,,60779.7,A,,58811.4,A,,44215.8,A,
231,'840,United States of America,656,'01610,"Coffee, green",5922,Export value,1000 USD,23441.0,A,,29615.0,A,,23225.0,A,,35726.0,A,,29304.0,A,,25911.0,A,,19815.0,A,,22493.0,A,,19493.0,A,,24959.0,A,,21270.0,A,,31395.0,A,,84122.0,A,,123899.0,A,,62759.0,A,,147683.0,A,,405164.0,A,,198655.0,A,,265927.0,A,,253631.0,A,,176903.0,A,,163210.0,A,,107274.0,A,,167889.0,A,,126278.0,A,,265282.0,A,,167531.0,A,,196574.0,A,,113900.0,A,,101763.0,A,,82044.0,A,,69675.0,A,,108379.0,A,,258292.0,A,,207330.0,A,,147409.0,A,,189535.0,A,,203434.0,A,,109124.0,A,,101085.0,A,,90058.0,A,,84164.0,A,,87645.0,A,,118346.0,A,,91774.0,A,,4162.0,A,,127579.0,A,,97881.0,A,,82007.0,A,,130194.0,A,,205903.0,A,,179634.0,A,,127046.0,A,,176743.0,A,,184461.0,A,,191203.0,A,,167784.0,A,,161264.0,A,,134508.0,A,,148656.0,A,,163066.0,A,,330082.0,A,,291037.0,A,,236219.0,A,
234,'858,Uruguay,656,'01610,"Coffee, green",5610,Import quantity,t,3044.0,A,,5049.0,A,,3131.0,A,,3042.0,A,,1321.0,A,,2201.0,A,,1952.0,A,,1659.0,A,,2117.0,A,,1524.0,A,,2642.0,A,,1832.0,A,,2700.0,A,,2522.0,A,,2402.0,A,,2192.0,A,,886.0,A,,1392.0,A,,1950.0,A,,1720.0,A,,1971.0,A,,1802.0,A,,1681.0,A,,1684.0,A,,1665.0,A,,1298.0,A,,1582.0,A,,1585.0,A,,1759.0,A,,1548.0,A,,2300.0,A,,2636.0,A,,1621.0,A,,1910.0,A,,1969.0,A,,1980.0,A,,1863.0,A,,2101.0,A,,1928.0,A,,1583.05,A,,1591.0,A,,1052.0,A,,1252.0,A,,1252.0,A,,1259.0,A,,1115.0,A,,1130.0,A,,1185.0,A,,1089.0,A,,1142.0,A,,962.0,A,,1019.0,A,,1085.0,A,,1110.93,A,,1037.35,A,,1005.23,A,,1071.46,A,,1205.56,A,,1175.64,A,,1247.3,A,,2115.56,A,,2316.0,A,,1963.15,A,,2301.48,X,Estimated data using trading partners database
234,'858,Uruguay,656,'01610,"Coffee, green",5622,Import value,1000 USD,1621.0,A,,1530.0,A,,1548.0,A,,2170.0,A,,825.0,A,,1504.0,A,,1371.0,A,,939.0,A,,1550.0,A,,2276.0,A,,2267.0,A,,1864.0,A,,3145.0,A,,3591.0,A,,3797.0,A,,5393.0,A,,4761.0,A,,4044.0,A,,5726.0,A,,5736.0,A,,4156.0,A,,3217.0,A,,2608.0,A,,2409.0,A,,3258.0,A,,5092.0,A,,3241.0,A,,2903.0,A,,2658.0,A,,2300.0,A,,2201.0,A,,2536.0,A,,2031.0,A,,4721.0,A,,6050.0,A,,4774.0,A,,4664.0,A,,4673.0,A,,2906.0,A,,2325.0,A,,1655.0,A,,760.0,A,,1151.0,A,,1480.0,A,,1848.0,A,,1826.0,A,,2497.0,A,,3058.0,A,,2249.0,A,,2603.0,A,,3166.0,A,,3381.0,A,,2956.0,A,,2411.0,A,,2608.0,A,,2452.0,A,,3059.0,A,,3025.0,A,,2553.0,A,,2802.0,A,,6852.0,A,,11402.0,A,,8889.0,A,,11883.0,X,Estimated data using trading partners database
234,'858,Uruguay,656,'01610,"Coffee, green",5910,Export quantity,t,,,,,,,,,,,,,,,,,,,,,,,,,,,,,,,,,,,,,,,,,,,,,,,,,,,,,,,,,,,,,,,,,,,,,,,,,,,,,,,,,,,,,,,,,,,,,,,,,,,,,,,,,,2.0,A,,0.0,X,Estimated data using trading partners database,0.0,X,Estimated data using trading partners database,0.0,X,Estimated data using trading partners database,0.0,A,,0.0,A,,0.0,A,,0.0,E,,0.0,E,,0.0,E,,0.0,E,,0.0,E,,0.0,E,,0.0,E,,0.0,A,,0.0,A,,0.0,E,,0.0,A,,,,,,,,,,,0.05,A,,1.0,E,,,,,,,,3.51,A,,0.0,A,,,,,0.12,X,Estimated data using trading partners database
234,'858,Uruguay,656,'01610,"Coffee, green",5922,Export value,1000 USD,,,,,,,,,,,,,,,,,,,,,,,,,,,,,,,,,,,,,,,,,,,,,,,,,,,,,,,,,,,,,,,,,,,,,,,,,,,,,,,,,,,,,,,,,,,,,,,,,,,,,,,,,,28.0,A,,0.0,X,Estimated data using trading partners database,0.0,X,Estimated data using trading partners database,0.0,X,Estimated data using trading partners database,0.0,A,,0.0,A,,0.0,E,,0.0,E,,0.0,E,,0.0,E,,0.0,E,,0.0,E,,0.0,E,,0.0,E,,0.0,A,,0.0,A,,0.0,E,,1.0,A,,,,,,,,,,,0.0,A,,2.0,A,,,,,,,,37.0,A,,0.0,A,,,,,0.0,X,Estimated data using trading partners database
228,'810,USSR,656,'01610,"Coffee, green",5610,Import quantity,t,29700.0,A,,22600.0,A,,29700.0,A,,30300.0,A,,30900.0,A,,28300.0,A,,24700.0,A,,31400.0,A,,48000.0,A,,41500.0,A,,43000.0,A,,42100.0,A,,32000.0,A,,46623.0,A,,60230.0,A,,44318.0,A,,44645.0,A,,26122.0,A,,40356.0,A,,48253.0,A,,41000.0,A,,47857.0,A,,37160.0,A,,48178.0,A,,56729.0,A,,38891.0,A,,57871.0,A,,49478.0,A,,112877.0,A,,58387.0,A,,61500.0,X,Estimated data using trading partners database,,,,,,,,,,,,,,,,,,,,,,,,,,,,,,,,,,,,,,,,,,,,,,,,,,,,,,,,,,,,,,,,,,,,,,,,,,,,,,,,,,,,,,,,,,,,,,,,,,,
228,'810,USSR,656,'01610,"Coffee, green",5622,Import value,1000 USD,20470.0,A,,15660.0,A,,19360.0,A,,27510.0,A,,29020.0,A,,25846.0,A,,20001.0,A,,25056.0,A,,36438.0,A,,34421.0,A,,34733.0,A,,33976.0,A,,33229.0,A,,62250.0,A,,71108.0,A,,104948.0,A,,192107.0,A,,87415.0,A,,131845.0,A,,175421.0,A,,96617.0,A,,104530.0,A,,80119.0,A,,95582.0,A,,112216.0,A,,150658.0,A,,159495.0,A,,140728.0,A,,268220.0,A,,121460.0,A,,102000.0,X,Estimated data using trading partners database,,,,,,,,,,,,,,,,,,,,,,,,,,,,,,,,,,,,,,,,,,,,,,,,,,,,,,,,,,,,,,,,,,,,,,,,,,,,,,,,,,,,,,,,,,,,,,,,,,,
228,'810,USSR,656,'01610,"Coffee, green",5910,Export quantity,t,0.0,A,,0.0,A,,0.0,A,,0.0,A,,0.0,A,,0.0,A,,0.0,A,,0.0,A,,0.0,A,,0.0,A,,0.0,A,,0.0,A,,0.0,A,,0.0,A,,0.0,A,,163.0,A,,0.0,A,,0.0,A,,0.0,A,,0.0,A,,0.0,A,,0.0,A,,0.0,A,,0.0,A,,0.0,A,,0.0,A,,0.0,A,,0.0,A,,0.0,A,,0.0,A,,0.0,A,,,,,,,,,,,,,,,,,,,,,,,,,,,,,,,,,,,,,,,,,,,,,,,,,,,,,,,,,,,,,,,,,,,,,,,,,,,,,,,,,,,,,,,,,,,,,,,,,,,,
228,'810,USSR,656,'01610,"Coffee, green",5922,Export value,1000 USD,0.0,A,,0.0,A,,0.0,A,,0.0,A,,0.0,A,,0.0,A,,0.0,A,,0.0,A,,0.0,A,,0.0,A,,0.0,A,,0.0,A,,0.0,A,,0.0,A,,0.0,A,,529.0,A,,0.0,A,,0.0,A,,0.0,A,,0.0,A,,0.0,A,,0.0,A,,0.0,A,,0.0,A,,0.0,A,,0.0,A,,0.0,A,,0.0,A,,0.0,A,,0.0,A,,0.0,A,,,,,,,,,,,,,,,,,,,,,,,,,,,,,,,,,,,,,,,,,,,,,,,,,,,,,,,,,,,,,,,,,,,,,,,,,,,,,,,,,,,,,,,,,,,,,,,,,,,,
235,'860,Uzbekistan,656,'01610,"Coffee, green",5610,Import quantity,t,,,,,,,,,,,,,,,,,,,,,,,,,,,,,,,,,,,,,,,,,,,,,,,,,,,,,,,,,,,,,,,,,,,,,,,,,,,,,,,,,,,,,,,,,,,,,,,,,,,,,,,,,,,,,,,,,,,,,,13.5,A,,10.0,I,,69.0,X,Estimated data using trading partners database,0.0,X,Estimated data using trading partners database,1.0,X,Estimated data using trading partners database,1.0,E,,11.0,X,Estimated data using trading partners database,0.0,X,Estimated data using trading partners database,0.0,E,,0.0,E,,0.0,E,,0.0,E,,0.0,E,,0.0,E,,7.04,X,Estimated data using trading partners database,12.8,X,Estimated data using trading partners database,28.97,X,Estimated data using trading partners database,34.45,A,,60.37,A,,69.44,A,,140.69,A,,126.82,I,,167.84,A,,276.54,A,,330.37,A,
235,'860,Uzbekistan,656,'01610,"Coffee, green",5622,Import value,1000 USD,,,,,,,,,,,,,,,,,,,,,,,,,,,,,,,,,,,,,,,,,,,,,,,,,,,,,,,,,,,,,,,,,,,,,,,,,,,,,,,,,,,,,,,,,,,,,,,,,,,,,,,,,,,,,,,,,,,,,,25.0,A,,20.0,I,,142.0,X,Estimated data using trading partners database,0.0,X,Estimated data using trading partners database,1.0,X,Estimated data using trading partners database,1.0,E,,109.0,X,Estimated data using trading partners database,1.0,X,Estimated data using trading partners database,1.0,E,,1.0,E,,1.0,E,,1.0,E,,1.0,E,,1.0,E,,35.0,X,Estimated data using trading partners database,56.0,X,Estimated data using trading partners database,186.0,X,Estimated data using trading partners database,169.0,A,,265.0,A,,248.0,A,,460.0,A,,477.0,A,,1046.0,A,,1362.0,A,,1995.0,A,
235,'860,Uzbekistan,656,'01610,"Coffee, green",5910,Export quantity,t,,,,,,,,,,,,,,,,,,,,,,,,,,,,,,,,,,,,,,,,,,,,,,,,,,,,,,,,,,,,,,,,,,,,,,,,,,,,,,,,,,,,,,,,,,,,,,,,,,,,,,,,,,,,,,,,,,,,,,,,,,,,,,,,,,,,,,,,,,,,,,,,,,,,,,,,,,,,,,,,,,,,,,,,,,,,,,,,,,,,,,,,,,,,,,20.02,A,
235,'860,Uzbekistan,656,'01610,"Coffee, green",5922,Export value,1000 USD,,,,,,,,,,,,,,,,,,,,,,,,,,,,,,,,,,,,,,,,,,,,,,,,,,,,,,,,,,,,,,,,,,,,,,,,,,,,,,,,,,,,,,,,,,,,,,,,,,,,,,,,,,,,,,,,,,,,,,,,,,,,,,,,,,,,,,,,,,,,,,,,,,,,,,,,,,,,,,,,,,,,,,,,,,,,,,,,,,,,,,,,,,,,,,128.0,A,
155,'548,Vanuatu,656,'01610,"Coffee, green",5610,Import quantity,t,0.0,A,,0.0,A,,0.0,A,,0.0,A,,0.0,A,,0.0,A,,0.0,A,,0.0,A,,0.0,A,,4.0,A,,6.0,A,,5.0,I,,16.0,A,,16.0,A,,10.0,X,Estimated data using trading partners database,0.0,A,,0.0,A,,0.0,A,,10.0,X,Estimated data using trading partners database,9.0,A,,11.0,A,,10.0,A,,8.0,A,,7.0,A,,3.0,A,,3.0,A,,0.0,A,,0.0,A,,0.0,A,,0.0,A,,0.0,A,,10.0,A,,0.0,I,,19.0,A,,0.0,X,Estimated data using trading partners database,18.0,A,,3.0,X,Estimated data using trading partners database,0.0,X,Estimated data using trading partners database,0.0,X,Estimated data using trading partners database,0.0,E,,0.0,E,,0.0,X,Estimated data using trading partners database,1.0,X,Estimated data using trading partners database,2.0,X,Estimated data using trading partners database,4.0,X,Estimated data using trading partners database,0.0,A,,0.0,X,Estimated data using trading partners database,2.0,A,,2.0,A,,1.0,A,,2.0,A,,2.0,E,,2.0,E,,0.03,X,Estimated data using trading partners database,1.36,X,Estimated data using trading partners database,18.96,X,Estimated data using trading partners database,,,,,,,0.1,X,Estimated data using trading partners database,17.99,X,Estimated data using trading partners database,2.16,X,Estimated data using trading partners database,5.9,X,Estimated data using trading partners database,34.37,X,Estimated data using trading partners database,8.85,X,Estimated data using trading partners database
155,'548,Vanuatu,656,'01610,"Coffee, green",5622,Import value,1000 USD,0.0,A,,0.0,A,,0.0,A,,0.0,A,,0.0,A,,0.0,A,,0.0,A,,0.0,A,,0.0,A,,9.0,A,,13.0,A,,16.0,A,,52.0,A,,45.0,A,,33.0,A,,0.0,A,,0.0,A,,0.0,A,,50.0,X,Estimated data using trading partners database,50.0,A,,45.0,A,,50.0,A,,42.0,A,,31.0,A,,17.0,A,,15.0,A,,0.0,A,,0.0,A,,0.0,A,,0.0,A,,0.0,A,,52.0,A,,0.0,I,,70.0,A,,0.0,X,Estimated data using trading partners database,157.0,A,,15.0,X,Estimated data using trading partners database,0.0,X,Estimated data using trading partners database,0.0,X,Estimated data using trading partners database,0.0,E,,0.0,E,,4.0,X,Estimated data using trading partners database,11.0,X,Estimated data using trading partners database,7.0,X,Estimated data using trading partners database,18.0,X,Estimated data using trading partners database,1.0,A,,1.0,A,,10.0,A,,5.0,A,,6.0,A,,16.0,A,,16.0,E,,16.0,E,,1.0,X,Estimated data using trading partners database,6.0,X,Estimated data using trading partners database,103.0,X,Estimated data using trading partners database,,,,,,,2.0,X,Estimated data using trading partners database,73.0,X,Estimated data using trading partners database,25.0,X,Estimated data using trading partners database,53.0,X,Estimated data using trading partners database,171.0,X,Estimated data using trading partners database,79.0,X,Estimated data using trading partners database
155,'548,Vanuatu,656,'01610,"Coffee, green",5910,Export quantity,t,207.0,A,,106.0,A,,217.0,A,,170.0,A,,135.0,A,,177.0,A,,219.0,A,,121.0,A,,84.0,A,,91.0,A,,74.0,A,,71.0,A,,2.0,A,,26.0,A,,36.0,A,,25.0,A,,51.0,A,,22.0,A,,116.0,A,,54.0,A,,61.0,A,,17.0,A,,33.0,A,,14.0,A,,87.0,A,,22.0,A,,44.0,A,,19.0,A,,0.0,A,,37.0,A,,0.0,A,,25.0,A,,42.0,A,,9.0,A,,36.0,A,,37.0,A,,59.0,A,,20.0,I,,50.0,X,Estimated data using trading partners database,0.0,I,,0.0,E,,1.0,X,Estimated data using trading partners database,1.0,I,,0.0,I,,0.0,I,,0.0,E,,0.0,E,,0.0,E,,0.0,A,,0.0,E,,25.0,A,,1.0,X,Estimated data using trading partners database,14.0,X,Estimated data using trading partners database,43.31,X,Estimated data using trading partners database,22.56,X,Estimated data using trading partners database,1.0,X,Estimated data using trading partners database,6.22,X,Estimated data using trading partners database,31.83,X,Estimated data using trading partners database,3.0,X,Estimated data using trading partners database,17.27,X,Estimated data using trading partners database,12.95,X,Estimated data using trading partners database,13.34,X,Estimated data using trading partners database,6.44,X,Estimated data using trading partners database,,,
155,'548,Vanuatu,656,'01610,"Coffee, green",5922,Export value,1000 USD,89.0,A,,43.0,A,,89.0,A,,96.0,A,,60.0,A,,99.0,A,,124.0,A,,67.0,A,,58.0,A,,73.0,A,,55.0,A,,53.0,A,,1.0,A,,29.0,A,,33.0,A,,76.0,A,,185.0,A,,49.0,A,,313.0,A,,109.0,A,,95.0,A,,26.0,A,,54.0,A,,21.0,A,,196.0,A,,64.0,A,,75.0,A,,38.0,A,,0.0,A,,60.0,A,,0.0,A,,62.0,A,,41.0,A,,34.0,A,,62.0,A,,87.0,A,,121.0,A,,30.0,I,,80.0,I,,0.0,I,,0.0,E,,4.0,X,Estimated data using trading partners database,5.0,I,,0.0,I,,0.0,I,,0.0,E,,0.0,E,,0.0,E,,1.0,A,,0.0,X,Estimated data using trading partners database,155.0,A,,8.0,X,Estimated data using trading partners database,57.0,X,Estimated data using trading partners database,217.0,X,Estimated data using trading partners database,156.0,X,Estimated data using trading partners database,11.0,X,Estimated data using trading partners database,37.0,X,Estimated data using trading partners database,150.0,X,Estimated data using trading partners database,24.0,X,Estimated data using trading partners database,97.0,X,Estimated data using trading partners database,70.0,X,Estimated data using trading partners database,71.0,X,Estimated data using trading partners database,39.0,X,Estimated data using trading partners database,,,
236,'862,Venezuela (Bolivarian Republic of),656,'01610,"Coffee, green",5610,Import quantity,t,1.0,A,,2.0,A,,2.0,A,,0.0,A,,1.0,A,,3.0,A,,2.0,A,,1.0,A,,3.0,A,,1.0,A,,0.0,A,,0.0,A,,0.0,A,,0.0,A,,0.0,A,,0.0,A,,0.0,A,,0.0,A,,0.0,A,,6.0,A,,237.0,A,,288.0,A,,0.0,A,,0.0,A,,0.0,A,,0.0,A,,0.0,A,,0.0,A,,0.0,A,,0.0,A,,0.0,A,,0.0,A,,0.0,A,,2.0,A,,0.0,X,Estimated data using trading partners database,0.0,A,,0.0,X,Estimated data using trading partners database,0.0,X,Estimated data using trading partners database,0.0,A,,322.0,A,,0.0,A,,1.0,A,,1.0,A,,3.0,A,,0.0,X,Estimated data using trading partners database,0.0,A,,0.0,E,,0.0,A,,5310.0,A,,23700.0,A,,18596.0,A,,48087.0,A,,26019.0,A,,14595.91,A,,35163.18,A,,6971.22,A,,1111.52,A,,4000.0,E,,0.54,A,,335.09,A,,8.19,X,Estimated data using trading partners database,21.79,A,,606.7,A,,9.07,X,Estimated data using trading partners database
236,'862,Venezuela (Bolivarian Republic of),656,'01610,"Coffee, green",5622,Import value,1000 USD,1.0,A,,3.0,A,,2.0,A,,0.0,A,,1.0,A,,3.0,A,,3.0,A,,2.0,A,,2.0,A,,2.0,A,,0.0,A,,0.0,A,,0.0,A,,0.0,A,,0.0,A,,0.0,A,,0.0,A,,0.0,A,,0.0,A,,11.0,A,,848.0,A,,1207.0,A,,0.0,A,,0.0,A,,0.0,A,,0.0,A,,0.0,A,,0.0,A,,0.0,A,,0.0,A,,0.0,A,,0.0,A,,0.0,A,,11.0,A,,0.0,X,Estimated data using trading partners database,0.0,A,,0.0,X,Estimated data using trading partners database,0.0,X,Estimated data using trading partners database,1.0,A,,239.0,A,,0.0,A,,1.0,A,,2.0,A,,5.0,A,,0.0,X,Estimated data using trading partners database,0.0,A,,0.0,E,,0.0,A,,19093.0,A,,89764.0,A,,122086.0,A,,264285.0,A,,101719.0,A,,63029.0,A,,165731.0,A,,35534.0,A,,5527.0,A,,13000.0,E,,2.0,A,,762.0,A,,43.0,X,Estimated data using trading partners database,26.0,A,,255.0,A,,44.0,X,Estimated data using trading partners database
236,'862,Venezuela (Bolivarian Republic of),656,'01610,"Coffee, green",5910,Export quantity,t,24344.0,A,,19348.0,A,,23671.0,A,,19959.0,A,,18117.0,A,,18387.0,A,,18719.0,A,,9566.0,A,,19047.0,A,,16831.0,A,,19691.0,A,,17771.0,A,,14555.0,A,,17412.0,A,,12933.0,A,,17944.0,A,,10644.0,A,,13711.0,A,,7826.0,A,,2413.0,A,,1226.0,A,,982.0,A,,1549.0,A,,4509.0,A,,8279.0,A,,19229.0,A,,12717.0,A,,9823.0,A,,10829.0,A,,16702.0,A,,7732.0,A,,7042.0,A,,30275.0,A,,20304.0,A,,3997.0,A,,15457.0,A,,4239.0,A,,12049.0,A,,22247.0,A,,1318.0,A,,97.0,A,,9296.0,A,,12490.0,A,,5467.0,A,,0.0,A,,69.0,A,,35.0,A,,1035.0,A,,0.0,X,Estimated data using trading partners database,0.0,E,,0.0,E,,0.0,E,,0.0,E,,,,,,,,,,,,,,,,,,,,200.4,A,,2221.95,X,Estimated data using trading partners database,999.62,A,,1015.11,A,,3238.0,X,Estimated data using trading partners database
236,'862,Venezuela (Bolivarian Republic of),656,'01610,"Coffee, green",5922,Export value,1000 USD,26065.0,A,,18741.0,A,,23220.0,A,,15037.0,A,,13675.0,A,,13746.0,A,,13878.0,A,,7020.0,A,,14183.0,A,,12602.0,A,,14686.0,A,,15953.0,A,,13449.0,A,,16460.0,A,,18866.0,A,,27289.0,A,,28088.0,A,,42194.0,A,,24517.0,A,,7951.0,A,,3330.0,A,,2857.0,A,,2795.0,A,,14884.0,A,,25752.0,A,,57651.0,A,,24072.0,A,,24494.0,A,,29065.0,A,,25970.0,A,,13723.0,A,,10152.0,A,,33416.0,A,,31947.0,A,,10551.0,A,,33866.0,A,,16329.0,A,,27713.0,A,,44925.0,A,,3227.0,A,,211.0,A,,10515.0,A,,12262.0,A,,6547.0,A,,0.0,A,,152.0,A,,80.0,A,,1955.0,A,,0.0,X,Estimated data using trading partners database,0.0,E,,0.0,E,,0.0,E,,0.0,E,,,,,,,,,,,,,,,,,,,,452.0,A,,7169.0,X,Estimated data using trading partners database,2779.0,A,,4611.0,A,,13032.0,X,Estimated data using trading partners database
237,'704,Viet Nam,656,'01610,"Coffee, green",5610,Import quantity,t,0.0,A,,0.0,A,,0.0,A,,0.0,A,,0.0,A,,0.0,A,,0.0,A,,0.0,A,,0.0,A,,0.0,A,,0.0,A,,0.0,A,,0.0,A,,0.0,A,,0.0,A,,0.0,A,,0.0,A,,0.0,A,,0.0,A,,0.0,A,,0.0,A,,0.0,A,,0.0,A,,0.0,A,,0.0,A,,0.0,A,,0.0,A,,0.0,A,,0.0,A,,0.0,A,,1364.0,A,,0.0,I,,0.0,A,,0.0,E,,0.0,E,,513.0,X,Estimated data using trading partners database,835.0,X,Estimated data using trading partners database,503.0,X,Estimated data using trading partners database,857.0,X,Estimated data using trading partners database,340.0,X,Estimated data using trading partners database,7600.0,X,Estimated data using trading partners database,4300.0,X,Estimated data using trading partners database,3300.0,X,Estimated data using trading partners database,1144.0,X,Estimated data using trading partners database,317.0,X,Estimated data using trading partners database,296.0,X,Estimated data using trading partners database,473.0,X,Estimated data using trading partners database,508.0,X,Estimated data using trading partners database,3488.0,X,Estimated data using trading partners database,4111.0,X,Estimated data using trading partners database,3483.0,X,Estimated data using trading partners database,13803.0,A,,12893.0,X,Estimated data using trading partners database,32137.36,I,,15008.42,A,,31063.01,A,,40972.3,A,,43723.26,I,,36748.84,I,,45578.23,I,,34308.52,I,,34586.34,I,,45813.4,I,,69767.21,X,Estimated data using trading partners database
237,'704,Viet Nam,656,'01610,"Coffee, green",5622,Import value,1000 USD,0.0,A,,0.0,A,,0.0,A,,0.0,A,,0.0,A,,0.0,A,,0.0,A,,0.0,A,,0.0,A,,0.0,A,,0.0,A,,0.0,A,,0.0,A,,0.0,A,,0.0,A,,0.0,A,,0.0,A,,0.0,A,,0.0,A,,0.0,A,,0.0,A,,0.0,A,,0.0,A,,0.0,A,,0.0,A,,0.0,A,,0.0,A,,0.0,A,,0.0,A,,0.0,A,,1340.0,A,,0.0,I,,0.0,A,,0.0,E,,0.0,E,,1095.0,X,Estimated data using trading partners database,1167.0,X,Estimated data using trading partners database,890.0,X,Estimated data using trading partners database,1477.0,X,Estimated data using trading partners database,530.0,X,Estimated data using trading partners database,7200.0,X,Estimated data using trading partners database,3000.0,X,Estimated data using trading partners database,2500.0,X,Estimated data using trading partners database,1299.0,X,Estimated data using trading partners database,708.0,X,Estimated data using trading partners database,711.0,X,Estimated data using trading partners database,1122.0,X,Estimated data using trading partners database,1598.0,X,Estimated data using trading partners database,5597.0,X,Estimated data using trading partners database,6655.0,X,Estimated data using trading partners database,6058.0,X,Estimated data using trading partners database,33406.0,A,,27486.0,X,Estimated data using trading partners database,62184.0,A,,36223.0,A,,46150.0,A,,88235.0,A,,84066.0,A,,64453.0,A,,83008.0,A,,71856.0,A,,103108.0,A,,134474.0,A,,301558.0,X,Estimated data using trading partners database
237,'704,Viet Nam,656,'01610,"Coffee, green",5910,Export quantity,t,173.0,A,,466.0,A,,678.0,A,,1162.0,A,,1900.0,A,,3494.0,A,,3359.0,A,,1841.0,A,,2010.0,X,Estimated data using trading partners database,2344.0,X,Estimated data using trading partners database,2000.0,A,,1689.0,A,,3702.0,A,,3500.0,I,,2300.0,A,,8500.0,A,,2100.0,A,,3500.0,A,,2800.0,A,,4019.0,A,,2700.0,A,,4200.0,A,,4600.0,A,,4100.0,A,,9200.0,A,,24021.0,A,,25593.0,A,,33502.0,A,,57415.0,A,,89583.0,A,,93500.0,A,,116175.0,A,,122000.0,A,,176400.0,A,,248100.0,A,,283700.0,A,,391630.0,A,,382000.0,A,,482000.0,A,,733900.0,A,,931198.0,A,,718575.0,A,,749200.0,A,,869832.0,A,,892000.0,A,,981000.0,A,,1232100.0,A,,1060884.0,A,,1168000.0,A,,1217868.0,A,,1256400.0,A,,1705033.0,A,,1306503.0,X,Estimated data using trading partners database,1643244.23,A,,1280201.5,A,,1700998.38,A,,1459345.22,A,,1613486.0,X,Estimated data using trading partners database,1409809.81,A,,1231298.41,I,,1188200.47,I,,1382656.13,I,,1461716.04,I,,1070640.59,X,Estimated data using trading partners database
237,'704,Viet Nam,656,'01610,"Coffee, green",5922,Export value,1000 USD,80.0,A,,249.0,A,,334.0,A,,604.0,A,,909.0,A,,1930.0,A,,1844.0,A,,948.0,A,,1130.0,X,Estimated data using trading partners database,1340.0,X,Estimated data using trading partners database,1130.0,A,,1174.0,A,,3233.0,A,,3400.0,I,,3200.0,I,,12000.0,I,,5000.0,I,,4500.0,I,,3200.0,I,,4832.0,A,,3300.0,I,,4500.0,I,,5000.0,I,,5800.0,I,,13800.0,I,,61474.0,A,,50007.0,A,,58053.0,A,,81004.0,A,,92493.0,A,,76251.0,A,,91492.0,A,,111000.0,A,,328000.0,A,,596000.0,A,,420000.0,A,,497536.0,A,,593793.0,A,,584903.0,A,,499651.0,A,,391329.0,A,,322310.0,A,,504892.0,A,,641974.0,A,,735485.0,A,,1217167.0,A,,1911463.0,A,,2113761.0,A,,1710000.0,A,,1851358.0,A,,2752423.0,A,,3527513.0,A,,2549560.0,X,Estimated data using trading partners database,3302410.0,A,,2402771.0,A,,3024730.0,A,,3079104.0,A,,2867062.0,A,,2183204.0,A,,1943554.0,A,,2120880.0,A,,2916492.0,A,,3117896.0,A,,3602303.0,X,Estimated data using trading partners database
249,'887,Yemen,656,'01610,"Coffee, green",5610,Import quantity,t,3950.0,A,,3040.0,A,,3460.0,A,,3650.0,A,,6110.0,A,,6357.0,A,,1656.0,A,,1368.0,A,,1080.0,A,,495.0,A,,4328.0,A,,2225.0,A,,838.0,A,,913.0,A,,1651.0,A,,3083.0,A,,2741.0,A,,2327.0,A,,3431.0,A,,217.0,A,,871.0,A,,489.0,X,Estimated data using trading partners database,615.0,X,Estimated data using trading partners database,399.0,X,Estimated data using trading partners database,617.0,X,Estimated data using trading partners database,429.0,X,Estimated data using trading partners database,1352.0,X,Estimated data using trading partners database,1100.0,I,,800.0,A,,0.0,X,Estimated data using trading partners database,0.0,A,,0.0,A,,69.0,A,,0.0,X,Estimated data using trading partners database,1023.0,A,,157.0,A,,295.0,A,,34.0,A,,262.0,A,,33.0,A,,410.0,X,Estimated data using trading partners database,174.0,A,,937.0,A,,141.0,A,,134.0,A,,231.0,A,,14.0,A,,272.0,A,,4.0,A,,4.0,E,,19.0,A,,8.0,A,,30.0,A,,47.87,A,,105.65,A,,408.02,X,Estimated data using trading partners database,528.08,X,Estimated data using trading partners database,208.95,A,,487.43,A,,1716.61,X,Estimated data using trading partners database,2341.65,X,Estimated data using trading partners database,2293.11,X,Estimated data using trading partners database,1391.93,I,,191.04,X,Estimated data using trading partners database
249,'887,Yemen,656,'01610,"Coffee, green",5622,Import value,1000 USD,2690.0,A,,2240.0,A,,2320.0,A,,2830.0,A,,3130.0,A,,2924.0,A,,1237.0,A,,1023.0,A,,731.0,A,,403.0,A,,3200.0,I,,1236.0,A,,815.0,A,,1142.0,A,,2505.0,A,,4344.0,A,,2212.0,A,,2144.0,A,,3600.0,A,,682.0,A,,2260.0,A,,1255.0,X,Estimated data using trading partners database,2160.0,X,Estimated data using trading partners database,1155.0,X,Estimated data using trading partners database,1982.0,X,Estimated data using trading partners database,2093.0,X,Estimated data using trading partners database,3306.0,X,Estimated data using trading partners database,2650.0,I,,2914.0,A,,0.0,X,Estimated data using trading partners database,0.0,A,,0.0,A,,160.0,A,,0.0,X,Estimated data using trading partners database,2372.0,X,Estimated data using trading partners database,193.0,A,,193.0,A,,18.0,A,,407.0,X,Estimated data using trading partners database,57.0,A,,685.0,I,,355.0,A,,1298.0,A,,285.0,A,,267.0,A,,466.0,A,,23.0,A,,590.0,A,,28.0,A,,28.0,E,,136.0,A,,36.0,A,,65.0,A,,146.0,A,,382.0,A,,817.0,X,Estimated data using trading partners database,1211.0,X,Estimated data using trading partners database,784.0,A,,1173.0,A,,4429.0,X,Estimated data using trading partners database,8162.0,X,Estimated data using trading partners database,9828.0,X,Estimated data using trading partners database,7129.0,X,Estimated data using trading partners database,725.0,X,Estimated data using trading partners database
249,'887,Yemen,656,'01610,"Coffee, green",5910,Export quantity,t,9480.0,X,Estimated data using trading partners database,8620.0,X,Estimated data using trading partners database,8083.0,X,Estimated data using trading partners database,9459.0,X,Estimated data using trading partners database,8939.0,X,Estimated data using trading partners database,7037.0,X,Estimated data using trading partners database,3841.0,X,Estimated data using trading partners database,3481.0,X,Estimated data using trading partners database,3433.0,X,Estimated data using trading partners database,3437.0,X,Estimated data using trading partners database,2396.0,X,Estimated data using trading partners database,2256.0,A,,2359.0,A,,2193.0,A,,2213.0,A,,1946.0,X,Estimated data using trading partners database,1293.0,X,Estimated data using trading partners database,509.0,X,Estimated data using trading partners database,757.0,A,,229.0,A,,393.0,A,,258.0,X,Estimated data using trading partners database,403.0,X,Estimated data using trading partners database,200.0,X,Estimated data using trading partners database,308.0,X,Estimated data using trading partners database,400.0,X,Estimated data using trading partners database,250.0,X,Estimated data using trading partners database,350.0,X,Estimated data using trading partners database,350.0,X,Estimated data using trading partners database,0.0,A,,300.0,X,Estimated data using trading partners database,0.0,X,Estimated data using trading partners database,0.0,A,,0.0,A,,0.0,A,,0.0,A,,0.0,E,,3456.0,A,,3446.0,A,,2633.0,A,,2620.0,X,Estimated data using trading partners database,2790.0,A,,3461.0,A,,2070.0,A,,2153.0,A,,1688.0,A,,2645.0,A,,2445.0,A,,2230.0,A,,2542.0,X,Estimated data using trading partners database,2464.0,A,,2939.0,A,,2628.0,A,,2278.61,I,,2381.41,A,,2102.56,X,Estimated data using trading partners database,3020.91,X,Estimated data using trading partners database,2528.0,X,Estimated data using trading partners database,2500.0,E,,969.25,X,Estimated data using trading partners database,1470.02,X,Estimated data using trading partners database,1347.19,X,Estimated data using trading partners database,1517.88,X,Estimated data using trading partners database,515.1,X,Estimated data using trading partners database
249,'887,Yemen,656,'01610,"Coffee, green",5922,Export value,1000 USD,6690.0,X,Estimated data using trading partners database,5840.0,X,Estimated data using trading partners database,5620.0,X,Estimated data using trading partners database,7170.0,X,Estimated data using trading partners database,6390.0,X,Estimated data using trading partners database,4799.0,X,Estimated data using trading partners database,3002.0,X,Estimated data using trading partners database,2523.0,X,Estimated data using trading partners database,2406.0,X,Estimated data using trading partners database,2752.0,X,Estimated data using trading partners database,1978.0,X,Estimated data using trading partners database,2629.0,A,,2740.0,A,,2412.0,A,,3662.0,A,,4907.0,A,,5582.0,A,,2173.0,A,,3886.0,A,,1112.0,A,,1802.0,A,,1172.0,A,,1870.0,A,,1062.0,X,Estimated data using trading partners database,1384.0,A,,2328.0,X,Estimated data using trading partners database,1200.0,A,,1500.0,X,Estimated data using trading partners database,1400.0,X,Estimated data using trading partners database,0.0,A,,600.0,I,,0.0,X,Estimated data using trading partners database,0.0,A,,0.0,A,,0.0,A,,0.0,A,,0.0,E,,15984.0,A,,15136.0,X,Estimated data using trading partners database,12484.0,A,,11260.0,X,Estimated data using trading partners database,10917.0,A,,12600.0,A,,8941.0,A,,9589.0,A,,7130.0,A,,10574.0,A,,9379.0,A,,11909.0,A,,13194.0,X,Estimated data using trading partners database,12434.0,A,,12535.0,A,,12895.0,A,,11423.0,A,,9114.0,A,,8714.0,X,Estimated data using trading partners database,13913.0,X,Estimated data using trading partners database,14850.0,X,Estimated data using trading partners database,15000.0,E,,7051.0,X,Estimated data using trading partners database,10448.0,X,Estimated data using trading partners database,10200.0,X,Estimated data using trading partners database,9714.0,X,Estimated data using trading partners database,5578.0,X,Estimated data using trading partners database
248,'890,Yugoslav SFR,656,'01610,"Coffee, green",5610,Import quantity,t,9556.0,A,,10264.0,A,,17770.0,A,,15743.0,A,,17610.0,A,,24731.0,A,,30288.0,A,,28998.0,A,,39162.0,A,,35277.0,A,,36343.0,A,,37242.0,A,,42372.0,A,,50636.0,A,,46437.0,A,,36599.0,A,,49681.0,A,,46120.0,A,,58007.0,A,,48845.0,A,,45119.0,A,,23862.0,A,,34571.0,A,,20444.0,A,,13557.0,A,,53656.0,A,,58864.0,A,,49565.0,A,,49957.0,A,,61363.0,A,,72000.0,A,,,,,,,,,,,,,,,,,,,,,,,,,,,,,,,,,,,,,,,,,,,,,,,,,,,,,,,,,,,,,,,,,,,,,,,,,,,,,,,,,,,,,,,,,,,,,,,,,,,,
248,'890,Yugoslav SFR,656,'01610,"Coffee, green",5622,Import value,1000 USD,7336.0,A,,8733.0,A,,14166.0,A,,15108.0,A,,16700.0,A,,21081.0,A,,24858.0,A,,24329.0,A,,32123.0,A,,38461.0,A,,36346.0,A,,39628.0,A,,58523.0,A,,85782.0,A,,64332.0,A,,87038.0,A,,187843.0,A,,180253.0,A,,197813.0,A,,187049.0,A,,128837.0,A,,69801.0,A,,77086.0,A,,48536.0,A,,32910.0,A,,248453.0,A,,173150.0,A,,143263.0,A,,128296.0,A,,110711.0,A,,122000.0,X,Estimated data using trading partners database,,,,,,,,,,,,,,,,,,,,,,,,,,,,,,,,,,,,,,,,,,,,,,,,,,,,,,,,,,,,,,,,,,,,,,,,,,,,,,,,,,,,,,,,,,,,,,,,,,,
248,'890,Yugoslav SFR,656,'01610,"Coffee, green",5910,Export quantity,t,0.0,A,,0.0,A,,0.0,A,,0.0,A,,0.0,A,,0.0,A,,12.0,A,,0.0,A,,0.0,A,,0.0,A,,0.0,A,,0.0,A,,0.0,A,,0.0,A,,0.0,A,,0.0,A,,0.0,A,,0.0,A,,0.0,A,,0.0,A,,0.0,A,,0.0,A,,2.0,A,,0.0,A,,0.0,A,,3.0,A,,3.0,A,,4.0,A,,0.0,A,,0.0,A,,0.0,X,Estimated data using trading partners database,,,,,,,,,,,,,,,,,,,,,,,,,,,,,,,,,,,,,,,,,,,,,,,,,,,,,,,,,,,,,,,,,,,,,,,,,,,,,,,,,,,,,,,,,,,,,,,,,,,
248,'890,Yugoslav SFR,656,'01610,"Coffee, green",5922,Export value,1000 USD,0.0,A,,0.0,A,,0.0,A,,0.0,A,,0.0,A,,0.0,A,,3.0,A,,0.0,A,,0.0,A,,0.0,A,,0.0,A,,0.0,A,,0.0,A,,0.0,A,,0.0,A,,0.0,A,,0.0,A,,0.0,A,,0.0,A,,0.0,A,,0.0,A,,0.0,A,,13.0,A,,0.0,A,,0.0,A,,20.0,A,,1.0,A,,11.0,A,,0.0,A,,0.0,A,,0.0,I,,,,,,,,,,,,,,,,,,,,,,,,,,,,,,,,,,,,,,,,,,,,,,,,,,,,,,,,,,,,,,,,,,,,,,,,,,,,,,,,,,,,,,,,,,,,,,,,,,,,
251,'894,Zambia,656,'01610,"Coffee, green",5610,Import quantity,t,150.0,I,,150.0,I,,150.0,I,,140.0,A,,250.0,A,,240.0,A,,250.0,X,Estimated data using trading partners database,300.0,X,Estimated data using trading partners database,400.0,I,,251.0,A,,149.0,A,,200.0,A,,130.0,A,,275.0,A,,157.0,A,,113.0,A,,30.0,A,,36.0,A,,397.0,A,,114.0,A,,100.0,A,,54.0,A,,55.0,I,,54.0,A,,45.0,A,,29.0,A,,1.0,A,,1.0,A,,0.0,A,,0.0,A,,1.0,A,,24.0,A,,8.0,A,,6.0,A,,1.0,A,,,,,2.0,A,,4.0,E,,8.0,A,,17.0,A,,1.0,A,,6.0,A,,3.0,X,Estimated data using trading partners database,6.0,A,,6.0,A,,9.0,A,,24.0,A,,50.0,A,,27.0,A,,33.0,X,Estimated data using trading partners database,23.0,A,,23.0,A,,41.0,A,,62.33,A,,37.37,A,,70.23,A,,20.82,A,,39.32,A,,21.96,A,,43.8,A,,31.9,A,,23.5,A,,16.77,A,,34.15,A,
251,'894,Zambia,656,'01610,"Coffee, green",5622,Import value,1000 USD,200.0,I,,200.0,I,,200.0,I,,180.0,A,,320.0,A,,360.0,A,,360.0,I,,380.0,I,,440.0,I,,399.0,A,,197.0,A,,248.0,A,,181.0,A,,473.0,A,,333.0,A,,193.0,A,,189.0,A,,139.0,A,,1122.0,A,,524.0,A,,340.0,A,,184.0,A,,200.0,I,,208.0,A,,197.0,A,,50.0,A,,8.0,A,,3.0,A,,0.0,A,,0.0,A,,2.0,A,,25.0,A,,11.0,A,,7.0,A,,4.0,A,,,,,12.0,A,,1.0,E,,43.0,A,,18.0,A,,7.0,A,,20.0,A,,25.0,A,,11.0,A,,25.0,A,,45.0,A,,67.0,A,,151.0,A,,93.0,A,,134.0,A,,124.0,A,,56.0,A,,102.0,A,,96.0,A,,146.0,A,,149.0,A,,105.0,A,,160.0,A,,123.0,A,,183.0,A,,163.0,A,,183.0,A,,85.0,A,,107.0,A,
251,'894,Zambia,656,'01610,"Coffee, green",5910,Export quantity,t,0.0,A,,0.0,A,,0.0,A,,0.0,A,,0.0,A,,0.0,A,,0.0,A,,0.0,A,,0.0,A,,0.0,A,,0.0,A,,0.0,A,,0.0,A,,0.0,A,,0.0,A,,0.0,A,,0.0,A,,0.0,A,,0.0,A,,0.0,A,,0.0,A,,0.0,A,,0.0,A,,12.0,A,,320.0,A,,313.0,A,,403.0,A,,84.0,A,,660.0,X,Estimated data using trading partners database,1422.0,A,,206.0,A,,1400.0,X,Estimated data using trading partners database,115.0,A,,165.0,A,,334.0,A,,2200.0,X,Estimated data using trading partners database,2396.0,A,,1700.0,X,Estimated data using trading partners database,2143.0,A,,4035.0,A,,4785.0,A,,4818.0,A,,5921.0,A,,6460.0,A,,6026.0,A,,3730.0,A,,2858.0,A,,2533.0,A,,1747.0,A,,1006.0,A,,650.0,A,,642.0,A,,576.0,A,,207.59,A,,111.68,A,,565.42,A,,2505.88,I,,129.77,A,,1213.58,A,,2100.69,A,,3766.61,A,,4933.48,A,,5631.88,A,,7733.73,A,
251,'894,Zambia,656,'01610,"Coffee, green",5922,Export value,1000 USD,0.0,A,,0.0,A,,0.0,A,,0.0,A,,0.0,A,,0.0,A,,0.0,A,,0.0,A,,0.0,A,,0.0,A,,0.0,A,,0.0,A,,0.0,A,,0.0,A,,0.0,A,,0.0,A,,0.0,A,,0.0,A,,0.0,A,,0.0,A,,0.0,A,,0.0,A,,0.0,A,,20.0,A,,713.0,A,,987.0,A,,716.0,A,,181.0,A,,1450.0,X,Estimated data using trading partners database,3558.0,A,,362.0,A,,2300.0,X,Estimated data using trading partners database,476.0,A,,244.0,A,,387.0,A,,5000.0,X,Estimated data using trading partners database,4224.0,A,,3300.0,X,Estimated data using trading partners database,4495.0,A,,7232.0,A,,6344.0,A,,5594.0,A,,7463.0,A,,9577.0,A,,13112.0,A,,8255.0,A,,7419.0,A,,7041.0,A,,5509.0,A,,3400.0,A,,3162.0,A,,2813.0,A,,2023.0,A,,756.0,A,,509.0,A,,1588.0,A,,6138.0,A,,571.0,A,,3236.0,A,,6701.0,A,,13978.0,A,,23717.0,A,,23114.0,A,,15511.0,A,
181,'716,Zimbabwe,656,'01610,"Coffee, green",5610,Import quantity,t,235.0,I,,235.0,I,,235.0,I,,360.0,A,,380.0,A,,189.0,A,,190.0,X,Estimated data using trading partners database,267.0,X,Estimated data using trading partners database,272.0,X,Estimated data using trading partners database,160.0,X,Estimated data using trading partners database,225.0,X,Estimated data using trading partners database,271.0,X,Estimated data using trading partners database,602.0,X,Estimated data using trading partners database,865.0,X,Estimated data using trading partners database,163.0,A,,15.0,A,,0.0,A,,0.0,A,,0.0,A,,0.0,A,,3.0,A,,10.0,A,,0.0,A,,1.0,A,,0.0,A,,0.0,A,,0.0,A,,0.0,A,,0.0,A,,0.0,A,,0.0,A,,0.0,A,,0.0,A,,,,,3.0,A,,6.0,A,,30.0,A,,1.0,A,,13.0,A,,18.52,A,,7.0,A,,0.0,A,,56.0,X,Estimated data using trading partners database,704.0,A,,2262.0,A,,1920.0,A,,27.0,X,Estimated data using trading partners database,22.0,A,,47.0,A,,308.0,A,,19.0,A,,23.0,X,Estimated data using trading partners database,29.0,A,,14.88,A,,1.72,A,,5.39,A,,0.87,A,,0.01,A,,0.22,A,,3.52,A,,0.43,A,,8.02,A,,26.16,A,,10.36,A,
181,'716,Zimbabwe,656,'01610,"Coffee, green",5622,Import value,1000 USD,167.0,I,,187.0,I,,227.0,I,,370.0,A,,320.0,A,,115.0,A,,120.0,X,Estimated data using trading partners database,100.0,X,Estimated data using trading partners database,100.0,X,Estimated data using trading partners database,60.0,X,Estimated data using trading partners database,100.0,X,Estimated data using trading partners database,120.0,X,Estimated data using trading partners database,470.0,X,Estimated data using trading partners database,780.0,X,Estimated data using trading partners database,148.0,A,,27.0,A,,0.0,A,,0.0,A,,0.0,A,,0.0,A,,4.0,A,,17.0,A,,0.0,A,,4.0,A,,0.0,A,,0.0,A,,0.0,A,,0.0,A,,0.0,A,,0.0,A,,0.0,A,,0.0,A,,0.0,A,,,,,12.0,A,,50.0,A,,113.0,A,,2.0,A,,17.0,A,,50.0,A,,18.0,A,,0.0,A,,118.0,X,Estimated data using trading partners database,1479.0,A,,7261.0,A,,8305.0,A,,103.0,X,Estimated data using trading partners database,59.0,A,,195.0,A,,929.0,A,,62.0,A,,64.0,A,,112.0,A,,91.0,A,,21.0,A,,29.0,A,,7.0,A,,0.0,A,,2.0,A,,2.0,A,,1.0,A,,3.0,A,,23.0,A,,4.0,A,
181,'716,Zimbabwe,656,'01610,"Coffee, green",5910,Export quantity,t,60.0,I,,70.0,I,,150.0,I,,100.0,A,,130.0,A,,21.0,A,,0.0,A,,183.0,X,Estimated data using trading partners database,345.0,X,Estimated data using trading partners database,437.0,X,Estimated data using trading partners database,531.0,X,Estimated data using trading partners database,1246.0,X,Estimated data using trading partners database,1482.0,X,Estimated data using trading partners database,1953.0,X,Estimated data using trading partners database,3311.0,A,,3798.0,A,,3197.0,A,,4998.0,A,,4164.0,A,,2976.0,A,,5665.0,A,,7280.0,A,,7174.0,A,,9597.0,A,,12133.0,A,,10636.0,A,,11509.0,A,,6141.0,A,,7200.0,X,Estimated data using trading partners database,8950.0,X,Estimated data using trading partners database,8734.0,A,,10246.0,A,,4014.0,A,,4303.0,A,,10063.0,A,,10526.0,A,,12128.0,A,,7962.0,A,,7324.0,A,,4764.27,A,,1322.0,A,,4174.0,A,,5730.0,X,Estimated data using trading partners database,4557.0,A,,1377.0,A,,1441.0,A,,1824.0,X,Estimated data using trading partners database,1304.0,X,Estimated data using trading partners database,681.0,A,,284.0,A,,383.0,X,Estimated data using trading partners database,155.0,A,,109.0,A,,804.75,A,,431.84,A,,666.89,A,,127.85,A,,211.26,A,,316.4,A,,214.38,A,,142.92,A,,75.6,A,,43.7,A,,99.52,A,
181,'716,Zimbabwe,656,'01610,"Coffee, green",5922,Export value,1000 USD,20.0,I,,40.0,I,,11.0,I,,120.0,A,,140.0,A,,22.0,A,,0.0,A,,180.0,X,Estimated data using trading partners database,380.0,X,Estimated data using trading partners database,550.0,X,Estimated data using trading partners database,650.0,X,Estimated data using trading partners database,1600.0,X,Estimated data using trading partners database,2700.0,X,Estimated data using trading partners database,3300.0,X,Estimated data using trading partners database,5156.0,A,,11403.0,A,,13437.0,A,,17072.0,A,,15841.0,A,,10691.0,A,,14398.0,A,,19461.0,A,,18946.0,A,,23991.0,A,,30033.0,A,,39728.0,A,,27964.0,A,,22346.0,A,,17900.0,X,Estimated data using trading partners database,23300.0,I,,23428.0,A,,11655.0,A,,4878.0,A,,12399.0,A,,26246.0,A,,26279.0,A,,36407.0,A,,30262.0,A,,14651.0,A,,7259.0,A,,1544.0,A,,3701.0,A,,7375.0,X,Estimated data using trading partners database,4906.0,A,,1584.0,A,,3845.0,A,,3665.0,X,Estimated data using trading partners database,3054.0,X,Estimated data using trading partners database,1358.0,A,,737.0,A,,1028.0,A,,742.0,A,,412.0,A,,1956.0,A,,1419.0,A,,1841.0,A,,478.0,A,,1128.0,A,,1285.0,A,,1099.0,A,,771.0,A,,365.0,A,,124.0,A,,387.0,A,
265,'159.03,China (excluding intra-trade),656,'01610,"Coffee, green",5610,Import quantity,t,,,,,,,,,,,,,,,,,,,,,,,,,,,,,,,,,,,,,,,,,,,,,,,,,,,,,,,,,,,,,,,,,,,,,,,,,,,,12441.0,E,,6052.0,E,,18593.0,E,,9657.0,E,,4619.0,E,,5837.0,E,,7708.0,E,,4562.0,E,,5319.0,E,,5783.0,E,,17783.0,E,,8580.0,E,,11953.0,E,,11272.0,E,,13592.14,E,,18297.76,E,,20831.88,E,,23798.04,E,,27545.84,E,,29211.06,E,,29997.19,E,,32074.86,E,,29768.88,E,,35972.62,E,,48239.64,E,,60455.41,E,,74774.94,E,,67195.67,E,,85358.01,E,,76514.84,E,,80593.31,E,,80781.69,E,,85006.81,E,,88344.92,E,,96855.59,E,,145542.33,E,,150014.39,E,,182096.93,E,,225460.45,E,
265,'159.03,China (excluding intra-trade),656,'01610,"Coffee, green",5622,Import value,1000 USD,,,,,,,,,,,,,,,,,,,,,,,,,,,,,,,,,,,,,,,,,,,,,,,,,,,,,,,,,,,,,,,,,,,,,,,,,,,,38260.0,E,,13399.0,E,,31834.0,E,,14772.0,E,,7791.0,E,,9527.0,E,,11075.0,E,,7052.0,E,,14922.0,E,,19200.0,E,,30378.0,E,,20433.0,E,,30509.0,E,,21600.0,E,,20537.0,E,,18674.0,E,,17391.0,E,,24110.0,E,,30220.0,E,,40461.0,E,,50330.0,E,,67586.0,E,,75448.0,E,,76021.0,E,,108398.0,E,,193767.0,E,,217052.0,E,,178639.0,E,,230446.0,E,,228063.0,E,,224561.0,E,,259582.0,E,,260845.0,E,,262975.0,E,,303644.0,E,,502706.0,E,,728769.0,E,,833601.0,E,,1069890.0,E,
265,'159.03,China (excluding intra-trade),656,'01610,"Coffee, green",5910,Export quantity,t,,,,,,,,,,,,,,,,,,,,,,,,,,,,,,,,,,,,,,,,,,,,,,,,,,,,,,,,,,,,,,,,,,,,,,,,,,,,13806.0,E,,1597.0,E,,13226.0,E,,7009.0,E,,2704.0,E,,704.0,E,,107.0,E,,681.0,E,,989.0,E,,414.0,E,,633.0,E,,13218.0,E,,1307.0,E,,1759.0,E,,3054.53,E,,11190.28,E,,11924.73,E,,15154.76,E,,15208.3,E,,11156.32,E,,16420.84,E,,18228.08,E,,21274.1,E,,32247.47,E,,31937.4,E,,36592.66,E,,59129.92,E,,72822.63,E,,58297.83,E,,58125.92,E,,82504.66,E,,60006.66,E,,89958.74,E,,66806.28,E,,49210.43,E,,24886.18,E,,43829.89,E,,16737.24,E,,41237.92,E,
265,'159.03,China (excluding intra-trade),656,'01610,"Coffee, green",5922,Export value,1000 USD,,,,,,,,,,,,,,,,,,,,,,,,,,,,,,,,,,,,,,,,,,,,,,,,,,,,,,,,,,,,,,,,,,,,,,,,,,,,33736.0,E,,2786.0,E,,19511.0,E,,9098.0,E,,3039.0,E,,1046.0,E,,112.0,E,,753.0,E,,1779.0,E,,1249.0,E,,1311.0,E,,18425.0,E,,3059.0,E,,2848.0,E,,5082.0,E,,10008.0,E,,10449.0,E,,14892.0,E,,19367.0,E,,24944.0,E,,36409.0,E,,42737.0,E,,59974.0,E,,78060.0,E,,95559.0,E,,168828.0,E,,214439.0,E,,193773.0,E,,177111.0,E,,171659.0,E,,195782.0,E,,169256.0,E,,192133.0,E,,132781.0,E,,124494.0,E,,88913.0,E,,209860.0,E,,71593.0,E,,175870.0,E,
5000,'001,World,656,'01610,"Coffee, green",5610,Import quantity,t,2724476.0,A,,2918441.0,A,,2979580.0,A,,2947247.0,A,,2847370.0,A,,3026325.0,A,,3001952.0,A,,3397619.0,A,,3240583.0,A,,3246701.0,A,,3346087.0,A,,3438126.0,A,,3609171.0,A,,3406626.0,A,,3620646.0,A,,3693379.0,A,,3043034.0,A,,3352180.0,A,,3819935.0,A,,3709811.0,A,,3730051.0,A,,3787213.0,A,,3889600.0,A,,3935089.0,A,,4079031.0,A,,4103408.0,A,,4425498.0,A,,4118276.0,A,,4531963.0,A,,4729199.0,A,,4640132.0,A,,4885802.0,A,,4688580.0,A,,4549699.96,A,,4324883.84,A,,4720264.0,A,,4861076.11,A,,4860684.87,A,,5048028.39,A,,5204197.03,A,,5132880.46,A,,5251032.68,A,,5239588.77,A,,5525369.57,A,,5470044.84,A,,5739907.93,A,,5893739.29,A,,6036445.62,A,,6034914.22,A,,6253274.13,A,,6450460.37,A,,6602541.33,A,,6675020.27,A,,6796089.52,A,,6958558.9,A,,7275731.13,A,,7199096.67,A,,7519188.61,A,,7830412.9,A,,7576568.42,A,,7740256.26,A,,8097737.87,A,,7431681.9,A,,7658772.88,A,
5000,'001,World,656,'01610,"Coffee, green",5622,Import value,1000 USD,1945758.0,A,,1985432.0,A,,2016751.0,A,,2553208.0,A,,2424229.0,A,,2509898.0,A,,2353463.0,A,,2621846.0,A,,2493721.0,A,,3176759.0,A,,3063164.0,A,,3333645.0,A,,4411434.0,A,,4680283.0,A,,4853937.0,A,,8398592.0,A,,13832872.0,A,,12031467.0,A,,13143838.0,A,,13641922.0,A,,9858393.0,A,,9949105.0,A,,10154850.0,A,,11139622.0,A,,11405815.0,A,,16090751.0,A,,11580195.0,A,,10957952.0,A,,10521852.0,A,,8081046.0,A,,7789770.0,A,,6766847.0,A,,6569934.0,A,,11211471.0,A,,14465212.0,A,,11591963.0,A,,14352412.0,A,,13105492.0,A,,10282936.0,A,,9142645.0,A,,6271108.0,A,,5631484.0,A,,6466130.0,A,,7549515.0,A,,10276113.0,A,,11870036.0,A,,13875252.0,A,,17027641.0,A,,15187477.0,A,,18155205.0,A,,28323191.0,A,,24844543.0,A,,20094688.0,A,,21516904.0,A,,21574598.0,A,,20183940.0,A,,22037934.0,A,,20555663.0,A,,19507302.0,A,,19604492.0,A,,22864501.0,A,,33844706.0,A,,29210167.0,A,,35016049.0,A,
5000,'001,World,656,'01610,"Coffee, green",5910,Export quantity,t,2726281.0,A,,2881754.0,A,,3089989.0,A,,2861536.0,A,,2755848.0,A,,3090678.0,A,,3170537.0,A,,3366653.0,A,,3408308.0,A,,3250776.0,A,,3260271.0,A,,3541036.0,A,,3761778.0,A,,3345382.0,A,,3519232.0,A,,3588035.0,A,,2876176.0,A,,3385842.0,A,,3738529.0,A,,3677093.0,A,,3665021.0,A,,3879092.0,A,,3946700.0,A,,4124510.0,A,,4300715.0,A,,3977323.0,A,,4366081.0,A,,4110632.0,A,,4653293.0,A,,4843809.0,A,,4642083.0,A,,4723144.0,A,,4689182.0,A,,4566235.0,A,,4239714.63,A,,4831049.98,A,,4899426.13,A,,4907789.48,A,,5260266.34,A,,5498973.05,A,,5440607.44,A,,5492921.93,A,,5229924.11,A,,5615782.15,A,,5577264.96,A,,5934180.66,A,,6158878.13,A,,6340141.99,A,,6304647.04,A,,6563356.57,A,,6720616.66,A,,7105926.5,A,,6911399.25,A,,7263213.98,A,,7166007.09,A,,7504191.43,A,,7352265.11,A,,7493473.43,A,,7977144.6,A,,7694757.17,E,,7822668.08,A,,7918504.01,E,,7531701.26,E,,7974807.31,E,
5000,'001,World,656,'01610,"Coffee, green",5922,Export value,1000 USD,1852100.0,A,,1878362.0,A,,1989347.0,A,,2382706.0,A,,2210363.0,A,,2378480.0,A,,2253644.0,A,,2443635.0,A,,2454879.0,A,,3045675.0,A,,2692464.0,A,,3193968.0,A,,4276616.0,A,,4218348.0,A,,4153521.0,A,,8125655.0,A,,12163132.0,A,,10714702.0,A,,11758194.0,A,,12080526.0,A,,8193446.0,A,,8957192.0,A,,9017240.0,A,,10498757.0,A,,10820902.0,A,,14563526.0,A,,9799849.0,A,,9936949.0,A,,9031857.0,A,,7003873.0,A,,6627669.0,A,,5359028.0,A,,5786861.0,A,,10782814.0,A,,12286742.0,A,,10408625.0,A,,13208924.0,A,,11959822.0,A,,9786420.0,A,,8460532.0,A,,5435466.0,A,,5087315.0,A,,5710668.0,A,,7162690.0,A,,9734661.0,A,,11463870.0,A,,13600481.0,A,,16591034.0,A,,14367074.0,A,,17934348.0,A,,27162633.0,A,,24054104.0,A,,18952939.0,A,,21725899.0,A,,20481686.0,A,,19667527.0,A,,21063569.0,A,,18830379.0,A,,18325416.0,A,,18669499.0,A,,22509558.0,A,,30910228.0,A,,26783373.0,A,,34334865.0,A,
5100,'002,Africa,656,'01610,"Coffee, green",5610,Import quantity,t,71433.0,A,,84014.0,A,,76378.0,A,,72363.0,A,,73028.0,A,,60726.0,A,,68667.0,A,,82788.0,A,,63337.0,A,,69916.0,A,,64245.0,A,,67474.0,A,,68955.0,A,,93678.0,A,,97697.0,A,,105644.0,A,,82939.0,A,,96912.0,A,,95455.0,A,,105210.0,A,,125980.0,A,,92450.0,A,,142553.0,A,,123245.0,A,,128781.0,A,,81408.0,A,,157753.0,A,,99602.0,A,,167057.0,A,,123646.0,A,,172583.0,A,,119692.0,A,,154171.0,A,,169891.96,E,,114262.84,E,,138458.0,E,,161398.81,E,,160008.33,E,,168262.06,E,,191210.46,A,,171161.21,A,,207891.07,A,,186103.05,A,,232214.14,A,,217041.26,A,,254045.3,A,,234155.7,A,,296015.18,A,,258091.42,A,,220384.34,E,,243210.22,A,,266620.25,A,,303148.66,E,,292563.93,A,,302558.43,A,,300509.74,A,,297740.07,A,,294271.44,E,,362993.73,E,,407356.9,E,,372191.51,E,,344885.84,E,,377067.64,E,,281230.2,E,
5100,'002,Africa,656,'01610,"Coffee, green",5622,Import value,1000 USD,37689.0,A,,46239.0,A,,40629.0,A,,48965.0,A,,47901.0,A,,34064.0,A,,39103.0,A,,42696.0,A,,38645.0,A,,38945.0,A,,34094.0,A,,35182.0,A,,59484.0,A,,95680.0,A,,115358.0,A,,193918.0,A,,340089.0,A,,335659.0,A,,292885.0,A,,384086.0,A,,305999.0,A,,175423.0,A,,271734.0,A,,202584.0,A,,214553.0,A,,242014.0,A,,395470.0,A,,196670.0,A,,269344.0,A,,154267.0,A,,226365.0,A,,126539.0,A,,175431.0,A,,448487.0,E,,343476.0,E,,267597.0,E,,267227.0,E,,307697.0,E,,275610.0,E,,228619.0,A,,149690.0,A,,147462.0,A,,170458.0,A,,214139.0,A,,263892.0,A,,401059.0,A,,445644.0,A,,717050.0,A,,511157.0,A,,414521.0,E,,682692.0,A,,716120.0,A,,719891.0,A,,696200.0,A,,646027.0,A,,641329.0,A,,750896.0,A,,695861.0,E,,665668.0,E,,691331.0,E,,761053.0,E,,922199.0,E,,1027977.0,E,,1087503.0,E,
5100,'002,Africa,656,'01610,"Coffee, green",5910,Export quantity,t,681964.0,A,,756847.0,A,,790220.0,A,,848838.0,A,,844003.0,A,,940258.0,A,,910843.0,A,,994707.0,A,,985745.0,A,,1010327.0,A,,992386.0,A,,1087385.0,A,,1186994.0,A,,1173959.0,A,,1105805.0,A,,1146449.0,A,,876210.0,A,,925098.0,A,,1011316.0,A,,894640.0,A,,965624.0,A,,1053541.0,A,,938289.0,A,,912803.0,A,,971164.0,A,,1072357.0,A,,915942.0,A,,900918.0,A,,1007783.0,A,,1070339.0,A,,878437.0,A,,889800.0,A,,823208.0,A,,755156.0,A,,785775.63,A,,944896.98,A,,896078.96,E,,782141.88,E,,790373.35,A,,930450.04,A,,678457.84,A,,645970.5,A,,549291.77,A,,702708.96,E,,645153.61,A,,668377.15,E,,691223.46,E,,634267.63,A,,611698.04,A,,678409.9,A,,564932.63,A,,685063.5,A,,741555.25,A,,710445.43,A,,718998.23,A,,660362.99,A,,706353.06,A,,634919.08,A,,864235.79,A,,824220.11,A,,908537.33,A,,885178.73,A,,843281.9,A,,923509.02,E,
5100,'002,Africa,656,'01610,"Coffee, green",5922,Export value,1000 USD,358354.0,A,,394884.0,A,,434539.0,A,,616236.0,A,,542975.0,A,,646475.0,A,,607981.0,A,,681412.0,A,,651023.0,A,,816188.0,A,,793759.0,A,,904236.0,A,,1193957.0,A,,1332723.0,A,,1259941.0,A,,2213200.0,A,,3501068.0,A,,2659902.0,A,,3059968.0,A,,2792704.0,A,,2055689.0,A,,2202119.0,A,,2123164.0,A,,2342695.0,A,,2476180.0,A,,3419242.0,A,,2059575.0,A,,2028933.0,A,,1856226.0,A,,1326099.0,A,,1045905.0,A,,898323.0,A,,932639.0,A,,1378530.0,E,,2026280.0,A,,1709242.0,A,,1756615.0,E,,1653507.0,E,,1300059.0,A,,1109967.0,A,,595373.0,A,,512228.0,A,,586915.0,E,,795595.0,E,,997134.0,E,,1204487.0,E,,1361931.0,E,,1553685.0,A,,1267533.0,A,,1682216.0,A,,2058454.0,A,,2188574.0,A,,1972008.0,A,,2146507.0,A,,2122133.0,A,,1689520.0,A,,1968246.0,A,,1452056.0,A,,1931408.0,A,,1934697.0,A,,2513820.0,A,,3189254.0,A,,2939407.0,A,,3797002.0,E,
51000,'002.03,Africa (excluding intra-trade),656,'01610,"Coffee, green",5610,Import quantity,t,,,,,,,,,,,,,,,,,,,,,,,,,,,,,,,,,,,,,,,,,,,,,,,,,,,,,,,,,,,,,,,,,,,,,,,,,,,,49046.0,E,,124848.0,E,,83869.0,E,,132418.0,E,,79835.0,E,,102720.0,E,,83415.0,E,,102670.0,E,,130421.0,E,,20251.0,E,,54410.0,E,,71410.0,E,,51832.0,E,,73494.0,E,,87822.3,E,,53523.47,E,,88787.78,E,,76656.92,E,,86747.52,E,,97012.16,E,,125528.26,E,,122820.6,E,,194592.75,E,,141627.65,E,,91762.41,E,,121987.9,E,,130271.71,E,,157657.53,E,,170651.93,E,,179030.49,E,,188782.5,E,,188360.01,E,,180861.83,E,,213064.13,E,,217901.14,E,,231416.23,E,,185013.85,E,,227518.8,E,,163466.87,E,
51000,'002.03,Africa (excluding intra-trade),656,'01610,"Coffee, green",5622,Import value,1000 USD,,,,,,,,,,,,,,,,,,,,,,,,,,,,,,,,,,,,,,,,,,,,,,,,,,,,,,,,,,,,,,,,,,,,,,,,,,,,153601.0,E,,324513.0,E,,172675.0,E,,211706.0,E,,100279.0,E,,142571.0,E,,86915.0,E,,120828.0,E,,376980.0,E,,103600.0,E,,152459.0,E,,129638.0,E,,102140.0,E,,120913.0,E,,105796.0,E,,47975.0,E,,62930.0,E,,61633.0,E,,67616.0,E,,117089.0,E,,210430.0,E,,234068.0,E,,477147.0,E,,301579.0,E,,200416.0,E,,410138.0,E,,358834.0,E,,389999.0,E,,404126.0,E,,406844.0,E,,401916.0,E,,486300.0,E,,452696.0,E,,400615.0,E,,402733.0,E,,485610.0,E,,526858.0,E,,639929.0,E,,669729.0,E,
51000,'002.03,Africa (excluding intra-trade),656,'01610,"Coffee, green",5910,Export quantity,t,,,,,,,,,,,,,,,,,,,,,,,,,,,,,,,,,,,,,,,,,,,,,,,,,,,,,,,,,,,,,,,,,,,,,,,,,,,,793366.0,E,,642178.0,E,,679580.0,E,,695966.0,E,,698653.0,E,,714053.0,E,,1051312.0,E,,574203.0,E,,458426.0,E,,663441.0,E,,789198.0,E,,618101.0,E,,643504.0,E,,476379.0,E,,829544.02,E,,558333.07,E,,531023.19,E,,442732.04,E,,549676.45,E,,534627.01,E,,550452.83,E,,557893.96,E,,530635.84,E,,463635.81,E,,547623.3,E,,466634.5,E,,532893.45,E,,587704.37,E,,591666.12,E,,585116.33,E,,539096.94,E,,557863.26,E,,507994.95,E,,713032.61,E,,662267.77,E,,761581.58,E,,718948.23,E,,698386.28,E,,805452.42,E,
51000,'002.03,Africa (excluding intra-trade),656,'01610,"Coffee, green",5922,Export value,1000 USD,,,,,,,,,,,,,,,,,,,,,,,,,,,,,,,,,,,,,,,,,,,,,,,,,,,,,,,,,,,,,,,,,,,,,,,,,,,,2732590.0,E,,1612072.0,E,,1569776.0,E,,1376843.0,E,,927433.0,E,,957823.0,E,,1092501.0,E,,627290.0,E,,1032930.0,E,,1865885.0,E,,1526343.0,E,,1391279.0,E,,1376708.0,E,,1077426.0,E,,1006410.0,E,,504734.0,E,,448249.0,E,,504948.0,E,,659090.0,E,,878376.0,E,,1037364.0,E,,1155388.0,E,,1347979.0,E,,1057127.0,E,,1468891.0,E,,1844335.0,E,,1843917.0,E,,1654035.0,E,,1899335.0,E,,1876824.0,E,,1478848.0,E,,1700276.0,E,,1238959.0,E,,1691834.0,E,,1686024.0,E,,2247522.0,E,,2837569.0,E,,2604689.0,E,,3420677.0,E,
5101,'014,Eastern Africa,656,'01610,"Coffee, green",5610,Import quantity,t,3132.0,A,,1549.0,A,,2949.0,A,,2442.0,A,,1626.0,A,,2452.0,A,,2575.0,A,,3879.0,A,,1805.0,A,,2647.0,A,,2866.0,A,,2188.0,A,,7848.0,A,,14355.0,A,,10530.0,A,,19103.0,A,,3675.0,A,,634.0,A,,7624.0,A,,852.0,A,,1416.0,A,,1390.0,A,,764.0,A,,154.0,A,,122.0,A,,309.0,A,,56.0,A,,47.0,A,,55.0,A,,21.0,A,,26.0,A,,91.0,A,,219.0,A,,65.96,E,,87.84,E,,240.0,A,,206.04,E,,156.0,E,,255.36,E,,555.91,A,,1177.1,A,,4867.67,E,,5192.05,E,,2171.44,E,,4608.06,E,,43988.2,A,,1667.98,E,,29329.08,A,,1192.0,E,,1484.0,E,,1968.9,E,,4144.84,E,,871.0,A,,3188.91,E,,3154.37,E,,2161.7,A,,5538.77,A,,13908.39,A,,13449.54,A,,32755.09,A,,7388.0,A,,9467.76,A,,10350.55,A,,6460.81,E,
5101,'014,Eastern Africa,656,'01610,"Coffee, green",5622,Import value,1000 USD,944.0,A,,709.0,A,,1170.0,A,,1220.0,A,,1114.0,A,,1062.0,A,,1139.0,A,,1286.0,A,,1162.0,A,,1280.0,A,,1096.0,A,,1155.0,A,,7436.0,A,,9104.0,A,,11424.0,A,,30613.0,A,,6485.0,A,,1053.0,A,,9715.0,A,,1240.0,A,,1473.0,A,,1230.0,A,,648.0,A,,452.0,A,,447.0,A,,495.0,A,,144.0,A,,222.0,A,,161.0,A,,88.0,A,,71.0,A,,125.0,A,,277.0,A,,179.0,E,,282.0,E,,348.0,A,,507.0,E,,382.0,E,,484.0,E,,938.0,A,,967.0,A,,2837.0,E,,4920.0,E,,3318.0,E,,11714.0,A,,98389.0,A,,3809.0,E,,90258.0,A,,2485.0,E,,3791.0,A,,6726.0,E,,16849.0,E,,2421.0,E,,11464.0,E,,6241.0,E,,4299.0,A,,13413.0,A,,20911.0,A,,19788.0,A,,26525.0,A,,24827.0,A,,22167.0,A,,20064.0,A,,21252.0,E,
5101,'014,Eastern Africa,656,'01610,"Coffee, green",5910,Export quantity,t,282990.0,A,,332592.0,A,,334570.0,A,,351261.0,A,,379941.0,A,,416321.0,A,,410037.0,A,,402744.0,A,,446227.0,A,,447450.0,A,,434484.0,A,,507883.0,A,,545986.0,A,,483252.0,A,,496688.0,A,,502511.0,A,,412895.0,A,,425046.0,A,,495884.0,A,,423816.0,A,,480537.0,A,,531709.0,A,,488440.0,A,,493295.0,A,,493615.0,A,,529203.0,A,,502897.0,A,,475063.0,A,,557147.0,A,,523665.0,A,,448932.0,A,,435588.0,A,,444273.0,A,,483435.0,A,,469463.63,A,,648540.98,A,,518568.0,A,,481120.0,A,,522950.96,A,,454552.93,A,,352705.7,A,,426318.5,A,,346716.07,E,,463952.46,E,,466159.4,E,,472620.05,E,,474257.96,E,,500482.63,A,,458313.04,A,,493148.42,A,,464353.44,A,,520581.16,A,,606005.37,A,,584558.97,A,,592522.34,A,,516229.56,A,,603951.61,A,,506261.59,A,,710677.19,A,,707490.49,A,,845873.85,A,,784594.22,A,,769828.91,A,,824329.18,E,
5101,'014,Eastern Africa,656,'01610,"Coffee, green",5922,Export value,1000 USD,164348.0,E,,192643.0,A,,201875.0,A,,284255.0,A,,270572.0,A,,300289.0,A,,280622.0,A,,290887.0,A,,310564.0,A,,395026.0,A,,361439.0,A,,437968.0,A,,574313.0,A,,579852.0,A,,563314.0,A,,1078354.0,A,,1851678.0,A,,1344383.0,A,,1557182.0,A,,1371962.0,A,,1115194.0,A,,1249547.0,A,,1229151.0,A,,1366069.0,A,,1243982.0,A,,1914687.0,A,,1162014.0,A,,1231323.0,A,,1109665.0,A,,749749.0,A,,662575.0,A,,538419.0,A,,650306.0,A,,1028356.0,E,,1334958.0,A,,1241430.0,A,,1227842.0,A,,1206459.0,A,,954334.0,A,,709359.0,A,,397025.0,E,,372192.0,E,,416503.0,E,,593229.0,E,,825866.0,E,,959110.0,E,,1024617.0,E,,1301648.0,A,,1033834.0,A,,1392852.0,A,,1870317.0,A,,1861723.0,A,,1692551.0,A,,1906095.0,A,,1911171.0,A,,1472061.0,A,,1809320.0,A,,1235115.0,A,,1704981.0,A,,1778815.0,A,,2417350.0,A,,3013545.0,A,,2795854.0,A,,3532477.0,E,
51010,'014.03,Eastern Africa (excluding intra-trade),656,'01610,"Coffee, green",5610,Import quantity,t,,,,,,,,,,,,,,,,,,,,,,,,,,,,,,,,,,,,,,,,,,,,,,,,,,,,,,,,,,,,,,,,,,,,,,,,,,,,598.0,E,,588.0,E,,560.0,E,,533.0,E,,844.0,E,,620.0,E,,1029.0,E,,1056.0,E,,1019.0,E,,1209.0,E,,1249.0,E,,189.0,E,,282.0,E,,325.0,E,,0.0,E,,0.0,E,,0.0,E,,0.0,E,,0.0,E,,272.38,E,,31066.9,E,,396.2,E,,27256.71,E,,623.0,E,,639.82,E,,215.1,E,,429.64,E,,0.0,E,,597.41,E,,253.02,E,,501.69,E,,788.92,E,,1122.88,E,,778.25,E,,1244.14,E,,1540.51,E,,2400.1,E,,1939.11,E,,954.63,E,
51010,'014.03,Eastern Africa (excluding intra-trade),656,'01610,"Coffee, green",5622,Import value,1000 USD,,,,,,,,,,,,,,,,,,,,,,,,,,,,,,,,,,,,,,,,,,,,,,,,,,,,,,,,,,,,,,,,,,,,,,,,,,,,1627.0,E,,1721.0,E,,1533.0,E,,1283.0,E,,1123.0,E,,990.0,E,,1525.0,E,,1574.0,E,,2452.0,E,,4385.0,E,,3191.0,E,,515.0,E,,765.0,E,,1011.0,E,,0.0,E,,0.0,E,,0.0,E,,0.0,E,,0.0,E,,745.0,E,,71489.0,E,,1469.0,E,,85949.0,E,,993.0,E,,1745.0,E,,529.0,E,,1479.0,E,,0.0,E,,2135.0,E,,1049.0,E,,1604.0,E,,2992.0,E,,3288.0,E,,2217.0,E,,2812.0,E,,4945.0,E,,6772.0,E,,7644.0,E,,3828.0,E,
51010,'014.03,Eastern Africa (excluding intra-trade),656,'01610,"Coffee, green",5910,Export quantity,t,,,,,,,,,,,,,,,,,,,,,,,,,,,,,,,,,,,,,,,,,,,,,,,,,,,,,,,,,,,,,,,,,,,,,,,,,,,,380183.0,E,,312001.0,E,,297512.0,E,,307023.0,E,,310298.0,E,,378797.0,E,,613854.0,E,,216410.0,E,,223288.0,E,,353757.0,E,,542685.0,E,,274682.0,E,,382656.0,E,,238270.0,E,,452969.9,E,,326964.88,E,,417391.95,E,,330446.63,E,,440176.57,E,,462396.42,E,,458079.25,E,,472226.74,E,,497207.89,E,,456961.61,E,,490247.85,E,,461346.74,E,,500998.02,E,,580549.85,E,,574255.25,E,,582573.93,E,,512694.69,E,,596286.24,E,,497180.69,E,,697917.13,E,,700653.62,E,,835662.21,E,,776341.83,E,,763796.1,E,,819680.94,E,
51010,'014.03,Eastern Africa (excluding intra-trade),656,'01610,"Coffee, green",5922,Export value,1000 USD,,,,,,,,,,,,,,,,,,,,,,,,,,,,,,,,,,,,,,,,,,,,,,,,,,,,,,,,,,,,,,,,,,,,,,,,,,,,1383904.0,E,,786692.0,E,,745569.0,E,,659722.0,E,,454587.0,E,,595794.0,E,,689643.0,E,,306532.0,E,,627732.0,E,,1038788.0,E,,1050721.0,E,,882832.0,E,,989368.0,E,,796234.0,E,,707866.0,E,,375123.0,E,,367842.0,E,,401853.0,E,,561365.0,E,,820398.0,E,,932024.0,E,,1021283.0,E,,1296207.0,E,,1031882.0,E,,1388256.0,E,,1862459.0,E,,1790866.0,E,,1638649.0,E,,1872573.0,E,,1904908.0,E,,1465237.0,E,,1793205.0,E,,1220578.0,E,,1692661.0,E,,1765611.0,E,,2392313.0,E,,2991466.0,E,,2782547.0,E,,3515792.0,E,
5102,'017,Middle Africa,656,'01610,"Coffee, green",5610,Import quantity,t,170.0,A,,440.0,A,,244.0,A,,152.0,A,,169.0,A,,153.0,A,,98.0,A,,111.0,A,,220.0,A,,209.0,A,,201.0,A,,185.0,A,,283.0,A,,214.0,A,,342.0,A,,93.0,A,,110.0,A,,74.0,A,,515.0,A,,119.0,A,,72.0,A,,203.0,A,,647.0,A,,785.0,A,,121.0,A,,30.0,A,,29.0,A,,83.0,A,,325.0,A,,247.0,A,,36.0,A,,216.0,E,,11.0,A,,29.0,E,,318.0,E,,818.0,E,,140.0,E,,1946.0,E,,163.0,E,,125.0,E,,122.0,E,,580.0,E,,582.0,E,,1750.0,E,,1874.0,A,,278.0,E,,304.0,E,,393.0,E,,279.0,E,,253.0,E,,131.0,E,,108.0,E,,140.0,E,,118.31,E,,205.16,E,,218.79,E,,207.35,A,,127.57,E,,214.29,A,,133.41,A,,220.39,A,,435.28,E,,358.73,A,,242.89,E,
5102,'017,Middle Africa,656,'01610,"Coffee, green",5622,Import value,1000 USD,226.0,A,,293.0,A,,267.0,A,,210.0,A,,204.0,A,,258.0,A,,205.0,A,,234.0,A,,270.0,A,,306.0,A,,290.0,A,,294.0,A,,327.0,A,,320.0,A,,465.0,A,,355.0,A,,344.0,A,,184.0,A,,613.0,A,,463.0,A,,324.0,A,,490.0,A,,1405.0,A,,624.0,A,,346.0,A,,110.0,A,,51.0,A,,153.0,A,,480.0,A,,419.0,A,,84.0,A,,155.0,E,,26.0,A,,26.0,E,,334.0,E,,2577.0,E,,198.0,E,,2785.0,E,,332.0,E,,135.0,E,,145.0,E,,735.0,E,,929.0,E,,1304.0,E,,1446.0,E,,654.0,E,,937.0,E,,1064.0,E,,746.0,E,,681.0,E,,594.0,E,,675.0,E,,577.0,E,,580.0,E,,857.0,E,,482.0,E,,402.0,E,,446.0,E,,606.0,A,,714.0,A,,439.0,E,,1637.0,E,,1062.0,E,,918.0,E,
5102,'017,Middle Africa,656,'01610,"Coffee, green",5910,Export quantity,t,205080.0,A,,252669.0,A,,243107.0,A,,247279.0,A,,246401.0,A,,281179.0,A,,321588.0,A,,332841.0,A,,318540.0,A,,318428.0,A,,328828.0,A,,339382.0,A,,383330.0,A,,405897.0,A,,325317.0,A,,288867.0,A,,198539.0,A,,243958.0,A,,220469.0,A,,226288.0,A,,218970.0,A,,213254.0,A,,199089.0,A,,219011.0,A,,204049.0,A,,284060.0,A,,216417.0,E,,191178.0,A,,285206.0,A,,280472.0,A,,210458.0,A,,220120.0,A,,126880.0,A,,122816.0,A,,141315.0,E,,132752.0,A,,97060.0,E,,48551.0,E,,123373.0,E,,133397.0,A,,86713.0,A,,59217.0,A,,70277.0,A,,70441.0,A,,60372.0,A,,56691.0,A,,63954.0,A,,49167.0,A,,46992.0,A,,56399.0,A,,36660.0,A,,51049.0,A,,30377.0,E,,41012.64,A,,33567.42,A,,45266.53,A,,39897.63,A,,29723.41,E,,30567.35,A,,33979.43,A,,25543.18,A,,13850.88,A,,21875.15,A,,18932.32,E,
5102,'017,Middle Africa,656,'01610,"Coffee, green",5922,Export value,1000 USD,94958.0,A,,113320.0,A,,118993.0,A,,175500.0,A,,150509.0,A,,188453.0,A,,207921.0,A,,219551.0,A,,199204.0,A,,234961.0,A,,250528.0,A,,282973.0,A,,386217.0,A,,468651.0,A,,380029.0,A,,527586.0,A,,714895.0,A,,660441.0,A,,611873.0,A,,672410.0,A,,423995.0,A,,412873.0,A,,417700.0,E,,522230.0,A,,523379.0,A,,754671.0,A,,432340.0,E,,352108.0,E,,461176.0,A,,299719.0,A,,181042.0,E,,166460.0,E,,102473.0,A,,170575.0,E,,272643.0,E,,208437.0,E,,150538.0,E,,76038.0,E,,158213.0,E,,127526.0,A,,82575.0,A,,58401.0,A,,84332.0,A,,91689.0,A,,80416.0,A,,83802.0,A,,114845.0,A,,101184.0,E,,70367.0,A,,81358.0,A,,89479.0,A,,114270.0,E,,64547.0,E,,92806.0,A,,68389.0,A,,68849.0,A,,61282.0,A,,49361.0,E,,40060.0,A,,44440.0,A,,43680.0,A,,28545.0,A,,52044.0,A,,73893.0,E,
51020,'017.03,Middle Africa (excluding intra-trade),656,'01610,"Coffee, green",5610,Import quantity,t,,,,,,,,,,,,,,,,,,,,,,,,,,,,,,,,,,,,,,,,,,,,,,,,,,,,,,,,,,,,,,,,,,,,,,,,,,,,20.0,E,,3.0,E,,115.0,E,,19.0,E,,24.0,E,,6.0,E,,215.0,E,,10.0,E,,4.0,E,,799.0,E,,69.0,E,,135.0,E,,881.0,E,,272.0,E,,124.85,E,,122.0,E,,579.8,E,,580.75,E,,1750.0,E,,1743.89,E,,196.0,E,,258.93,E,,353.18,E,,278.45,E,,252.17,E,,94.89,E,,97.5,E,,130.84,E,,115.3,E,,201.2,E,,217.37,E,,206.52,E,,127.57,E,,189.76,E,,122.42,E,,131.23,E,,379.57,E,,356.06,E,,174.76,E,
51020,'017.03,Middle Africa (excluding intra-trade),656,'01610,"Coffee, green",5622,Import value,1000 USD,,,,,,,,,,,,,,,,,,,,,,,,,,,,,,,,,,,,,,,,,,,,,,,,,,,,,,,,,,,,,,,,,,,,,,,,,,,,113.0,E,,6.0,E,,218.0,E,,55.0,E,,54.0,E,,21.0,E,,159.0,E,,27.0,E,,29.0,E,,2434.0,E,,209.0,E,,239.0,E,,5726.0,E,,7380.0,E,,135.0,E,,145.0,E,,734.0,E,,929.0,E,,1304.0,E,,1382.0,E,,587.0,E,,925.0,E,,1046.0,E,,744.0,E,,675.0,E,,557.0,E,,657.0,E,,576.0,E,,565.0,E,,766.0,E,,481.0,E,,396.0,E,,446.0,E,,581.0,E,,712.0,E,,400.0,E,,1602.0,E,,1030.0,E,,910.0,E,
51020,'017.03,Middle Africa (excluding intra-trade),656,'01610,"Coffee, green",5910,Export quantity,t,,,,,,,,,,,,,,,,,,,,,,,,,,,,,,,,,,,,,,,,,,,,,,,,,,,,,,,,,,,,,,,,,,,,,,,,,,,,159290.0,E,,169976.0,E,,156705.0,E,,213756.0,E,,260566.0,E,,133761.0,E,,189825.0,E,,89825.0,E,,59358.0,E,,148379.0,E,,135034.0,E,,114767.0,E,,55949.0,E,,129702.0,E,,133396.85,E,,86713.0,E,,59216.8,E,,70275.75,E,,69364.96,E,,60371.91,E,,56645.0,E,,62838.0,E,,49055.65,E,,46775.45,E,,56341.67,E,,36549.84,E,,51034.96,E,,30365.1,E,,41009.63,E,,33566.73,E,,45265.43,E,,39895.98,E,,29723.41,E,,30567.35,E,,33975.82,E,,25211.24,E,,13838.82,E,,21842.27,E,,18864.19,E,
51020,'017.03,Middle Africa (excluding intra-trade),656,'01610,"Coffee, green",5922,Export value,1000 USD,,,,,,,,,,,,,,,,,,,,,,,,,,,,,,,,,,,,,,,,,,,,,,,,,,,,,,,,,,,,,,,,,,,,,,,,,,,,526044.0,E,,422646.0,E,,338327.0,E,,369131.0,E,,307422.0,E,,152300.0,E,,195394.0,E,,76958.0,E,,111289.0,E,,386257.0,E,,255759.0,E,,199846.0,E,,111623.0,E,,182287.0,E,,127526.0,E,,82575.0,E,,58401.0,E,,84332.0,E,,91105.0,E,,80415.0,E,,83765.0,E,,114180.0,E,,101117.0,E,,70164.0,E,,81327.0,E,,89380.0,E,,114232.0,E,,64537.0,E,,92793.0,E,,68388.0,E,,68848.0,E,,61271.0,E,,49361.0,E,,40059.0,E,,44431.0,E,,43457.0,E,,28532.0,E,,51982.0,E,,73885.0,E,
5103,'015,Northern Africa,656,'01610,"Coffee, green",5610,Import quantity,t,51975.0,A,,50747.0,A,,53255.0,A,,58890.0,A,,59527.0,A,,42077.0,A,,51675.0,A,,59893.0,A,,43627.0,A,,50148.0,A,,40511.0,A,,43936.0,A,,39623.0,A,,57635.0,A,,65549.0,A,,67920.0,A,,62451.0,A,,84428.0,A,,68211.0,A,,88146.0,A,,106198.0,A,,74845.0,A,,120227.0,A,,101024.0,A,,109854.0,A,,63282.0,A,,139810.0,A,,80241.0,A,,146581.0,A,,103223.0,A,,152551.0,A,,95085.0,E,,126215.0,A,,150449.0,A,,94796.0,A,,116976.0,A,,140406.0,A,,135447.0,A,,148613.0,A,,164033.31,A,,149283.0,A,,178797.0,A,,156706.0,A,,202737.0,A,,183216.0,A,,180147.0,A,,203846.0,A,,226934.0,A,,227268.0,A,,184121.0,E,,208178.0,A,,239007.0,A,,278559.0,E,,262550.73,A,,271344.54,A,,265916.55,A,,258605.39,A,,249585.9,E,,318898.44,E,,337697.59,E,,329459.25,E,,310348.39,E,,341129.63,E,,245012.34,E,
5103,'015,Northern Africa,656,'01610,"Coffee, green",5622,Import value,1000 USD,28326.0,A,,29227.0,A,,28980.0,A,,40278.0,A,,38806.0,A,,23745.0,A,,29926.0,A,,31150.0,A,,28202.0,A,,27191.0,A,,21748.0,A,,23532.0,A,,37060.0,A,,65622.0,A,,80097.0,A,,131826.0,A,,269529.0,A,,306438.0,A,,229318.0,A,,333734.0,A,,270959.0,A,,152116.0,A,,244610.0,A,,174412.0,A,,185682.0,A,,192060.0,A,,363894.0,A,,162847.0,A,,242476.0,A,,132294.0,A,,204746.0,A,,103938.0,E,,147761.0,A,,408751.0,A,,290938.0,A,,223385.0,A,,224286.0,A,,261939.0,A,,241878.0,A,,197697.0,A,,124751.0,A,,125157.0,A,,141358.0,A,,182112.0,A,,212494.0,A,,259056.0,A,,380398.0,A,,536126.0,A,,443735.0,A,,333736.0,E,,575182.0,A,,625151.0,A,,654503.0,A,,616404.0,A,,577217.0,A,,573559.0,A,,663188.0,A,,607885.0,E,,584652.0,E,,601558.0,E,,671891.0,E,,817372.0,E,,919390.0,E,,953880.0,E,
5103,'015,Northern Africa,656,'01610,"Coffee, green",5910,Export quantity,t,0.0,A,,0.0,A,,0.0,A,,0.0,A,,0.0,A,,0.0,A,,0.0,A,,0.0,A,,1.0,A,,0.0,A,,0.0,A,,0.0,A,,0.0,A,,0.0,A,,1210.0,A,,294.0,A,,0.0,A,,0.0,A,,5.0,A,,0.0,A,,0.0,A,,10.0,A,,0.0,A,,0.0,A,,0.0,A,,0.0,A,,1.0,A,,0.0,A,,1821.0,A,,1641.0,A,,24.0,E,,50.0,E,,6.0,A,,102.0,A,,1.0,E,,0.0,E,,18.0,E,,169.0,E,,18.0,E,,0.79,A,,0.14,E,,275.0,A,,190.0,A,,288.0,A,,2.39,A,,29.0,E,,5.0,A,,54.0,E,,1368.0,A,,325.0,E,,102.0,A,,43.0,E,,64.4,E,,554.16,X,,53.16,A,,1919.14,E,,11.36,E,,10.11,E,,20.02,A,,199.3,E,,628.93,E,,547.71,E,,320.84,E,,1530.02,E,
5103,'015,Northern Africa,656,'01610,"Coffee, green",5922,Export value,1000 USD,0.0,A,,0.0,A,,0.0,A,,0.0,A,,0.0,A,,0.0,A,,0.0,A,,0.0,A,,0.0,A,,0.0,A,,0.0,A,,0.0,A,,0.0,A,,0.0,A,,1438.0,A,,287.0,A,,0.0,A,,0.0,A,,91.0,A,,0.0,A,,0.0,A,,25.0,A,,0.0,A,,0.0,A,,0.0,A,,0.0,A,,1.0,A,,0.0,A,,2231.0,A,,1876.0,A,,22.0,A,,76.0,E,,31.0,A,,98.0,A,,7.0,E,,1.0,E,,0.0,E,,218.0,E,,1.0,E,,2.0,A,,1.0,E,,146.0,A,,154.0,A,,232.0,A,,6.0,A,,28.0,E,,9.0,A,,171.0,A,,6888.0,A,,1567.0,E,,106.0,A,,249.0,E,,130.0,E,,427.0,X,,88.0,A,,4004.0,E,,25.0,A,,26.0,A,,47.0,A,,198.0,A,,722.0,E,,732.0,A,,424.0,A,,2170.0,A,
51030,'015.03,Northern Africa (excluding intra-trade),656,'01610,"Coffee, green",5610,Import quantity,t,,,,,,,,,,,,,,,,,,,,,,,,,,,,,,,,,,,,,,,,,,,,,,,,,,,,,,,,,,,,,,,,,,,,,,,,,,,,58788.0,E,,137720.0,E,,85436.0,E,,140011.0,E,,89659.0,E,,145536.0,E,,84131.0,E,,123316.0,E,,144120.0,E,,36616.0,E,,123877.0,E,,138623.0,E,,134725.0,E,,148179.0,E,,164021.11,E,,149283.0,E,,178797.0,E,,156706.0,E,,202698.98,E,,183216.0,E,,180147.0,E,,202379.65,E,,226157.01,E,,226401.22,E,,183823.9,E,,207608.86,E,,239002.1,E,,278559.0,E,,262550.73,E,,271335.99,E,,264729.33,E,,258362.98,E,,249330.89,E,,318516.22,E,,337660.55,E,,329352.73,E,,310242.64,E,,341106.03,E,,244170.47,E,
51030,'015.03,Northern Africa (excluding intra-trade),656,'01610,"Coffee, green",5622,Import value,1000 USD,,,,,,,,,,,,,,,,,,,,,,,,,,,,,,,,,,,,,,,,,,,,,,,,,,,,,,,,,,,,,,,,,,,,,,,,,,,,184562.0,E,,361184.0,E,,174471.0,E,,225415.0,E,,112505.0,E,,191295.0,E,,88986.0,E,,141721.0,E,,393712.0,E,,125189.0,E,,227764.0,E,,212292.0,E,,254845.0,E,,242843.0,E,,197678.0,E,,124751.0,E,,125157.0,E,,141358.0,E,,182075.0,E,,212494.0,E,,259056.0,E,,374477.0,E,,535171.0,E,,442441.0,E,,333382.0,E,,573895.0,E,,625115.0,E,,654503.0,E,,616404.0,E,,577204.0,E,,571446.0,E,,662579.0,E,,607331.0,E,,583993.0,E,,601525.0,E,,671780.0,E,,817219.0,E,,919357.0,E,,952552.0,E,
51030,'015.03,Northern Africa (excluding intra-trade),656,'01610,"Coffee, green",5910,Export quantity,t,,,,,,,,,,,,,,,,,,,,,,,,,,,,,,,,,,,,,,,,,,,,,,,,,,,,,,,,,,,,,,,,,,,,,,,,,,,,209.0,E,,1.0,E,,,,,824.0,E,,1640.0,E,,,,,68.0,E,,112.0,E,,117.0,E,,,,,19.0,E,,165.0,E,,169.0,E,,18.0,E,,0.0,E,,0.14,E,,275.0,E,,190.0,E,,249.98,E,,2.38,E,,29.0,E,,5.0,E,,6.91,E,,1354.95,E,,316.96,E,,10.8,E,,38.1,E,,64.4,E,,554.16,E,,44.6,E,,731.92,E,,11.36,E,,10.11,E,,20.02,E,,162.27,E,,522.4,E,,441.97,E,,297.25,E,,688.16,E,
51030,'015.03,Northern Africa (excluding intra-trade),656,'01610,"Coffee, green",5922,Export value,1000 USD,,,,,,,,,,,,,,,,,,,,,,,,,,,,,,,,,,,,,,,,,,,,,,,,,,,,,,,,,,,,,,,,,,,,,,,,,,,,448.0,E,,1.0,E,,,,,2272.0,E,,1875.0,E,,,,,102.0,E,,182.0,E,,167.0,E,,,,,49.0,E,,258.0,E,,218.0,E,,1.0,E,,1.0,E,,1.0,E,,146.0,E,,154.0,E,,199.0,E,,6.0,E,,28.0,E,,9.0,E,,0.0,E,,6759.0,E,,1502.0,E,,14.0,E,,217.0,E,,130.0,E,,427.0,E,,77.0,E,,2118.0,E,,25.0,E,,26.0,E,,47.0,E,,168.0,E,,623.0,E,,595.0,E,,395.0,E,,984.0,E,
5104,'018,Southern Africa,656,'01610,"Coffee, green",5610,Import quantity,t,11100.0,A,,12380.0,A,,18780.0,A,,10081.0,A,,10076.0,A,,12747.0,A,,11684.0,A,,15579.0,A,,13828.0,A,,15113.0,A,,17772.0,A,,17713.0,A,,17363.0,A,,19225.0,E,,18688.0,E,,15775.0,E,,14331.0,E,,10685.0,E,,17682.0,E,,15587.0,E,,16981.0,E,,15906.0,E,,20607.0,E,,19382.0,E,,17787.0,E,,17083.0,E,,16708.0,E,,17409.0,E,,17241.0,E,,18274.0,E,,17936.0,E,,22141.0,E,,26066.0,E,,18162.0,E,,18587.0,E,,19810.0,E,,20155.0,A,,21033.0,A,,18412.0,E,,24657.09,A,,19288.0,E,,21301.0,A,,22586.0,A,,24071.0,A,,26308.0,A,,28367.0,A,,27007.0,A,,37452.0,A,,27255.0,A,,32384.0,A,,30964.0,A,,21879.0,A,,21873.0,A,,24053.97,A,,23465.69,A,,23577.49,A,,24032.34,A,,22972.19,A,,23973.55,A,,26310.42,A,,23751.38,A,,19797.45,A,,22119.67,A,,25281.6,E,
5104,'018,Southern Africa,656,'01610,"Coffee, green",5622,Import value,1000 USD,5450.0,A,,5700.0,A,,9130.0,A,,6538.0,A,,6863.0,A,,7795.0,A,,6651.0,A,,8565.0,A,,8040.0,A,,9518.0,A,,10004.0,A,,8698.0,A,,12734.0,A,,18824.0,A,,20653.0,A,,28671.0,A,,59609.0,A,,26343.0,A,,49326.0,A,,47605.0,A,,31381.0,A,,21332.0,A,,24507.0,A,,24698.0,A,,26588.0,A,,47995.0,A,,29934.0,A,,31082.0,A,,24070.0,A,,20176.0,A,,19677.0,E,,20153.0,A,,25312.0,A,,38039.0,A,,50599.0,E,,39601.0,A,,40821.0,A,,40466.0,A,,31233.0,A,,28152.0,A,,22402.0,A,,17050.0,A,,22651.0,A,,25117.0,A,,36425.0,A,,40806.0,A,,57371.0,A,,86952.0,A,,61314.0,A,,73677.0,A,,96897.0,A,,70125.0,A,,59196.0,A,,64490.0,A,,57619.0,A,,58654.0,A,,69764.0,A,,61622.0,A,,56857.0,A,,57103.0,A,,56321.0,A,,75708.0,A,,83520.0,A,,105972.0,A,
5104,'018,Southern Africa,656,'01610,"Coffee, green",5910,Export quantity,t,190.0,A,,330.0,A,,850.0,A,,170.0,A,,70.0,A,,118.0,A,,173.0,A,,99.0,A,,180.0,A,,88.0,A,,155.0,A,,200.0,A,,40.0,E,,100.0,E,,33.0,E,,62.0,E,,70.0,E,,200.0,E,,166.0,E,,206.0,E,,1400.0,E,,726.0,E,,221.0,E,,203.0,E,,329.0,A,,75.0,X,,247.0,E,,545.0,A,,144.0,A,,622.0,A,,123.0,A,,414.0,A,,110.0,E,,106.0,A,,826.0,A,,914.0,A,,3665.0,A,,5961.0,E,,1727.0,A,,1126.32,A,,659.0,E,,529.0,E,,186.0,E,,770.0,A,,1292.0,A,,3852.0,A,,7156.0,A,,1923.0,A,,1119.0,A,,657.47,A,,942.97,A,,823.54,A,,2219.48,A,,2282.11,A,,1771.6,A,,1880.27,A,,1661.59,A,,1616.04,A,,1220.5,A,,1278.13,E,,1284.73,A,,1021.92,A,,1100.77,A,,1114.94,E,
5104,'018,Southern Africa,656,'01610,"Coffee, green",5922,Export value,1000 USD,190.0,A,,230.0,A,,670.0,A,,150.0,A,,70.0,A,,109.0,A,,177.0,A,,120.0,A,,201.0,A,,114.0,A,,193.0,A,,250.0,A,,75.0,A,,170.0,A,,54.0,A,,161.0,A,,275.0,A,,623.0,A,,529.0,A,,641.0,A,,3721.0,A,,2002.0,A,,633.0,A,,589.0,A,,654.0,A,,252.0,A,,533.0,A,,987.0,A,,322.0,A,,1080.0,A,,324.0,A,,443.0,A,,122.0,A,,215.0,A,,2194.0,A,,2213.0,A,,10874.0,A,,13856.0,A,,3276.0,A,,2579.0,A,,1373.0,A,,964.0,E,,356.0,A,,885.0,A,,1804.0,A,,3798.0,A,,4321.0,A,,4743.0,A,,3204.0,A,,2590.0,A,,2838.0,A,,2607.0,A,,8750.0,A,,8412.0,A,,6123.0,A,,6556.0,A,,7056.0,A,,7380.0,A,,5329.0,A,,4239.0,A,,6224.0,A,,5968.0,A,,6457.0,A,,7567.0,A,
51040,'018.03,Southern Africa (excluding intra-trade),656,'01610,"Coffee, green",5610,Import quantity,t,,,,,,,,,,,,,,,,,,,,,,,,,,,,,,,,,,,,,,,,,,,,,,,,,,,,,,,,,,,,,,,,,,,,,,,,,,,,1595.0,E,,1952.0,E,,5625.0,E,,4069.0,E,,2306.0,E,,1524.0,E,,20642.0,E,,1073.0,E,,16844.0,E,,0.0,E,,0.0,E,,18353.0,E,,19731.0,E,,17052.0,E,,24657.09,E,,19260.33,E,,20606.75,E,,21796.86,E,,21783.31,E,,24840.15,E,,27061.07,E,,25975.33,E,,36301.22,E,,25040.97,E,,30133.72,E,,25670.88,E,,19147.61,E,,20337.56,E,,22404.19,E,,21183.93,E,,22369.39,E,,22728.13,E,,21516.97,E,,22995.89,E,,25576.5,E,,23023.14,E,,19016.04,E,,20987.51,E,,24479.79,E,
51040,'018.03,Southern Africa (excluding intra-trade),656,'01610,"Coffee, green",5622,Import value,1000 USD,,,,,,,,,,,,,,,,,,,,,,,,,,,,,,,,,,,,,,,,,,,,,,,,,,,,,,,,,,,,,,,,,,,,,,,,,,,,4909.0,E,,4664.0,E,,13163.0,E,,7319.0,E,,3396.0,E,,3281.0,E,,16661.0,E,,1457.0,E,,35256.0,E,,49199.0,E,,37447.0,E,,38285.0,E,,36712.0,E,,27461.0,E,,28152.0,E,,22320.0,E,,15207.0,E,,19227.0,E,,19503.0,E,,31112.0,E,,36445.0,E,,53280.0,E,,82627.0,E,,55194.0,E,,67602.0,E,,91914.0,E,,64322.0,E,,53579.0,E,,58839.0,E,,53016.0,E,,54333.0,E,,64061.0,E,,55608.0,E,,53235.0,E,,54385.0,E,,52723.0,E,,71650.0,E,,78814.0,E,,100786.0,E,
51040,'018.03,Southern Africa (excluding intra-trade),656,'01610,"Coffee, green",5910,Export quantity,t,,,,,,,,,,,,,,,,,,,,,,,,,,,,,,,,,,,,,,,,,,,,,,,,,,,,,,,,,,,,,,,,,,,,,,,,,,,,826.0,E,,172.0,E,,1905.0,E,,459.0,E,,309.0,E,,735.0,E,,0.0,E,,19.0,E,,70.0,E,,0.0,E,,0.0,E,,3646.0,E,,5955.0,E,,1724.0,E,,1126.32,E,,659.0,E,,522.33,E,,121.99,E,,747.87,E,,1249.55,E,,3842.65,E,,7145.02,E,,1919.5,E,,1111.4,E,,0.0,E,,0.0,E,,0.0,E,,818.34,E,,931.94,E,,690.58,E,,771.87,E,,512.02,E,,501.28,E,,518.0,E,,564.23,E,,646.31,E,,324.64,E,,264.63,E,,350.58,E,
51040,'018.03,Southern Africa (excluding intra-trade),656,'01610,"Coffee, green",5922,Export value,1000 USD,,,,,,,,,,,,,,,,,,,,,,,,,,,,,,,,,,,,,,,,,,,,,,,,,,,,,,,,,,,,,,,,,,,,,,,,,,,,2484.0,E,,451.0,E,,3632.0,E,,951.0,E,,565.0,E,,1142.0,E,,416.0,E,,21.0,E,,205.0,E,,2105.0,E,,2213.0,E,,10786.0,E,,13924.0,E,,3261.0,E,,2579.0,E,,1373.0,E,,958.0,E,,334.0,E,,843.0,E,,1728.0,E,,3779.0,E,,4299.0,E,,4720.0,E,,3154.0,E,,0.0,E,,0.0,E,,0.0,E,,3188.0,E,,2493.0,E,,1841.0,E,,2640.0,E,,2122.0,E,,2168.0,E,,1727.0,E,,1515.0,E,,2317.0,E,,1711.0,E,,1522.0,E,,2380.0,E,
5105,'011,Western Africa,656,'01610,"Coffee, green",5610,Import quantity,t,5056.0,A,,18898.0,A,,1150.0,A,,798.0,A,,1630.0,A,,3297.0,A,,2635.0,A,,3326.0,A,,3857.0,A,,1799.0,A,,2895.0,A,,3452.0,A,,3838.0,A,,2249.0,A,,2588.0,A,,2753.0,A,,2372.0,A,,1091.0,A,,1423.0,A,,506.0,A,,1313.0,A,,106.0,A,,308.0,A,,1900.0,A,,897.0,A,,704.0,A,,1150.0,A,,1822.0,A,,2855.0,A,,1881.0,A,,2034.0,A,,2159.0,A,,1660.0,A,,1186.0,E,,474.0,E,,614.0,E,,491.77,E,,1426.33,E,,818.71,E,,1839.14,A,,1291.11,E,,2345.4,E,,1037.0,E,,1484.7,E,,1035.2,E,,1265.1,E,,1330.72,E,,1907.1,A,,2097.42,E,,2142.34,E,,1968.32,E,,1481.41,A,,1705.66,A,,2652.01,A,,4388.67,A,,8635.21,A,,9356.22,A,,7677.38,A,,6457.92,A,,10460.39,A,,11372.5,A,,4836.96,A,,3109.06,A,,4232.55,A,
5105,'011,Western Africa,656,'01610,"Coffee, green",5622,Import value,1000 USD,2743.0,A,,10310.0,A,,1082.0,A,,719.0,A,,914.0,A,,1204.0,A,,1182.0,A,,1461.0,A,,971.0,A,,650.0,A,,956.0,A,,1503.0,A,,1927.0,A,,1810.0,A,,2719.0,A,,2453.0,A,,4122.0,A,,1641.0,A,,3913.0,A,,1044.0,A,,1862.0,A,,255.0,A,,564.0,A,,2398.0,A,,1490.0,A,,1354.0,A,,1447.0,A,,2366.0,A,,2157.0,A,,1290.0,A,,1787.0,A,,2168.0,A,,2055.0,A,,1492.0,E,,1323.0,E,,1686.0,E,,1415.0,E,,2125.0,E,,1684.0,A,,1696.0,A,,1425.0,E,,1683.0,E,,600.0,E,,2287.0,E,,1813.0,A,,2154.0,E,,3129.0,A,,2649.0,A,,2877.0,E,,2636.0,A,,3293.0,A,,3320.0,A,,3195.0,A,,3262.0,A,,4093.0,A,,4335.0,A,,4128.0,A,,4997.0,A,,3765.0,A,,5431.0,E,,7575.0,A,,5315.0,A,,3941.0,A,,5481.0,A,
5105,'011,Western Africa,656,'01610,"Coffee, green",5910,Export quantity,t,193704.0,A,,171256.0,A,,211693.0,A,,250128.0,A,,217591.0,A,,242640.0,A,,179045.0,A,,259023.0,A,,220797.0,A,,244361.0,A,,228919.0,A,,239920.0,A,,257638.0,A,,284710.0,A,,282557.0,A,,354715.0,A,,264706.0,A,,255894.0,A,,294792.0,A,,244330.0,A,,264717.0,A,,307842.0,A,,250539.0,A,,200294.0,A,,273171.0,A,,259019.0,A,,196380.0,A,,234132.0,A,,163465.0,E,,263939.0,E,,218900.0,A,,233628.0,A,,251939.0,A,,148697.0,E,,174170.0,A,,162690.0,A,,276767.96,E,,246340.88,E,,142304.39,E,,341373.0,A,,238380.0,A,,159631.0,A,,131922.7,A,,167257.5,A,,117327.81,A,,135185.1,A,,145850.5,A,,82641.0,A,,103906.0,A,,127880.0,A,,62874.22,A,,112566.8,A,,102889.0,A,,82037.54,A,,91083.72,A,,95067.5,A,,60830.87,A,,97307.94,A,,121750.73,A,,81272.75,A,,35206.64,A,,85164.0,A,,50156.23,A,,77602.55,A,
5105,'011,Western Africa,656,'01610,"Coffee, green",5922,Export value,1000 USD,98858.0,A,,88691.0,A,,113001.0,A,,156331.0,A,,121824.0,A,,157624.0,A,,119261.0,A,,170854.0,A,,141054.0,A,,186087.0,A,,181599.0,A,,183045.0,A,,233352.0,A,,284050.0,A,,315106.0,A,,606812.0,A,,934220.0,A,,654455.0,A,,890293.0,A,,747691.0,A,,512779.0,A,,537672.0,A,,475680.0,A,,453808.0,A,,708165.0,A,,749632.0,A,,464687.0,A,,444515.0,E,,282832.0,E,,273675.0,A,,201942.0,A,,192925.0,A,,179707.0,A,,179286.0,E,,416478.0,A,,257161.0,E,,367361.0,E,,356936.0,E,,184235.0,E,,270501.0,A,,114398.0,A,,80525.0,A,,85570.0,A,,109560.0,A,,89042.0,A,,157749.0,A,,218139.0,A,,145939.0,A,,153240.0,A,,203850.0,E,,95714.0,E,,209724.0,A,,206031.0,A,,138767.0,A,,136362.0,A,,138050.0,A,,90563.0,A,,160172.0,A,,180992.0,A,,107006.0,A,,45844.0,A,,140463.0,A,,84629.0,A,,180896.0,A,
51050,'011.03,Western Africa (excluding intra-trade),656,'01610,"Coffee, green",5610,Import quantity,t,,,,,,,,,,,,,,,,,,,,,,,,,,,,,,,,,,,,,,,,,,,,,,,,,,,,,,,,,,,,,,,,,,,,,,,,,,,,793.0,E,,1.0,E,,3156.0,E,,6682.0,E,,54.0,E,,47.0,E,,529.0,E,,2315.0,E,,242.0,E,,3351.0,E,,475.0,E,,315.0,E,,804.0,E,,275.0,E,,743.04,E,,1272.99,E,,2345.3,E,,530.39,E,,331.28,E,,544.68,E,,1132.17,E,,0.0,E,,785.48,E,,1663.77,E,,0.0,E,,74.95,E,,155.96,E,,711.52,E,,1417.09,E,,2779.78,E,,3284.59,E,,1755.25,E,,1671.08,E,,2973.19,E,,3565.58,E,,5177.45,E,,2149.32,E,,2381.0,E,,3198.02,E,
51050,'011.03,Western Africa (excluding intra-trade),656,'01610,"Coffee, green",5622,Import value,1000 USD,,,,,,,,,,,,,,,,,,,,,,,,,,,,,,,,,,,,,,,,,,,,,,,,,,,,,,,,,,,,,,,,,,,,,,,,,,,,2141.0,E,,10.0,E,,5132.0,E,,8569.0,E,,121.0,E,,78.0,E,,614.0,E,,2212.0,E,,357.0,E,,9748.0,E,,1214.0,E,,876.0,E,,5911.0,E,,7293.0,E,,1243.0,E,,1415.0,E,,1683.0,E,,539.0,E,,1188.0,E,,1701.0,E,,0.0,E,,2374.0,E,,1970.0,E,,2418.0,E,,2001.0,E,,2921.0,E,,3009.0,E,,2774.0,E,,2770.0,E,,3752.0,E,,3307.0,E,,2928.0,E,,2763.0,E,,2644.0,E,,2728.0,E,,4300.0,E,,4291.0,E,,3747.0,E,,4617.0,E,
51050,'011.03,Western Africa (excluding intra-trade),656,'01610,"Coffee, green",5910,Export quantity,t,,,,,,,,,,,,,,,,,,,,,,,,,,,,,,,,,,,,,,,,,,,,,,,,,,,,,,,,,,,,,,,,,,,,,,,,,,,,265968.0,E,,173779.0,E,,236968.0,E,,201534.0,E,,139889.0,E,,242499.0,E,,269955.0,E,,289090.0,E,,200326.0,E,,177123.0,E,,158655.0,E,,275141.0,E,,245869.0,E,,139934.0,E,,340277.01,E,,238362.86,E,,159630.9,E,,131802.26,E,,166123.45,E,,116840.72,E,,135027.55,E,,145586.52,E,,82640.05,E,,103761.18,E,,126321.16,E,,56737.42,E,,109979.59,E,,102038.7,E,,81220.24,E,,88168.64,E,,91507.93,E,,50078.65,E,,90735.17,E,,118222.08,E,,74836.07,E,,29008.21,E,,77022.79,E,,45866.06,E,,74826.22,E,
51050,'011.03,Western Africa (excluding intra-trade),656,'01610,"Coffee, green",5922,Export value,1000 USD,,,,,,,,,,,,,,,,,,,,,,,,,,,,,,,,,,,,,,,,,,,,,,,,,,,,,,,,,,,,,,,,,,,,,,,,,,,,854665.0,E,,438581.0,E,,507726.0,E,,384632.0,E,,178546.0,E,,256583.0,E,,226181.0,E,,266006.0,E,,336685.0,E,,502395.0,E,,296626.0,E,,366154.0,E,,356573.0,E,,181576.0,E,,270096.0,E,,114389.0,E,,80525.0,E,,85512.0,E,,108600.0,E,,88986.0,E,,157583.0,E,,217983.0,E,,145936.0,E,,152937.0,E,,201893.0,E,,92293.0,E,,208153.0,E,,202250.0,E,,138216.0,E,,134525.0,E,,133215.0,E,,89077.0,E,,153872.0,E,,176727.0,E,,103275.0,E,,41364.0,E,,138530.0,E,,82355.0,E,,178523.0,E,
5200,'019,Americas,656,'01610,"Coffee, green",5610,Import quantity,t,1455662.0,A,,1586866.0,A,,1549640.0,A,,1485534.0,A,,1392797.0,A,,1443524.0,A,,1402009.0,A,,1648344.0,A,,1364669.0,A,,1324165.0,A,,1444860.0,A,,1391016.0,A,,1456096.0,A,,1307601.0,A,,1379260.0,A,,1330590.0,A,,993527.0,A,,1208766.0,A,,1331883.0,A,,1207074.0,A,,1134034.0,A,,1183256.0,A,,1115132.0,A,,1205382.0,A,,1247396.0,A,,1298319.0,A,,1339005.0,A,,1066948.0,A,,1302973.0,A,,1326267.0,A,,1294949.0,A,,1461857.0,A,,1252918.0,A,,1069630.0,A,,1112804.0,A,,1259468.0,A,,1326277.0,A,,1343922.0,A,,1418946.0,A,,1489140.82,A,,1354200.0,A,,1329638.25,A,,1396172.87,A,,1441595.51,A,,1448693.14,A,,1495089.0,A,,1515050.88,A,,1528228.92,A,,1497506.01,A,,1564386.67,A,,1681445.98,A,,1698797.05,A,,1703611.06,A,,1759397.3,A,,1801250.85,A,,1864846.21,A,,1861135.53,A,,1855416.21,A,,1973157.92,A,,1786518.08,A,,1882015.72,A,,1968594.4,A,,1696326.07,A,,1718271.42,A,
5200,'019,Americas,656,'01610,"Coffee, green",5622,Import value,1000 USD,1038542.0,A,,1062390.0,A,,1034996.0,A,,1301764.0,A,,1159903.0,A,,1167976.0,A,,1059867.0,A,,1235371.0,A,,1007314.0,A,,1295092.0,A,,1300160.0,A,,1319889.0,A,,1743164.0,A,,1709627.0,A,,1784930.0,A,,2970984.0,A,,4354374.0,A,,4152511.0,A,,4480621.0,A,,4302186.0,A,,2996394.0,A,,3068702.0,A,,3040728.0,A,,3568037.0,A,,3615199.0,A,,4955611.0,A,,3210854.0,A,,2773667.0,A,,2722936.0,A,,2169890.0,A,,2126975.0,A,,1915558.0,A,,1718110.0,A,,2799568.0,A,,3597234.0,A,,3025588.0,A,,4229304.0,A,,3688036.0,A,,3012290.0,A,,2809192.0,A,,1731440.0,A,,1590539.0,A,,1952555.0,A,,2273421.0,A,,3068696.0,A,,3423566.0,A,,3857341.0,A,,4486550.0,A,,4102868.0,A,,5070370.0,A,,8459496.0,A,,7151991.0,A,,5679070.0,A,,6264071.0,A,,6385065.0,A,,5908130.0,A,,6321780.0,A,,5748769.0,A,,5675700.0,A,,5461063.0,A,,6556325.0,A,,9841162.0,A,,7652866.0,A,,8336448.0,A,
5200,'019,Americas,656,'01610,"Coffee, green",5910,Export quantity,t,1853124.0,A,,1956482.0,A,,2096840.0,A,,1859133.0,A,,1712576.0,A,,1931881.0,A,,1958957.0,A,,2138021.0,A,,2116892.0,A,,1967463.0,A,,2047853.0,A,,2181981.0,A,,2282840.0,A,,1880220.0,A,,2087666.0,A,,2065252.0,A,,1622953.0,A,,1995274.0,A,,2241123.0,A,,2288997.0,A,,2197472.0,A,,2292848.0,A,,2455659.0,A,,2569775.0,A,,2645110.0,A,,2162393.0,A,,2728736.0,A,,2426200.0,A,,2706626.0,A,,2780483.0,A,,2854846.0,A,,2956039.0,A,,2829912.0,A,,2653151.0,A,,2375586.0,A,,2652681.0,A,,2673728.0,A,,2721775.0,A,,3027872.28,A,,2827309.79,A,,2930046.0,E,,3188423.0,A,,2994189.0,A,,3068638.0,A,,2876393.0,A,,3122612.0,A,,3196673.0,A,,3291661.0,A,,3167189.0,A,,3306617.0,A,,3535331.0,A,,3241205.0,A,,3408319.0,A,,3610109.75,A,,3728315.61,A,,3660206.59,A,,3642209.7,A,,3857088.86,A,,4265100.15,E,,4199647.3,E,,4193322.64,A,,3975709.72,E,,3833850.4,E,,4529838.44,E,
5200,'019,Americas,656,'01610,"Coffee, green",5922,Export value,1000 USD,1416284.0,A,,1410488.0,A,,1463143.0,A,,1666794.0,A,,1563693.0,A,,1611412.0,A,,1494684.0,A,,1618364.0,A,,1630289.0,A,,2031203.0,A,,1728538.0,A,,2080803.0,A,,2797087.0,A,,2551802.0,A,,2538956.0,A,,5174155.0,A,,7207362.0,A,,6803499.0,A,,7242038.0,A,,7796173.0,A,,5133669.0,A,,5708347.0,A,,5746803.0,A,,6698802.0,A,,6791193.0,A,,8817539.0,A,,6147784.0,A,,6174872.0,A,,5505390.0,A,,4435717.0,A,,4471346.0,A,,3508527.0,A,,3646961.0,A,,6761293.0,E,,7264138.0,A,,6323625.0,A,,8803303.0,A,,7533060.0,E,,6263570.0,A,,5472983.0,A,,3505944.0,A,,3331373.0,A,,3544581.0,A,,4468560.0,A,,6077343.0,A,,6875580.0,A,,7863258.0,A,,9341448.0,A,,8290042.0,A,,10864341.0,A,,17043437.0,A,,13302766.0,A,,10288087.0,A,,12227591.0,A,,11827741.0,A,,10994076.0,A,,11527868.0,A,,10618149.0,A,,10527986.0,A,,11108921.0,A,,13560587.0,A,,18821272.0,A,,15453101.0,A,,20005911.0,A,
52000,'019.03,Americas (excluding intra-trade),656,'01610,"Coffee, green",5610,Import quantity,t,,,,,,,,,,,,,,,,,,,,,,,,,,,,,,,,,,,,,,,,,,,,,,,,,,,,,,,,,,,,,,,,,,,,,,,,,,,,353075.0,E,,250084.0,E,,218499.0,E,,218649.0,E,,251392.0,E,,137110.0,E,,210982.0,E,,208214.0,E,,194594.0,E,,234769.0,E,,286084.0,E,,370410.0,E,,341321.0,E,,238121.0,E,,378472.07,E,,395871.16,E,,259502.65,E,,285424.64,E,,408506.74,E,,457023.44,E,,440659.92,E,,402179.73,E,,466135.27,E,,375298.96,E,,458841.43,E,,404954.2,E,,470861.35,E,,426953.23,E,,428102.28,E,,381479.56,E,,517457.04,E,,490844.4,E,,451052.85,E,,407924.59,E,,349974.17,E,,341612.56,E,,377684.83,E,,344812.12,E,,276649.6,E,
52000,'019.03,Americas (excluding intra-trade),656,'01610,"Coffee, green",5622,Import value,1000 USD,,,,,,,,,,,,,,,,,,,,,,,,,,,,,,,,,,,,,,,,,,,,,,,,,,,,,,,,,,,,,,,,,,,,,,,,,,,,1137133.0,E,,584884.0,E,,504433.0,E,,425879.0,E,,320512.0,E,,177932.0,E,,247135.0,E,,255247.0,E,,443258.0,E,,701756.0,E,,595722.0,E,,823269.0,E,,730015.0,E,,466642.0,E,,515042.0,E,,390265.0,E,,195638.0,E,,370293.0,E,,504536.0,E,,720172.0,E,,845855.0,E,,919673.0,E,,979705.0,E,,892926.0,E,,1135967.0,E,,1554513.0,E,,1441114.0,E,,1254234.0,E,,1361468.0,E,,1302182.0,E,,1444178.0,E,,1553870.0,E,,1372835.0,E,,1184051.0,E,,1046119.0,E,,1102941.0,E,,1588906.0,E,,1385151.0,E,,1425545.0,E,
52000,'019.03,Americas (excluding intra-trade),656,'01610,"Coffee, green",5910,Export quantity,t,,,,,,,,,,,,,,,,,,,,,,,,,,,,,,,,,,,,,,,,,,,,,,,,,,,,,,,,,,,,,,,,,,,,,,,,,,,,848551.0,E,,1166366.0,E,,1121947.0,E,,772110.0,E,,1012861.0,E,,1670502.0,E,,1708400.0,E,,1781724.0,E,,1792584.0,E,,1488322.0,E,,1677117.0,E,,1696201.0,E,,1671078.0,E,,1845495.0,E,,1753835.14,E,,2019844.47,E,,2097713.1,E,,1895000.75,E,,2034409.59,E,,1881505.71,E,,2064532.3,E,,2094951.61,E,,2174703.22,E,,2027122.57,E,,2166013.78,E,,2194616.76,E,,2015532.1,E,,2156257.94,E,,2271054.59,E,,2306037.04,E,,2303380.38,E,,2320702.82,E,,2472678.96,E,,2704119.79,E,,2718817.83,E,,2582766.86,E,,2425859.06,E,,2457039.69,E,,2989861.51,E,
52000,'019.03,Americas (excluding intra-trade),656,'01610,"Coffee, green",5922,Export value,1000 USD,,,,,,,,,,,,,,,,,,,,,,,,,,,,,,,,,,,,,,,,,,,,,,,,,,,,,,,,,,,,,,,,,,,,,,,,,,,,3518280.0,E,,2618716.0,E,,2959033.0,E,,1879700.0,E,,1582381.0,E,,2630523.0,E,,2010610.0,E,,2346943.0,E,,4608037.0,E,,4551494.0,E,,4018255.0,E,,5539858.0,E,,4549940.0,E,,3661802.0,E,,3356998.0,E,,2359744.0,E,,2068293.0,E,,2153863.0,E,,2853050.0,E,,3945988.0,E,,4506873.0,E,,5137801.0,E,,6136068.0,E,,5233144.0,E,,7038338.0,E,,10710289.0,E,,8316727.0,E,,6413011.0,E,,7637820.0,E,,7197747.0,E,,6804208.0,E,,7172271.0,E,,6633482.0,E,,6467036.0,E,,6984319.0,E,,8228583.0,E,,11308943.0,E,,9688612.0,E,,13081329.0,E,
5203,'021,Northern America,656,'01610,"Coffee, green",5610,Import quantity,t,1410714.0,A,,1543148.0,A,,1507340.0,A,,1444093.0,A,,1352869.0,A,,1393665.0,A,,1359364.0,A,,1606506.0,A,,1295713.0,A,,1258920.0,A,,1385444.0,A,,1325156.0,A,,1385317.0,A,,1232736.0,A,,1300482.0,A,,1266538.0,A,,957122.0,A,,1165474.0,A,,1244892.0,A,,1163156.0,A,,1082451.0,A,,1130797.0,A,,1070952.0,A,,1155086.0,A,,1209102.0,A,,1259781.0,A,,1297774.0,A,,1020600.0,A,,1262420.0,A,,1285692.0,A,,1249361.0,A,,1403011.0,A,,1193488.0,A,,1019334.0,A,,1060483.0,A,,1198397.0,A,,1254203.0,A,,1277781.0,A,,1355275.0,A,,1428633.2,A,,1290487.0,A,,1275660.0,A,,1326464.0,A,,1375824.0,A,,1345911.0,A,,1411850.0,A,,1438901.0,A,,1440552.0,A,,1379876.0,A,,1418455.0,A,,1524227.0,A,,1518810.0,A,,1576245.0,A,,1625385.14,A,,1632067.81,A,,1702019.96,A,,1733884.12,A,,1694024.58,A,,1801092.75,A,,1616846.06,A,,1671415.15,A,,1719318.27,A,,1464111.87,A,,1566206.42,A,
5203,'021,Northern America,656,'01610,"Coffee, green",5622,Import value,1000 USD,1012442.0,A,,1038547.0,A,,1009546.0,A,,1266501.0,A,,1125243.0,A,,1127514.0,A,,1027312.0,A,,1206552.0,A,,958803.0,A,,1237684.0,A,,1249497.0,A,,1263751.0,A,,1664316.0,A,,1613793.0,A,,1677337.0,A,,2832923.0,A,,4185567.0,A,,4013842.0,A,,4112302.0,A,,4149303.0,A,,2878029.0,A,,2965706.0,A,,2969503.0,A,,3494360.0,A,,3534299.0,A,,4787616.0,A,,3118413.0,A,,2682571.0,A,,2651476.0,A,,2115732.0,A,,2072108.0,A,,1850908.0,A,,1649150.0,A,,2676019.0,A,,3438315.0,A,,2881235.0,A,,4055408.0,A,,3536561.0,A,,2906792.0,A,,2718671.0,A,,1669880.0,A,,1549455.0,A,,1891430.0,A,,2202525.0,A,,2927552.0,A,,3293630.0,A,,3699838.0,A,,4303427.0,A,,3865953.0,A,,4695517.0,A,,7902929.0,A,,6498637.0,A,,5324788.0,A,,5885779.0,A,,5873898.0,A,,5533497.0,A,,6015916.0,A,,5412840.0,A,,5360444.0,A,,5161407.0,A,,6109303.0,A,,8974345.0,A,,6964783.0,A,,7787774.0,A,
5203,'021,Northern America,656,'01610,"Coffee, green",5910,Export quantity,t,26944.0,A,,36558.0,A,,32688.0,A,,40512.0,A,,31888.0,A,,29315.0,A,,24769.0,A,,26626.0,A,,22291.0,A,,23304.0,A,,20774.0,A,,29020.0,A,,65608.0,A,,78944.0,A,,45627.0,A,,61489.0,A,,94500.0,A,,51770.0,A,,71937.0,A,,68191.0,A,,58235.0,A,,50720.0,A,,36821.0,A,,55059.0,A,,42968.0,A,,67748.0,A,,52518.0,A,,67191.0,A,,43192.0,A,,32121.0,A,,38887.0,A,,47595.0,A,,68589.0,A,,107592.0,A,,66029.0,A,,59824.0,A,,70064.0,A,,76929.0,A,,49447.0,A,,47576.39,A,,54546.0,A,,57995.0,A,,61995.0,A,,83036.0,A,,50575.0,A,,16471.0,A,,59200.0,A,,43959.0,A,,34235.0,A,,48760.0,A,,75990.0,A,,61583.0,A,,50559.0,A,,62763.65,A,,54457.6,A,,55496.22,A,,49605.17,A,,51240.07,A,,49533.66,A,,50425.46,A,,58140.2,A,,92535.47,A,,88427.18,A,,74451.82,A,
5203,'021,Northern America,656,'01610,"Coffee, green",5922,Export value,1000 USD,23441.0,A,,29615.0,A,,23225.0,A,,35726.0,A,,29304.0,A,,25911.0,A,,19815.0,A,,22493.0,A,,19493.0,A,,24959.0,A,,21270.0,A,,31395.0,A,,84122.0,A,,123899.0,A,,62759.0,A,,147683.0,A,,405164.0,A,,198655.0,A,,265927.0,A,,253631.0,A,,176903.0,A,,163210.0,A,,107274.0,A,,167889.0,A,,126278.0,A,,265282.0,A,,167531.0,A,,212039.0,A,,130633.0,A,,116282.0,A,,97240.0,A,,83871.0,A,,123368.0,A,,276069.0,A,,228661.0,A,,169268.0,A,,218171.0,A,,234199.0,A,,132941.0,A,,121624.0,A,,110443.0,A,,109250.0,A,,116098.0,A,,146911.0,A,,125117.0,A,,52173.0,A,,175297.0,A,,138606.0,A,,115760.0,A,,175887.0,A,,287599.0,A,,249434.0,A,,184243.0,A,,253991.0,A,,273941.0,A,,257699.0,A,,238774.0,A,,241991.0,A,,225658.0,A,,241578.0,A,,293362.0,A,,533415.0,A,,471068.0,A,,419453.0,A,
52030,'021.03,Northern America (excluding intra-trade),656,'01610,"Coffee, green",5610,Import quantity,t,,,,,,,,,,,,,,,,,,,,,,,,,,,,,,,,,,,,,,,,,,,,,,,,,,,,,,,,,,,,,,,,,,,,,,,,,,,,1231168.0,E,,1262083.0,E,,1009266.0,E,,1244624.0,E,,1265248.0,E,,1228279.0,E,,1398878.0,E,,1174388.0,E,,1002450.0,E,,1051541.0,E,,1189579.0,E,,1253454.0,E,,1274745.0,E,,1353086.0,E,,1394826.52,E,,1261123.23,E,,1273965.34,E,,1324943.93,E,,1374604.79,E,,1344686.45,E,,1407843.09,E,,1434964.43,E,,1437345.12,E,,1378657.41,E,,1417176.34,E,,1523345.31,E,,1517709.74,E,,1574670.98,E,,1623079.51,E,,1628810.69,E,,1699063.71,E,,1731126.84,E,,1689331.51,E,,1798208.82,E,,1616425.98,E,,1671012.51,E,,1718383.31,E,,1463239.15,E,,1565495.42,E,
52030,'021.03,Northern America (excluding intra-trade),656,'01610,"Coffee, green",5622,Import value,1000 USD,,,,,,,,,,,,,,,,,,,,,,,,,,,,,,,,,,,,,,,,,,,,,,,,,,,,,,,,,,,,,,,,,,,,,,,,,,,,4659470.0,E,,3007564.0,E,,2644258.0,E,,2597463.0,E,,2065723.0,E,,2022593.0,E,,1841102.0,E,,1615083.0,E,,2631672.0,E,,3403797.0,E,,2856052.0,E,,4051229.0,E,,3526136.0,E,,2900028.0,E,,2630121.0,E,,1600980.0,E,,1542773.0,E,,1884208.0,E,,2197021.0,E,,2923436.0,E,,3281229.0,E,,3688265.0,E,,4291638.0,E,,3859148.0,E,,4687311.0,E,,7896679.0,E,,6491516.0,E,,5315461.0,E,,5870350.0,E,,5856669.0,E,,5519102.0,E,,6001436.0,E,,5391928.0,E,,5347935.0,E,,5158681.0,E,,6105190.0,E,,8968340.0,E,,6958936.0,E,,7782455.0,E,
52030,'021.03,Northern America (excluding intra-trade),656,'01610,"Coffee, green",5910,Export quantity,t,,,,,,,,,,,,,,,,,,,,,,,,,,,,,,,,,,,,,,,,,,,,,,,,,,,,,,,,,,,,,,,,,,,,,,,,,,,,10700.0,E,,6523.0,E,,11097.0,E,,3519.0,E,,4633.0,E,,3607.0,E,,10037.0,E,,15679.0,E,,48882.0,E,,22114.0,E,,8843.0,E,,18995.0,E,,15435.0,E,,8989.0,E,,13769.71,E,,25182.23,E,,22183.92,E,,26318.41,E,,42673.27,E,,17760.64,E,,0.0,E,,23457.98,E,,17498.06,E,,9222.0,E,,19443.36,E,,15771.94,E,,11565.29,E,,10360.24,E,,18588.79,E,,11697.72,E,,11420.72,E,,14230.5,E,,11144.43,E,,9221.18,E,,11164.3,E,,11303.05,E,,14591.49,E,,16410.14,E,,11399.28,E,
52030,'021.03,Northern America (excluding intra-trade),656,'01610,"Coffee, green",5922,Export value,1000 USD,,,,,,,,,,,,,,,,,,,,,,,,,,,,,,,,,,,,,,,,,,,,,,,,,,,,,,,,,,,,,,,,,,,,,,,,,,,,38615.0,E,,21187.0,E,,30818.0,E,,11335.0,E,,11607.0,E,,10279.0,E,,13567.0,E,,28855.0,E,,112196.0,E,,63481.0,E,,27099.0,E,,41423.0,E,,43205.0,E,,25653.0,E,,42562.0,E,,48925.0,E,,33456.0,E,,36142.0,E,,58193.0,E,,35574.0,E,,0.0,E,,61433.0,E,,42109.0,E,,27700.0,E,,56621.0,E,,64667.0,E,,46109.0,E,,35537.0,E,,67136.0,E,,68025.0,E,,58213.0,E,,75763.0,E,,67747.0,E,,53805.0,E,,67949.0,E,,70840.0,E,,101195.0,E,,93210.0,E,,69531.0,E,
5204,'013,Central America,656,'01610,"Coffee, green",5610,Import quantity,t,156.0,A,,3126.0,A,,221.0,A,,356.0,A,,20.0,A,,31.0,A,,45.0,A,,41.0,A,,33.0,A,,43.0,A,,52.0,A,,45.0,A,,72.0,A,,42.0,A,,57.0,A,,73.0,A,,61.0,A,,151.0,A,,96.0,A,,183.0,A,,68.0,A,,90.0,A,,62.0,A,,38.0,A,,46.0,A,,110.0,A,,57.0,A,,360.0,A,,149.0,A,,954.0,A,,1253.0,A,,2370.0,A,,4803.0,A,,2225.0,A,,1348.0,A,,2161.0,E,,12174.0,A,,11688.0,A,,10169.16,A,,8294.9,A,,18962.0,A,,12821.0,A,,20718.0,A,,9997.0,A,,4369.0,A,,4694.0,A,,3861.0,A,,1279.0,A,,5717.0,A,,19079.0,A,,23970.0,A,,11920.0,A,,11926.0,A,,42757.64,A,,57175.66,A,,78900.33,A,,38561.73,E,,29768.75,A,,56819.29,E,,38665.36,E,,42265.54,E,,38480.34,E,,61667.86,E,,53632.34,E,
5204,'013,Central America,656,'01610,"Coffee, green",5622,Import value,1000 USD,95.0,A,,1409.0,A,,173.0,A,,408.0,A,,110.0,A,,134.0,A,,168.0,A,,171.0,A,,138.0,A,,161.0,A,,242.0,A,,218.0,A,,359.0,A,,224.0,A,,368.0,A,,284.0,A,,554.0,A,,947.0,A,,540.0,A,,753.0,A,,619.0,A,,725.0,A,,492.0,A,,408.0,A,,357.0,A,,568.0,A,,543.0,A,,900.0,A,,672.0,A,,1992.0,A,,1349.0,A,,3282.0,A,,7031.0,A,,6993.0,A,,4449.0,A,,5914.0,A,,29148.0,A,,23399.0,A,,15680.0,A,,8937.0,A,,11940.0,A,,8550.0,A,,14999.0,A,,9211.0,A,,3836.0,A,,5692.0,A,,5126.0,A,,2674.0,A,,8476.0,A,,50496.0,A,,76058.0,A,,29195.0,A,,25915.0,A,,121484.0,A,,129263.0,A,,154563.0,A,,77587.0,A,,54570.0,A,,97851.0,A,,67748.0,A,,85822.0,A,,109675.0,A,,167229.0,A,,182852.0,A,
5204,'013,Central America,656,'01610,"Coffee, green",5910,Export quantity,t,340610.0,A,,373831.0,A,,365498.0,A,,381096.0,A,,375354.0,A,,399996.0,A,,393193.0,A,,431709.0,A,,426107.0,A,,419923.0,A,,429196.0,A,,515995.0,A,,518777.0,A,,535720.0,A,,585160.0,A,,597525.0,A,,527494.0,A,,563341.0,A,,720321.0,A,,614096.0,A,,615056.0,A,,637362.0,A,,729150.0,A,,684122.0,A,,773034.0,A,,689256.0,A,,781989.0,A,,692307.0,A,,797325.0,A,,823666.0,A,,770453.0,A,,745456.0,A,,818116.0,A,,762335.0,A,,790739.0,A,,975900.0,A,,936520.0,A,,800477.0,A,,905167.1,A,,1111467.5,A,,861578.0,A,,794791.0,A,,793672.0,A,,776195.0,A,,684668.0,A,,761884.0,A,,816030.0,A,,833972.0,A,,802903.0,A,,797234.0,A,,895480.0,A,,978036.0,A,,858132.0,A,,744702.38,A,,770641.09,A,,798135.92,A,,978011.73,A,,996588.77,A,,994375.9,A,,861529.05,A,,962303.48,A,,873605.35,E,,835946.72,A,,783185.03,A,
5204,'013,Central America,656,'01610,"Coffee, green",5922,Export value,1000 USD,278986.0,A,,289543.0,A,,278858.0,A,,346600.0,A,,356124.0,A,,367438.0,A,,321600.0,A,,342777.0,A,,338493.0,A,,438441.0,A,,396717.0,A,,462146.0,A,,647236.0,A,,734701.0,A,,724301.0,A,,1389276.0,A,,2301033.0,A,,1998834.0,A,,2280097.0,A,,2207568.0,A,,1650247.0,A,,1671120.0,A,,1563569.0,A,,1702233.0,A,,2003042.0,A,,2691413.0,A,,1855122.0,A,,1852559.0,A,,1708343.0,A,,1434453.0,A,,1331707.0,A,,986138.0,A,,1068824.0,A,,1564327.0,A,,2580678.0,A,,2319100.0,A,,2907214.0,A,,2546056.0,A,,2127161.0,A,,2387453.0,A,,1166893.0,A,,985709.0,A,,1056139.0,A,,1239753.0,A,,1577795.0,A,,1815712.0,A,,2076611.0,A,,2444968.0,A,,2168944.0,A,,2626780.0,A,,4365801.0,A,,4270180.0,A,,2865216.0,A,,2657519.0,A,,2821772.0,A,,2651036.0,A,,3402778.0,A,,3013122.0,A,,2772582.0,A,,2750667.0,A,,3536498.0,A,,4515729.0,A,,3953042.0,A,,3638704.0,A,
52040,'013.03,Central America (excluding intra-trade),656,'01610,"Coffee, green",5610,Import quantity,t,,,,,,,,,,,,,,,,,,,,,,,,,,,,,,,,,,,,,,,,,,,,,,,,,,,,,,,,,,,,,,,,,,,,,,,,,,,,0.0,E,,1.0,E,,159.0,E,,54.0,E,,575.0,E,,791.0,E,,1953.0,E,,40.0,E,,1912.0,E,,1031.0,E,,908.0,E,,9467.0,E,,8711.0,E,,8377.0,E,,6695.19,E,,18775.2,E,,11242.26,E,,17844.16,E,,9183.66,E,,2621.6,E,,3208.43,E,,2114.67,E,,676.63,E,,2483.06,E,,9938.5,E,,13333.44,E,,6869.09,E,,7640.76,E,,29146.22,E,,42234.07,E,,58529.03,E,,31448.44,E,,22164.22,E,,28613.08,E,,25591.54,E,,30602.7,E,,22425.28,E,,46032.0,E,,44207.24,E,
52040,'013.03,Central America (excluding intra-trade),656,'01610,"Coffee, green",5622,Import value,1000 USD,,,,,,,,,,,,,,,,,,,,,,,,,,,,,,,,,,,,,,,,,,,,,,,,,,,,,,,,,,,,,,,,,,,,,,,,,,,,5.0,E,,6.0,E,,235.0,E,,199.0,E,,916.0,E,,652.0,E,,2839.0,E,,82.0,E,,6271.0,E,,3667.0,E,,3149.0,E,,22336.0,E,,16001.0,E,,13488.0,E,,7479.0,E,,11827.0,E,,7032.0,E,,13664.0,E,,8726.0,E,,2645.0,E,,4563.0,E,,3813.0,E,,1614.0,E,,4545.0,E,,31389.0,E,,44904.0,E,,17867.0,E,,17810.0,E,,82656.0,E,,90681.0,E,,110668.0,E,,61803.0,E,,40462.0,E,,51034.0,E,,43947.0,E,,61534.0,E,,60364.0,E,,122577.0,E,,152717.0,E,
52040,'013.03,Central America (excluding intra-trade),656,'01610,"Coffee, green",5910,Export quantity,t,,,,,,,,,,,,,,,,,,,,,,,,,,,,,,,,,,,,,,,,,,,,,,,,,,,,,,,,,,,,,,,,,,,,,,,,,,,,572812.0,E,,752123.0,E,,494048.0,E,,648549.0,E,,369698.0,E,,595942.0,E,,556058.0,E,,812355.0,E,,729090.0,E,,789086.0,E,,962506.0,E,,928082.0,E,,790071.0,E,,895846.0,E,,1109867.91,E,,861375.7,E,,793083.2,E,,789720.82,E,,770374.95,E,,679142.68,E,,757297.94,E,,809438.33,E,,832217.03,E,,797955.07,E,,786797.02,E,,883455.22,E,,972005.45,E,,853199.77,E,,730469.39,E,,758410.21,E,,774048.04,E,,968494.72,E,,986413.2,E,,962769.11,E,,843843.43,E,,945179.32,E,,852358.39,E,,814665.35,E,,769108.28,E,
52040,'013.03,Central America (excluding intra-trade),656,'01610,"Coffee, green",5922,Export value,1000 USD,,,,,,,,,,,,,,,,,,,,,,,,,,,,,,,,,,,,,,,,,,,,,,,,,,,,,,,,,,,,,,,,,,,,,,,,,,,,2295847.0,E,,1461827.0,E,,1469587.0,E,,1486840.0,E,,681744.0,E,,1043319.0,E,,733111.0,E,,1061266.0,E,,1491583.0,E,,2582695.0,E,,2211436.0,E,,2858126.0,E,,2493651.0,E,,1864647.0,E,,2386153.0,E,,1166774.0,E,,984097.0,E,,1052826.0,E,,1231815.0,E,,1566168.0,E,,1806264.0,E,,2065313.0,E,,2440614.0,E,,2158222.0,E,,2600901.0,E,,4321941.0,E,,4251159.0,E,,2854234.0,E,,2615752.0,E,,2790473.0,E,,2598004.0,E,,3380727.0,E,,2993610.0,E,,2716821.0,E,,2716701.0,E,,3496674.0,E,,4447907.0,E,,3888567.0,E,,3592383.0,E,
5206,'029,Caribbean,656,'01610,"Coffee, green",5610,Import quantity,t,120.0,A,,144.0,A,,139.0,A,,136.0,A,,161.0,A,,175.0,A,,329.0,A,,198.0,A,,13303.0,A,,22008.0,A,,12332.0,A,,15454.0,A,,19651.0,A,,14418.0,A,,30941.0,A,,23480.0,A,,8882.0,A,,14102.0,A,,7347.0,A,,6724.0,A,,11423.0,A,,4586.0,A,,47.0,A,,406.0,A,,650.0,A,,912.0,A,,707.0,A,,1528.0,A,,1742.0,A,,1263.0,A,,660.0,A,,1633.0,A,,189.0,A,,195.0,A,,209.0,A,,308.0,A,,2502.0,A,,5270.0,E,,5060.0,E,,3001.76,E,,1764.0,E,,1548.25,E,,2210.87,E,,2316.51,A,,18832.14,E,,9699.0,A,,17998.88,A,,33504.92,A,,17635.01,A,,19428.67,A,,11535.98,A,,9480.05,A,,14688.06,A,,19830.81,E,,24429.82,E,,23812.23,E,,18959.97,E,,23101.14,E,,24226.8,A,,21860.19,A,,21093.56,A,,15311.13,E,,21045.06,A,,12631.72,A,
5206,'029,Caribbean,656,'01610,"Coffee, green",5622,Import value,1000 USD,64.0,A,,79.0,A,,92.0,A,,113.0,A,,140.0,A,,180.0,A,,312.0,A,,175.0,A,,7854.0,A,,12243.0,A,,7035.0,A,,7513.0,A,,11910.0,A,,10906.0,A,,33969.0,A,,35704.0,A,,29614.0,A,,41882.0,A,,22489.0,A,,24265.0,A,,24407.0,A,,9579.0,A,,159.0,A,,2443.0,A,,4452.0,A,,6853.0,A,,5668.0,A,,9147.0,A,,8952.0,A,,4709.0,A,,2247.0,A,,5209.0,A,,662.0,A,,714.0,A,,899.0,A,,980.0,A,,4383.0,A,,10606.0,E,,9572.0,E,,7273.0,A,,3778.0,A,,3038.0,A,,3569.0,A,,4240.0,A,,34804.0,A,,18183.0,A,,38168.0,A,,50964.0,A,,37340.0,A,,43456.0,A,,38683.0,A,,32853.0,A,,47002.0,A,,64979.0,E,,89307.0,A,,74614.0,A,,65295.0,A,,72783.0,A,,57279.0,A,,49403.0,A,,52754.0,A,,68601.0,E,,74401.0,A,,43183.0,A,
5206,'029,Caribbean,656,'01610,"Coffee, green",5910,Export quantity,t,43827.0,A,,73168.0,A,,59053.0,A,,61650.0,A,,51394.0,A,,52742.0,A,,46755.0,A,,59375.0,A,,54399.0,A,,50854.0,A,,57202.0,A,,54782.0,A,,64135.0,A,,58148.0,A,,57100.0,A,,69414.0,A,,67218.0,A,,53075.0,A,,63134.0,A,,55783.0,A,,55241.0,A,,64685.0,A,,71949.0,A,,64476.0,A,,63398.0,A,,58847.0,A,,56208.0,A,,54447.0,A,,59593.0,A,,54019.0,A,,52231.0,A,,40784.0,A,,39888.0,E,,35473.0,E,,45584.0,E,,44741.0,E,,31524.0,E,,39000.0,E,,18246.0,E,,21880.16,A,,15109.0,A,,11103.0,E,,11723.0,E,,8051.0,A,,6800.0,E,,6904.0,E,,6161.0,E,,4749.0,A,,4860.0,A,,3761.0,A,,4766.0,E,,4102.0,E,,3769.0,E,,2554.91,E,,2026.58,E,,2160.35,A,,1938.91,E,,2478.86,A,,2033.98,A,,3659.31,A,,2715.24,A,,1777.5,A,,2278.69,E,,2246.59,E,
5206,'029,Caribbean,656,'01610,"Coffee, green",5922,Export value,1000 USD,30505.0,A,,48619.0,A,,38179.0,A,,51724.0,A,,42881.0,A,,43869.0,A,,36475.0,A,,44906.0,A,,40961.0,A,,49429.0,A,,50310.0,A,,50676.0,A,,73814.0,A,,77456.0,A,,75402.0,A,,149234.0,A,,284603.0,A,,186529.0,A,,222595.0,A,,182860.0,A,,138174.0,A,,181502.0,A,,194344.0,A,,168987.0,A,,187536.0,A,,224856.0,A,,143773.0,A,,148434.0,A,,149683.0,A,,100876.0,A,,104287.0,A,,68884.0,A,,71313.0,E,,103112.0,E,,155923.0,E,,134871.0,E,,141074.0,E,,133155.0,E,,67054.0,E,,75039.0,E,,51039.0,A,,44469.0,E,,47238.0,E,,50778.0,A,,30181.0,A,,42399.0,E,,40603.0,A,,39670.0,A,,46212.0,A,,31402.0,A,,39663.0,E,,33709.0,A,,30652.0,A,,23990.0,A,,34248.0,A,,36914.0,A,,28701.0,A,,25266.0,A,,21007.0,A,,31273.0,A,,29904.0,A,,27320.0,A,,34093.0,A,,31547.0,E,
52060,'029.03,Caribbean (excluding intra-trade),656,'01610,"Coffee, green",5610,Import quantity,t,,,,,,,,,,,,,,,,,,,,,,,,,,,,,,,,,,,,,,,,,,,,,,,,,,,,,,,,,,,,,,,,,,,,,,,,,,,,1066.0,E,,883.0,E,,1002.0,E,,1597.0,E,,6150.0,E,,1672.0,E,,3167.0,E,,1785.0,E,,5965.0,E,,7270.0,E,,1851.0,E,,4386.0,E,,1583.0,E,,4100.0,E,,3001.64,E,,1761.69,E,,1448.53,E,,2151.06,E,,2306.82,E,,18816.53,E,,9692.13,E,,17977.84,E,,33498.69,E,,17628.09,E,,19402.51,E,,11495.85,E,,9417.08,E,,14605.38,E,,19789.09,E,,24418.86,E,,23801.55,E,,18937.79,E,,23029.76,E,,24202.34,E,,21828.4,E,,20994.93,E,,15260.15,E,,20975.2,E,,12575.71,E,
52060,'029.03,Caribbean (excluding intra-trade),656,'01610,"Coffee, green",5622,Import value,1000 USD,,,,,,,,,,,,,,,,,,,,,,,,,,,,,,,,,,,,,,,,,,,,,,,,,,,,,,,,,,,,,,,,,,,,,,,,,,,,3663.0,E,,2576.0,E,,2650.0,E,,3413.0,E,,8450.0,E,,2903.0,E,,4328.0,E,,2534.0,E,,14594.0,E,,25079.0,E,,4729.0,E,,14738.0,E,,4886.0,E,,17714.0,E,,7271.0,E,,3741.0,E,,2783.0,E,,3417.0,E,,4156.0,E,,34696.0,E,,18096.0,E,,38097.0,E,,50903.0,E,,37282.0,E,,43378.0,E,,38390.0,E,,32366.0,E,,46416.0,E,,64677.0,E,,89160.0,E,,74466.0,E,,65144.0,E,,71650.0,E,,56894.0,E,,49131.0,E,,52071.0,E,,68162.0,E,,73526.0,E,,42891.0,E,
52060,'029.03,Caribbean (excluding intra-trade),656,'01610,"Coffee, green",5910,Export quantity,t,,,,,,,,,,,,,,,,,,,,,,,,,,,,,,,,,,,,,,,,,,,,,,,,,,,,,,,,,,,,,,,,,,,,,,,,,,,,52996.0,E,,46970.0,E,,55301.0,E,,59216.0,E,,56072.0,E,,45948.0,E,,42617.0,E,,41448.0,E,,34824.0,E,,40474.0,E,,43906.0,E,,29030.0,E,,37355.0,E,,19733.0,E,,21880.04,E,,15107.08,E,,10737.58,E,,11681.91,E,,8042.69,E,,6796.08,E,,6899.88,E,,6143.88,E,,4745.44,E,,4856.36,E,,3757.9,E,,4745.19,E,,3984.59,E,,3688.25,E,,2514.38,E,,2022.47,E,,2150.1,E,,1929.58,E,,2423.92,E,,1992.29,E,,3632.41,E,,2669.41,E,,1718.99,E,,2183.63,E,,2191.36,E,
52060,'029.03,Caribbean (excluding intra-trade),656,'01610,"Coffee, green",5922,Export value,1000 USD,,,,,,,,,,,,,,,,,,,,,,,,,,,,,,,,,,,,,,,,,,,,,,,,,,,,,,,,,,,,,,,,,,,,,,,,,,,,217561.0,E,,126888.0,E,,165418.0,E,,163804.0,E,,114543.0,E,,100939.0,E,,85148.0,E,,89823.0,E,,113521.0,E,,159415.0,E,,146283.0,E,,132817.0,E,,142371.0,E,,72173.0,E,,75037.0,E,,51006.0,E,,44028.0,E,,47139.0,E,,50752.0,E,,30158.0,E,,42377.0,E,,40564.0,E,,39636.0,E,,46182.0,E,,31369.0,E,,39537.0,E,,33130.0,E,,30198.0,E,,23751.0,E,,34144.0,E,,36861.0,E,,28537.0,E,,24388.0,E,,20283.0,E,,30984.0,E,,29319.0,E,,26588.0,E,,33104.0,E,,31286.0,E,
5207,'005,South America,656,'01610,"Coffee, green",5610,Import quantity,t,44672.0,A,,40448.0,A,,41940.0,A,,40949.0,A,,39747.0,A,,49653.0,A,,42271.0,A,,41599.0,A,,55620.0,A,,43194.0,A,,47032.0,A,,50361.0,A,,51056.0,A,,60405.0,A,,47780.0,A,,40499.0,A,,27462.0,A,,29039.0,A,,79548.0,A,,37011.0,A,,40092.0,A,,47783.0,A,,44071.0,A,,49852.0,A,,37598.0,A,,37516.0,A,,40467.0,A,,44460.0,A,,38662.0,A,,38358.0,A,,43675.0,A,,54843.0,A,,54438.0,A,,47876.0,A,,50764.0,A,,58602.0,A,,57398.0,A,,49183.0,A,,48441.84,A,,49210.97,A,,42987.0,A,,39609.0,A,,46780.0,A,,53458.0,A,,79581.0,A,,68846.0,A,,54290.0,A,,52893.0,A,,94278.0,A,,107424.0,A,,121713.0,A,,158587.0,A,,100752.0,A,,71423.71,A,,87577.56,A,,60113.69,A,,69729.72,A,,108521.73,A,,91019.08,A,,109146.46,A,,147241.46,A,,195484.67,A,,149501.28,A,,85800.93,A,
5207,'005,South America,656,'01610,"Coffee, green",5622,Import value,1000 USD,25941.0,A,,22355.0,A,,25185.0,A,,34742.0,A,,34410.0,A,,40148.0,A,,32075.0,A,,28473.0,A,,40519.0,A,,45004.0,A,,43386.0,A,,48407.0,A,,66579.0,A,,84704.0,A,,73256.0,A,,102073.0,A,,138639.0,A,,95840.0,A,,345290.0,A,,127865.0,A,,93339.0,A,,92692.0,A,,70574.0,A,,70826.0,A,,76091.0,A,,160574.0,A,,86230.0,A,,81049.0,A,,61836.0,A,,47457.0,A,,51271.0,A,,56159.0,A,,61267.0,A,,115842.0,A,,153571.0,A,,137459.0,A,,140365.0,A,,117470.0,A,,80245.0,A,,74310.0,A,,45842.0,A,,29496.0,A,,42557.0,A,,57445.0,A,,102504.0,A,,106061.0,A,,114209.0,A,,129485.0,A,,191099.0,A,,280901.0,A,,441826.0,A,,591306.0,A,,281365.0,A,,191828.0,A,,292597.0,A,,145456.0,A,,162982.0,A,,208576.0,A,,160127.0,A,,182505.0,A,,308447.0,A,,688541.0,A,,446453.0,A,,322640.0,A,
5207,'005,South America,656,'01610,"Coffee, green",5910,Export quantity,t,1441743.0,A,,1472925.0,A,,1639601.0,A,,1375875.0,A,,1253940.0,A,,1449828.0,A,,1494240.0,A,,1620311.0,A,,1614095.0,A,,1473382.0,A,,1540681.0,A,,1582184.0,A,,1634320.0,A,,1207408.0,A,,1399779.0,A,,1336824.0,A,,933741.0,A,,1327088.0,A,,1385731.0,A,,1550927.0,A,,1468940.0,A,,1540081.0,A,,1617739.0,A,,1766118.0,A,,1765710.0,A,,1346542.0,A,,1838021.0,A,,1612255.0,A,,1806516.0,A,,1870677.0,A,,1993275.0,A,,2122204.0,A,,1903319.0,A,,1747751.0,E,,1473234.0,A,,1572216.0,A,,1635620.0,A,,1805369.0,A,,2055012.18,A,,1646385.74,A,,1998813.0,E,,2324534.0,A,,2126799.0,A,,2201356.0,A,,2134350.0,A,,2337353.0,A,,2315282.0,A,,2408981.0,A,,2325191.0,A,,2456862.0,A,,2559095.0,A,,2197484.0,A,,2495859.0,A,,2800088.81,A,,2901190.34,A,,2804414.09,A,,2612653.88,A,,2806781.15,A,,3219156.6,E,,3284033.48,E,,3170163.71,A,,3007791.41,E,,2907197.8,E,,3669955.0,E,
5207,'005,South America,656,'01610,"Coffee, green",5922,Export value,1000 USD,1083352.0,A,,1042711.0,A,,1122881.0,A,,1232744.0,A,,1135384.0,A,,1174194.0,A,,1116794.0,A,,1208188.0,A,,1231342.0,A,,1518374.0,A,,1260241.0,A,,1536586.0,A,,1991915.0,A,,1615746.0,A,,1676494.0,A,,3487962.0,A,,4216562.0,A,,4419481.0,A,,4473419.0,A,,5152114.0,A,,3168345.0,A,,3692515.0,A,,3881616.0,A,,4659693.0,A,,4474337.0,A,,5635988.0,A,,3981358.0,A,,3961840.0,A,,3516731.0,A,,2784106.0,A,,2938112.0,A,,2369634.0,A,,2383456.0,A,,4817785.0,E,,4298876.0,E,,3700386.0,E,,5536844.0,E,,4619650.0,A,,3936415.0,A,,2888868.0,A,,2177569.0,A,,2191945.0,A,,2325106.0,A,,3031118.0,A,,4344250.0,A,,4965296.0,A,,5570747.0,A,,6718204.0,A,,5959126.0,A,,8030272.0,A,,12350374.0,A,,8749443.0,A,,7207976.0,A,,9292090.0,A,,8697780.0,A,,8048426.0,A,,7857615.0,A,,7337770.0,A,,7508739.0,A,,8085403.0,A,,9700822.0,A,,13744809.0,A,,10994899.0,A,,15916206.0,A,
52070,'005.03,South America (excluding intra-trade),656,'01610,"Coffee, green",5610,Import quantity,t,,,,,,,,,,,,,,,,,,,,,,,,,,,,,,,,,,,,,,,,,,,,,,,,,,,,,,,,,,,,,,,,,,,,,,,,,,,,2061.0,E,,1441.0,E,,464.0,E,,45.0,E,,208.0,E,,48.0,E,,1046.0,E,,7973.0,E,,2083.0,E,,541.0,E,,3377.0,E,,285.0,E,,115.0,E,,184.0,E,,1848.74,E,,2354.88,E,,5230.65,E,,0.0,E,,4366.52,E,,16952.48,E,,11500.46,E,,5212.99,E,,1875.35,E,,14282.56,E,,26583.95,E,,16332.43,E,,43220.99,E,,10013.7,E,,16153.19,E,,21885.59,E,,5602.71,E,,11373.45,E,,30645.4,E,,7474.52,E,,8820.17,E,,14417.3,E,,27966.44,E,,19449.58,E,,5167.38,E,
52070,'005.03,South America (excluding intra-trade),656,'01610,"Coffee, green",5622,Import value,1000 USD,,,,,,,,,,,,,,,,,,,,,,,,,,,,,,,,,,,,,,,,,,,,,,,,,,,,,,,,,,,,,,,,,,,,,,,,,,,,10522.0,E,,4322.0,E,,1262.0,E,,150.0,E,,378.0,E,,117.0,E,,884.0,E,,4791.0,E,,5120.0,E,,1891.0,E,,8607.0,E,,741.0,E,,350.0,E,,409.0,E,,1678.0,E,,0.0,E,,0.0,E,,0.0,E,,3996.0,E,,16114.0,E,,14048.0,E,,9391.0,E,,5165.0,E,,29269.0,E,,90902.0,E,,75892.0,E,,195692.0,E,,0.0,E,,66945.0,E,,88797.0,E,,12712.0,E,,24816.0,E,,58282.0,E,,13826.0,E,,17157.0,E,,30199.0,E,,80404.0,E,,45761.0,E,,19502.0,E,
52070,'005.03,South America (excluding intra-trade),656,'01610,"Coffee, green",5910,Export quantity,t,,,,,,,,,,,,,,,,,,,,,,,,,,,,,,,,,,,,,,,,,,,,,,,,,,,,,,,,,,,,,,,,,,,,,,,,,,,,987320.0,E,,1371964.0,E,,1275088.0,E,,829452.0,E,,1390733.0,E,,1931163.0,E,,2053199.0,E,,1771561.0,E,,1686131.0,E,,1349714.0,E,,1511728.0,E,,1561448.0,E,,1752357.0,E,,2003883.0,E,,1599155.05,E,,1953837.72,E,,2285017.01,E,,2077552.0,E,,2156232.63,E,,2074432.5,E,,2287000.75,E,,2267463.97,E,,2359540.27,E,,2226468.75,E,,2360478.59,E,,2448719.0,E,,2079811.69,E,,2426400.16,E,,2747919.15,E,,2834749.09,E,,2749200.73,E,,2555769.82,E,,2719948.25,E,,3138991.6,E,,3173099.9,E,,3027844.12,E,,2842326.96,E,,2776351.3,E,,3576129.56,E,
52070,'005.03,South America (excluding intra-trade),656,'01610,"Coffee, green",5922,Export value,1000 USD,,,,,,,,,,,,,,,,,,,,,,,,,,,,,,,,,,,,,,,,,,,,,,,,,,,,,,,,,,,,,,,,,,,,,,,,,,,,4011004.0,E,,2934007.0,E,,3083939.0,E,,1828613.0,E,,2018828.0,E,,2858999.0,E,,2305305.0,E,,2237433.0,E,,4665102.0,E,,3959643.0,E,,3574615.0,E,,5345562.0,E,,4502499.0,E,,3856571.0,E,,2822064.0,E,,2135374.0,E,,2165329.0,E,,2283360.0,E,,2983460.0,E,,4263479.0,E,,4884969.0,E,,5472459.0,E,,6602489.0,E,,5757400.0,E,,7788602.0,E,,11988713.0,E,,8407880.0,E,,7049902.0,E,,9178151.0,E,,8531055.0,E,,7932031.0,E,,7730344.0,E,,7177835.0,E,,7376047.0,E,,7914290.0,E,,9414617.0,E,,13177161.0,E,,10615263.0,E,,15585433.0,E,
5300,'142,Asia,656,'01610,"Coffee, green",5610,Import quantity,t,123953.0,A,,119034.0,A,,126363.0,A,,85472.0,A,,78768.0,A,,149509.0,A,,111724.0,A,,126959.0,A,,163501.0,A,,169843.0,A,,148340.0,A,,172174.0,A,,226145.0,A,,165949.0,A,,182503.0,A,,248558.0,A,,220323.0,A,,168134.0,A,,247812.0,A,,238847.0,A,,272530.0,A,,322558.0,A,,381085.0,A,,401292.0,A,,403965.0,A,,405672.0,A,,419087.0,A,,436609.0,A,,418575.0,A,,473749.0,A,,510112.0,A,,549111.0,A,,549130.0,A,,596742.0,A,,535778.0,A,,539306.0,A,,559299.3,A,,572693.54,E,,599293.32,E,,647588.09,A,,659751.6,A,,713663.2,A,,638471.85,A,,713074.45,A,,774015.39,A,,768571.89,A,,840277.9,A,,794076.52,A,,851661.79,A,,912550.12,A,,967618.13,A,,1004726.0,A,,1080767.0,A,,1091905.81,A,,1125900.51,A,,1193135.92,A,,1202300.37,A,,1331122.66,A,,1324700.85,A,,1310675.9,A,,1364093.47,A,,1419292.56,A,,1424698.59,A,,1523006.61,A,
5300,'142,Asia,656,'01610,"Coffee, green",5622,Import value,1000 USD,50221.0,A,,46414.0,A,,52838.0,A,,55601.0,A,,50895.0,A,,87194.0,A,,69898.0,A,,75612.0,A,,86656.0,A,,105940.0,A,,96151.0,A,,113514.0,A,,202282.0,A,,228740.0,A,,237479.0,A,,513907.0,A,,975608.0,A,,579642.0,A,,831459.0,A,,902672.0,A,,709858.0,A,,813819.0,A,,884170.0,A,,1033297.0,A,,1038980.0,A,,1555163.0,A,,1073253.0,A,,1115347.0,A,,1018761.0,A,,777347.0,A,,863022.0,A,,760799.0,A,,795552.0,A,,1496131.0,A,,1811571.0,A,,1388525.0,A,,1621790.0,A,,1569033.0,A,,1255366.0,E,,1170348.0,A,,846362.0,A,,790838.0,A,,803132.0,A,,978125.0,A,,1437293.0,A,,1555059.0,A,,1884162.0,A,,2207682.0,A,,2017921.0,A,,2471652.0,A,,3713150.0,A,,3464961.0,A,,3099814.0,A,,3163203.0,A,,3362045.0,A,,3147251.0,A,,3549733.0,A,,3448283.0,A,,3235587.0,A,,3236883.0,A,,3849016.0,A,,5612202.0,A,,5497821.0,A,,6755250.0,A,
5300,'142,Asia,656,'01610,"Coffee, green",5910,Export quantity,t,175600.0,A,,154349.0,A,,190840.0,A,,135919.0,A,,177785.0,A,,193402.0,A,,273540.0,A,,200609.0,A,,268312.0,A,,226805.0,A,,179914.0,A,,217119.0,A,,219544.0,A,,213079.0,A,,231524.0,A,,282679.0,A,,281401.0,A,,353705.0,A,,349110.0,A,,381606.0,A,,385807.0,A,,425989.0,A,,430701.0,A,,508583.0,A,,538284.0,A,,579901.0,A,,520932.0,A,,578137.0,A,,676946.0,A,,751691.0,A,,692808.0,A,,654759.0,A,,743102.0,A,,833481.0,E,,810360.0,A,,928240.0,A,,1001187.17,E,,1037774.6,A,,1096746.71,E,,1343313.66,A,,1456472.6,A,,1271253.73,A,,1300852.67,A,,1433025.99,A,,1559994.35,A,,1658966.51,A,,1770341.54,A,,1753949.36,A,,1878845.85,A,,1899808.0,A,,1928289.03,A,,2470339.0,A,,2145420.0,A,,2332737.14,A,,2085935.86,A,,2487880.71,A,,2281980.13,A,,2265160.56,E,,2087077.25,A,,1928167.94,E,,1927243.9,E,,2209723.25,E,,2081451.34,E,,1759908.4,E,
5300,'142,Asia,656,'01610,"Coffee, green",5922,Export value,1000 USD,64831.0,A,,61951.0,A,,81199.0,A,,84217.0,A,,83620.0,A,,96422.0,A,,125853.0,A,,113298.0,A,,139789.0,A,,152806.0,A,,128634.0,A,,153605.0,A,,191079.0,A,,216658.0,A,,220669.0,A,,529425.0,A,,1053131.0,A,,852968.0,A,,964671.0,A,,1074080.0,A,,696323.0,A,,740829.0,A,,822148.0,A,,1059100.0,A,,1095039.0,A,,1637356.0,A,,1017116.0,A,,1109470.0,A,,993734.0,A,,749532.0,A,,696806.0,A,,572730.0,A,,736999.0,A,,1784275.0,A,,2057597.0,A,,1542079.0,A,,1560687.0,E,,1707897.0,A,,1440447.0,E,,1098068.0,A,,818097.0,A,,747094.0,A,,983857.0,A,,1167301.0,A,,1589675.0,A,,2238127.0,A,,3012258.0,A,,3635213.0,A,,2961942.0,A,,3250062.0,A,,4831981.0,A,,5741094.0,A,,4612802.0,E,,5198847.0,A,,4426650.0,A,,4895734.0,A,,5220969.0,A,,4573823.0,A,,3832364.0,A,,3508017.0,A,,3895424.0,A,,5317675.0,A,,5170362.0,A,,6824869.0,E,
53000,'142.03,Asia (excluding intra-trade),656,'01610,"Coffee, green",5610,Import quantity,t,,,,,,,,,,,,,,,,,,,,,,,,,,,,,,,,,,,,,,,,,,,,,,,,,,,,,,,,,,,,,,,,,,,,,,,,,,,,266548.0,E,,275889.0,E,,284698.0,E,,269887.0,E,,282077.0,E,,309061.0,E,,344312.0,E,,336649.0,E,,344620.0,E,,315748.0,E,,334346.0,E,,314178.0,E,,358228.0,E,,390279.0,E,,415582.45,E,,410742.47,E,,451750.09,E,,392739.36,E,,449257.05,E,,464670.98,E,,472800.75,E,,479133.06,E,,449615.59,E,,489307.66,E,,508604.21,E,,513792.78,E,,459784.57,E,,575024.46,E,,575568.19,E,,636259.05,E,,639632.02,E,,655790.23,E,,668866.2,E,,789839.61,E,,753240.85,E,,801676.58,E,,784207.72,E,,850467.69,E,,1000039.43,E,
53000,'142.03,Asia (excluding intra-trade),656,'01610,"Coffee, green",5622,Import value,1000 USD,,,,,,,,,,,,,,,,,,,,,,,,,,,,,,,,,,,,,,,,,,,,,,,,,,,,,,,,,,,,,,,,,,,,,,,,,,,,1133554.0,E,,765158.0,E,,810716.0,E,,743305.0,E,,544298.0,E,,608008.0,E,,567306.0,E,,550429.0,E,,940682.0,E,,1167053.0,E,,960578.0,E,,1130242.0,E,,1166396.0,E,,938639.0,E,,914823.0,E,,650118.0,E,,599551.0,E,,584414.0,E,,748011.0,E,,1076565.0,E,,1130474.0,E,,1230011.0,E,,1411603.0,E,,1366645.0,E,,1745711.0,E,,2544825.0,E,,2149351.0,E,,1968084.0,E,,2022656.0,E,,2268234.0,E,,2064302.0,E,,2273173.0,E,,2078110.0,E,,2199741.0,E,,2189629.0,E,,2683547.0,E,,3973659.0,E,,3845411.0,E,,4590381.0,E,
53000,'142.03,Asia (excluding intra-trade),656,'01610,"Coffee, green",5910,Export quantity,t,,,,,,,,,,,,,,,,,,,,,,,,,,,,,,,,,,,,,,,,,,,,,,,,,,,,,,,,,,,,,,,,,,,,,,,,,,,,380728.0,E,,314211.0,E,,309414.0,E,,384501.0,E,,393281.0,E,,462243.0,E,,444351.0,E,,538422.0,E,,595682.0,E,,585695.0,E,,659516.0,E,,740084.0,E,,814742.0,E,,791069.0,E,,1104324.55,E,,1204630.0,E,,999254.58,E,,1054392.55,E,,1187922.24,E,,1256328.03,E,,1344908.22,E,,1399079.26,E,,1404501.52,E,,1500484.8,E,,1488692.33,E,,1468569.26,E,,1895999.21,E,,1625011.99,E,,1809403.18,E,,1596614.46,E,,1928990.4,E,,1792968.3,E,,1655927.99,E,,1585909.63,E,,1410441.46,E,,1393855.32,E,,1630328.7,E,,1459299.36,E,,1223234.43,E,
53000,'142.03,Asia (excluding intra-trade),656,'01610,"Coffee, green",5922,Export value,1000 USD,,,,,,,,,,,,,,,,,,,,,,,,,,,,,,,,,,,,,,,,,,,,,,,,,,,,,,,,,,,,,,,,,,,,,,,,,,,,1086197.0,E,,625770.0,E,,627817.0,E,,585424.0,E,,405914.0,E,,464036.0,E,,385859.0,E,,539011.0,E,,1266674.0,E,,1574654.0,E,,1167560.0,E,,1231847.0,E,,1389546.0,E,,1124062.0,E,,867161.0,E,,638474.0,E,,568094.0,E,,788557.0,E,,960748.0,E,,1263989.0,E,,1823053.0,E,,2394646.0,E,,2899943.0,E,,2346740.0,E,,2560887.0,E,,3726499.0,E,,4409348.0,E,,3509071.0,E,,4068267.0,E,,3402307.0,E,,3805328.0,E,,4071902.0,E,,3327043.0,E,,2887452.0,E,,2571077.0,E,,2811455.0,E,,3881090.0,E,,3564232.0,E,,4766509.0,E,
5301,'143,Central Asia,656,'01610,"Coffee, green",5610,Import quantity,t,,,,,,,,,,,,,,,,,,,,,,,,,,,,,,,,,,,,,,,,,,,,,,,,,,,,,,,,,,,,,,,,,,,,,,,,,,,,,,,,,,,,,,,,,,,,,,,,,,,,,,,403.0,E,,201.0,E,,220.0,E,,213.0,E,,103.0,E,,110.5,E,,60.0,E,,72.0,E,,1.0,E,,5.0,A,,6.0,E,,18.0,E,,19.0,A,,11.0,E,,11.0,A,,12.0,A,,18.0,A,,88.0,A,,77.0,A,,111.77,A,,106.54,A,,138.66,E,,243.39,E,,286.42,A,,455.7,A,,591.98,A,,772.15,A,,1475.58,A,,1800.46,A,,2534.58,A,
5301,'143,Central Asia,656,'01610,"Coffee, green",5622,Import value,1000 USD,,,,,,,,,,,,,,,,,,,,,,,,,,,,,,,,,,,,,,,,,,,,,,,,,,,,,,,,,,,,,,,,,,,,,,,,,,,,,,,,,,,,,,,,,,,,,,,,,,,,,,,2420.0,A,,748.0,E,,493.0,E,,499.0,E,,230.0,E,,151.0,E,,66.0,E,,161.0,E,,11.0,A,,23.0,A,,17.0,A,,135.0,E,,82.0,A,,64.0,A,,71.0,A,,75.0,A,,153.0,A,,1014.0,A,,827.0,A,,1250.0,A,,528.0,A,,838.0,A,,1015.0,A,,1224.0,A,,1844.0,A,,2097.0,A,,3203.0,A,,8815.0,A,,10009.0,A,,15274.0,A,
5301,'143,Central Asia,656,'01610,"Coffee, green",5910,Export quantity,t,,,,,,,,,,,,,,,,,,,,,,,,,,,,,,,,,,,,,,,,,,,,,,,,,,,,,,,,,,,,,,,,,,,,,,,,,,,,,,,,,,,,,,,,,,,,,,,,,,,,,,,3.0,A,,25.0,A,,5.0,A,,,,,,,,55.0,E,,68.6,E,,31.23,E,,1.77,E,,25.99,E,,2.35,E,,1.91,E,,1.25,E,,0.0,E,,0.0,E,,0.0,E,,0.0,E,,6.0,A,,1.0,E,,1.39,A,,0.74,A,,5.03,A,,7.16,E,,1.88,A,,7.02,E,,15.49,A,,3.02,A,,2.89,A,,2.45,A,,32.85,A,
5301,'143,Central Asia,656,'01610,"Coffee, green",5922,Export value,1000 USD,,,,,,,,,,,,,,,,,,,,,,,,,,,,,,,,,,,,,,,,,,,,,,,,,,,,,,,,,,,,,,,,,,,,,,,,,,,,,,,,,,,,,,,,,,,,,,,,,,,,,,,12.0,A,,164.0,A,,1.0,A,,,,,,,,60.0,E,,60.0,E,,46.0,E,,4.0,E,,26.0,E,,5.0,E,,10.0,E,,8.0,E,,2.0,A,,2.0,E,,2.0,A,,3.0,A,,30.0,A,,5.0,A,,10.0,A,,3.0,A,,4.0,A,,22.0,E,,10.0,A,,20.0,E,,46.0,A,,21.0,A,,43.0,A,,45.0,A,,248.0,A,
53010,'143.03,Central Asia (excluding intra-trade),656,'01610,"Coffee, green",5610,Import quantity,t,,,,,,,,,,,,,,,,,,,,,,,,,,,,,,,,,,,,,,,,,,,,,,,,,,,,,,,,,,,,,,,,,,,,,,,,,,,,,,,,,,,,,,,,,,,,,,,,,282.0,E,,16.0,E,,27.0,E,,3.0,E,,1.0,E,,15.0,E,,23.0,E,,110.5,E,,60.0,E,,72.0,E,,1.0,E,,5.0,E,,6.0,E,,17.98,E,,18.99,E,,10.99,E,,10.97,E,,12.0,E,,17.98,E,,88.0,E,,77.0,E,,111.7,E,,106.54,E,,138.66,E,,222.72,E,,285.8,E,,455.5,E,,590.82,E,,767.92,E,,1473.3,E,,1795.54,E,,2524.33,E,
53010,'143.03,Central Asia (excluding intra-trade),656,'01610,"Coffee, green",5622,Import value,1000 USD,,,,,,,,,,,,,,,,,,,,,,,,,,,,,,,,,,,,,,,,,,,,,,,,,,,,,,,,,,,,,,,,,,,,,,,,,,,,,,,,,,,,,,,,,,,,,,,,,357.0,E,,73.0,E,,105.0,E,,27.0,E,,5.0,E,,26.0,E,,29.0,E,,151.0,E,,66.0,E,,161.0,E,,11.0,E,,23.0,E,,17.0,E,,135.0,E,,82.0,E,,64.0,E,,71.0,E,,75.0,E,,153.0,E,,1014.0,E,,827.0,E,,1249.0,E,,528.0,E,,838.0,E,,962.0,E,,1221.0,E,,1843.0,E,,2084.0,E,,3148.0,E,,8780.0,E,,9931.0,E,,15168.0,E,
53010,'143.03,Central Asia (excluding intra-trade),656,'01610,"Coffee, green",5910,Export quantity,t,,,,,,,,,,,,,,,,,,,,,,,,,,,,,,,,,,,,,,,,,,,,,,,,,,,,,,,,,,,,,,,,,,,,,,,,,,,,,,,,,,,,,,,,,,,,,,35.0,E,,,,,,,,,,,172.0,E,,0.0,E,,,,,212.0,E,,55.0,E,,68.6,E,,31.23,E,,1.77,E,,25.99,E,,2.35,E,,1.89,E,,1.21,E,,0.0,E,,0.0,E,,0.0,E,,0.0,E,,0.29,E,,1.0,E,,1.32,E,,0.74,E,,5.03,E,,7.16,E,,0.05,E,,7.02,E,,0.46,E,,1.27,E,,1.74,E,,0.15,E,,0.1,E,
53010,'143.03,Central Asia (excluding intra-trade),656,'01610,"Coffee, green",5922,Export value,1000 USD,,,,,,,,,,,,,,,,,,,,,,,,,,,,,,,,,,,,,,,,,,,,,,,,,,,,,,,,,,,,,,,,,,,,,,,,,,,,,,,,,,,,,,,,,,,,,,64.0,E,,,,,,,,,,,507.0,E,,0.0,E,,,,,318.0,E,,60.0,E,,60.0,E,,46.0,E,,4.0,E,,26.0,E,,5.0,E,,10.0,E,,8.0,E,,2.0,E,,2.0,E,,2.0,E,,2.0,E,,0.0,E,,5.0,E,,10.0,E,,3.0,E,,4.0,E,,22.0,E,,0.0,E,,20.0,E,,7.0,E,,9.0,E,,20.0,E,,9.0,E,,1.0,E,
5302,'030,Eastern Asia,656,'01610,"Coffee, green",5610,Import quantity,t,21222.0,A,,20615.0,A,,25006.0,A,,39605.0,A,,33718.0,A,,76852.0,A,,51128.0,A,,56997.0,A,,105419.0,A,,116007.0,A,,86028.0,A,,111126.0,A,,158678.0,A,,101555.0,A,,129224.0,A,,173252.0,A,,152771.0,A,,112350.0,A,,188136.0,A,,190055.0,A,,192998.0,A,,215084.0,A,,257229.0,A,,269943.0,A,,289711.0,A,,279049.0,A,,307328.0,A,,331208.0,A,,338633.0,A,,347774.0,A,,358045.0,A,,360088.0,A,,379628.0,A,,420545.0,A,,371121.0,A,,404448.0,A,,405756.0,A,,409383.0,A,,443002.0,A,,473186.84,A,,451142.0,A,,506412.0,A,,477829.0,A,,511915.0,A,,526436.0,A,,544409.0,A,,512953.0,A,,521521.0,A,,530787.0,A,,572412.0,A,,594697.0,A,,556080.0,A,,632644.0,A,,626538.67,A,,644446.21,A,,662836.45,A,,638799.18,A,,633128.27,A,,681271.49,A,,651679.94,A,,715650.24,A,,725328.5,A,,707012.75,A,,761774.62,A,
5302,'030,Eastern Asia,656,'01610,"Coffee, green",5622,Import value,1000 USD,13308.0,A,,12304.0,A,,14918.0,A,,23348.0,A,,20495.0,A,,40621.0,A,,30393.0,A,,32085.0,A,,50763.0,A,,67897.0,A,,50128.0,A,,70553.0,A,,131918.0,A,,139418.0,A,,170470.0,A,,383373.0,A,,723035.0,A,,399940.0,A,,661097.0,A,,716767.0,A,,507445.0,A,,566296.0,A,,633239.0,A,,750070.0,A,,774693.0,A,,1143727.0,A,,806884.0,A,,870348.0,A,,858001.0,A,,610981.0,A,,666998.0,A,,558342.0,A,,601933.0,A,,1120927.0,A,,1343241.0,A,,1075174.0,A,,1310394.0,A,,1216539.0,A,,983212.0,A,,919341.0,A,,632619.0,A,,616134.0,A,,637631.0,A,,756290.0,A,,1089280.0,A,,1187328.0,A,,1261411.0,A,,1533915.0,A,,1411038.0,A,,1770298.0,A,,2632964.0,A,,2199607.0,A,,1984934.0,A,,2021035.0,A,,2166972.0,A,,1982486.0,A,,2095226.0,A,,1868648.0,A,,1858854.0,A,,1843927.0,A,,2273178.0,A,,3294612.0,A,,3036305.0,A,,3545726.0,A,
5302,'030,Eastern Asia,656,'01610,"Coffee, green",5910,Export quantity,t,3673.0,A,,5975.0,A,,7527.0,A,,14707.0,A,,18119.0,A,,21833.0,A,,14285.0,A,,16394.0,A,,27195.0,A,,32300.0,A,,21631.0,A,,23240.0,A,,23824.0,A,,16533.0,A,,8805.0,A,,31429.0,A,,11993.0,A,,5203.0,A,,2791.0,A,,357.0,A,,2756.0,A,,8486.0,A,,17269.0,A,,20174.0,A,,18936.0,A,,13054.0,A,,4040.0,A,,13514.0,A,,8127.0,A,,3227.0,A,,1101.0,A,,424.0,E,,873.0,A,,1438.0,E,,778.0,E,,1140.0,E,,15756.0,A,,3478.0,A,,4613.0,A,,3523.27,A,,11798.0,A,,12743.5,A,,16245.0,A,,16195.0,A,,11938.0,A,,17106.6,A,,19073.2,A,,21735.0,A,,33623.0,A,,36677.0,A,,44875.03,A,,62049.0,A,,74218.0,A,,69262.6,A,,62884.79,A,,84031.67,A,,61542.86,A,,91097.86,A,,67875.29,A,,50564.35,A,,26517.59,A,,45023.83,A,,18913.91,A,,42804.21,A,
5302,'030,Eastern Asia,656,'01610,"Coffee, green",5922,Export value,1000 USD,1572.0,A,,2369.0,A,,3027.0,A,,7861.0,A,,9269.0,A,,11399.0,A,,6290.0,A,,6633.0,A,,11322.0,A,,14486.0,A,,11230.0,A,,12733.0,A,,18301.0,A,,18796.0,A,,9937.0,A,,67712.0,A,,47189.0,A,,15739.0,A,,8343.0,A,,1382.0,A,,4860.0,A,,18578.0,A,,30341.0,A,,34455.0,A,,33895.0,A,,31035.0,A,,7358.0,A,,20047.0,A,,10839.0,A,,3737.0,A,,1752.0,A,,597.0,E,,1054.0,A,,2801.0,A,,3064.0,E,,3149.0,E,,25082.0,A,,8479.0,A,,8647.0,A,,6154.0,A,,10953.0,A,,11648.0,A,,16817.0,A,,20997.0,A,,26564.0,A,,37878.0,A,,44941.0,A,,61269.0,A,,81596.0,A,,109749.0,A,,200569.0,A,,229491.0,A,,200029.0,A,,205090.0,A,,185488.0,A,,202259.0,A,,175097.0,A,,197069.0,A,,137712.0,A,,131402.0,A,,99195.0,A,,218361.0,A,,83758.0,A,,187584.0,A,
53020,'030.03,Eastern Asia (excluding intra-trade),656,'01610,"Coffee, green",5610,Import quantity,t,,,,,,,,,,,,,,,,,,,,,,,,,,,,,,,,,,,,,,,,,,,,,,,,,,,,,,,,,,,,,,,,,,,,,,,,,,,,278412.0,E,,304870.0,E,,321766.0,E,,334481.0,E,,345243.0,E,,356723.0,E,,360305.0,E,,378737.0,E,,418942.0,E,,369988.0,E,,403987.0,E,,385575.0,E,,407598.0,E,,441882.0,E,,472743.32,E,,450810.98,E,,504597.44,E,,474934.24,E,,507500.24,E,,520567.49,E,,539389.99,E,,504610.15,E,,514449.35,E,,522136.08,E,,570960.13,E,,592022.84,E,,553219.11,E,,630310.34,E,,625780.36,E,,641642.58,E,,660115.85,E,,637082.64,E,,630817.3,E,,678861.8,E,,647674.35,E,,714438.07,E,,722482.98,E,,705543.0,E,,760771.96,E,
53020,'030.03,Eastern Asia (excluding intra-trade),656,'01610,"Coffee, green",5622,Import value,1000 USD,,,,,,,,,,,,,,,,,,,,,,,,,,,,,,,,,,,,,,,,,,,,,,,,,,,,,,,,,,,,,,,,,,,,,,,,,,,,1144460.0,E,,800285.0,E,,849144.0,E,,846845.0,E,,603953.0,E,,664105.0,E,,557867.0,E,,599857.0,E,,1116061.0,E,,1338421.0,E,,1071840.0,E,,1232690.0,E,,1209728.0,E,,976373.0,E,,918292.0,E,,631976.0,E,,613891.0,E,,633418.0,E,,749625.0,E,,1075752.0,E,,1175429.0,E,,1240424.0,E,,1512764.0,E,,1388398.0,E,,1765236.0,E,,2617101.0,E,,2190350.0,E,,1978574.0,E,,2018524.0,E,,2157270.0,E,,1974625.0,E,,2089670.0,E,,1861942.0,E,,1852568.0,E,,1832677.0,E,,2267454.0,E,,3279653.0,E,,3028287.0,E,,3539574.0,E,
53020,'030.03,Eastern Asia (excluding intra-trade),656,'01610,"Coffee, green",5910,Export quantity,t,,,,,,,,,,,,,,,,,,,,,,,,,,,,,,,,,,,,,,,,,,,,,,,,,,,,,,,,,,,,,,,,,,,,,,,,,,,,12645.0,E,,1680.0,E,,13126.0,E,,6871.0,E,,2561.0,E,,552.0,E,,105.0,E,,661.0,E,,991.0,E,,321.0,E,,585.0,E,,12624.0,E,,941.0,E,,1428.0,E,,2946.53,E,,11117.86,E,,10582.41,E,,12976.07,E,,11388.96,E,,6613.7,E,,12441.87,E,,10744.57,E,,14748.82,E,,24050.01,E,,30909.39,E,,34544.79,E,,56441.23,E,,70864.89,E,,54168.07,E,,56937.47,E,,80218.29,E,,59313.3,E,,87784.43,E,,64211.48,E,,45470.35,E,,23436.33,E,,40792.27,E,,14815.51,E,,38183.81,E,
53020,'030.03,Eastern Asia (excluding intra-trade),656,'01610,"Coffee, green",5922,Export value,1000 USD,,,,,,,,,,,,,,,,,,,,,,,,,,,,,,,,,,,,,,,,,,,,,,,,,,,,,,,,,,,,,,,,,,,,,,,,,,,,30927.0,E,,3006.0,E,,19348.0,E,,8830.0,E,,2664.0,E,,748.0,E,,107.0,E,,733.0,E,,1785.0,E,,1125.0,E,,1175.0,E,,16994.0,E,,1904.0,E,,2183.0,E,,4870.0,E,,9905.0,E,,8892.0,E,,12052.0,E,,13975.0,E,,14016.0,E,,26954.0,E,,24019.0,E,,40953.0,E,,57353.0,E,,92347.0,E,,156056.0,E,,202810.0,E,,187635.0,E,,167078.0,E,,167969.0,E,,189738.0,E,,166916.0,E,,186342.0,E,,126752.0,E,,114716.0,E,,83361.0,E,,195131.0,E,,63673.0,E,,161771.0,E,
5303,'034,Southern Asia,656,'01610,"Coffee, green",5610,Import quantity,t,245.0,A,,312.0,A,,221.0,A,,220.0,A,,308.0,A,,261.0,A,,151.0,A,,129.0,A,,157.0,A,,154.0,A,,275.0,A,,297.0,A,,232.0,A,,518.0,A,,249.0,A,,347.0,A,,436.0,A,,217.0,A,,342.0,A,,264.0,A,,425.0,A,,616.0,A,,1227.0,A,,816.0,A,,68.0,A,,250.0,A,,593.0,A,,611.0,A,,57.0,A,,95.0,A,,223.0,A,,2790.0,A,,431.0,A,,412.0,A,,974.0,A,,824.0,A,,1828.0,A,,1254.0,E,,946.0,E,,1113.98,A,,1712.0,A,,5156.0,E,,9234.0,A,,21376.0,A,,38684.0,A,,20097.0,A,,27827.0,A,,29759.0,A,,44055.0,A,,36286.0,A,,52516.0,A,,62400.0,A,,63490.0,A,,74936.06,A,,68829.31,A,,77135.95,A,,84814.38,A,,94986.94,A,,91323.95,A,,95188.94,A,,108094.58,A,,133554.63,A,,104726.34,A,,81775.35,A,
5303,'034,Southern Asia,656,'01610,"Coffee, green",5622,Import value,1000 USD,234.0,A,,264.0,A,,197.0,A,,223.0,A,,210.0,A,,236.0,A,,193.0,A,,175.0,A,,182.0,A,,213.0,A,,305.0,A,,323.0,A,,290.0,A,,594.0,A,,351.0,A,,627.0,A,,583.0,A,,540.0,A,,1097.0,A,,1037.0,A,,1226.0,A,,737.0,A,,2180.0,A,,1331.0,A,,119.0,A,,722.0,A,,1950.0,A,,846.0,A,,327.0,A,,147.0,A,,202.0,A,,1852.0,A,,390.0,A,,1199.0,A,,2495.0,A,,1246.0,A,,2980.0,A,,2082.0,E,,1639.0,E,,1253.0,A,,1439.0,A,,2363.0,E,,5190.0,A,,13581.0,A,,38283.0,A,,24458.0,A,,43596.0,A,,60918.0,A,,65190.0,A,,53416.0,A,,98546.0,A,,127032.0,A,,124669.0,A,,143645.0,A,,130310.0,A,,129132.0,A,,169138.0,A,,165788.0,A,,143189.0,A,,155908.0,A,,191467.0,A,,280248.0,A,,243820.0,A,,252139.0,A,
5303,'034,Southern Asia,656,'01610,"Coffee, green",5910,Export quantity,t,31950.0,A,,21178.0,A,,23633.0,A,,31566.0,A,,24674.0,A,,24131.0,A,,36013.0,A,,28235.0,A,,34036.0,A,,29555.0,A,,35062.0,A,,41994.0,A,,58240.0,A,,48940.0,A,,61003.0,A,,50100.0,A,,51421.0,A,,66578.0,A,,63367.0,A,,81300.0,A,,83256.0,A,,80721.0,A,,70537.0,A,,65354.0,A,,101654.0,A,,80016.0,A,,89084.0,A,,84907.0,A,,123906.0,A,,84306.0,A,,91208.0,A,,109301.0,A,,111778.0,A,,122541.0,A,,145016.0,A,,147411.0,A,,137113.0,E,,181111.0,E,,176645.54,E,,161615.56,A,,150947.0,A,,164708.0,A,,167750.9,A,,140725.0,A,,157679.0,A,,188462.0,A,,152729.09,A,,149839.0,A,,126966.0,A,,178134.0,A,,231249.0,A,,216756.0,A,,227771.0,A,,196108.41,A,,209511.44,A,,250478.25,A,,262840.54,A,,230509.73,A,,232746.52,A,,205902.33,A,,263512.66,A,,270380.59,A,,232266.62,A,,254590.55,A,
5303,'034,Southern Asia,656,'01610,"Coffee, green",5922,Export value,1000 USD,20002.0,A,,16691.0,A,,17003.0,A,,28917.0,A,,23424.0,A,,22368.0,A,,25750.0,A,,22035.0,A,,25775.0,A,,29521.0,A,,28593.0,A,,32962.0,A,,61042.0,A,,62691.0,A,,72549.0,A,,111334.0,A,,208455.0,A,,187066.0,A,,183816.0,A,,258521.0,A,,178509.0,A,,187466.0,A,,156225.0,A,,168397.0,A,,213934.0,A,,251290.0,A,,194767.0,A,,197780.0,A,,202791.0,A,,126670.0,A,,118179.0,A,,112401.0,A,,138405.0,A,,287662.0,E,,371767.0,A,,309849.0,A,,345964.0,E,,336250.0,E,,265800.0,E,,174752.0,A,,151916.0,A,,142640.0,A,,157622.0,A,,157392.0,A,,255182.0,A,,315679.0,A,,328523.0,A,,373314.0,A,,263327.0,A,,380331.0,A,,678497.0,A,,610757.0,A,,565898.0,A,,535010.0,A,,536382.0,A,,546983.0,A,,636092.0,A,,515813.0,A,,500583.0,A,,462363.0,A,,624805.0,A,,757772.0,A,,743002.0,A,,1107066.0,A,
53030,'034.03,Southern Asia (excluding intra-trade),656,'01610,"Coffee, green",5610,Import quantity,t,,,,,,,,,,,,,,,,,,,,,,,,,,,,,,,,,,,,,,,,,,,,,,,,,,,,,,,,,,,,,,,,,,,,,,,,,,,,301.0,E,,157.0,E,,849.0,E,,0.0,E,,1.0,E,,253.0,E,,3403.0,E,,448.0,E,,382.0,E,,958.0,E,,881.0,E,,1775.0,E,,1212.0,E,,1109.0,E,,1096.98,E,,1623.06,E,,5155.95,E,,9017.18,E,,21284.13,E,,38589.69,E,,20047.31,E,,27553.97,E,,29650.14,E,,43960.74,E,,36236.39,E,,52351.26,E,,62371.03,E,,63098.49,E,,74567.64,E,,68375.97,E,,76270.05,E,,83282.14,E,,92757.08,E,,87638.91,E,,91836.29,E,,104192.62,E,,129273.13,E,,101815.09,E,,80722.39,E,
53030,'034.03,Southern Asia (excluding intra-trade),656,'01610,"Coffee, green",5622,Import value,1000 USD,,,,,,,,,,,,,,,,,,,,,,,,,,,,,,,,,,,,,,,,,,,,,,,,,,,,,,,,,,,,,,,,,,,,,,,,,,,,662.0,E,,290.0,E,,1422.0,E,,9.0,E,,19.0,E,,223.0,E,,2846.0,E,,409.0,E,,1158.0,E,,2491.0,E,,1407.0,E,,2610.0,E,,1762.0,E,,1699.0,E,,1248.0,E,,1294.0,E,,2362.0,E,,4800.0,E,,13419.0,E,,38101.0,E,,24385.0,E,,42993.0,E,,60606.0,E,,64954.0,E,,53363.0,E,,98216.0,E,,126947.0,E,,123551.0,E,,143047.0,E,,127708.0,E,,125865.0,E,,162725.0,E,,157891.0,E,,130999.0,E,,144874.0,E,,180748.0,E,,269034.0,E,,231056.0,E,,246922.0,E,
53030,'034.03,Southern Asia (excluding intra-trade),656,'01610,"Coffee, green",5910,Export quantity,t,,,,,,,,,,,,,,,,,,,,,,,,,,,,,,,,,,,,,,,,,,,,,,,,,,,,,,,,,,,,,,,,,,,,,,,,,,,,68505.0,E,,82829.0,E,,77019.0,E,,110897.0,E,,74715.0,E,,91725.0,E,,107738.0,E,,111513.0,E,,122500.0,E,,144900.0,E,,147314.0,E,,136890.0,E,,181019.0,E,,176477.0,E,,161385.31,E,,150706.05,E,,164703.0,E,,167417.22,E,,140621.44,E,,157568.28,E,,188385.55,E,,152457.4,E,,149727.76,E,,126436.78,E,,178063.19,E,,231201.87,E,,216730.68,E,,227360.24,E,,195550.46,E,,209085.69,E,,249762.89,E,,261662.04,E,,228445.86,E,,229318.51,E,,202696.56,E,,261122.47,E,,267416.37,E,,230235.69,E,,253582.06,E,
53030,'034.03,Southern Asia (excluding intra-trade),656,'01610,"Coffee, green",5922,Export value,1000 USD,,,,,,,,,,,,,,,,,,,,,,,,,,,,,,,,,,,,,,,,,,,,,,,,,,,,,,,,,,,,,,,,,,,,,,,,,,,,215357.0,E,,182295.0,E,,178754.0,E,,184717.0,E,,114696.0,E,,118571.0,E,,110936.0,E,,138081.0,E,,287584.0,E,,371472.0,E,,309534.0,E,,345469.0,E,,336115.0,E,,265513.0,E,,174439.0,E,,151589.0,E,,142633.0,E,,157160.0,E,,157248.0,E,,255014.0,E,,315549.0,E,,327989.0,E,,372999.0,E,,262047.0,E,,380084.0,E,,678374.0,E,,610661.0,E,,564882.0,E,,533976.0,E,,535289.0,E,,545374.0,E,,633343.0,E,,509423.0,E,,493237.0,E,,455876.0,E,,619845.0,E,,750354.0,E,,737003.0,E,,1102747.0,E,
5304,'035,South-eastern Asia,656,'01610,"Coffee, green",5610,Import quantity,t,76864.0,A,,71213.0,A,,72423.0,A,,15363.0,A,,12006.0,A,,26009.0,A,,15874.0,A,,22623.0,A,,20586.0,A,,15305.0,A,,18848.0,A,,13076.0,A,,16894.0,A,,17159.0,A,,10446.0,A,,21957.0,A,,18732.0,A,,12915.0,A,,16852.0,A,,9039.0,A,,23820.0,A,,36856.0,A,,45417.0,A,,65411.0,A,,50115.0,A,,74279.0,A,,47327.0,A,,33331.0,A,,25131.0,A,,67121.0,A,,70371.0,A,,94320.0,E,,90883.0,A,,107485.0,E,,57928.0,E,,40252.0,E,,66612.0,E,,48604.0,E,,45173.0,E,,60496.62,A,,58410.6,A,,72515.2,A,,36635.85,A,,50037.46,A,,75101.39,A,,72210.89,A,,129455.9,A,,93987.52,A,,104888.79,A,,133208.12,A,,155513.13,A,,207258.0,A,,184817.0,A,,192561.98,A,,195377.06,A,,244936.05,A,,234002.21,A,,341690.12,A,,264963.16,E,,278174.81,E,,249549.15,A,,269076.46,E,,282899.37,E,,334030.85,E,
5304,'035,South-eastern Asia,656,'01610,"Coffee, green",5622,Import value,1000 USD,20556.0,A,,17151.0,A,,19629.0,A,,8831.0,A,,6246.0,A,,12899.0,A,,7270.0,A,,10379.0,A,,9750.0,A,,7370.0,A,,10932.0,A,,6743.0,A,,13747.0,A,,16575.0,A,,9482.0,A,,38965.0,A,,65318.0,A,,30425.0,A,,36260.0,A,,25167.0,A,,41803.0,A,,67079.0,A,,94724.0,A,,148486.0,A,,119547.0,A,,218227.0,A,,94882.0,A,,62755.0,A,,35662.0,A,,63591.0,A,,61736.0,A,,72496.0,E,,80712.0,A,,201191.0,E,,155735.0,E,,59146.0,E,,90101.0,E,,77987.0,E,,60402.0,E,,52384.0,A,,39393.0,A,,45596.0,A,,30061.0,A,,43376.0,A,,90845.0,A,,113526.0,A,,239855.0,A,,218341.0,A,,172270.0,A,,226170.0,A,,385210.0,A,,498082.0,A,,414248.0,A,,439910.0,A,,439744.0,A,,471813.0,A,,551562.0,A,,700154.0,A,,535123.0,A,,534607.0,A,,520677.0,A,,801740.0,A,,847335.0,A,,1381433.0,A,
5304,'035,South-eastern Asia,656,'01610,"Coffee, green",5910,Export quantity,t,130127.0,A,,117930.0,A,,149852.0,A,,79279.0,A,,125438.0,A,,139631.0,A,,219029.0,A,,151648.0,A,,201913.0,A,,157533.0,A,,116694.0,A,,141852.0,A,,129593.0,A,,141858.0,A,,158047.0,A,,198502.0,A,,214775.0,A,,279177.0,A,,279976.0,A,,298493.0,A,,294361.0,A,,332181.0,A,,338212.0,A,,416173.0,A,,413224.0,A,,482943.0,A,,426722.0,A,,475757.0,A,,541237.0,A,,661861.0,A,,598716.0,A,,543434.0,A,,629556.0,A,,707074.0,E,,661482.0,E,,777017.0,E,,844508.0,E,,847497.0,E,,909050.0,E,,1171929.44,A,,1286508.0,A,,1087321.0,A,,1109630.0,A,,1267681.0,A,,1382483.0,A,,1445494.0,A,,1589368.0,A,,1572669.0,A,,1709802.0,A,,1679057.0,A,,1645012.0,A,,2183607.0,A,,1834482.0,A,,2055889.14,A,,1803665.9,A,,2146120.11,A,,1947595.77,A,,1931712.53,E,,1772667.31,A,,1656061.61,E,,1618585.97,E,,1860452.63,E,,1787770.58,E,,1414583.07,E,
5304,'035,South-eastern Asia,656,'01610,"Coffee, green",5922,Export value,1000 USD,36357.0,A,,36591.0,A,,54030.0,A,,39422.0,A,,43980.0,A,,57156.0,A,,90496.0,A,,81244.0,A,,99297.0,A,,104088.0,A,,84571.0,A,,99825.0,A,,103991.0,A,,128391.0,A,,132818.0,A,,343917.0,A,,784112.0,A,,637834.0,A,,760629.0,A,,808001.0,A,,497555.0,A,,522801.0,A,,624263.0,A,,842402.0,A,,831265.0,A,,1340462.0,A,,811361.0,A,,882164.0,A,,771567.0,A,,614090.0,A,,573384.0,A,,457213.0,A,,596492.0,A,,1488867.0,E,,1673878.0,E,,1221431.0,E,,1180273.0,E,,1342114.0,E,,1145076.0,E,,897895.0,A,,638185.0,A,,576647.0,A,,791655.0,A,,973650.0,A,,1289493.0,A,,1868457.0,A,,2614971.0,A,,3174410.0,A,,2589336.0,A,,2738894.0,A,,3924984.0,A,,4872980.0,A,,3818392.0,E,,4426511.0,A,,3676932.0,A,,4123292.0,A,,4376612.0,A,,3816538.0,A,,3145737.0,A,,2864051.0,A,,3100203.0,A,,4207920.0,A,,4187871.0,A,,5357178.0,E,
53040,'035.03,South-eastern Asia (excluding intra-trade),656,'01610,"Coffee, green",5610,Import quantity,t,,,,,,,,,,,,,,,,,,,,,,,,,,,,,,,,,,,,,,,,,,,,,,,,,,,,,,,,,,,,,,,,,,,,,,,,,,,,32414.0,E,,8305.0,E,,9457.0,E,,3670.0,E,,3703.0,E,,8596.0,E,,12881.0,E,,17001.0,E,,9411.0,E,,7483.0,E,,2913.0,E,,12693.0,E,,5510.0,E,,5217.0,E,,13133.67,E,,14908.44,E,,13427.37,E,,0.0,E,,0.0,E,,5238.13,E,,6464.4,E,,7439.08,E,,10992.85,E,,8881.06,E,,11249.73,E,,14955.06,E,,13543.88,E,,9045.17,E,,23972.83,E,,25499.27,E,,38696.18,E,,32827.45,E,,42163.97,E,,54255.51,E,,47225.58,E,,36831.79,E,,59193.97,E,,60922.27,E,,102719.69,E,
53040,'035.03,South-eastern Asia (excluding intra-trade),656,'01610,"Coffee, green",5622,Import value,1000 USD,,,,,,,,,,,,,,,,,,,,,,,,,,,,,,,,,,,,,,,,,,,,,,,,,,,,,,,,,,,,,,,,,,,,,,,,,,,,103149.0,E,,21253.0,E,,20408.0,E,,6325.0,E,,6442.0,E,,10197.0,E,,11110.0,E,,15685.0,E,,22905.0,E,,22865.0,E,,5490.0,E,,20169.0,E,,10981.0,E,,8268.0,E,,11890.0,E,,10785.0,E,,8268.0,E,,0.0,E,,0.0,E,,10737.0,E,,18685.0,E,,22907.0,E,,33977.0,E,,24308.0,E,,31043.0,E,,61156.0,E,,75693.0,E,,48207.0,E,,91568.0,E,,89071.0,E,,95398.0,E,,104666.0,E,,123631.0,E,,157566.0,E,,144210.0,E,,129093.0,E,,285971.0,E,,252682.0,E,,446231.0,E,
53040,'035.03,South-eastern Asia (excluding intra-trade),656,'01610,"Coffee, green",5910,Export quantity,t,,,,,,,,,,,,,,,,,,,,,,,,,,,,,,,,,,,,,,,,,,,,,,,,,,,,,,,,,,,,,,,,,,,,,,,,,,,,384493.0,E,,338374.0,E,,366011.0,E,,399056.0,E,,424790.0,E,,492370.0,E,,453785.0,E,,535246.0,E,,606064.0,E,,571794.0,E,,657289.0,E,,724545.0,E,,779655.0,E,,776460.0,E,,1110670.44,E,,1234257.3,E,,1017356.72,E,,1058374.79,E,,1214422.6,E,,1312061.76,E,,1375061.05,E,,1462279.3,E,,1485104.24,E,,1606154.92,E,,1557120.97,E,,1503833.81,E,,1979225.91,E,,1665198.31,E,,1875118.77,E,,1636027.61,E,,1958616.39,E,,1787750.51,E,,1676136.58,E,,1590988.98,E,,1454827.09,E,,1438374.6,E,,1693895.1,E,,1574072.44,E,,1178819.38,E,
53040,'035.03,South-eastern Asia (excluding intra-trade),656,'01610,"Coffee, green",5922,Export value,1000 USD,,,,,,,,,,,,,,,,,,,,,,,,,,,,,,,,,,,,,,,,,,,,,,,,,,,,,,,,,,,,,,,,,,,,,,,,,,,,1087047.0,E,,658033.0,E,,706821.0,E,,602828.0,E,,400461.0,E,,481182.0,E,,389883.0,E,,513680.0,E,,1290574.0,E,,1567764.0,E,,1118317.0,E,,1105853.0,E,,1310754.0,E,,1087005.0,E,,848706.0,E,,606896.0,E,,535446.0,E,,753077.0,E,,933797.0,E,,1215889.0,E,,1776878.0,E,,2417598.0,E,,3000686.0,E,,2444305.0,E,,2564074.0,E,,3628646.0,E,,4446224.0,E,,3486796.0,E,,4071401.0,E,,3355610.0,E,,3780247.0,E,,4004240.0,E,,3315476.0,E,,2809084.0,E,,2537752.0,E,,2776519.0,E,,3824051.0,E,,3680387.0,E,,4477874.0,E,
5305,'145,Western Asia,656,'01610,"Coffee, green",5610,Import quantity,t,25622.0,E,,26894.0,A,,28713.0,A,,30284.0,A,,32736.0,A,,46387.0,A,,44571.0,A,,47210.0,A,,37339.0,A,,38377.0,A,,43189.0,A,,47675.0,A,,50341.0,A,,46717.0,A,,42584.0,A,,53002.0,A,,48384.0,A,,42652.0,A,,42482.0,A,,39489.0,A,,55287.0,A,,70002.0,A,,77212.0,A,,65122.0,A,,64071.0,E,,52094.0,A,,63839.0,A,,71459.0,A,,54754.0,A,,58759.0,A,,81473.0,A,,91913.0,A,,78188.0,A,,68300.0,A,,105352.0,A,,93581.0,A,,84883.3,A,,113239.54,E,,110069.32,A,,112680.15,A,,148427.0,A,,129508.0,A,,114772.0,A,,129741.0,A,,133788.0,A,,131837.0,A,,170023.0,A,,148798.0,A,,171920.0,A,,170632.0,A,,164874.0,A,,178900.0,A,,199739.0,A,,197757.33,A,,217141.39,A,,208088.81,A,,244441.21,A,,261030.92,A,,286686.54,A,,285040.24,A,,290027.35,A,,289857.38,A,,328259.67,E,,342891.21,E,
5305,'145,Western Asia,656,'01610,"Coffee, green",5622,Import value,1000 USD,16123.0,E,,16695.0,A,,18094.0,A,,23199.0,A,,23944.0,A,,33438.0,A,,32042.0,A,,32973.0,A,,25961.0,A,,30460.0,A,,34786.0,A,,35895.0,A,,56327.0,A,,72153.0,A,,57176.0,A,,90942.0,A,,186672.0,A,,148737.0,A,,133005.0,A,,159701.0,A,,159384.0,A,,179707.0,A,,154027.0,A,,133410.0,A,,144622.0,E,,192487.0,A,,169537.0,A,,181398.0,A,,124771.0,A,,102628.0,A,,134086.0,A,,128109.0,A,,112517.0,E,,172814.0,A,,307680.0,A,,252211.0,A,,217822.0,A,,271926.0,E,,209883.0,A,,197219.0,A,,172845.0,A,,126584.0,A,,130239.0,A,,164855.0,A,,218868.0,A,,229612.0,A,,339218.0,A,,394444.0,A,,369352.0,A,,421693.0,A,,596277.0,A,,639226.0,A,,575136.0,A,,557363.0,A,,624491.0,A,,562982.0,A,,732790.0,A,,712469.0,A,,696577.0,A,,700344.0,A,,860491.0,A,,1226787.0,A,,1360353.0,A,,1560678.0,A,
5305,'145,Western Asia,656,'01610,"Coffee, green",5910,Export quantity,t,9850.0,A,,9266.0,A,,9828.0,A,,10367.0,A,,9554.0,A,,7807.0,A,,4213.0,A,,4332.0,A,,5168.0,A,,7417.0,A,,6527.0,A,,10033.0,A,,7887.0,A,,5748.0,A,,3669.0,A,,2648.0,A,,3212.0,A,,2747.0,A,,2976.0,A,,1456.0,A,,5434.0,A,,4601.0,A,,4683.0,A,,6882.0,A,,4470.0,A,,3888.0,A,,1086.0,A,,3959.0,A,,3676.0,A,,2297.0,A,,1783.0,A,,1600.0,A,,895.0,A,,2428.0,E,,3081.0,A,,2647.0,E,,3805.17,E,,5688.6,A,,6438.17,E,,6190.39,A,,7151.0,E,,6450.0,A,,7225.0,A,,8399.0,A,,7892.0,A,,7902.0,A,,9170.0,A,,9706.36,A,,8454.85,A,,5940.0,E,,7153.0,A,,7921.0,A,,8948.0,A,,11475.61,A,,9873.0,A,,7245.66,A,,9993.8,A,,11838.55,A,,13781.11,A,,15624.15,A,,18624.66,A,,33863.32,A,,42497.77,E,,47897.72,E,
5305,'145,Western Asia,656,'01610,"Coffee, green",5922,Export value,1000 USD,6900.0,A,,6300.0,A,,7139.0,A,,8017.0,A,,6947.0,A,,5499.0,A,,3317.0,A,,3386.0,A,,3395.0,A,,4711.0,A,,4240.0,A,,8085.0,A,,7745.0,A,,6780.0,A,,5365.0,A,,6462.0,A,,13375.0,A,,12329.0,A,,11883.0,A,,6176.0,A,,15399.0,A,,11984.0,A,,11319.0,A,,13846.0,A,,15945.0,A,,14569.0,A,,3630.0,A,,9479.0,A,,8537.0,A,,5035.0,A,,3491.0,A,,2519.0,A,,1048.0,A,,4945.0,A,,8876.0,A,,7486.0,A,,9367.0,E,,21054.0,A,,20923.0,E,,19207.0,A,,16983.0,E,,16113.0,A,,17759.0,A,,15236.0,A,,18431.0,A,,16103.0,A,,23814.0,A,,26218.0,A,,27681.0,A,,21086.0,E,,27928.0,A,,27836.0,A,,28478.0,A,,32226.0,A,,27845.0,A,,23196.0,E,,33146.0,E,,44392.0,E,,48311.0,A,,50156.0,A,,71200.0,A,,133579.0,A,,155685.0,A,,172793.0,E,
53050,'145.03,Western Asia (excluding intra-trade),656,'01610,"Coffee, green",5610,Import quantity,t,,,,,,,,,,,,,,,,,,,,,,,,,,,,,,,,,,,,,,,,,,,,,,,,,,,,,,,,,,,,,,,,,,,,,,,,,,,,47267.0,E,,60941.0,E,,72220.0,E,,40648.0,E,,43181.0,E,,61904.0,E,,88481.0,E,,56557.0,E,,50885.0,E,,68699.0,E,,73862.0,E,,63193.0,E,,99186.0,E,,109663.0,E,,106354.15,E,,139909.61,E,,125791.09,E,,105560.15,E,,119769.06,E,,123867.29,E,,129373.8,E,,166880.54,E,,145569.57,E,,169824.76,E,,168604.84,E,,161487.5,E,,172915.29,E,,193593.46,E,,192375.03,E,,213488.51,E,,203470.73,E,,238618.38,E,,255509.58,E,,281071.64,E,,277283.74,E,,281259.08,E,,274779.39,E,,313165.05,E,,335817.3,E,
53050,'145.03,Western Asia (excluding intra-trade),656,'01610,"Coffee, green",5622,Import value,1000 USD,,,,,,,,,,,,,,,,,,,,,,,,,,,,,,,,,,,,,,,,,,,,,,,,,,,,,,,,,,,,,,,,,,,,,,,,,,,,171344.0,E,,155802.0,E,,178955.0,E,,84395.0,E,,55147.0,E,,80432.0,E,,128385.0,E,,69034.0,E,,124409.0,E,,199240.0,E,,167410.0,E,,156103.0,E,,240943.0,E,,217285.0,E,,184469.0,E,,157861.0,E,,121049.0,E,,119711.0,E,,155107.0,E,,205781.0,E,,225498.0,E,,332475.0,E,,385790.0,E,,361510.0,E,,415541.0,E,,583288.0,E,,620634.0,E,,555493.0,E,,541657.0,E,,613672.0,E,,551088.0,E,,709354.0,E,,690874.0,E,,677701.0,E,,677923.0,E,,830153.0,E,,1163377.0,E,,1297961.0,E,,1523636.0,E,
53050,'145.03,Western Asia (excluding intra-trade),656,'01610,"Coffee, green",5910,Export quantity,t,,,,,,,,,,,,,,,,,,,,,,,,,,,,,,,,,,,,,,,,,,,,,,,,,,,,,,,,,,,,,,,,,,,,,,,,,,,,1620.0,E,,55.0,E,,547.0,E,,1143.0,E,,493.0,E,,1301.0,E,,1724.0,E,,1250.0,E,,2170.0,E,,2200.0,E,,1915.0,E,,1765.0,E,,621.0,E,,1484.0,E,,0.0,E,,0.0,E,,1728.74,E,,0.0,E,,3785.18,E,,3675.12,E,,2545.59,E,,3082.92,E,,4269.32,E,,3882.83,E,,2398.97,E,,2901.99,E,,2391.4,E,,1275.76,E,,5090.28,E,,4155.65,E,,4029.89,E,,4910.71,E,,6965.4,E,,7629.07,E,,7063.79,E,,8103.58,E,,15016.98,E,,22374.18,E,,39477.24,E,
53050,'145.03,Western Asia (excluding intra-trade),656,'01610,"Coffee, green",5922,Export value,1000 USD,,,,,,,,,,,,,,,,,,,,,,,,,,,,,,,,,,,,,,,,,,,,,,,,,,,,,,,,,,,,,,,,,,,,,,,,,,,,5264.0,E,,202.0,E,,1181.0,E,,1812.0,E,,963.0,E,,3062.0,E,,4742.0,E,,4358.0,E,,6692.0,E,,7992.0,E,,6345.0,E,,7624.0,E,,1604.0,E,,8039.0,E,,7810.0,E,,2998.0,E,,9842.0,E,,7743.0,E,,6530.0,E,,9974.0,E,,7162.0,E,,10242.0,E,,13892.0,E,,14938.0,E,,12407.0,E,,14170.0,E,,11198.0,E,,8089.0,E,,14642.0,E,,12387.0,E,,14400.0,E,,13907.0,E,,31215.0,E,,32186.0,E,,25469.0,E,,33678.0,E,,56378.0,E,,77690.0,E,,133763.0,E,
5400,'150,Europe,656,'01610,"Coffee, green",5610,Import quantity,t,1059763.0,A,,1116323.0,A,,1213629.0,A,,1286410.0,A,,1285053.0,A,,1354888.0,A,,1398248.0,A,,1518954.0,A,,1625961.0,A,,1655089.0,A,,1658979.0,A,,1778511.0,A,,1829177.0,A,,1807638.0,A,,1926252.0,A,,1977043.0,A,,1712086.0,A,,1851898.0,A,,2110210.0,A,,2117714.0,A,,2160024.0,A,,2147508.0,A,,2212305.0,A,,2168282.0,A,,2262033.0,A,,2279604.0,A,,2474838.0,A,,2473240.0,A,,2605669.0,A,,2765496.0,A,,2617127.0,A,,2710586.0,A,,2684761.0,A,,2659454.0,A,,2481163.0,A,,2728762.0,A,,2756726.0,A,,2732886.0,A,,2805117.0,A,,2839151.86,A,,2918625.0,A,,2970338.0,A,,2970701.0,A,,3088747.0,A,,2972081.0,A,,3163124.0,A,,3241536.0,A,,3354505.0,A,,3359408.0,A,,3480368.0,A,,3484624.0,A,,3550665.0,A,,3505870.0,A,,3565334.79,A,,3633297.0,A,,3821874.44,A,,3733668.65,A,,3932051.55,A,,4059435.32,A,,3968339.0,A,,4010701.84,A,,4244471.55,A,,3822996.29,A,,4024770.38,A,
5400,'150,Europe,656,'01610,"Coffee, green",5622,Import value,1000 USD,810689.0,A,,822911.0,A,,879804.0,A,,1134590.0,A,,1151930.0,A,,1206964.0,A,,1168807.0,A,,1253450.0,A,,1344760.0,A,,1716710.0,A,,1607461.0,A,,1841219.0,A,,2378045.0,A,,2609050.0,A,,2674810.0,A,,4673266.0,A,,8050834.0,A,,6853413.0,A,,7440135.0,A,,7904338.0,A,,5737208.0,A,,5793841.0,A,,5864055.0,A,,6235747.0,A,,6434142.0,A,,9206697.0,A,,6789727.0,A,,6770065.0,A,,6418277.0,A,,4911937.0,A,,4502464.0,A,,3901556.0,A,,3825089.0,A,,6395468.0,A,,8553315.0,A,,6784339.0,A,,8093457.0,A,,7413592.0,A,,5630748.0,A,,4849174.0,A,,3496228.0,A,,3058211.0,A,,3483865.0,A,,4021124.0,A,,5398980.0,A,,6371174.0,A,,7533418.0,A,,9430624.0,A,,8373125.0,A,,9963673.0,A,,15111967.0,A,,13158665.0,A,,10317453.0,A,,11079100.0,A,,10839073.0,A,,10161866.0,A,,11034332.0,A,,10306232.0,A,,9587445.0,A,,9883727.0,A,,11287928.0,A,,16873202.0,A,,14507049.0,A,,18284637.0,A,
5400,'150,Europe,656,'01610,"Coffee, green",5910,Export quantity,t,11054.0,A,,8966.0,A,,5491.0,A,,8317.0,A,,11278.0,A,,12390.0,A,,12761.0,A,,13523.0,A,,16409.0,A,,18721.0,A,,15621.0,A,,25295.0,A,,40686.0,A,,44939.0,A,,57059.0,A,,56048.0,A,,45314.0,A,,65344.0,A,,86872.0,A,,60496.0,A,,68776.0,A,,65308.0,A,,69300.0,A,,82490.0,A,,105388.0,A,,109299.0,A,,135546.0,A,,160551.0,A,,182552.0,A,,177760.0,A,,170925.0,A,,169324.0,A,,229805.0,A,,259251.0,A,,211913.0,A,,242293.0,A,,267951.0,A,,281616.0,A,,263566.0,A,,328274.28,A,,323491.7,A,,323881.7,A,,316260.21,A,,347754.0,A,,423045.0,A,,431120.0,A,,445328.0,A,,601786.0,A,,589426.04,A,,619083.0,A,,627712.0,A,,643851.0,A,,568099.0,A,,559350.31,A,,589631.29,A,,639850.44,A,,664816.16,A,,684909.02,A,,708671.93,A,,705919.97,A,,751772.6,A,,803192.48,A,,712999.43,A,,703354.4,A,
5400,'150,Europe,656,'01610,"Coffee, green",5922,Export value,1000 USD,8800.0,A,,6622.0,A,,5009.0,A,,7898.0,A,,11017.0,A,,13135.0,A,,12818.0,A,,13757.0,A,,15926.0,A,,21900.0,A,,17656.0,A,,30537.0,A,,63576.0,A,,74121.0,A,,87437.0,A,,155018.0,A,,233090.0,A,,246053.0,A,,315189.0,A,,239892.0,A,,196843.0,A,,199617.0,A,,210451.0,A,,271197.0,A,,340931.0,A,,479211.0,A,,426842.0,A,,492449.0,A,,512631.0,A,,383760.0,A,,332964.0,A,,308303.0,A,,374196.0,A,,652904.0,A,,764955.0,A,,684995.0,A,,855491.0,A,,830220.0,A,,606265.0,A,,658949.0,A,,457994.0,A,,424484.0,A,,509642.0,A,,640931.0,A,,916393.0,A,,1032163.0,A,,1222036.0,A,,1898283.0,A,,1684900.0,A,,1945207.0,A,,2906809.0,A,,2555966.0,A,,1937738.0,A,,1976107.0,A,,1957174.0,A,,1910710.0,A,,2172342.0,A,,2033103.0,A,,1891072.0,A,,2009161.0,A,,2380265.0,A,,3368030.0,A,,2985123.0,A,,3459168.0,A,
54000,'150.03,Europe (excluding intra-trade),656,'01610,"Coffee, green",5610,Import quantity,t,,,,,,,,,,,,,,,,,,,,,,,,,,,,,,,,,,,,,,,,,,,,,,,,,,,,,,,,,,,,,,,,,,,,,,,,,,,,1553863.0,E,,1642565.0,E,,1659121.0,E,,1755306.0,E,,1763355.0,E,,2436260.0,E,,2541466.0,E,,2495370.0,E,,2457500.0,E,,2269297.0,E,,2564354.0,E,,2489993.0,E,,2400356.0,E,,2486977.0,E,,2668637.64,E,,2743474.49,E,,2780617.15,E,,2779759.54,E,,2846638.85,E,,2714909.84,E,,2915994.35,E,,2988652.47,E,,2991057.99,E,,2988213.35,E,,3093907.85,E,,3090614.27,E,,3131284.47,E,,3168241.43,E,,3204301.37,E,,3219489.81,E,,3373726.89,E,,3283075.72,E,,3451939.98,E,,3539316.24,E,,3442572.17,E,,3479239.7,E,,3637394.21,E,,3295326.53,E,,3489586.12,E,
54000,'150.03,Europe (excluding intra-trade),656,'01610,"Coffee, green",5622,Import value,1000 USD,,,,,,,,,,,,,,,,,,,,,,,,,,,,,,,,,,,,,,,,,,,,,,,,,,,,,,,,,,,,,,,,,,,,,,,,,,,,6173787.0,E,,4429885.0,E,,4466267.0,E,,4199923.0,E,,3012959.0,E,,4131120.0,E,,3635872.0,E,,3529476.0,E,,5915063.0,E,,7825868.0,E,,6355531.0,E,,7385109.0,E,,6432593.0,E,,4948129.0,E,,4521947.0,E,,3233435.0,E,,2818857.0,E,,3198554.0,E,,3654898.0,E,,4909165.0,E,,5818058.0,E,,6872230.0,E,,8311842.0,E,,7179645.0,E,,8671854.0,E,,13324676.0,E,,11534130.0,E,,9182501.0,E,,9874881.0,E,,9602677.0,E,,8911363.0,E,,9619393.0,E,,8904392.0,E,,8242492.0,E,,8417233.0,E,,9742599.0,E,,14549107.0,E,,12389377.0,E,,15867231.0,E,
54000,'150.03,Europe (excluding intra-trade),656,'01610,"Coffee, green",5910,Export quantity,t,,,,,,,,,,,,,,,,,,,,,,,,,,,,,,,,,,,,,,,,,,,,,,,,,,,,,,,,,,,,,,,,,,,,,,,,,,,,13142.0,E,,15652.0,E,,22469.0,E,,13598.0,E,,13443.0,E,,41501.0,E,,49179.0,E,,53394.0,E,,65129.0,E,,62700.0,E,,67020.0,E,,73643.0,E,,83633.0,E,,75529.0,E,,117137.6,E,,92988.95,E,,82654.12,E,,86411.91,E,,100499.19,E,,73307.36,E,,90986.85,E,,93932.42,E,,53880.59,E,,66264.43,E,,75171.04,E,,111953.9,E,,101667.33,E,,101544.46,E,,103433.82,E,,95413.91,E,,108188.24,E,,99995.37,E,,102342.38,E,,104618.53,E,,89839.94,E,,92456.39,E,,80616.41,E,,68908.34,E,,70558.72,E,
54000,'150.03,Europe (excluding intra-trade),656,'01610,"Coffee, green",5922,Export value,1000 USD,,,,,,,,,,,,,,,,,,,,,,,,,,,,,,,,,,,,,,,,,,,,,,,,,,,,,,,,,,,,,,,,,,,,,,,,,,,,68331.0,E,,50522.0,E,,58221.0,E,,44289.0,E,,37705.0,E,,98570.0,E,,100756.0,E,,105227.0,E,,169887.0,E,,218086.0,E,,209898.0,E,,258627.0,E,,267844.0,E,,207062.0,E,,279015.0,E,,148539.0,E,,127851.0,E,,161356.0,E,,228795.0,E,,232632.0,E,,273509.0,E,,328898.0,E,,262344.0,E,,280389.0,E,,323968.0,E,,617017.0,E,,466061.0,E,,413812.0,E,,460726.0,E,,361410.0,E,,366199.0,E,,370613.0,E,,365220.0,E,,326466.0,E,,303018.0,E,,351952.0,E,,429618.0,E,,355170.0,E,,408854.0,E,
5401,'151,Eastern Europe,656,'01610,"Coffee, green",5610,Import quantity,t,51269.0,A,,44632.0,A,,57735.0,A,,65538.0,A,,70713.0,A,,74469.0,A,,77220.0,A,,96622.0,A,,118364.0,A,,122096.0,A,,120060.0,A,,135406.0,A,,123084.0,A,,138820.0,A,,155544.0,A,,148337.0,A,,147792.0,A,,128398.0,A,,147598.0,A,,176127.0,A,,152346.0,A,,147887.0,A,,138883.0,A,,180097.0,A,,200857.0,A,,148426.0,A,,170640.0,A,,183324.0,A,,237181.0,A,,186515.0,A,,153579.0,A,,162646.0,A,,161872.0,A,,202599.0,A,,200386.0,A,,219983.0,A,,234408.0,A,,229899.0,A,,239245.0,A,,252136.64,A,,269671.0,A,,258819.0,A,,257119.0,A,,248186.0,A,,240370.0,A,,217275.0,A,,198745.0,A,,211658.0,A,,261555.0,A,,276625.0,A,,290804.0,A,,306998.0,A,,291640.0,A,,306486.28,A,,331408.88,A,,348237.82,A,,369393.12,A,,391528.76,A,,416029.04,A,,431106.55,A,,438456.0,A,,405591.62,E,,381079.13,E,,343781.53,E,
5401,'151,Eastern Europe,656,'01610,"Coffee, green",5622,Import value,1000 USD,36750.0,E,,32304.0,E,,40231.0,E,,58612.0,E,,60974.0,A,,61371.0,A,,58591.0,A,,73858.0,A,,88221.0,A,,100357.0,A,,91580.0,A,,105472.0,A,,127677.0,A,,184135.0,A,,190223.0,A,,355773.0,E,,689495.0,E,,471579.0,E,,502029.0,E,,632946.0,E,,380857.0,E,,309294.0,E,,237781.0,E,,318541.0,E,,410214.0,E,,562086.0,E,,459107.0,E,,451266.0,E,,538694.0,E,,327124.0,A,,236785.0,A,,176012.0,A,,183674.0,A,,386212.0,A,,541853.0,A,,411970.0,A,,436735.0,A,,421735.0,A,,377159.0,A,,312177.0,A,,232188.0,A,,186175.0,A,,231001.0,A,,243580.0,A,,309331.0,A,,352106.0,A,,408469.0,A,,557613.0,A,,588883.0,A,,701668.0,A,,1065996.0,A,,1003334.0,A,,786120.0,A,,861975.0,A,,889065.0,A,,837032.0,A,,997264.0,A,,935125.0,A,,917789.0,A,,971635.0,A,,1114164.0,A,,1392937.0,E,,1311698.0,E,,1590962.0,E,
5401,'151,Eastern Europe,656,'01610,"Coffee, green",5910,Export quantity,t,0.0,A,,0.0,A,,0.0,A,,0.0,A,,0.0,A,,0.0,A,,0.0,A,,0.0,A,,0.0,A,,0.0,A,,0.0,A,,0.0,A,,0.0,A,,0.0,A,,0.0,A,,163.0,A,,0.0,A,,0.0,A,,0.0,A,,0.0,A,,0.0,A,,0.0,A,,0.0,A,,0.0,A,,0.0,A,,0.0,A,,0.0,A,,0.0,A,,1500.0,A,,930.0,A,,9457.0,A,,11761.0,A,,9983.0,A,,7479.0,A,,8337.0,A,,7095.0,A,,7312.0,A,,10499.0,A,,5892.0,A,,9708.73,A,,5208.0,A,,4252.0,A,,2974.0,A,,499.0,A,,2179.0,A,,1973.0,A,,1446.0,A,,2877.0,E,,4686.0,A,,4326.0,A,,5413.0,A,,7228.0,A,,6315.0,A,,4508.04,A,,7333.1,A,,6722.46,A,,4181.52,A,,4528.15,A,,5529.84,A,,6982.35,A,,5482.43,A,,5552.84,A,,7013.18,A,,5544.35,A,
5401,'151,Eastern Europe,656,'01610,"Coffee, green",5922,Export value,1000 USD,0.0,A,,0.0,A,,0.0,A,,0.0,A,,0.0,A,,0.0,A,,0.0,A,,0.0,A,,0.0,A,,0.0,A,,0.0,A,,0.0,A,,0.0,A,,0.0,A,,0.0,A,,529.0,A,,0.0,A,,0.0,A,,0.0,A,,0.0,A,,0.0,A,,0.0,A,,0.0,A,,0.0,A,,0.0,A,,0.0,A,,0.0,A,,0.0,A,,2860.0,A,,1935.0,A,,10716.0,A,,11878.0,A,,11261.0,A,,12938.0,A,,16688.0,A,,17087.0,A,,23867.0,A,,23798.0,A,,9992.0,A,,14800.0,A,,5223.0,A,,3173.0,A,,2738.0,A,,912.0,A,,2378.0,A,,4564.0,A,,3963.0,A,,23398.0,A,,27665.0,A,,22932.0,A,,36662.0,A,,52865.0,A,,29907.0,A,,22789.0,A,,38795.0,A,,32856.0,A,,22178.0,A,,25043.0,A,,33012.0,A,,37777.0,A,,32392.0,A,,34465.0,A,,40910.0,A,,31617.0,A,
54010,'151.03,Eastern Europe (excluding intra-trade),656,'01610,"Coffee, green",5610,Import quantity,t,,,,,,,,,,,,,,,,,,,,,,,,,,,,,,,,,,,,,,,,,,,,,,,,,,,,,,,,,,,,,,,,,,,,,,,,,,,,129352.0,E,,110000.0,E,,171965.0,E,,245196.0,E,,122334.0,E,,139130.0,E,,133604.0,E,,140303.0,E,,190037.0,E,,187487.0,E,,219732.0,E,,159821.0,E,,177951.0,E,,179488.0,E,,251918.0,E,,269076.43,E,,258606.12,E,,257082.48,E,,247350.24,E,,238075.49,E,,214437.58,E,,196493.49,E,,209387.11,E,,258592.33,E,,273313.54,E,,287956.99,E,,305116.56,E,,287484.71,E,,304796.74,E,,327221.21,E,,345719.05,E,,367904.4,E,,389507.88,E,,413705.09,E,,429982.96,E,,436860.13,E,,404219.31,E,,377499.13,E,,341130.8,E,
54010,'151.03,Eastern Europe (excluding intra-trade),656,'01610,"Coffee, green",5622,Import value,1000 USD,,,,,,,,,,,,,,,,,,,,,,,,,,,,,,,,,,,,,,,,,,,,,,,,,,,,,,,,,,,,,,,,,,,,,,,,,,,,455204.0,E,,287050.0,E,,471691.0,E,,564916.0,E,,179774.0,E,,174459.0,E,,133195.0,E,,165101.0,E,,406050.0,E,,555185.0,E,,435503.0,E,,320993.0,E,,330594.0,E,,293362.0,E,,311636.0,E,,231304.0,E,,185667.0,E,,230954.0,E,,242690.0,E,,306947.0,E,,346766.0,E,,404003.0,E,,534781.0,E,,568439.0,E,,686839.0,E,,1050893.0,E,,985320.0,E,,759620.0,E,,847651.0,E,,866530.0,E,,820155.0,E,,987677.0,E,,924913.0,E,,908618.0,E,,965544.0,E,,1106183.0,E,,1384939.0,E,,1294009.0,E,,1583059.0,E,
54010,'151.03,Eastern Europe (excluding intra-trade),656,'01610,"Coffee, green",5910,Export quantity,t,,,,,,,,,,,,,,,,,,,,,,,,,,,,,,,,,,,,,,,,,,,,,,,,,,,,,,,,,,,,,,,,,,,,,,,,,,,,,,,99.0,E,,11.0,E,,127.0,E,,,,,9346.0,E,,9027.0,E,,4981.0,E,,560.0,E,,1714.0,E,,5359.0,E,,2220.0,E,,3712.0,E,,2481.0,E,,9140.97,E,,4007.31,E,,3906.54,E,,2785.97,E,,0.0,E,,243.68,E,,275.47,E,,459.28,E,,0.0,E,,0.0,E,,1395.04,E,,1787.25,E,,2903.4,E,,336.37,E,,2383.31,E,,1956.83,E,,2239.67,E,,1583.07,E,,1444.31,E,,1633.72,E,,1863.87,E,,1981.9,E,,2200.2,E,,2180.33,E,,2774.68,E,
54010,'151.03,Eastern Europe (excluding intra-trade),656,'01610,"Coffee, green",5922,Export value,1000 USD,,,,,,,,,,,,,,,,,,,,,,,,,,,,,,,,,,,,,,,,,,,,,,,,,,,,,,,,,,,,,,,,,,,,,,,,,,,,,,,230.0,E,,25.0,E,,320.0,E,,,,,10549.0,E,,7709.0,E,,4378.0,E,,1322.0,E,,5213.0,E,,13481.0,E,,4106.0,E,,7320.0,E,,4359.0,E,,13726.0,E,,3578.0,E,,2590.0,E,,2508.0,E,,268.0,E,,523.0,E,,561.0,E,,1323.0,E,,0.0,E,,9194.0,E,,9608.0,E,,6372.0,E,,11914.0,E,,44.0,E,,9106.0,E,,7575.0,E,,9910.0,E,,10955.0,E,,11434.0,E,,12268.0,E,,16819.0,E,,14704.0,E,,15967.0,E,,17690.0,E,,20034.0,E,
5402,'154,Northern Europe,656,'01610,"Coffee, green",5610,Import quantity,t,243186.0,A,,271349.0,A,,293644.0,A,,300257.0,A,,270557.0,A,,314113.0,A,,322779.0,A,,339558.0,A,,365034.0,A,,375981.0,A,,323828.0,A,,365689.0,A,,391483.0,A,,354968.0,A,,364353.0,A,,385832.0,A,,275270.0,A,,315463.0,A,,357444.0,A,,328565.0,A,,358619.0,A,,345616.0,A,,344020.0,A,,359851.0,A,,336698.0,A,,342031.0,A,,374637.0,A,,349041.0,A,,360935.0,A,,377619.0,A,,363314.0,A,,378038.0,A,,390518.0,A,,410663.0,A,,327317.0,A,,376465.0,A,,369460.0,A,,385086.0,A,,385895.0,A,,371572.44,A,,368207.0,A,,375128.0,A,,356503.0,A,,376488.0,A,,362610.0,A,,372457.0,A,,374345.0,A,,378049.0,A,,380571.0,A,,405108.0,A,,382629.0,A,,364027.0,A,,376382.0,A,,376198.05,A,,404305.82,A,,431696.36,A,,411312.81,A,,431777.42,A,,444076.78,A,,400122.44,A,,363975.94,A,,407207.68,A,,370615.69,A,,362306.22,A,
5402,'154,Northern Europe,656,'01610,"Coffee, green",5622,Import value,1000 USD,184726.0,A,,193235.0,A,,209877.0,A,,275134.0,A,,253581.0,A,,286266.0,A,,274419.0,A,,282035.0,A,,303355.0,A,,415341.0,A,,326370.0,A,,391296.0,A,,535816.0,A,,527559.0,A,,532221.0,A,,946807.0,A,,1327646.0,A,,1168631.0,A,,1257568.0,A,,1291991.0,A,,979421.0,A,,965979.0,A,,944784.0,A,,1096920.0,A,,1004874.0,A,,1463465.0,A,,997656.0,A,,991375.0,A,,913903.0,A,,697194.0,A,,678811.0,A,,560875.0,A,,614634.0,A,,1132983.0,A,,1158846.0,A,,997969.0,A,,1327451.0,A,,1186292.0,A,,854919.0,A,,725393.0,A,,500228.0,A,,439902.0,A,,482935.0,A,,578149.0,A,,776799.0,A,,855645.0,A,,972788.0,A,,1185264.0,A,,1081908.0,A,,1409336.0,A,,2009674.0,A,,1617580.0,A,,1241188.0,A,,1385727.0,A,,1393756.0,A,,1370288.0,A,,1428835.0,A,,1293173.0,A,,1235605.0,A,,1193705.0,A,,1258556.0,A,,1958792.0,A,,1629103.0,A,,1784384.0,A,
5402,'154,Northern Europe,656,'01610,"Coffee, green",5910,Export quantity,t,4251.0,A,,2263.0,A,,1537.0,A,,4204.0,A,,3434.0,A,,2001.0,A,,2014.0,A,,1305.0,A,,1657.0,A,,3717.0,A,,2448.0,A,,2495.0,A,,1164.0,A,,4591.0,A,,11777.0,A,,5936.0,A,,9157.0,A,,11588.0,A,,15327.0,A,,4980.0,A,,5555.0,A,,5434.0,A,,5550.0,A,,5542.0,A,,3922.0,A,,6061.0,A,,9538.0,A,,11242.0,A,,9664.0,A,,8346.0,A,,9197.0,A,,9241.0,A,,11216.0,A,,12630.0,A,,7138.0,A,,9358.0,A,,8682.0,A,,7528.0,A,,5910.0,A,,6376.93,A,,5704.7,E,,6179.7,A,,5791.21,A,,2769.0,A,,2487.0,A,,4732.0,A,,3447.0,A,,4289.0,A,,5909.04,A,,7933.0,A,,8737.0,A,,10609.0,A,,13083.0,A,,10113.85,A,,18105.46,A,,26416.11,A,,18199.6,A,,14608.18,A,,15888.21,A,,11443.25,A,,24668.69,A,,39148.27,A,,28127.23,A,,31468.95,A,
5402,'154,Northern Europe,656,'01610,"Coffee, green",5922,Export value,1000 USD,4104.0,A,,1767.0,A,,1291.0,A,,3312.0,A,,2621.0,A,,1711.0,A,,1637.0,A,,1024.0,A,,1307.0,A,,3388.0,A,,2357.0,A,,2380.0,A,,1329.0,A,,5285.0,A,,12497.0,A,,13467.0,A,,42557.0,A,,45662.0,A,,52208.0,A,,19466.0,A,,13763.0,A,,13976.0,A,,15360.0,A,,16204.0,A,,12199.0,A,,26228.0,A,,27987.0,A,,37054.0,A,,26802.0,A,,16447.0,A,,17811.0,A,,16668.0,A,,16836.0,A,,33361.0,A,,29203.0,A,,29650.0,A,,31237.0,A,,28105.0,A,,16582.0,A,,14645.0,A,,12232.0,A,,9485.0,A,,10811.0,A,,10154.0,A,,10488.0,A,,23587.0,A,,20039.0,A,,33134.0,A,,32420.0,A,,42911.0,A,,61871.0,A,,66198.0,A,,61379.0,A,,59576.0,A,,86390.0,A,,98967.0,A,,84256.0,A,,68525.0,A,,69494.0,A,,58217.0,A,,77450.0,A,,147957.0,A,,106433.0,A,,156647.0,A,
54020,'154.03,Northern Europe (excluding intra-trade),656,'01610,"Coffee, green",5610,Import quantity,t,,,,,,,,,,,,,,,,,,,,,,,,,,,,,,,,,,,,,,,,,,,,,,,,,,,,,,,,,,,,,,,,,,,,,,,,,,,,340116.0,E,,371668.0,E,,342840.0,E,,353362.0,E,,370722.0,E,,362331.0,E,,375029.0,E,,385397.0,E,,407776.0,E,,323377.0,E,,372805.0,E,,364504.0,E,,375003.0,E,,378759.0,E,,369635.02,E,,365216.6,E,,372133.98,E,,353753.24,E,,373756.8,E,,358665.69,E,,369759.74,E,,371137.6,E,,375279.87,E,,375349.78,E,,397500.71,E,,377322.57,E,,358656.05,E,,371406.26,E,,370833.42,E,,399350.95,E,,424688.94,E,,403372.13,E,,424059.62,E,,436208.52,E,,392715.02,E,,362253.27,E,,404415.69,E,,367856.74,E,,359468.6,E,
54020,'154.03,Northern Europe (excluding intra-trade),656,'01610,"Coffee, green",5622,Import value,1000 USD,,,,,,,,,,,,,,,,,,,,,,,,,,,,,,,,,,,,,,,,,,,,,,,,,,,,,,,,,,,,,,,,,,,,,,,,,,,,1454232.0,E,,986664.0,E,,969938.0,E,,890578.0,E,,664298.0,E,,674487.0,E,,551399.0,E,,606347.0,E,,1122893.0,E,,1141704.0,E,,982829.0,E,,1309355.0,E,,1141245.0,E,,831404.0,E,,719674.0,E,,494340.0,E,,434856.0,E,,476118.0,E,,569666.0,E,,766672.0,E,,846231.0,E,,959596.0,E,,1171448.0,E,,1055733.0,E,,1372239.0,E,,1977045.0,E,,1585567.0,E,,1212791.0,E,,1356837.0,E,,1366707.0,E,,1338149.0,E,,1391053.0,E,,1257833.0,E,,1198290.0,E,,1162864.0,E,,1249728.0,E,,1943182.0,E,,1613516.0,E,,1766271.0,E,
54020,'154.03,Northern Europe (excluding intra-trade),656,'01610,"Coffee, green",5910,Export quantity,t,,,,,,,,,,,,,,,,,,,,,,,,,,,,,,,,,,,,,,,,,,,,,,,,,,,,,,,,,,,,,,,,,,,,,,,,,,,,2903.0,E,,4941.0,E,,6129.0,E,,6669.0,E,,6048.0,E,,7928.0,E,,7360.0,E,,8250.0,E,,8054.0,E,,5299.0,E,,6936.0,E,,4313.0,E,,4663.0,E,,3674.0,E,,5223.22,E,,4498.87,E,,4256.28,E,,4025.9,E,,1163.87,E,,1460.02,E,,2152.71,E,,1903.83,E,,2776.24,E,,3001.41,E,,3799.52,E,,4054.1,E,,5649.9,E,,7953.77,E,,4998.37,E,,8145.63,E,,16174.33,E,,11938.43,E,,7356.79,E,,9190.36,E,,6217.51,E,,21661.66,E,,34317.84,E,,23262.57,E,,27118.87,E,
54020,'154.03,Northern Europe (excluding intra-trade),656,'01610,"Coffee, green",5922,Export value,1000 USD,,,,,,,,,,,,,,,,,,,,,,,,,,,,,,,,,,,,,,,,,,,,,,,,,,,,,,,,,,,,,,,,,,,,,,,,,,,,11275.0,E,,15392.0,E,,20041.0,E,,17297.0,E,,10493.0,E,,14204.0,E,,12008.0,E,,11229.0,E,,23372.0,E,,20321.0,E,,21438.0,E,,17215.0,E,,17674.0,E,,11448.0,E,,11746.0,E,,9823.0,E,,6187.0,E,,6973.0,E,,5021.0,E,,4422.0,E,,6861.0,E,,9910.0,E,,21482.0,E,,13148.0,E,,17318.0,E,,24539.0,E,,33804.0,E,,36729.0,E,,29547.0,E,,36216.0,E,,51258.0,E,,53064.0,E,,36112.0,E,,36513.0,E,,31373.0,E,,63148.0,E,,125146.0,E,,83388.0,E,,133240.0,E,
5403,'039,Southern Europe,656,'01610,"Coffee, green",5610,Import quantity,t,152161.0,A,,165920.0,A,,189516.0,A,,195242.0,A,,204247.0,A,,221540.0,A,,248219.0,A,,263879.0,A,,292340.0,A,,311329.0,A,,317057.0,A,,333372.0,A,,356827.0,A,,373865.0,A,,361780.0,A,,381788.0,A,,336646.0,A,,352896.0,A,,425853.0,A,,451003.0,A,,418279.0,A,,422005.0,A,,458283.0,A,,409656.0,A,,467245.0,A,,484991.0,A,,526470.0,A,,504488.0,A,,529690.0,A,,600530.0,A,,556582.0,A,,535865.0,A,,572203.0,A,,565284.0,A,,570626.0,A,,619423.0,A,,644380.0,A,,647860.0,A,,668198.0,A,,707779.81,A,,738731.0,A,,738806.0,A,,737112.0,A,,802311.0,A,,776383.0,A,,839316.0,A,,889929.0,A,,890069.0,A,,887074.0,A,,907721.0,A,,907076.0,A,,944779.0,A,,953190.0,A,,974046.54,A,,989101.71,A,,1067523.07,A,,1008441.18,A,,1086920.94,A,,1125856.63,A,,1070826.12,A,,1117453.92,A,,1208039.72,A,,1142308.26,A,,1194889.32,A,
5403,'039,Southern Europe,656,'01610,"Coffee, green",5622,Import value,1000 USD,96767.0,A,,102361.0,A,,121761.0,A,,150994.0,A,,167971.0,A,,181099.0,A,,193875.0,A,,200128.0,A,,224451.0,A,,285452.0,A,,282923.0,A,,319973.0,A,,419805.0,A,,519002.0,A,,497855.0,A,,785679.0,A,,1475978.0,A,,1284852.0,A,,1477597.0,A,,1693552.0,A,,1102566.0,A,,1089131.0,A,,1184236.0,A,,1165584.0,A,,1314597.0,A,,1892308.0,A,,1430643.0,A,,1312378.0,A,,1234143.0,A,,1005117.0,A,,888714.0,A,,719065.0,A,,759341.0,A,,1272955.0,A,,1922902.0,A,,1538959.0,A,,1681298.0,A,,1630478.0,A,,1303410.0,A,,1148469.0,A,,838018.0,A,,706792.0,A,,793919.0,A,,964981.0,A,,1242753.0,A,,1538537.0,A,,1930255.0,A,,2369016.0,A,,2053867.0,A,,2214672.0,A,,3322163.0,A,,3116170.0,A,,2619946.0,A,,2663481.0,A,,2717052.0,A,,2612495.0,A,,2747042.0,A,,2641993.0,A,,2416442.0,A,,2275450.0,A,,2561499.0,A,,4025620.0,A,,3798025.0,A,,4983764.0,A,
5403,'039,Southern Europe,656,'01610,"Coffee, green",5910,Export quantity,t,2.0,A,,1.0,A,,38.0,A,,156.0,A,,117.0,A,,219.0,A,,143.0,A,,222.0,A,,170.0,A,,170.0,A,,521.0,A,,618.0,A,,556.0,A,,327.0,A,,96.0,A,,74.0,A,,48.0,A,,516.0,A,,94.0,A,,384.0,A,,654.0,A,,987.0,A,,1254.0,A,,631.0,A,,395.0,A,,957.0,A,,5927.0,A,,12521.0,A,,4048.0,A,,13363.0,A,,10669.0,A,,13367.0,A,,28974.0,A,,25839.0,A,,19131.0,A,,19507.0,E,,24084.0,A,,22843.0,E,,18408.0,A,,25156.19,A,,43511.0,A,,18491.0,A,,24538.0,A,,28643.0,A,,31542.0,A,,23446.0,A,,23876.0,A,,28022.0,A,,37552.0,A,,41162.0,A,,36240.0,A,,42260.0,E,,41866.0,A,,42436.36,A,,41886.25,A,,55873.59,A,,53618.88,A,,55230.08,A,,65144.46,A,,73093.98,A,,80578.8,A,,91483.21,A,,69885.06,A,,62711.0,A,
5403,'039,Southern Europe,656,'01610,"Coffee, green",5922,Export value,1000 USD,4.0,A,,1.0,A,,31.0,A,,219.0,A,,153.0,A,,252.0,A,,148.0,A,,186.0,A,,150.0,A,,179.0,A,,605.0,A,,648.0,A,,867.0,A,,588.0,A,,167.0,A,,146.0,A,,260.0,A,,2054.0,A,,328.0,A,,2081.0,A,,2202.0,A,,3362.0,A,,3460.0,A,,2007.0,A,,1053.0,A,,4217.0,A,,18024.0,A,,20402.0,A,,13070.0,A,,31286.0,A,,27004.0,A,,27116.0,A,,43375.0,A,,74046.0,E,,78140.0,E,,61029.0,E,,68068.0,A,,62360.0,A,,40449.0,A,,50197.0,A,,54466.0,A,,27892.0,A,,43961.0,A,,62571.0,A,,78958.0,A,,69860.0,A,,84364.0,A,,112510.0,A,,121675.0,A,,144281.0,A,,179187.0,A,,189229.0,A,,172225.0,A,,174849.0,A,,169630.0,A,,172111.0,A,,187313.0,A,,186737.0,A,,189530.0,A,,197988.0,A,,237091.0,A,,304229.0,A,,255440.0,A,,279414.0,A,
54030,'039.03,Southern Europe (excluding intra-trade),656,'01610,"Coffee, green",5610,Import quantity,t,,,,,,,,,,,,,,,,,,,,,,,,,,,,,,,,,,,,,,,,,,,,,,,,,,,,,,,,,,,,,,,,,,,,,,,,,,,,482867.0,E,,524122.0,E,,500607.0,E,,514386.0,E,,592781.0,E,,515886.0,E,,527996.0,E,,569260.0,E,,559617.0,E,,558304.0,E,,611570.0,E,,637738.0,E,,610736.0,E,,623688.0,E,,700334.84,E,,727825.69,E,,730354.71,E,,728901.5,E,,792038.62,E,,768104.2,E,,831641.51,E,,884802.38,E,,883167.24,E,,879032.03,E,,898245.65,E,,896646.79,E,,929666.15,E,,942801.52,E,,963021.82,E,,978469.12,E,,1053735.78,E,,992415.15,E,,1070280.33,E,,1102590.63,E,,1049834.0,E,,1091941.5,E,,1179428.23,E,,1117133.36,E,,1172163.48,E,
54030,'039.03,Southern Europe (excluding intra-trade),656,'01610,"Coffee, green",5622,Import value,1000 USD,,,,,,,,,,,,,,,,,,,,,,,,,,,,,,,,,,,,,,,,,,,,,,,,,,,,,,,,,,,,,,,,,,,,,,,,,,,,1883607.0,E,,1423640.0,E,,1313860.0,E,,1216422.0,E,,990107.0,E,,797680.0,E,,707718.0,E,,747094.0,E,,1254758.0,E,,1878621.0,E,,1520985.0,E,,1663289.0,E,,1524649.0,E,,1196378.0,E,,1136573.0,E,,825840.0,E,,696751.0,E,,781505.0,E,,950137.0,E,,1226103.0,E,,1521003.0,E,,1913208.0,E,,2340153.0,E,,2025044.0,E,,2178129.0,E,,3273620.0,E,,3062588.0,E,,2581374.0,E,,2618494.0,E,,2676037.0,E,,2559070.0,E,,2691674.0,E,,2587884.0,E,,2355321.0,E,,2220342.0,E,,2485276.0,E,,3910695.0,E,,3696850.0,E,,4872084.0,E,
54030,'039.03,Southern Europe (excluding intra-trade),656,'01610,"Coffee, green",5910,Export quantity,t,,,,,,,,,,,,,,,,,,,,,,,,,,,,,,,,,,,,,,,,,,,,,,,,,,,,,,,,,,,,,,,,,,,,,,,,,,,,69.0,E,,4247.0,E,,9558.0,E,,2840.0,E,,11541.0,E,,9488.0,E,,11422.0,E,,17958.0,E,,21776.0,E,,12844.0,E,,14648.0,E,,18072.0,E,,14960.0,E,,10976.0,E,,16767.64,E,,28274.29,E,,8970.3,E,,15721.06,E,,20186.44,E,,22833.84,E,,16918.17,E,,17080.35,E,,20525.47,E,,29585.99,E,,30736.91,E,,29856.49,E,,33971.57,E,,33247.26,E,,31352.27,E,,31399.75,E,,40427.88,E,,33381.95,E,,31879.87,E,,37744.34,E,,45334.81,E,,44541.23,E,,49773.87,E,,34786.58,E,,31612.46,E,
54030,'039.03,Southern Europe (excluding intra-trade),656,'01610,"Coffee, green",5922,Export value,1000 USD,,,,,,,,,,,,,,,,,,,,,,,,,,,,,,,,,,,,,,,,,,,,,,,,,,,,,,,,,,,,,,,,,,,,,,,,,,,,425.0,E,,12993.0,E,,12870.0,E,,9148.0,E,,27868.0,E,,24745.0,E,,23659.0,E,,26731.0,E,,62226.0,E,,54810.0,E,,47111.0,E,,49915.0,E,,40983.0,E,,26917.0,E,,37494.0,E,,37688.0,E,,17150.0,E,,32099.0,E,,50206.0,E,,62532.0,E,,55556.0,E,,66390.0,E,,88025.0,E,,97184.0,E,,115314.0,E,,152384.0,E,,157584.0,E,,143071.0,E,,138941.0,E,,139084.0,E,,131456.0,E,,129974.0,E,,124851.0,E,,126722.0,E,,137020.0,E,,160423.0,E,,195337.0,E,,158630.0,E,,164588.0,E,
5404,'155,Western Europe,656,'01610,"Coffee, green",5610,Import quantity,t,613147.0,A,,634422.0,A,,672734.0,A,,725373.0,A,,739536.0,A,,744766.0,A,,750030.0,A,,818895.0,A,,850223.0,A,,845683.0,A,,898034.0,A,,944044.0,A,,957783.0,A,,939985.0,A,,1044575.0,A,,1061086.0,A,,952378.0,A,,1055141.0,A,,1179315.0,A,,1162019.0,A,,1230780.0,A,,1232000.0,A,,1271119.0,A,,1218678.0,A,,1257233.0,A,,1304156.0,A,,1403091.0,A,,1436387.0,A,,1477863.0,A,,1600832.0,A,,1543652.0,A,,1634037.0,A,,1560168.0,A,,1480908.0,A,,1382834.0,A,,1512891.0,A,,1508478.0,A,,1470041.0,A,,1511779.0,A,,1507662.97,A,,1542016.0,A,,1597585.0,A,,1619967.0,A,,1661762.0,A,,1592718.0,A,,1734076.0,A,,1778517.0,A,,1874729.0,A,,1830208.0,A,,1890914.0,A,,1904115.0,A,,1934861.0,A,,1884658.0,A,,1908603.93,A,,1908480.59,A,,1974417.19,A,,1944521.53,A,,2021824.43,A,,2073472.87,A,,2066283.89,A,,2090815.97,A,,2223632.53,A,,1928993.21,A,,2123793.32,A,
5404,'155,Western Europe,656,'01610,"Coffee, green",5622,Import value,1000 USD,492446.0,A,,495011.0,A,,507935.0,A,,649850.0,A,,669404.0,A,,678228.0,A,,641922.0,A,,697429.0,A,,728733.0,A,,915560.0,A,,906588.0,A,,1024478.0,A,,1294747.0,A,,1378354.0,A,,1454511.0,A,,2585007.0,A,,4557715.0,A,,3928351.0,A,,4202941.0,A,,4285849.0,A,,3274364.0,A,,3429436.0,A,,3497255.0,A,,3654702.0,A,,3704457.0,A,,5288838.0,A,,3902321.0,A,,4015046.0,A,,3731537.0,A,,2882502.0,A,,2698154.0,A,,2445604.0,A,,2267440.0,A,,3603318.0,A,,4929714.0,A,,3835441.0,A,,4647973.0,A,,4175087.0,A,,3095260.0,A,,2663135.0,A,,1925794.0,A,,1725342.0,A,,1976010.0,A,,2234414.0,A,,3070097.0,A,,3624886.0,A,,4221906.0,A,,5318731.0,A,,4648467.0,A,,5637997.0,A,,8714134.0,A,,7421581.0,A,,5670199.0,A,,6167916.0,A,,5839200.0,A,,5342051.0,A,,5861190.0,A,,5435942.0,A,,5017608.0,A,,5442936.0,A,,6353709.0,A,,9495852.0,A,,7768223.0,A,,9925527.0,A,
5404,'155,Western Europe,656,'01610,"Coffee, green",5910,Export quantity,t,6801.0,A,,6702.0,A,,3916.0,A,,3957.0,A,,7727.0,A,,10170.0,A,,10604.0,A,,11996.0,A,,14582.0,A,,14834.0,A,,12652.0,A,,22182.0,A,,38966.0,A,,40021.0,A,,45186.0,A,,49875.0,A,,36109.0,A,,53240.0,A,,71451.0,A,,55132.0,A,,62567.0,A,,58887.0,A,,62496.0,A,,76317.0,A,,101071.0,A,,102281.0,A,,120081.0,A,,136788.0,A,,167340.0,A,,155121.0,A,,141602.0,A,,134955.0,A,,179632.0,A,,213303.0,A,,177307.0,A,,206333.0,A,,227873.0,A,,240746.0,A,,233356.0,A,,287032.43,A,,269068.0,A,,294959.0,A,,282957.0,A,,315843.0,A,,386837.0,A,,400969.0,A,,416559.0,A,,566598.0,A,,541279.0,A,,565662.0,A,,577322.0,A,,583754.0,A,,506835.0,A,,502292.06,A,,522306.48,A,,550838.28,A,,588816.17,A,,610542.61,A,,622109.42,A,,614400.39,A,,641042.69,A,,667008.15,A,,607973.96,A,,603630.09,A,
5404,'155,Western Europe,656,'01610,"Coffee, green",5922,Export value,1000 USD,4692.0,A,,4854.0,A,,3687.0,A,,4367.0,A,,8243.0,A,,11172.0,A,,11033.0,A,,12547.0,A,,14469.0,A,,18333.0,A,,14694.0,A,,27509.0,A,,61380.0,A,,68248.0,A,,74773.0,A,,140876.0,A,,190273.0,A,,198337.0,A,,262653.0,A,,218345.0,A,,180878.0,A,,182279.0,A,,191631.0,A,,252986.0,A,,327679.0,A,,448766.0,A,,380831.0,A,,434993.0,A,,469899.0,A,,334092.0,A,,277433.0,A,,252641.0,A,,302724.0,A,,532559.0,A,,640924.0,A,,577229.0,A,,732319.0,A,,715957.0,A,,539242.0,A,,579306.0,A,,386073.0,A,,383934.0,A,,452132.0,A,,567294.0,A,,824569.0,A,,934152.0,A,,1113670.0,A,,1729241.0,A,,1503140.0,A,,1735083.0,A,,2629089.0,A,,2247674.0,A,,1674227.0,A,,1718894.0,A,,1662359.0,A,,1606776.0,A,,1878595.0,A,,1752798.0,A,,1599035.0,A,,1715179.0,A,,2033333.0,A,,2881378.0,A,,2582339.0,A,,2991489.0,A,
54040,'155.03,Western Europe (excluding intra-trade),656,'01610,"Coffee, green",5610,Import quantity,t,,,,,,,,,,,,,,,,,,,,,,,,,,,,,,,,,,,,,,,,,,,,,,,,,,,,,,,,,,,,,,,,,,,,,,,,,,,,620612.0,E,,662112.0,E,,659828.0,E,,661970.0,E,,702105.0,E,,1456470.0,E,,1540288.0,E,,1440482.0,E,,1341715.0,E,,1229107.0,E,,1394572.0,E,,1368312.0,E,,1281905.0,E,,1344087.0,E,,1390937.33,E,,1431391.24,E,,1469951.59,E,,1488771.84,E,,1535525.38,E,,1474042.86,E,,1592436.46,E,,1638611.4,E,,1673358.33,E,,1677084.68,E,,1747313.03,E,,1735307.2,E,,1775911.98,E,,1766909.48,E,,1753482.55,E,,1726345.22,E,,1783344.28,E,,1740821.76,E,,1799705.33,E,,1837593.4,E,,1828939.08,E,,1857770.29,E,,1965803.79,E,,1712704.07,E,,1913708.07,E,
54040,'155.03,Western Europe (excluding intra-trade),656,'01610,"Coffee, green",5622,Import value,1000 USD,,,,,,,,,,,,,,,,,,,,,,,,,,,,,,,,,,,,,,,,,,,,,,,,,,,,,,,,,,,,,,,,,,,,,,,,,,,,2457766.0,E,,1805825.0,E,,1765949.0,E,,1581958.0,E,,1229932.0,E,,2564427.0,E,,2307707.0,E,,2072256.0,E,,3246797.0,E,,4360846.0,E,,3522425.0,E,,4232345.0,E,,3579072.0,E,,2727268.0,E,,2447199.0,E,,1760541.0,E,,1574086.0,E,,1794749.0,E,,2046922.0,E,,2840223.0,E,,3329704.0,E,,3870466.0,E,,4727991.0,E,,4081350.0,E,,5109073.0,E,,7936106.0,E,,6779117.0,E,,5278716.0,E,,5638489.0,E,,5285780.0,E,,4822900.0,E,,5245260.0,E,,4803482.0,E,,4437434.0,E,,4765823.0,E,,5633722.0,E,,8429318.0,E,,6812531.0,E,,8897184.0,E,
54040,'155.03,Western Europe (excluding intra-trade),656,'01610,"Coffee, green",5910,Export quantity,t,,,,,,,,,,,,,,,,,,,,,,,,,,,,,,,,,,,,,,,,,,,,,,,,,,,,,,,,,,,,,,,,,,,,,,,,,,,,18181.0,E,,20096.0,E,,23880.0,E,,24331.0,E,,21370.0,E,,59793.0,E,,61431.0,E,,74834.0,E,,87676.0,E,,79563.0,E,,90594.0,E,,96613.0,E,,116724.0,E,,108823.0,E,,144883.9,E,,126723.76,E,,131879.81,E,,136861.29,E,,174485.03,E,,188250.14,E,,207020.49,E,,211731.05,E,,221502.76,E,,245836.78,E,,277411.75,E,,289316.52,E,,305865.81,E,,278238.34,E,,269330.21,E,,259211.12,E,,279430.3,E,,310103.83,E,,324458.13,E,,332253.9,E,,315830.11,E,,333133.23,E,,336272.53,E,,317257.17,E,,327016.68,E,
54040,'155.03,Western Europe (excluding intra-trade),656,'01610,"Coffee, green",5922,Export value,1000 USD,,,,,,,,,,,,,,,,,,,,,,,,,,,,,,,,,,,,,,,,,,,,,,,,,,,,,,,,,,,,,,,,,,,,,,,,,,,,86206.0,E,,67854.0,E,,85332.0,E,,74969.0,E,,54613.0,E,,141519.0,E,,125095.0,E,,139684.0,E,,223934.0,E,,272292.0,E,,273759.0,E,,332308.0,E,,362291.0,E,,274613.0,E,,322395.0,E,,191131.0,E,,184990.0,E,,231433.0,E,,332819.0,E,,429275.0,E,,509087.0,E,,604423.0,E,,727059.0,E,,708668.0,E,,862163.0,E,,1280596.0,E,,1107421.0,E,,921593.0,E,,942685.0,E,,798754.0,E,,830661.0,E,,977227.0,E,,933416.0,E,,859732.0,E,,871162.0,E,,1070603.0,E,,1436693.0,E,,1314235.0,E,,1603955.0,E,
5500,'009,Oceania,656,'01610,"Coffee, green",5610,Import quantity,t,13665.0,A,,12204.0,A,,13570.0,A,,17468.0,A,,17724.0,A,,17678.0,A,,21304.0,A,,20574.0,A,,23115.0,A,,27688.0,A,,29663.0,A,,28951.0,A,,28798.0,A,,31760.0,A,,34934.0,A,,31544.0,A,,34159.0,A,,26470.0,A,,34575.0,A,,40966.0,A,,37483.0,A,,41441.0,A,,38525.0,A,,36888.0,A,,36856.0,A,,38405.0,A,,34815.0,A,,41877.0,A,,37689.0,A,,40041.0,A,,45361.0,E,,44556.0,E,,47600.0,A,,53982.0,E,,80876.0,E,,54270.0,E,,57375.0,E,,51175.0,E,,56410.0,E,,37105.79,E,,29142.65,E,,29502.16,E,,48140.0,A,,49738.46,A,,58214.05,A,,59077.74,A,,62718.81,A,,63620.0,A,,68247.0,A,,75585.0,A,,73562.04,A,,81733.03,A,,81623.55,E,,86887.69,A,,95552.11,A,,95364.83,A,,104252.04,A,,106326.75,A,,110125.09,A,,103678.54,A,,111253.72,A,,120493.52,A,,110593.31,A,,111494.28,A,
5500,'009,Oceania,656,'01610,"Coffee, green",5622,Import value,1000 USD,8617.0,A,,7478.0,A,,8484.0,A,,12288.0,A,,13600.0,A,,13700.0,A,,15788.0,A,,14717.0,A,,16346.0,A,,20072.0,A,,25298.0,A,,23841.0,A,,28459.0,A,,37186.0,A,,41360.0,A,,46517.0,A,,111967.0,A,,110242.0,A,,98738.0,A,,148640.0,A,,108934.0,A,,97320.0,A,,94162.0,A,,99957.0,A,,102941.0,A,,131266.0,A,,110891.0,A,,102203.0,A,,92534.0,A,,67605.0,A,,70944.0,E,,62395.0,A,,55752.0,A,,71817.0,E,,159616.0,E,,125914.0,E,,140634.0,E,,127134.0,E,,108922.0,E,,85313.0,A,,47388.0,A,,44434.0,A,,56119.0,A,,62705.0,A,,107252.0,A,,119178.0,A,,154687.0,A,,185735.0,A,,182406.0,A,,234989.0,A,,355886.0,A,,352807.0,A,,278460.0,A,,314330.0,A,,342387.0,A,,325364.0,A,,381193.0,A,,356517.0,A,,342901.0,A,,331488.0,A,,410180.0,A,,595941.0,A,,524453.0,A,,552210.0,A,
5500,'009,Oceania,656,'01610,"Coffee, green",5910,Export quantity,t,4539.0,A,,5110.0,A,,6598.0,A,,9329.0,A,,10206.0,A,,12747.0,A,,14436.0,A,,19793.0,A,,20950.0,A,,27460.0,A,,24497.0,A,,29256.0,A,,31714.0,A,,33185.0,A,,37178.0,A,,37607.0,A,,50298.0,A,,46421.0,A,,50108.0,A,,51354.0,A,,47342.0,A,,41406.0,A,,52751.0,A,,50859.0,A,,40769.0,A,,53373.0,A,,64925.0,A,,44826.0,A,,79386.0,A,,63536.0,A,,45067.0,A,,53222.0,A,,63155.0,A,,65196.0,E,,56080.0,E,,62939.0,E,,60481.0,E,,84482.0,E,,81708.0,E,,69625.29,A,,52139.3,A,,63393.0,A,,69330.45,A,,63655.2,A,,72679.0,A,,53105.0,A,,55312.12,A,,58478.0,E,,57488.11,E,,59438.67,E,,64352.0,E,,65468.0,E,,48006.0,E,,50571.35,E,,43126.1,E,,55890.7,E,,56906.06,E,,51395.92,E,,52059.48,E,,36801.86,A,,41791.61,A,,44699.82,A,,60118.2,A,,58197.06,E,
5500,'009,Oceania,656,'01610,"Coffee, green",5922,Export value,1000 USD,3831.0,A,,4417.0,A,,5457.0,A,,7561.0,A,,9058.0,A,,11036.0,A,,12308.0,A,,16804.0,A,,17852.0,A,,23578.0,A,,23877.0,A,,24787.0,A,,30917.0,A,,43044.0,A,,46518.0,A,,53857.0,A,,168481.0,A,,152280.0,A,,176328.0,A,,177677.0,A,,110922.0,A,,106280.0,A,,114673.0,A,,126963.0,A,,117559.0,A,,210178.0,A,,148532.0,A,,131225.0,A,,163876.0,A,,108765.0,A,,80648.0,A,,71145.0,A,,96066.0,A,,205812.0,E,,173772.0,E,,148684.0,E,,232827.0,E,,235138.0,E,,176079.0,E,,120565.0,A,,58058.0,A,,72137.0,A,,85674.0,A,,90303.0,A,,154115.0,A,,113512.0,A,,140998.0,A,,162406.0,E,,162656.0,E,,192521.0,E,,321952.0,E,,265704.0,E,,142304.0,E,,176848.0,E,,147987.0,E,,177488.0,E,,174144.0,E,,153247.0,E,,142587.0,E,,108703.0,A,,159462.0,A,,213998.0,A,,235380.0,A,,247914.0,E,
55000,'009.03,Oceania (excluding intra-trade),656,'01610,"Coffee, green",5610,Import quantity,t,,,,,,,,,,,,,,,,,,,,,,,,,,,,,,,,,,,,,,,,,,,,,,,,,,,,,,,,,,,,,,,,,,,,,,,,,,,,22294.0,E,,24385.0,E,,26099.0,E,,24936.0,E,,26218.0,E,,29995.0,E,,29603.0,E,,32771.0,E,,5530.0,E,,4730.0,E,,37845.0,E,,5389.0,E,,6620.0,E,,40699.0,E,,21863.57,E,,21384.15,E,,21148.3,E,,38760.49,E,,39925.15,E,,46901.25,E,,47582.46,E,,51226.88,E,,53098.03,E,,56156.22,E,,62882.08,E,,61758.61,E,,69301.22,E,,71555.33,E,,77573.82,E,,86415.58,E,,85278.38,E,,93655.4,E,,96624.46,E,,101968.56,E,,96344.48,E,,102036.46,E,,111832.92,E,,100654.38,E,,102717.93,E,
55000,'009.03,Oceania (excluding intra-trade),656,'01610,"Coffee, green",5622,Import value,1000 USD,,,,,,,,,,,,,,,,,,,,,,,,,,,,,,,,,,,,,,,,,,,,,,,,,,,,,,,,,,,,,,,,,,,,,,,,,,,,74272.0,E,,61169.0,E,,61253.0,E,,50022.0,E,,33169.0,E,,38418.0,E,,32216.0,E,,37592.0,E,,14805.0,E,,15618.0,E,,81643.0,E,,82752.0,E,,81593.0,E,,72994.0,E,,54385.0,E,,35878.0,E,,34767.0,E,,43621.0,E,,48091.0,E,,81416.0,E,,93492.0,E,,124894.0,E,,155368.0,E,,148158.0,E,,189570.0,E,,291606.0,E,,301707.0,E,,245367.0,E,,277561.0,E,,309677.0,E,,290680.0,E,,345387.0,E,,323751.0,E,,317612.0,E,,308076.0,E,,373931.0,E,,548289.0,E,,478794.0,E,,510107.0,E,
55000,'009.03,Oceania (excluding intra-trade),656,'01610,"Coffee, green",5910,Export quantity,t,,,,,,,,,,,,,,,,,,,,,,,,,,,,,,,,,,,,,,,,,,,,,,,,,,,,,,,,,,,,,,,,,,,,,,,,,,,,13699.0,E,,12650.0,E,,8289.0,E,,35332.0,E,,11904.0,E,,31191.0,E,,37857.0,E,,49256.0,E,,48212.0,E,,55778.0,E,,53183.0,E,,41738.0,E,,54462.0,E,,67304.0,E,,52810.99,E,,44168.73,E,,54879.89,E,,59669.92,E,,53685.14,E,,61041.14,E,,41234.44,E,,43565.36,E,,47700.43,E,,45198.58,E,,46591.78,E,,60330.5,E,,62858.89,E,,37875.32,E,,41115.01,E,,33654.47,E,,45541.29,E,,45900.87,E,,41333.37,E,,43399.33,E,,29572.47,E,,33441.28,E,,36968.41,E,,49485.85,E,,49055.27,E,
55000,'009.03,Oceania (excluding intra-trade),656,'01610,"Coffee, green",5922,Export value,1000 USD,,,,,,,,,,,,,,,,,,,,,,,,,,,,,,,,,,,,,,,,,,,,,,,,,,,,,,,,,,,,,,,,,,,,,,,,,,,,49804.0,E,,29640.0,E,,23546.0,E,,67134.0,E,,20082.0,E,,54547.0,E,,46638.0,E,,73592.0,E,,135555.0,E,,207607.0,E,,109884.0,E,,174759.0,E,,160585.0,E,,149006.0,E,,85832.0,E,,47098.0,E,,63075.0,E,,73642.0,E,,75253.0,E,,129737.0,E,,89152.0,E,,112893.0,E,,133977.0,E,,130914.0,E,,150921.0,E,,253503.0,E,,220533.0,E,,112221.0,E,,142844.0,E,,116895.0,E,,145081.0,E,,139875.0,E,,121102.0,E,,116804.0,E,,86302.0,E,,128277.0,E,,175993.0,E,,191479.0,E,,207347.0,E,
5501,'053,Australia and New Zealand,656,'01610,"Coffee, green",5610,Import quantity,t,13660.0,A,,12201.0,A,,13563.0,A,,17456.0,A,,17714.0,A,,17566.0,A,,21170.0,A,,20549.0,A,,23045.0,A,,27659.0,A,,29616.0,A,,28921.0,A,,28759.0,A,,31709.0,A,,34880.0,A,,31503.0,A,,34120.0,A,,26428.0,A,,34537.0,A,,40869.0,A,,37422.0,A,,41406.0,A,,38348.0,A,,36751.0,A,,36616.0,A,,38113.0,A,,34474.0,A,,41576.0,A,,37191.0,A,,39745.0,A,,44868.0,A,,44087.0,A,,47169.0,A,,53407.0,E,,80437.0,E,,53661.0,A,,56704.0,E,,50357.0,E,,55883.0,A,,36579.35,E,,28408.0,E,,28852.0,E,,47784.0,A,,48969.0,A,,57725.0,A,,58614.0,A,,62159.0,A,,63028.0,A,,67612.0,A,,74935.0,A,,73181.0,A,,81171.0,A,,80995.0,E,,86403.77,A,,95014.36,A,,95071.39,A,,103695.11,A,,105932.81,A,,109682.53,A,,103276.31,A,,110879.56,A,,120146.29,A,,109896.79,A,,111253.6,A,
5501,'053,Australia and New Zealand,656,'01610,"Coffee, green",5622,Import value,1000 USD,8601.0,A,,7466.0,A,,8463.0,A,,12257.0,A,,13570.0,A,,13645.0,A,,15727.0,A,,14670.0,A,,16294.0,A,,19994.0,A,,25207.0,A,,23759.0,A,,28319.0,A,,37024.0,A,,41181.0,A,,46342.0,A,,111741.0,A,,110009.0,A,,98502.0,A,,148266.0,A,,108602.0,A,,97000.0,A,,93493.0,A,,99325.0,A,,101988.0,A,,129714.0,A,,109465.0,A,,100883.0,A,,91049.0,A,,67052.0,A,,69172.0,A,,61238.0,A,,54545.0,A,,70167.0,A,,157971.0,A,,123813.0,A,,138672.0,A,,124781.0,A,,107958.0,A,,83654.0,A,,45983.0,A,,43315.0,A,,55299.0,A,,61173.0,A,,105840.0,A,,117516.0,A,,152915.0,A,,183707.0,A,,180250.0,A,,232788.0,A,,353842.0,A,,350188.0,A,,275700.0,A,,312236.0,A,,339986.0,A,,323572.0,A,,378442.0,A,,354224.0,A,,340563.0,A,,329422.0,A,,407880.0,A,,593495.0,A,,520093.0,A,,549700.0,A,
5501,'053,Australia and New Zealand,656,'01610,"Coffee, green",5910,Export quantity,t,60.0,A,,104.0,A,,67.0,A,,100.0,A,,80.0,A,,50.0,A,,17.0,A,,0.0,A,,18.0,A,,155.0,A,,122.0,A,,386.0,A,,128.0,A,,75.0,A,,89.0,A,,100.0,A,,117.0,A,,143.0,A,,41.0,A,,59.0,A,,49.0,A,,119.0,A,,107.0,A,,46.0,A,,63.0,A,,45.0,A,,73.0,A,,56.0,A,,61.0,A,,74.0,A,,165.0,A,,195.0,A,,295.0,A,,487.0,A,,944.0,A,,602.0,A,,1222.0,E,,944.0,A,,2440.0,A,,3007.29,A,,503.0,E,,291.0,A,,521.0,A,,624.0,A,,576.0,A,,778.0,A,,659.0,A,,475.0,A,,486.0,A,,608.0,A,,550.0,A,,551.0,A,,738.0,A,,1108.52,A,,1253.75,A,,1044.94,A,,1524.06,E,,1040.72,A,,1083.54,A,,1723.61,A,,992.14,A,,762.91,A,,1080.6,A,,891.38,A,
5501,'053,Australia and New Zealand,656,'01610,"Coffee, green",5922,Export value,1000 USD,53.0,A,,84.0,A,,33.0,A,,84.0,A,,76.0,A,,49.0,A,,16.0,A,,0.0,A,,10.0,A,,116.0,A,,129.0,A,,350.0,A,,166.0,A,,106.0,A,,141.0,A,,153.0,A,,512.0,A,,622.0,A,,64.0,A,,111.0,A,,164.0,A,,623.0,A,,914.0,A,,170.0,A,,227.0,A,,260.0,A,,393.0,A,,289.0,A,,400.0,A,,316.0,A,,617.0,A,,551.0,A,,1714.0,A,,2002.0,A,,5540.0,A,,4159.0,A,,5554.0,E,,4972.0,A,,11689.0,A,,13904.0,A,,2291.0,A,,926.0,A,,1555.0,A,,2155.0,A,,2221.0,A,,3157.0,A,,2953.0,A,,2251.0,A,,2557.0,A,,2894.0,A,,4020.0,A,,3562.0,A,,4239.0,A,,5193.0,A,,6550.0,A,,6310.0,A,,6834.0,A,,7743.0,A,,6475.0,A,,8048.0,A,,6550.0,A,,6305.0,A,,7862.0,A,,6855.0,A,
55010,'053.03,Australia and New Zealand (excluding intra-trade),656,'01610,"Coffee, green",5610,Import quantity,t,,,,,,,,,,,,,,,,,,,,,,,,,,,,,,,,,,,,,,,,,,,,,,,,,,,,,,,,,,,,,,,,,,,,,,,,,,,,36370.0,E,,40603.0,E,,37470.0,E,,35727.0,E,,41155.0,E,,44530.0,E,,46010.0,E,,47520.0,E,,6646.0,E,,5992.0,E,,53494.0,E,,6642.0,E,,7862.0,E,,55663.0,E,,36430.13,E,,28407.51,E,,28830.89,E,,47725.83,E,,48928.78,E,,57635.19,E,,58592.47,E,,62131.47,E,,62990.39,E,,67590.74,E,,74881.17,E,,73117.88,E,,81087.68,E,,80966.28,E,,86376.59,E,,94946.64,E,,94935.24,E,,103687.16,E,,105852.91,E,,109606.34,E,,103241.69,E,,110844.58,E,,120098.77,E,,109837.2,E,,111233.44,E,
55010,'053.03,Australia and New Zealand (excluding intra-trade),656,'01610,"Coffee, green",5622,Import value,1000 USD,,,,,,,,,,,,,,,,,,,,,,,,,,,,,,,,,,,,,,,,,,,,,,,,,,,,,,,,,,,,,,,,,,,,,,,,,,,,135298.0,E,,105569.0,E,,95911.0,E,,78842.0,E,,60565.0,E,,66549.0,E,,56405.0,E,,58914.0,E,,19122.0,E,,20345.0,E,,121023.0,E,,137019.0,E,,123244.0,E,,107465.0,E,,83355.0,E,,45981.0,E,,43275.0,E,,55159.0,E,,61025.0,E,,105585.0,E,,117446.0,E,,152755.0,E,,183518.0,E,,180148.0,E,,232472.0,E,,353383.0,E,,349600.0,E,,275573.0,E,,312045.0,E,,339622.0,E,,322982.0,E,,378410.0,E,,353837.0,E,,340313.0,E,,329240.0,E,,407676.0,E,,593178.0,E,,519727.0,E,,549557.0,E,
55010,'053.03,Australia and New Zealand (excluding intra-trade),656,'01610,"Coffee, green",5910,Export quantity,t,,,,,,,,,,,,,,,,,,,,,,,,,,,,,,,,,,,,,,,,,,,,,,,,,,,,,,,,,,,,,,,,,,,,,,,,,,,,64.0,E,,0.0,E,,31.0,E,,61.0,E,,17.0,E,,150.0,E,,215.0,E,,90.0,E,,157.0,E,,205.0,E,,120.0,E,,615.0,E,,218.0,E,,1342.0,E,,1277.64,E,,283.73,E,,105.06,E,,184.84,E,,257.15,E,,181.46,E,,387.51,E,,282.11,E,,199.94,E,,243.37,E,,389.86,E,,333.92,E,,495.68,E,,642.34,E,,940.63,E,,852.6,E,,654.3,E,,1174.46,E,,618.19,E,,519.48,E,,1198.61,E,,428.96,E,,382.75,E,,503.89,E,,512.72,E,
55010,'053.03,Australia and New Zealand (excluding intra-trade),656,'01610,"Coffee, green",5922,Export value,1000 USD,,,,,,,,,,,,,,,,,,,,,,,,,,,,,,,,,,,,,,,,,,,,,,,,,,,,,,,,,,,,,,,,,,,,,,,,,,,,324.0,E,,3.0,E,,242.0,E,,228.0,E,,142.0,E,,511.0,E,,860.0,E,,658.0,E,,647.0,E,,990.0,E,,868.0,E,,1870.0,E,,1312.0,E,,6433.0,E,,6491.0,E,,1581.0,E,,450.0,E,,595.0,E,,963.0,E,,899.0,E,,1745.0,E,,1120.0,E,,895.0,E,,1249.0,E,,1679.0,E,,2424.0,E,,3108.0,E,,3637.0,E,,3960.0,E,,4483.0,E,,4492.0,E,,4787.0,E,,4681.0,E,,3148.0,E,,4952.0,E,,3244.0,E,,3468.0,E,,3680.0,E,,3913.0,E,
5502,'054,Melanesia,656,'01610,"Coffee, green",5610,Import quantity,t,2.0,A,,2.0,A,,3.0,A,,5.0,A,,4.0,A,,106.0,A,,125.0,A,,16.0,A,,64.0,A,,19.0,A,,36.0,A,,16.0,A,,24.0,A,,32.0,A,,24.0,A,,28.0,A,,25.0,A,,28.0,A,,31.0,A,,88.0,A,,51.0,A,,29.0,A,,101.0,A,,29.0,A,,34.0,A,,46.0,A,,55.0,A,,86.0,A,,271.0,A,,217.0,A,,315.0,E,,398.0,A,,291.0,E,,423.0,E,,308.0,E,,423.0,E,,497.0,E,,564.0,E,,436.0,E,,226.28,E,,580.0,A,,428.0,A,,250.0,A,,522.0,A,,368.0,A,,322.0,A,,347.0,A,,368.0,E,,427.0,A,,438.0,E,,291.0,A,,411.0,A,,472.0,A,,371.75,A,,346.12,A,,151.05,E,,346.02,E,,230.14,E,,279.24,E,,276.3,E,,271.32,E,,188.32,E,,488.61,E,,120.55,E,
5502,'054,Melanesia,656,'01610,"Coffee, green",5622,Import value,1000 USD,9.0,A,,10.0,A,,12.0,A,,15.0,A,,14.0,A,,42.0,A,,44.0,A,,27.0,A,,37.0,A,,54.0,A,,66.0,A,,53.0,A,,96.0,A,,103.0,A,,96.0,A,,123.0,A,,151.0,A,,139.0,A,,182.0,A,,269.0,A,,229.0,A,,236.0,A,,415.0,A,,230.0,A,,227.0,A,,284.0,A,,235.0,A,,419.0,A,,291.0,A,,352.0,A,,986.0,E,,935.0,A,,826.0,E,,1191.0,E,,1057.0,E,,1410.0,E,,1222.0,E,,1426.0,E,,670.0,E,,822.0,E,,1046.0,A,,760.0,A,,529.0,A,,1016.0,A,,978.0,A,,1082.0,A,,1028.0,A,,1241.0,E,,1356.0,A,,1463.0,A,,1363.0,A,,1884.0,A,,1983.0,A,,1615.0,A,,1542.0,A,,1159.0,E,,1906.0,E,,1501.0,E,,1728.0,E,,1337.0,E,,1551.0,E,,1484.0,E,,2887.0,E,,1370.0,E,
5502,'054,Melanesia,656,'01610,"Coffee, green",5910,Export quantity,t,4427.0,A,,4892.0,A,,6396.0,A,,9200.0,A,,10116.0,A,,12676.0,A,,14394.0,A,,19773.0,A,,20926.0,A,,27305.0,A,,24354.0,A,,28870.0,A,,31584.0,A,,33110.0,A,,37089.0,A,,37497.0,A,,50181.0,A,,46278.0,A,,50067.0,A,,51295.0,A,,47293.0,A,,41287.0,A,,52644.0,A,,50813.0,A,,40706.0,A,,53328.0,A,,64852.0,A,,44770.0,A,,79325.0,A,,63462.0,A,,44902.0,A,,53027.0,A,,62860.0,A,,64709.0,E,,55136.0,A,,62337.0,E,,59259.0,A,,83538.0,E,,79268.0,E,,66618.0,A,,51636.3,A,,63102.0,A,,68809.0,A,,63012.0,A,,72102.0,A,,52302.0,A,,54603.0,A,,58002.0,E,,57001.11,E,,58810.37,E,,63801.0,E,,64898.0,E,,47249.0,E,,49462.82,E,,41872.35,E,,54845.76,E,,55364.0,E,,50355.02,E,,50883.58,E,,35077.77,A,,40783.14,A,,43936.2,A,,59037.37,A,,57304.56,E,
5502,'054,Melanesia,656,'01610,"Coffee, green",5922,Export value,1000 USD,3736.0,A,,4247.0,A,,5319.0,A,,7450.0,A,,8975.0,A,,10972.0,A,,12275.0,A,,16792.0,A,,17838.0,A,,23462.0,A,,23733.0,A,,24437.0,A,,30749.0,A,,42936.0,A,,46377.0,A,,53668.0,A,,167969.0,A,,151657.0,A,,176263.0,A,,177565.0,A,,110757.0,A,,105655.0,A,,113759.0,A,,126793.0,A,,117332.0,A,,209918.0,A,,148139.0,A,,130936.0,A,,163476.0,A,,108449.0,A,,80031.0,A,,70594.0,A,,94352.0,A,,203810.0,E,,168232.0,A,,144525.0,E,,227273.0,A,,230166.0,E,,164390.0,E,,106661.0,A,,55767.0,A,,71210.0,A,,84116.0,A,,88124.0,A,,151887.0,A,,110325.0,A,,137923.0,A,,160105.0,E,,160041.0,E,,189588.0,E,,317929.0,E,,262056.0,E,,137980.0,E,,171654.0,E,,141438.0,E,,171178.0,E,,167246.0,E,,145503.0,E,,135921.0,E,,100649.0,A,,152846.0,A,,207685.0,A,,227516.0,A,,241049.0,E,
55020,'540.03,Melanesia (excluding intra-trade),656,'01610,"Coffee, green",5610,Import quantity,t,,,,,,,,,,,,,,,,,,,,,,,,,,,,,,,,,,,,,,,,,,,,,,,,,,,,,,,,,,,,,,,,,,,,,,,,,,,,17.0,E,,53.0,E,,50.0,E,,22.0,E,,21.0,E,,26.0,E,,111.0,E,,6.0,E,,103.0,E,,12.0,E,,27.0,E,,160.0,E,,186.0,E,,470.0,E,,97.0,E,,2.0,E,,51.0,E,,47.0,E,,246.0,E,,118.0,E,,126.0,E,,150.0,E,,102.0,E,,31.0,E,,82.0,E,,91.0,E,,219.0,E,,143.0,E,,70.97,E,,128.17,E,,112.21,E,,312.89,E,,193.0,E,,,,,,,,,,,,,,,,,,,
55020,'540.03,Melanesia (excluding intra-trade),656,'01610,"Coffee, green",5622,Import value,1000 USD,,,,,,,,,,,,,,,,,,,,,,,,,,,,,,,,,,,,,,,,,,,,,,,,,,,,,,,,,,,,,,,,,,,,,,,,,,,,183.0,E,,235.0,E,,132.0,E,,208.0,E,,242.0,E,,181.0,E,,149.0,E,,48.0,E,,208.0,E,,87.0,E,,216.0,E,,345.0,E,,484.0,E,,1794.0,E,,506.0,E,,13.0,E,,137.0,E,,172.0,E,,437.0,E,,298.0,E,,358.0,E,,398.0,E,,403.0,E,,164.0,E,,289.0,E,,510.0,E,,790.0,E,,761.0,E,,402.0,E,,491.0,E,,795.0,E,,1547.0,E,,1124.0,E,,,,,,,,,,,,,,,,,,,
55020,'540.03,Melanesia (excluding intra-trade),656,'01610,"Coffee, green",5910,Export quantity,t,,,,,,,,,,,,,,,,,,,,,,,,,,,,,,,,,,,,,,,,,,,,,,,,,,,,,,,,,,,,,,,,,,,,,,,,,,,,28204.0,E,,28153.0,E,,20074.0,E,,47912.0,E,,27450.0,E,,44535.0,E,,54668.0,E,,63267.0,E,,49612.0,E,,56993.0,E,,70190.0,E,,42681.0,E,,55945.0,E,,81845.0,E,,0.0,E,,199.0,E,,57121.0,E,,69033.0,E,,69545.0,E,,63592.0,E,,57631.0,E,,49574.0,E,,65444.0,E,,59692.0,E,,58587.0,E,,63704.0,E,,64591.0,E,,46923.0,E,,49161.98,E,,41654.18,E,,54806.61,E,,55330.56,E,,50317.79,E,,,,,,,,,,,,,,,,,,,
55020,'540.03,Melanesia (excluding intra-trade),656,'01610,"Coffee, green",5922,Export value,1000 USD,,,,,,,,,,,,,,,,,,,,,,,,,,,,,,,,,,,,,,,,,,,,,,,,,,,,,,,,,,,,,,,,,,,,,,,,,,,,111720.0,E,,68217.0,E,,58606.0,E,,97337.0,E,,47470.0,E,,79248.0,E,,69995.0,E,,93867.0,E,,140373.0,E,,211893.0,E,,149543.0,E,,228012.0,E,,202542.0,E,,181260.0,E,,2.0,E,,235.0,E,,76145.0,E,,100041.0,E,,103304.0,E,,147966.0,E,,138485.0,E,,134741.0,E,,201100.0,E,,174135.0,E,,211565.0,E,,355754.0,E,,292167.0,E,,153335.0,E,,191059.0,E,,157395.0,E,,191451.0,E,,187111.0,E,,162713.0,E,,,,,,,,,,,,,,,,,,,
5503,'057,Micronesia,656,'01610,"Coffee, green",5610,Import quantity,t,0.0,A,,0.0,A,,0.0,A,,0.0,A,,0.0,A,,0.0,A,,0.0,A,,0.0,A,,0.0,A,,0.0,A,,0.0,A,,0.0,A,,0.0,A,,0.0,A,,0.0,A,,0.0,A,,0.0,A,,0.0,A,,0.0,A,,0.0,A,,0.0,A,,0.0,A,,0.0,A,,0.0,A,,0.0,A,,7.0,A,,0.0,X,,0.0,X,,0.0,X,,0.0,X,,0.0,X,,0.0,X,,0.0,A,,0.0,A,,0.0,A,,1.0,A,,0.0,A,,0.0,X,,0.0,X,,53.16,X,,4.65,X,,1.16,X,,1.0,X,,118.46,E,,0.05,E,,3.74,X,,0.81,X,,0.0,X,,2.0,A,,0.0,X,,1.04,A,,0.03,E,,0.55,X,,2.44,E,,8.36,E,,13.36,E,,5.59,E,,11.8,E,,4.88,X,,26.75,E,,26.07,E,,9.4,X,,44.73,X,,4.37,E,
5503,'057,Micronesia,656,'01610,"Coffee, green",5622,Import value,1000 USD,0.0,A,,0.0,A,,0.0,A,,0.0,A,,0.0,A,,0.0,A,,0.0,A,,0.0,A,,0.0,A,,0.0,A,,0.0,A,,0.0,A,,0.0,A,,0.0,A,,0.0,A,,0.0,A,,0.0,A,,0.0,A,,0.0,A,,0.0,A,,0.0,A,,0.0,A,,0.0,A,,0.0,A,,0.0,A,,81.0,A,,0.0,X,,0.0,X,,0.0,X,,0.0,X,,0.0,X,,0.0,X,,0.0,A,,0.0,A,,0.0,A,,19.0,A,,2.0,A,,0.0,X,,0.0,X,,146.0,E,,17.0,E,,11.0,X,,12.0,X,,200.0,X,,7.0,A,,18.0,X,,1.0,X,,0.0,X,,40.0,A,,0.0,X,,7.0,A,,13.0,A,,14.0,X,,48.0,E,,170.0,E,,257.0,E,,132.0,E,,228.0,E,,76.0,X,,374.0,A,,330.0,A,,101.0,X,,226.0,X,,65.0,X,
5503,'057,Micronesia,656,'01610,"Coffee, green",5910,Export quantity,t,,,,,,,,,,,,,,,,,,,,,,,,,,,,,,,,,,,,,,,,,,,,,,,,,,,,,,,,,,,,,,,,,,,,,,,,,,,,,,,,,,,,,,,,,,,,,,,,,,,,,,,,,,,,,,,,,,,,,,,,,,,,,,,0.45,X,,19.2,X,,,,,24.0,X,,49.13,X,,,,,,,,19.3,X,,,,,,,,,,,0.0,X,,,,,,,,18.0,X,,0.14,X,,86.4,X,,0.13,X,,,,,,,,0.01,X,,0.1,X,
5503,'057,Micronesia,656,'01610,"Coffee, green",5922,Export value,1000 USD,,,,,,,,,,,,,,,,,,,,,,,,,,,,,,,,,,,,,,,,,,,,,,,,,,,,,,,,,,,,,,,,,,,,,,,,,,,,,,,,,,,,,,,,,,,,,,,,,,,,,,,,,,,,,,,,,,,,,,,,,,,,,,,3.0,X,,23.0,X,,,,,24.0,X,,112.0,X,,,,,,,,37.0,X,,,,,,,,,,,0.0,X,,,,,,,,64.0,X,,0.0,X,,181.0,X,,0.0,X,,,,,,,,0.0,X,,1.0,X,
55030,'057.03,Micronesia (excluding intra-trade),656,'01610,"Coffee, green",5610,Import quantity,t,,,,,,,,,,,,,,,,,,,,,,,,,,,,,,,,,,,,,,,,,,,,,,,,,,,,,,,,,,,,,,,,,,,,,,,,,,,,,,,,,,9.0,E,,3.0,E,,0.0,E,,,,,0.0,E,,0.0,E,,3.0,E,,2.0,E,,9.0,E,,9.0,E,,73.0,E,,31.0,E,,53.16,E,,4.65,E,,1.16,E,,1.0,E,,118.46,E,,0.05,E,,3.74,E,,0.81,E,,0.0,E,,2.0,E,,0.0,E,,1.04,E,,0.03,E,,0.55,E,,2.44,E,,8.36,E,,13.36,E,,5.59,E,,11.8,E,,4.88,E,,26.62,E,,26.07,E,,9.4,E,,44.73,E,,4.37,E,
55030,'057.03,Micronesia (excluding intra-trade),656,'01610,"Coffee, green",5622,Import value,1000 USD,,,,,,,,,,,,,,,,,,,,,,,,,,,,,,,,,,,,,,,,,,,,,,,,,,,,,,,,,,,,,,,,,,,,,,,,,,,,,,,,,,44.0,E,,13.0,E,,6.0,E,,,,,9.0,E,,1.0,E,,10.0,E,,14.0,E,,70.0,E,,47.0,E,,144.0,E,,62.0,E,,146.0,E,,17.0,E,,11.0,E,,12.0,E,,200.0,E,,7.0,E,,18.0,E,,1.0,E,,0.0,E,,40.0,E,,0.0,E,,7.0,E,,13.0,E,,14.0,E,,48.0,E,,170.0,E,,257.0,E,,132.0,E,,228.0,E,,76.0,E,,373.0,E,,330.0,E,,101.0,E,,226.0,E,,65.0,E,
55030,'057.03,Micronesia (excluding intra-trade),656,'01610,"Coffee, green",5910,Export quantity,t,,,,,,,,,,,,,,,,,,,,,,,,,,,,,,,,,,,,,,,,,,,,,,,,,,,,,,,,,,,,,,,,,,,,,,,,,,,,,,,,,,,,,,,,,,,,,,,,,14.0,E,,,,,,,,53.0,E,,,,,,,,7.0,E,,948.0,E,,20.0,E,,,,,0.45,E,,19.2,E,,680.0,E,,24.0,E,,49.13,E,,,,,,,,19.3,E,,,,,,,,,,,0.0,E,,,,,,,,18.0,E,,0.14,E,,86.4,E,,0.0,E,,,,,,,,0.01,E,,0.1,E,
55030,'057.03,Micronesia (excluding intra-trade),656,'01610,"Coffee, green",5922,Export value,1000 USD,,,,,,,,,,,,,,,,,,,,,,,,,,,,,,,,,,,,,,,,,,,,,,,,,,,,,,,,,,,,,,,,,,,,,,,,,,,,,,,,,,,,,,,,,,,,,,,,,18.0,E,,,,,,,,115.0,E,,,,,,,,13.0,E,,711.0,E,,28.0,E,,,,,3.0,E,,23.0,E,,955.0,E,,24.0,E,,112.0,E,,,,,,,,37.0,E,,,,,,,,,,,0.0,E,,,,,,,,64.0,E,,0.0,E,,181.0,E,,0.0,E,,,,,,,,0.0,E,,1.0,E,
5504,'061,Polynesia,656,'01610,"Coffee, green",5610,Import quantity,t,3.0,A,,1.0,A,,4.0,A,,7.0,A,,6.0,A,,6.0,A,,9.0,A,,9.0,A,,6.0,A,,10.0,A,,11.0,A,,14.0,A,,15.0,A,,19.0,A,,30.0,A,,13.0,A,,14.0,A,,14.0,A,,7.0,A,,9.0,A,,10.0,A,,6.0,A,,76.0,A,,108.0,A,,206.0,A,,239.0,A,,286.0,A,,215.0,A,,227.0,A,,79.0,A,,178.0,E,,71.0,E,,140.0,E,,152.0,E,,131.0,E,,185.0,E,,174.0,E,,254.0,E,,91.0,E,,247.0,A,,150.0,A,,221.0,A,,105.0,A,,129.0,A,,121.0,A,,138.0,A,,212.0,A,,224.0,E,,206.0,E,,212.0,E,,89.0,A,,151.0,A,,156.0,A,,109.74,A,,183.26,A,,129.03,A,,205.33,A,,152.0,A,,158.44,A,,99.18,E,,76.77,E,,149.51,A,,163.17,E,,115.77,E,
5504,'061,Polynesia,656,'01610,"Coffee, green",5622,Import value,1000 USD,7.0,A,,2.0,A,,9.0,A,,16.0,A,,16.0,A,,13.0,A,,17.0,A,,20.0,A,,15.0,A,,24.0,A,,25.0,A,,29.0,A,,44.0,A,,59.0,A,,83.0,A,,52.0,A,,75.0,A,,94.0,A,,54.0,A,,105.0,A,,103.0,A,,84.0,A,,254.0,A,,402.0,A,,726.0,A,,1187.0,A,,1191.0,A,,901.0,A,,1194.0,A,,201.0,A,,786.0,E,,222.0,E,,381.0,E,,459.0,E,,588.0,E,,672.0,E,,738.0,E,,927.0,E,,294.0,E,,691.0,A,,342.0,A,,348.0,A,,279.0,A,,316.0,A,,427.0,A,,562.0,A,,743.0,A,,787.0,E,,760.0,E,,738.0,E,,674.0,A,,722.0,A,,763.0,A,,431.0,A,,689.0,A,,376.0,A,,712.0,A,,565.0,A,,534.0,A,,354.0,E,,418.0,A,,862.0,A,,1247.0,E,,1075.0,E,
5504,'061,Polynesia,656,'01610,"Coffee, green",5910,Export quantity,t,52.0,A,,114.0,A,,135.0,A,,29.0,A,,10.0,A,,21.0,A,,25.0,A,,20.0,A,,6.0,A,,0.0,A,,21.0,A,,0.0,A,,2.0,A,,0.0,A,,0.0,A,,10.0,A,,0.0,A,,0.0,A,,0.0,A,,0.0,A,,0.0,A,,0.0,A,,0.0,A,,0.0,A,,0.0,A,,0.0,A,,0.0,A,,0.0,A,,0.0,A,,0.0,A,,0.0,A,,0.0,A,,0.0,A,,0.0,E,,0.0,E,,0.0,E,,0.0,E,,0.0,E,,0.0,E,,0.0,E,,0.0,E,,0.0,E,,0.0,E,,0.0,E,,1.0,A,,1.0,E,,1.0,E,,1.0,E,,1.0,E,,1.0,E,,1.0,E,,19.0,E,,19.0,E,,0.01,X,,0.0,X,,,,,,,,0.04,X,,5.96,X,,0.35,X,,16.34,X,,0.71,E,,0.22,A,,1.01,A,
5504,'061,Polynesia,656,'01610,"Coffee, green",5922,Export value,1000 USD,42.0,A,,86.0,A,,105.0,A,,27.0,A,,7.0,A,,15.0,A,,17.0,A,,12.0,A,,4.0,A,,0.0,A,,15.0,A,,0.0,A,,2.0,A,,2.0,A,,0.0,A,,36.0,A,,0.0,A,,1.0,A,,1.0,A,,1.0,A,,1.0,A,,2.0,A,,0.0,A,,0.0,A,,0.0,A,,0.0,A,,0.0,A,,0.0,A,,0.0,A,,0.0,A,,0.0,A,,0.0,A,,0.0,A,,0.0,E,,0.0,E,,0.0,E,,0.0,E,,0.0,E,,0.0,E,,0.0,E,,0.0,E,,1.0,A,,0.0,E,,1.0,A,,7.0,A,,6.0,E,,10.0,A,,50.0,E,,58.0,E,,3.0,E,,3.0,E,,86.0,E,,85.0,E,,0.0,X,,0.0,X,,,,,,,,0.0,X,,9.0,X,,5.0,X,,66.0,X,,8.0,E,,2.0,A,,8.0,A,
55040,'061.03,Polynesia (excluding intra-trade),656,'01610,"Coffee, green",5610,Import quantity,t,,,,,,,,,,,,,,,,,,,,,,,,,,,,,,,,,,,,,,,,,,,,,,,,,,,,,,,,,,,,,,,,,,,,,,,,,,,,282.0,E,,250.0,E,,131.0,E,,117.0,E,,231.0,E,,229.0,E,,112.0,E,,217.0,E,,364.0,E,,144.0,E,,180.0,E,,136.0,E,,202.0,E,,440.0,E,,247.0,E,,150.0,E,,221.0,E,,105.0,E,,129.0,E,,121.0,E,,138.0,E,,212.0,E,,224.0,E,,206.0,E,,212.0,E,,89.0,E,,151.0,E,,156.0,E,,109.74,E,,183.26,E,,129.03,E,,205.33,E,,152.0,E,,158.44,E,,99.18,E,,76.77,E,,149.5,E,,163.17,E,,115.68,E,
55040,'061.03,Polynesia (excluding intra-trade),656,'01610,"Coffee, green",5622,Import value,1000 USD,,,,,,,,,,,,,,,,,,,,,,,,,,,,,,,,,,,,,,,,,,,,,,,,,,,,,,,,,,,,,,,,,,,,,,,,,,,,1305.0,E,,755.0,E,,471.0,E,,353.0,E,,228.0,E,,405.0,E,,150.0,E,,311.0,E,,923.0,E,,448.0,E,,439.0,E,,464.0,E,,999.0,E,,2405.0,E,,691.0,E,,342.0,E,,348.0,E,,279.0,E,,316.0,E,,427.0,E,,562.0,E,,743.0,E,,787.0,E,,760.0,E,,738.0,E,,674.0,E,,722.0,E,,763.0,E,,431.0,E,,689.0,E,,376.0,E,,712.0,E,,565.0,E,,534.0,E,,354.0,E,,418.0,E,,860.0,E,,1247.0,E,,1075.0,E,
55040,'061.03,Polynesia (excluding intra-trade),656,'01610,"Coffee, green",5910,Export quantity,t,,,,,,,,,,,,,,,,,,,,,,,,,,,,,,,,,,,,,,,,,,,,,,,,,,,,,,,,,,,,,,,,,,,,,,,,,,,,,,,0.0,E,,29.0,E,,,,,,,,,,,24.0,E,,,,,,,,,,,,,,,,,2.0,E,,15.0,E,,0.0,E,,0.0,E,,0.0,E,,0.0,E,,0.0,E,,1.0,E,,0.91,E,,0.93,E,,1.0,E,,1.0,E,,1.0,E,,1.0,E,,19.0,E,,19.0,E,,0.01,E,,0.0,E,,,,,,,,0.04,E,,5.96,E,,0.35,E,,16.34,E,,0.71,E,,0.22,E,,0.93,E,
55040,'061.03,Polynesia (excluding intra-trade),656,'01610,"Coffee, green",5922,Export value,1000 USD,,,,,,,,,,,,,,,,,,,,,,,,,,,,,,,,,,,,,,,,,,,,,,,,,,,,,,,,,,,,,,,,,,,,,,,,,,,,,,,1.0,E,,42.0,E,,,,,,,,,,,25.0,E,,,,,,,,,,,,,,,,,8.0,E,,31.0,E,,0.0,E,,0.0,E,,1.0,E,,0.0,E,,1.0,E,,7.0,E,,5.0,E,,9.0,E,,50.0,E,,58.0,E,,3.0,E,,3.0,E,,86.0,E,,85.0,E,,0.0,E,,0.0,E,,,,,,,,0.0,E,,9.0,E,,5.0,E,,66.0,E,,6.0,E,,2.0,E,,8.0,E,
261,'097.1203,European Union (12) (excluding intra-trade),656,'01610,"Coffee, green",5610,Import quantity,t,,,,,,,,,,,,,,,,,,,,,,,,,,,,,,,,,,,,,,,,,,,,,,,,,,,,,,,,,,,,,,,,,,,,,,,,,,,,,,,,,,,,,,,,,,,,,,,,,,,,1900659.0,E,,,,,,,,,,,,,,,,,,,,,,,,,,,,,,,,,,,,,,,,,,,,,,,,,,,,,,,,,,,,,,,,,,,,,,,,,,,,,,,,,,,,,,,,,,,
261,'097.1203,European Union (12) (excluding intra-trade),656,'01610,"Coffee, green",5622,Import value,1000 USD,,,,,,,,,,,,,,,,,,,,,,,,,,,,,,,,,,,,,,,,,,,,,,,,,,,,,,,,,,,,,,,,,,,,,,,,,,,,,,,,,,,,,,,,,,,,,,,,,,,,4503415.0,E,,,,,,,,,,,,,,,,,,,,,,,,,,,,,,,,,,,,,,,,,,,,,,,,,,,,,,,,,,,,,,,,,,,,,,,,,,,,,,,,,,,,,,,,,,,
261,'097.1203,European Union (12) (excluding intra-trade),656,'01610,"Coffee, green",5910,Export quantity,t,,,,,,,,,,,,,,,,,,,,,,,,,,,,,,,,,,,,,,,,,,,,,,,,,,,,,,,,,,,,,,,,,,,,,,,,,,,,,,,,,,,,,,,,,,,,,,,,,,,,87494.0,E,,,,,,,,,,,,,,,,,,,,,,,,,,,,,,,,,,,,,,,,,,,,,,,,,,,,,,,,,,,,,,,,,,,,,,,,,,,,,,,,,,,,,,,,,,,
261,'097.1203,European Union (12) (excluding intra-trade),656,'01610,"Coffee, green",5922,Export value,1000 USD,,,,,,,,,,,,,,,,,,,,,,,,,,,,,,,,,,,,,,,,,,,,,,,,,,,,,,,,,,,,,,,,,,,,,,,,,,,,,,,,,,,,,,,,,,,,,,,,,,,,234712.0,E,,,,,,,,,,,,,,,,,,,,,,,,,,,,,,,,,,,,,,,,,,,,,,,,,,,,,,,,,,,,,,,,,,,,,,,,,,,,,,,,,,,,,,,,,,,
266,'097.1503,European Union (15) (excluding intra-trade),656,'01610,"Coffee, green",5610,Import quantity,t,,,,,,,,,,,,,,,,,,,,,,,,,,,,,,,,,,,,,,,,,,,,,,,,,,,,,,,,,,,,,,,,,,,,,,,,,,,,,,,,,,,,,,,,,,,,,,,,,,,,,,,1960361.0,E,,2210551.0,E,,2195824.0,E,,2101446.0,E,,2181682.0,E,,2251478.0,E,,2295873.0,E,,2340542.0,E,,2365742.0,E,,,,,,,,,,,,,,,,,,,,,,,,,,,,,,,,,,,,,,,,,,,,,,,,,,,,,,,,,,,,,,,,
266,'097.1503,European Union (15) (excluding intra-trade),656,'01610,"Coffee, green",5622,Import value,1000 USD,,,,,,,,,,,,,,,,,,,,,,,,,,,,,,,,,,,,,,,,,,,,,,,,,,,,,,,,,,,,,,,,,,,,,,,,,,,,,,,,,,,,,,,,,,,,,,,,,,,,,,,6848101.0,E,,5546724.0,E,,6635463.0,E,,5739676.0,E,,4371173.0,E,,3879960.0,E,,2747703.0,E,,2408165.0,E,,2760367.0,E,,,,,,,,,,,,,,,,,,,,,,,,,,,,,,,,,,,,,,,,,,,,,,,,,,,,,,,,,,,,,,,,
266,'097.1503,European Union (15) (excluding intra-trade),656,'01610,"Coffee, green",5910,Export quantity,t,,,,,,,,,,,,,,,,,,,,,,,,,,,,,,,,,,,,,,,,,,,,,,,,,,,,,,,,,,,,,,,,,,,,,,,,,,,,,,,,,,,,,,,,,,,,,,,,,,,,,,,75673.0,E,,75067.0,E,,84440.0,E,,97218.0,E,,85620.0,E,,130369.0,E,,118288.0,E,,106246.0,E,,108459.0,E,,,,,,,,,,,,,,,,,,,,,,,,,,,,,,,,,,,,,,,,,,,,,,,,,,,,,,,,,,,,,,,,
266,'097.1503,European Union (15) (excluding intra-trade),656,'01610,"Coffee, green",5922,Export value,1000 USD,,,,,,,,,,,,,,,,,,,,,,,,,,,,,,,,,,,,,,,,,,,,,,,,,,,,,,,,,,,,,,,,,,,,,,,,,,,,,,,,,,,,,,,,,,,,,,,,,,,,,,,264044.0,E,,235420.0,E,,293776.0,E,,306494.0,E,,228488.0,E,,303518.0,E,,174703.0,E,,158480.0,E,,202766.0,E,,,,,,,,,,,,,,,,,,,,,,,,,,,,,,,,,,,,,,,,,,,,,,,,,,,,,,,,,,,,,,,,
268,'097.2503,European Union (25) (excluding intra-trade),656,'01610,"Coffee, green",5610,Import quantity,t,,,,,,,,,,,,,,,,,,,,,,,,,,,,,,,,,,,,,,,,,,,,,,,,,,,,,,,,,,,,,,,,,,,,,,,,,,,,,,,,,,,,,,,,,,,,,,,,,,,,,,,,,,,,,,,,,,,,,,,,,,,,,,,,,,2584746.0,E,,2466537.0,E,,2620791.0,E,,,,,,,,,,,,,,,,,,,,,,,,,,,,,,,,,,,,,,,,,,,,,,,,,,,,,,,
268,'097.2503,European Union (25) (excluding intra-trade),656,'01610,"Coffee, green",5622,Import value,1000 USD,,,,,,,,,,,,,,,,,,,,,,,,,,,,,,,,,,,,,,,,,,,,,,,,,,,,,,,,,,,,,,,,,,,,,,,,,,,,,,,,,,,,,,,,,,,,,,,,,,,,,,,,,,,,,,,,,,,,,,,,,,,,,,,,,,3302729.0,E,,4470064.0,E,,5251015.0,E,,,,,,,,,,,,,,,,,,,,,,,,,,,,,,,,,,,,,,,,,,,,,,,,,,,,,,,
268,'097.2503,European Union (25) (excluding intra-trade),656,'01610,"Coffee, green",5910,Export quantity,t,,,,,,,,,,,,,,,,,,,,,,,,,,,,,,,,,,,,,,,,,,,,,,,,,,,,,,,,,,,,,,,,,,,,,,,,,,,,,,,,,,,,,,,,,,,,,,,,,,,,,,,,,,,,,,,,,,,,,,,,,,,,,,,,,,113455.0,E,,103888.0,E,,109219.0,E,,,,,,,,,,,,,,,,,,,,,,,,,,,,,,,,,,,,,,,,,,,,,,,,,,,,,,,
268,'097.2503,European Union (25) (excluding intra-trade),656,'01610,"Coffee, green",5922,Export value,1000 USD,,,,,,,,,,,,,,,,,,,,,,,,,,,,,,,,,,,,,,,,,,,,,,,,,,,,,,,,,,,,,,,,,,,,,,,,,,,,,,,,,,,,,,,,,,,,,,,,,,,,,,,,,,,,,,,,,,,,,,,,,,,,,,,,,,262011.0,E,,303769.0,E,,325022.0,E,,,,,,,,,,,,,,,,,,,,,,,,,,,,,,,,,,,,,,,,,,,,,,,,,,,,,,,
269,'097.2703,European Union (27) (excluding Croatia) (excluding intra-trade),656,'01610,"Coffee, green",5610,Import quantity,t,,,,,,,,,,,,,,,,,,,,,,,,,,,,,,,,,,,,,,,,,,,,,,,,,,,,,,,,,,,,,,,,,,,,,,,,,,,,,,,,,,,,,,,,,,,,,,,,,,,,,,,,,,,,,,,,,,,,,,,,,,,,,,,,,,,,,,,,,,,2712247.0,E,,2741246.0,E,,2687610.0,E,,2756405.0,E,,2733217.0,E,,2777603.0,E,,,,,,,,,,,,,,,,,,,,,,,,,,,,,,,,,,,,,
269,'097.2703,European Union (27) (excluding Croatia) (excluding intra-trade),656,'01610,"Coffee, green",5622,Import value,1000 USD,,,,,,,,,,,,,,,,,,,,,,,,,,,,,,,,,,,,,,,,,,,,,,,,,,,,,,,,,,,,,,,,,,,,,,,,,,,,,,,,,,,,,,,,,,,,,,,,,,,,,,,,,,,,,,,,,,,,,,,,,,,,,,,,,,,,,,,,,,,6213248.0,E,,7597712.0,E,,6554355.0,E,,7702942.0,E,,11721285.0,E,,10106620.0,E,,,,,,,,,,,,,,,,,,,,,,,,,,,,,,,,,,,,,
269,'097.2703,European Union (27) (excluding Croatia) (excluding intra-trade),656,'01610,"Coffee, green",5910,Export quantity,t,,,,,,,,,,,,,,,,,,,,,,,,,,,,,,,,,,,,,,,,,,,,,,,,,,,,,,,,,,,,,,,,,,,,,,,,,,,,,,,,,,,,,,,,,,,,,,,,,,,,,,,,,,,,,,,,,,,,,,,,,,,,,,,,,,,,,,,,,,,101442.0,E,,104609.0,E,,96777.0,E,,103770.0,E,,121550.0,E,,119646.0,E,,,,,,,,,,,,,,,,,,,,,,,,,,,,,,,,,,,,,
269,'097.2703,European Union (27) (excluding Croatia) (excluding intra-trade),656,'01610,"Coffee, green",5922,Export value,1000 USD,,,,,,,,,,,,,,,,,,,,,,,,,,,,,,,,,,,,,,,,,,,,,,,,,,,,,,,,,,,,,,,,,,,,,,,,,,,,,,,,,,,,,,,,,,,,,,,,,,,,,,,,,,,,,,,,,,,,,,,,,,,,,,,,,,,,,,,,,,,358878.0,E,,425717.0,E,,360986.0,E,,431201.0,E,,702048.0,E,,568027.0,E,,,,,,,,,,,,,,,,,,,,,,,,,,,,,,,,,,,,,
57060,'097.2803,European Union (28) (excluding intra-trade),656,'01610,"Coffee, green",5610,Import quantity,t,,,,,,,,,,,,,,,,,,,,,,,,,,,,,,,,,,,,,,,,,,,,,,,,,,,,,,,,,,,,,,,,,,,,,,,,,,,,,,,,,,,,,,,,,,,,,,,,,,,,,,,,,,,,,,,,,,,,,,,,,,,,,,,,,,,,,,,,,,,,,,,,,,,,,,,,,,,,,2812676.0,E,,2828136.49,E,,2822130.37,E,,2962821.06,E,,2857116.54,E,,3005124.69,E,,,,,,,,,,,,,,,,,,,
57060,'097.2803,European Union (28) (excluding intra-trade),656,'01610,"Coffee, green",5622,Import value,1000 USD,,,,,,,,,,,,,,,,,,,,,,,,,,,,,,,,,,,,,,,,,,,,,,,,,,,,,,,,,,,,,,,,,,,,,,,,,,,,,,,,,,,,,,,,,,,,,,,,,,,,,,,,,,,,,,,,,,,,,,,,,,,,,,,,,,,,,,,,,,,,,,,,,,,,,,,,,,,,,8030170.0,E,,8576176.0,E,,8250852.0,E,,7684855.0,E,,8237624.0,E,,7602333.0,E,,,,,,,,,,,,,,,,,,,
57060,'097.2803,European Union (28) (excluding intra-trade),656,'01610,"Coffee, green",5910,Export quantity,t,,,,,,,,,,,,,,,,,,,,,,,,,,,,,,,,,,,,,,,,,,,,,,,,,,,,,,,,,,,,,,,,,,,,,,,,,,,,,,,,,,,,,,,,,,,,,,,,,,,,,,,,,,,,,,,,,,,,,,,,,,,,,,,,,,,,,,,,,,,,,,,,,,,,,,,,,,,,,133117.0,E,,130482.57,E,,122829.81,E,,141756.03,E,,135922.33,E,,135672.0,E,,,,,,,,,,,,,,,,,,,
57060,'097.2803,European Union (28) (excluding intra-trade),656,'01610,"Coffee, green",5922,Export value,1000 USD,,,,,,,,,,,,,,,,,,,,,,,,,,,,,,,,,,,,,,,,,,,,,,,,,,,,,,,,,,,,,,,,,,,,,,,,,,,,,,,,,,,,,,,,,,,,,,,,,,,,,,,,,,,,,,,,,,,,,,,,,,,,,,,,,,,,,,,,,,,,,,,,,,,,,,,,,,,,,551663.0,E,,596190.0,E,,488897.0,E,,507157.0,E,,521210.0,E,,489957.0,E,,,,,,,,,,,,,,,,,,,
5707,'097,European Union (27),656,'01610,"Coffee, green",5610,Import quantity,t,887900.0,A,,942907.0,A,,1009923.0,A,,1081125.0,A,,1093449.0,A,,1133716.0,A,,1178164.0,A,,1274132.0,A,,1328548.0,A,,1372758.0,A,,1358805.0,A,,1472663.0,A,,1514555.0,A,,1498094.0,A,,1601818.0,A,,1680066.0,A,,1433721.0,A,,1591357.0,A,,1797024.0,A,,1823417.0,A,,1849618.0,A,,1862153.0,A,,1916821.0,A,,1861176.0,A,,1949156.0,A,,1952238.0,A,,2098682.0,A,,2126114.0,A,,2193610.0,A,,2377154.0,A,,2238768.0,A,,2394423.0,A,,2445767.0,A,,2408157.0,A,,2256844.0,A,,2478653.0,A,,2505860.0,A,,2462620.0,A,,2524716.0,A,,2552582.48,A,,2618601.0,A,,2660645.0,A,,2695665.0,A,,2755841.0,A,,2660214.0,A,,2801675.0,A,,2854649.0,A,,2945856.0,A,,2928522.0,A,,3021493.0,A,,2994758.0,A,,3062136.0,A,,2976216.0,A,,3031144.82,A,,3059521.41,A,,3222859.59,A,,3131551.29,A,,3280602.23,A,,3383894.36,A,,3289309.58,A,,3320012.09,A,,3545267.54,A,,3185330.57,A,,3430775.87,A,
5707,'097,European Union (27),656,'01610,"Coffee, green",5622,Import value,1000 USD,688750.0,A,,703982.0,A,,737166.0,A,,951925.0,A,,985710.0,A,,1015741.0,A,,990512.0,A,,1055939.0,A,,1106571.0,A,,1433527.0,A,,1323777.0,A,,1534500.0,A,,1970867.0,A,,2166242.0,A,,2239170.0,A,,3990052.0,A,,6784052.0,A,,5895187.0,A,,6346711.0,A,,6780203.0,A,,4918386.0,A,,5054380.0,A,,5122633.0,A,,5412198.0,A,,5590508.0,A,,7792314.0,A,,5705274.0,A,,5777179.0,A,,5389596.0,A,,4165855.0,A,,3813665.0,A,,3422956.0,A,,3454741.0,A,,5731195.0,A,,7776611.0,A,,6145677.0,A,,7318926.0,A,,6631526.0,A,,5023535.0,A,,4323764.0,A,,3104601.0,A,,2707667.0,A,,3128076.0,A,,3544609.0,A,,4816597.0,A,,5621685.0,A,,6600774.0,A,,8240351.0,A,,7239790.0,A,,8525373.0,A,,12821927.0,A,,11143837.0,A,,8580682.0,A,,9242785.0,A,,8911884.0,A,,8343200.0,A,,9058262.0,A,,8418973.0,A,,7752781.0,A,,7995163.0,A,,9108196.0,A,,13872892.0,A,,11786737.0,A,,15240140.0,A,
5707,'097,European Union (27),656,'01610,"Coffee, green",5910,Export quantity,t,6605.0,A,,5947.0,A,,3393.0,A,,4076.0,A,,7879.0,A,,10331.0,A,,11077.0,A,,12333.0,A,,14523.0,A,,15201.0,A,,12792.0,A,,22665.0,A,,38969.0,A,,39832.0,A,,44180.0,A,,50144.0,A,,37446.0,A,,54181.0,A,,72515.0,A,,55842.0,A,,63459.0,A,,60810.0,A,,63304.0,A,,78301.0,A,,97936.0,A,,101917.0,A,,126166.0,A,,151168.0,A,,173685.0,A,,170882.0,A,,163087.0,A,,161032.0,A,,221071.0,A,,248453.0,A,,205671.0,A,,234608.0,A,,262633.0,A,,274695.0,A,,258996.0,A,,322733.69,A,,318767.0,A,,318385.0,A,,312728.0,A,,345386.0,A,,420209.0,A,,427463.0,A,,441253.0,A,,597059.0,A,,584513.0,A,,612046.0,A,,620485.0,A,,635446.0,A,,557200.0,A,,551676.67,A,,579079.62,A,,622796.47,A,,653690.61,A,,673762.33,A,,696978.81,A,,696482.26,A,,729302.47,A,,775470.53,A,,688763.84,A,,674621.48,A,
5707,'097,European Union (27),656,'01610,"Coffee, green",5922,Export value,1000 USD,4463.0,A,,4227.0,A,,3128.0,A,,4442.0,A,,8307.0,A,,11047.0,A,,11125.0,A,,12527.0,A,,14194.0,A,,18359.0,A,,14646.0,A,,27603.0,A,,61144.0,A,,67587.0,A,,72581.0,A,,140598.0,A,,197220.0,A,,201423.0,A,,265739.0,A,,220445.0,A,,181630.0,A,,184792.0,A,,186600.0,A,,248718.0,A,,311790.0,A,,438118.0,A,,387024.0,A,,456940.0,A,,486355.0,A,,369017.0,A,,317372.0,A,,293029.0,A,,361379.0,A,,624835.0,A,,740741.0,A,,662115.0,A,,833457.0,A,,805813.0,A,,592680.0,A,,646396.0,A,,447849.0,A,,416540.0,A,,502141.0,A,,631275.0,A,,906237.0,A,,1016207.0,A,,1202183.0,A,,1865740.0,A,,1658082.0,A,,1909472.0,A,,2860613.0,A,,2507593.0,A,,1890829.0,A,,1932718.0,A,,1903641.0,A,,1849266.0,A,,2118147.0,A,,1983260.0,A,,1841184.0,A,,1963093.0,A,,2313607.0,A,,3282632.0,A,,2896909.0,A,,3317453.0,A,
57070,'097.03,European Union (27) (excluding intra-trade),656,'01610,"Coffee, green",5610,Import quantity,t,,,,,,,,,,,,,,,,,,,,,,,,,,,,,,,,,,,,,,,,,,,,,,,,,,,,,,,,,,,,,,,,,,,,,,,,,,,,,,,,,,,,,,,,,,,,,,,,,,,,,,,,,,,,,,,,,,,,,,,,,,,,,,,,,,,,,,,,,,,,,,,,,,,,,,,,,,,,,,,,,,,,,,,,,,,,,,,,,,2799270.88,E,,2804418.01,E,,2969333.84,E,,2675377.14,E,,2918670.46,E,
57070,'097.03,European Union (27) (excluding intra-trade),656,'01610,"Coffee, green",5622,Import value,1000 USD,,,,,,,,,,,,,,,,,,,,,,,,,,,,,,,,,,,,,,,,,,,,,,,,,,,,,,,,,,,,,,,,,,,,,,,,,,,,,,,,,,,,,,,,,,,,,,,,,,,,,,,,,,,,,,,,,,,,,,,,,,,,,,,,,,,,,,,,,,,,,,,,,,,,,,,,,,,,,,,,,,,,,,,,,,,,,,,,,,6656513.0,E,,7626038.0,E,,11716942.0,E,,9772466.0,E,,12962381.0,E,
57070,'097.03,European Union (27) (excluding intra-trade),656,'01610,"Coffee, green",5910,Export quantity,t,,,,,,,,,,,,,,,,,,,,,,,,,,,,,,,,,,,,,,,,,,,,,,,,,,,,,,,,,,,,,,,,,,,,,,,,,,,,,,,,,,,,,,,,,,,,,,,,,,,,,,,,,,,,,,,,,,,,,,,,,,,,,,,,,,,,,,,,,,,,,,,,,,,,,,,,,,,,,,,,,,,,,,,,,,,,,,,,,,138392.94,E,,146737.43,E,,142816.05,E,,113503.9,E,,120142.15,E,
57070,'097.03,European Union (27) (excluding intra-trade),656,'01610,"Coffee, green",5922,Export value,1000 USD,,,,,,,,,,,,,,,,,,,,,,,,,,,,,,,,,,,,,,,,,,,,,,,,,,,,,,,,,,,,,,,,,,,,,,,,,,,,,,,,,,,,,,,,,,,,,,,,,,,,,,,,,,,,,,,,,,,,,,,,,,,,,,,,,,,,,,,,,,,,,,,,,,,,,,,,,,,,,,,,,,,,,,,,,,,,,,,,,,472382.0,E,,569583.0,E,,747826.0,E,,588664.0,E,,701094.0,E,
58010,'199.03,Least Developed Countries (excluding intra-trade),656,'01610,"Coffee, green",5610,Import quantity,t,,,,,,,,,,,,,,,,,,,,,,,,,,,,,,,,,,,,,,,,,,,,,,,,,,,,,,,,,,,,,,,,,,,,,,,,,,,,2477.0,E,,2246.0,E,,14969.0,E,,14461.0,E,,861.0,E,,3992.0,E,,6959.0,E,,4507.0,E,,1604.0,E,,4145.0,E,,2079.0,E,,4666.0,E,,3904.0,E,,5137.0,E,,5440.41,E,,0.0,E,,3642.63,E,,1109.59,E,,2158.49,E,,5227.51,E,,25413.95,E,,31482.69,E,,62872.22,E,,15711.23,E,,13535.57,E,,8200.16,E,,0.0,E,,2559.11,E,,2589.22,E,,2990.89,E,,5267.52,E,,6061.8,E,,7428.52,E,,7505.18,E,,9029.89,E,,9962.15,E,,7651.34,E,,6771.45,E,,5824.41,E,
58010,'199.03,Least Developed Countries (excluding intra-trade),656,'01610,"Coffee, green",5622,Import value,1000 USD,,,,,,,,,,,,,,,,,,,,,,,,,,,,,,,,,,,,,,,,,,,,,,,,,,,,,,,,,,,,,,,,,,,,,,,,,,,,6353.0,E,,2545.0,E,,25006.0,E,,21891.0,E,,627.0,E,,3334.0,E,,4181.0,E,,5158.0,E,,2306.0,E,,12310.0,E,,3922.0,E,,9243.0,E,,6875.0,E,,9252.0,E,,7527.0,E,,0.0,E,,3891.0,E,,0.0,E,,0.0,E,,8190.0,E,,63083.0,E,,56165.0,E,,162863.0,E,,37323.0,E,,42895.0,E,,72689.0,E,,0.0,E,,6719.0,E,,3658.0,E,,4232.0,E,,5352.0,E,,8094.0,E,,8878.0,E,,7160.0,E,,9969.0,E,,15326.0,E,,19100.0,E,,0.0,E,,13260.0,E,
58010,'199.03,Least Developed Countries (excluding intra-trade),656,'01610,"Coffee, green",5910,Export quantity,t,,,,,,,,,,,,,,,,,,,,,,,,,,,,,,,,,,,,,,,,,,,,,,,,,,,,,,,,,,,,,,,,,,,,,,,,,,,,447602.0,E,,404906.0,E,,373927.0,E,,385955.0,E,,389416.0,E,,413973.0,E,,475899.0,E,,338207.0,E,,237484.0,E,,397518.0,E,,517512.0,E,,314429.0,E,,419749.0,E,,261695.0,E,,465726.28,E,,340591.66,E,,448545.05,E,,303968.45,E,,431096.48,E,,448688.49,E,,452060.83,E,,442285.21,E,,480283.09,E,,416297.72,E,,473721.46,E,,453670.34,E,,476122.2,E,,546151.76,E,,531748.4,E,,540142.69,E,,488740.56,E,,561311.31,E,,481583.75,E,,654388.45,E,,652685.75,E,,828487.9,E,,734827.94,E,,714086.69,E,,795919.77,E,
58010,'199.03,Least Developed Countries (excluding intra-trade),656,'01610,"Coffee, green",5922,Export value,1000 USD,,,,,,,,,,,,,,,,,,,,,,,,,,,,,,,,,,,,,,,,,,,,,,,,,,,,,,,,,,,,,,,,,,,,,,,,,,,,1583415.0,E,,1028683.0,E,,878394.0,E,,756719.0,E,,535288.0,E,,572640.0,E,,632335.0,E,,428941.0,E,,535675.0,E,,1036928.0,E,,940713.0,E,,786693.0,E,,897156.0,E,,752774.0,E,,647146.0,E,,348249.0,E,,373009.0,E,,348507.0,E,,517114.0,E,,733542.0,E,,849784.0,E,,900637.0,E,,1162248.0,E,,859285.0,E,,1243129.0,E,,1678178.0,E,,1607684.0,E,,1511409.0,E,,1698869.0,E,,1710346.0,E,,1309459.0,E,,1624414.0,E,,1090111.0,E,,1521896.0,E,,1574075.0,E,,2247832.0,E,,2737497.0,E,,2550305.0,E,,3345652.0,E,
5801,'199,Least Developed Countries (LDCs),656,'01610,"Coffee, green",5610,Import quantity,t,21142.0,A,,12681.0,A,,19253.0,A,,17277.0,A,,17970.0,A,,25557.0,A,,17544.0,A,,22939.0,A,,10146.0,A,,18793.0,A,,21260.0,A,,21132.0,A,,18289.0,A,,24605.0,A,,22521.0,A,,32760.0,A,,14482.0,A,,4711.0,A,,13681.0,A,,5724.0,A,,4965.0,A,,4875.0,A,,5861.0,A,,8359.0,A,,5788.0,A,,3477.0,A,,3818.0,A,,8256.0,A,,15522.0,A,,3920.0,A,,9450.0,A,,8460.0,A,,6253.0,A,,5514.96,E,,6279.84,E,,7763.0,E,,7048.78,E,,11700.14,E,,11707.33,E,,10652.65,A,,14103.81,A,,20595.27,E,,14886.9,E,,27680.6,E,,28727.65,E,,64326.19,E,,32554.6,E,,65957.7,E,,36826.21,E,,40388.46,E,,35107.35,E,,26807.25,A,,49638.66,E,,42313.79,E,,41153.51,A,,28038.09,A,,36250.39,E,,39652.42,A,,71504.27,E,,115233.23,E,,50055.75,E,,74948.22,E,,77912.7,E,,26861.64,E,
5801,'199,Least Developed Countries (LDCs),656,'01610,"Coffee, green",5622,Import value,1000 USD,9626.0,A,,6516.0,A,,10080.0,A,,9326.0,A,,8123.0,A,,10178.0,A,,8383.0,A,,9444.0,A,,3879.0,A,,7583.0,A,,9395.0,A,,8815.0,A,,14850.0,A,,18163.0,A,,23612.0,A,,42167.0,A,,24421.0,A,,5192.0,A,,18480.0,A,,19440.0,A,,9606.0,A,,7807.0,A,,10069.0,A,,13312.0,A,,9869.0,A,,8726.0,A,,7322.0,A,,15362.0,A,,39206.0,A,,5726.0,A,,15403.0,A,,11873.0,A,,11123.0,A,,9050.0,E,,12338.0,E,,16542.0,E,,12192.0,E,,20009.0,E,,20548.0,E,,16367.0,A,,17967.0,A,,21556.0,A,,13527.0,E,,26575.0,E,,39257.0,E,,126239.0,A,,58619.0,E,,168547.0,E,,63734.0,E,,78799.0,E,,107092.0,E,,34993.0,A,,104513.0,E,,99528.0,E,,49323.0,A,,52722.0,A,,76945.0,A,,84667.0,A,,117477.0,E,,157743.0,E,,89584.0,E,,172483.0,E,,175109.0,E,,87910.0,E,
5801,'199,Least Developed Countries (LDCs),656,'01610,"Coffee, green",5910,Export quantity,t,474650.0,A,,575325.0,A,,550226.0,A,,566897.0,A,,595059.0,A,,644147.0,A,,658564.0,A,,677093.0,A,,694196.0,A,,704728.0,A,,704285.0,A,,773888.0,A,,829864.0,A,,754552.0,A,,701869.0,A,,666127.0,A,,489978.0,A,,544460.0,A,,585065.0,A,,541805.0,A,,563716.0,A,,614964.0,A,,551806.0,A,,540736.0,A,,539906.0,A,,607520.0,A,,559682.0,A,,527520.0,A,,646738.0,A,,578416.0,A,,498014.0,A,,512455.0,A,,457678.0,A,,516066.0,E,,511944.63,A,,624291.98,E,,536359.0,E,,530978.0,E,,549411.45,E,,471113.95,A,,363104.0,E,,465280.5,E,,328260.77,E,,471053.9,E,,476849.21,E,,490529.11,E,,474284.54,E,,517940.73,A,,450281.15,A,,513995.27,A,,493743.63,A,,534751.5,A,,614563.84,A,,579752.31,A,,602764.76,A,,533866.41,A,,630561.78,A,,531949.41,A,,720482.9,A,,736647.71,A,,873211.67,A,,809629.11,A,,789662.78,A,,818096.14,E,
5801,'199,Least Developed Countries (LDCs),656,'01610,"Coffee, green",5922,Export value,1000 USD,235362.0,A,,285620.0,A,,293608.0,A,,421453.0,A,,385752.0,A,,438663.0,A,,426842.0,A,,457825.0,A,,447064.0,A,,555219.0,A,,547493.0,A,,639836.0,A,,819932.0,A,,861032.0,A,,783436.0,A,,1301731.0,A,,2008989.0,A,,1542623.0,A,,1709218.0,A,,1628476.0,A,,1188753.0,A,,1328193.0,A,,1309955.0,A,,1459047.0,A,,1357771.0,A,,1947085.0,A,,1233217.0,A,,1197721.0,A,,1195382.0,A,,726445.0,A,,604041.0,A,,516958.0,A,,529210.0,A,,882729.0,E,,1269022.0,E,,1078115.0,E,,1066915.0,E,,1109556.0,E,,918064.0,E,,651094.0,A,,363782.0,E,,380495.0,E,,369066.0,E,,558205.0,E,,768284.0,E,,912722.0,E,,955780.0,E,,1234945.0,A,,913429.0,A,,1313207.0,A,,1773382.0,A,,1760548.0,A,,1638882.0,A,,1810574.0,A,,1821000.0,A,,1389279.0,A,,1739060.0,A,,1169968.0,A,,1620454.0,A,,1699318.0,A,,2322098.0,A,,2884549.0,A,,2715529.0,A,,3414203.0,E,
58020,'432.03,Land Locked Developing Countries (excluding intra-trade),656,'01610,"Coffee, green",5610,Import quantity,t,,,,,,,,,,,,,,,,,,,,,,,,,,,,,,,,,,,,,,,,,,,,,,,,,,,,,,,,,,,,,,,,,,,,,,,,,,,,387.0,E,,314.0,E,,624.0,E,,712.0,E,,396.0,E,,858.0,E,,4475.0,E,,5874.0,E,,908.0,E,,332.0,E,,1582.0,E,,2426.0,E,,2815.0,E,,11355.0,E,,10663.76,E,,10313.27,E,,17320.21,E,,19421.52,E,,21755.18,E,,21952.03,E,,61356.66,E,,19471.4,E,,42795.31,E,,16171.37,E,,19642.21,E,,18412.79,E,,17869.35,E,,20275.34,E,,19637.43,E,,21100.0,E,,21346.71,E,,22397.84,E,,25805.23,E,,26441.27,E,,23233.45,E,,22340.45,E,,24983.31,E,,29575.16,E,,24089.69,E,
58020,'432.03,Land Locked Developing Countries (excluding intra-trade),656,'01610,"Coffee, green",5622,Import value,1000 USD,,,,,,,,,,,,,,,,,,,,,,,,,,,,,,,,,,,,,,,,,,,,,,,,,,,,,,,,,,,,,,,,,,,,,,,,,,,,947.0,E,,705.0,E,,1197.0,E,,1313.0,E,,1053.0,E,,1976.0,E,,3922.0,E,,9003.0,E,,2452.0,E,,845.0,E,,3749.0,E,,5780.0,E,,6317.0,E,,20080.0,E,,18701.0,E,,18319.0,E,,14935.0,E,,18129.0,E,,25816.0,E,,27678.0,E,,124771.0,E,,35778.0,E,,119093.0,E,,30765.0,E,,41459.0,E,,47640.0,E,,47512.0,E,,48691.0,E,,44050.0,E,,42855.0,E,,43559.0,E,,49712.0,E,,52424.0,E,,45358.0,E,,39300.0,E,,47250.0,E,,70732.0,E,,79322.0,E,,97631.0,E,
58020,'432.03,Land Locked Developing Countries (excluding intra-trade),656,'01610,"Coffee, green",5910,Export quantity,t,,,,,,,,,,,,,,,,,,,,,,,,,,,,,,,,,,,,,,,,,,,,,,,,,,,,,,,,,,,,,,,,,,,,,,,,,,,,199114.0,E,,183947.0,E,,208013.0,E,,227670.0,E,,209835.0,E,,229580.0,E,,245652.0,E,,169816.0,E,,83292.0,E,,267978.0,E,,430641.0,E,,171199.0,E,,296911.0,E,,167216.0,E,,343867.63,E,,259130.6,E,,396069.03,E,,249986.87,E,,386877.77,E,,387961.68,E,,381101.71,E,,382431.58,E,,419920.51,E,,360569.58,E,,426260.59,E,,408152.98,E,,432274.5,E,,506911.9,E,,501606.06,E,,506038.4,E,,429667.95,E,,546833.76,E,,426891.76,E,,603193.85,E,,637948.94,E,,778932.63,E,,716155.54,E,,676971.88,E,,707702.51,E,
58020,'432.03,Land Locked Developing Countries (excluding intra-trade),656,'01610,"Coffee, green",5922,Export value,1000 USD,,,,,,,,,,,,,,,,,,,,,,,,,,,,,,,,,,,,,,,,,,,,,,,,,,,,,,,,,,,,,,,,,,,,,,,,,,,,663543.0,E,,458445.0,E,,492052.0,E,,420154.0,E,,295941.0,E,,344319.0,E,,306900.0,E,,228048.0,E,,202650.0,E,,707789.0,E,,777270.0,E,,524706.0,E,,660758.0,E,,590963.0,E,,483695.0,E,,260669.0,E,,317440.0,E,,289697.0,E,,470165.0,E,,648133.0,E,,746642.0,E,,779483.0,E,,1068734.0,E,,760002.0,E,,1129225.0,E,,1548931.0,E,,1458773.0,E,,1381089.0,E,,1612669.0,E,,1592831.0,E,,1161582.0,E,,1535087.0,E,,1016538.0,E,,1404448.0,E,,1506140.0,E,,2119814.0,E,,2646044.0,E,,2422505.0,E,,3026088.0,E,
5802,'432,Land Locked Developing Countries (LLDCs),656,'01610,"Coffee, green",5610,Import quantity,t,501.0,A,,696.0,A,,1438.0,A,,806.0,A,,866.0,A,,839.0,A,,655.0,A,,1031.0,A,,2786.0,A,,1622.0,A,,2057.0,A,,2016.0,A,,7506.0,A,,12900.0,A,,10626.0,A,,16833.0,A,,3793.0,A,,781.0,A,,7060.0,A,,1058.0,A,,1294.0,A,,1044.0,A,,1351.0,A,,1325.0,A,,1042.0,A,,1126.0,A,,1336.0,A,,1936.0,A,,1443.0,A,,1452.0,A,,1215.0,A,,6773.0,E,,5526.0,A,,4728.96,A,,5919.27,A,,6876.0,A,,8125.78,A,,8831.14,E,,12344.64,E,,11275.55,A,,17037.6,A,,17472.2,A,,19456.85,A,,21934.46,A,,24767.39,A,,61811.89,A,,20170.9,A,,49172.52,A,,20446.79,A,,21083.12,A,,19722.13,A,,18843.0,A,,21263.0,A,,20386.54,A,,21630.22,A,,22124.6,A,,24081.81,A,,30230.4,A,,33784.04,A,,52412.12,A,,23678.52,A,,27582.93,A,,32162.44,A,,25557.34,A,
5802,'432,Land Locked Developing Countries (LLDCs),656,'01610,"Coffee, green",5622,Import value,1000 USD,500.0,A,,563.0,A,,1318.0,A,,787.0,A,,834.0,A,,740.0,A,,682.0,A,,739.0,A,,972.0,A,,862.0,A,,681.0,A,,1029.0,A,,7229.0,A,,8791.0,A,,12885.0,A,,31057.0,A,,7958.0,A,,2045.0,A,,10788.0,A,,3506.0,A,,3307.0,A,,2611.0,A,,3476.0,A,,3066.0,A,,2451.0,A,,2874.0,A,,3704.0,A,,5274.0,A,,3649.0,A,,3386.0,A,,2933.0,A,,9303.0,A,,8879.0,A,,8617.0,A,,15271.0,A,,16481.0,A,,15576.0,A,,16570.0,E,,22178.0,E,,19266.0,A,,20932.0,A,,15239.0,A,,18173.0,A,,26048.0,A,,35634.0,A,,125355.0,A,,36790.0,E,,137912.0,A,,43205.0,A,,45530.0,A,,51822.0,A,,50414.0,A,,51032.0,A,,46577.0,A,,44153.0,A,,45007.0,A,,54808.0,A,,55004.0,A,,55611.0,A,,55994.0,A,,50370.0,A,,78855.0,A,,86981.0,A,,104781.0,A,
5802,'432,Land Locked Developing Countries (LLDCs),656,'01610,"Coffee, green",5910,Export quantity,t,138857.0,A,,170960.0,A,,171646.0,A,,186843.0,A,,195211.0,A,,211268.0,A,,207964.0,A,,195595.0,A,,221965.0,A,,241984.0,A,,225753.0,A,,271721.0,A,,280566.0,A,,270030.0,A,,270541.0,A,,249867.0,A,,188849.0,A,,178340.0,A,,231488.0,A,,172449.0,A,,206733.0,A,,270884.0,A,,228766.0,A,,224473.0,A,,263365.0,A,,253050.0,A,,257854.0,A,,246523.0,A,,323521.0,A,,288554.0,A,,249276.0,A,,232555.0,A,,261981.0,A,,350345.0,A,,327402.63,A,,453981.98,A,,409470.0,A,,389139.0,A,,430662.14,A,,344478.71,A,,266081.6,E,,396317.23,E,,253820.67,E,,393812.99,E,,390313.35,E,,383517.91,E,,386500.34,E,,427091.36,A,,364700.85,A,,427529.47,A,,410230.0,A,,440853.54,A,,515292.48,A,,507467.58,A,,507446.09,A,,431873.5,A,,550616.05,A,,432726.06,A,,612206.52,A,,641400.84,A,,780928.3,A,,719122.95,A,,678915.68,A,,708614.72,E,
5802,'432,Land Locked Developing Countries (LLDCs),656,'01610,"Coffee, green",5922,Export value,1000 USD,59517.0,A,,79041.0,A,,90471.0,A,,135266.0,A,,111540.0,A,,126536.0,A,,127126.0,A,,130627.0,A,,135048.0,A,,188787.0,A,,177521.0,A,,207516.0,A,,263714.0,A,,304055.0,A,,291340.0,A,,473124.0,A,,777571.0,A,,474617.0,A,,679243.0,A,,508129.0,A,,416419.0,A,,568204.0,A,,541188.0,A,,568524.0,A,,603082.0,A,,793279.0,A,,556279.0,A,,539418.0,A,,540966.0,A,,360778.0,A,,314906.0,A,,222215.0,A,,331272.0,A,,590836.0,E,,881482.0,A,,798491.0,A,,862855.0,A,,846518.0,A,,706543.0,A,,484198.0,A,,263239.0,E,,317701.0,E,,293551.0,E,,478767.0,E,,651100.0,E,,751554.0,E,,787508.0,E,,1085380.0,A,,770544.0,A,,1132261.0,A,,1553642.0,A,,1486154.0,A,,1400488.0,A,,1629450.0,A,,1594756.0,A,,1164586.0,A,,1541854.0,A,,1022992.0,A,,1412934.0,A,,1510260.0,A,,2122889.0,A,,2653894.0,A,,2428720.0,A,,3030304.0,E,
58030,'722.03,Small Island Developing States (excluding intra-trade),656,'01610,"Coffee, green",5610,Import quantity,t,,,,,,,,,,,,,,,,,,,,,,,,,,,,,,,,,,,,,,,,,,,,,,,,,,,,,,,,,,,,,,,,,,,,,,,,,,,,56527.0,E,,24112.0,E,,22938.0,E,,11438.0,E,,24354.0,E,,12996.0,E,,20993.0,E,,17662.0,E,,100544.0,E,,48907.0,E,,19836.0,E,,43496.0,E,,21160.0,E,,23391.0,E,,14902.51,E,,13029.91,E,,12972.79,E,,9029.69,E,,13582.71,E,,43535.78,E,,32294.29,E,,35204.03,E,,47096.17,E,,29021.98,E,,29319.64,E,,21235.95,E,,22727.22,E,,26798.67,E,,30622.01,E,,38194.53,E,,36144.72,E,,32107.01,E,,36741.13,E,,38715.48,E,,29868.01,E,,31114.89,E,,27885.56,E,,32992.46,E,,23721.47,E,
58030,'722.03,Small Island Developing States (excluding intra-trade),656,'01610,"Coffee, green",5622,Import value,1000 USD,,,,,,,,,,,,,,,,,,,,,,,,,,,,,,,,,,,,,,,,,,,,,,,,,,,,,,,,,,,,,,,,,,,,,,,,,,,,165628.0,E,,52111.0,E,,47049.0,E,,19974.0,E,,27210.0,E,,12835.0,E,,17326.0,E,,15828.0,E,,189508.0,E,,138085.0,E,,35532.0,E,,70648.0,E,,39083.0,E,,46970.0,E,,20209.0,E,,12162.0,E,,10542.0,E,,9846.0,E,,14100.0,E,,70412.0,E,,59065.0,E,,84844.0,E,,86084.0,E,,61431.0,E,,64710.0,E,,71526.0,E,,89267.0,E,,83426.0,E,,99034.0,E,,138273.0,E,,110118.0,E,,107030.0,E,,119756.0,E,,106364.0,E,,78256.0,E,,82886.0,E,,126052.0,E,,128584.0,E,,104316.0,E,
58030,'722.03,Small Island Developing States (excluding intra-trade),656,'01610,"Coffee, green",5910,Export quantity,t,,,,,,,,,,,,,,,,,,,,,,,,,,,,,,,,,,,,,,,,,,,,,,,,,,,,,,,,,,,,,,,,,,,,,,,,,,,,155216.0,E,,132632.0,E,,145522.0,E,,140638.0,E,,144632.0,E,,162178.0,E,,166307.0,E,,183986.0,E,,228141.0,E,,182359.0,E,,160936.0,E,,123823.0,E,,123020.0,E,,121863.0,E,,112640.03,E,,88550.76,E,,94957.56,E,,97067.44,E,,88583.73,E,,94773.12,E,,77156.49,E,,68277.94,E,,89557.88,E,,75120.18,E,,72116.04,E,,83677.06,E,,76174.81,E,,57006.56,E,,56752.83,E,,48455.37,E,,64399.54,E,,65014.37,E,,65559.7,E,,60096.27,E,,42649.23,E,,51389.25,E,,53608.1,E,,69680.72,E,,67165.13,E,
58030,'722.03,Small Island Developing States (excluding intra-trade),656,'01610,"Coffee, green",5922,Export value,1000 USD,,,,,,,,,,,,,,,,,,,,,,,,,,,,,,,,,,,,,,,,,,,,,,,,,,,,,,,,,,,,,,,,,,,,,,,,,,,,551765.0,E,,317267.0,E,,368551.0,E,,318937.0,E,,223127.0,E,,248589.0,E,,215182.0,E,,255946.0,E,,535493.0,E,,612272.0,E,,380634.0,E,,441926.0,E,,394970.0,E,,283606.0,E,,206097.0,E,,124620.0,E,,133684.0,E,,150272.0,E,,160439.0,E,,208986.0,E,,181072.0,E,,203814.0,E,,234576.0,E,,229787.0,E,,257526.0,E,,411510.0,E,,322097.0,E,,190660.0,E,,215367.0,E,,195102.0,E,,235255.0,E,,223229.0,E,,216777.0,E,,183717.0,E,,149777.0,E,,216211.0,E,,274372.0,E,,297221.0,E,,313807.0,E,
5803,'722,Small Island Developing States (SIDS),656,'01610,"Coffee, green",5610,Import quantity,t,60099.0,A,,56119.0,A,,60924.0,A,,5817.0,A,,3544.0,A,,15546.0,A,,7694.0,A,,12833.0,A,,24087.0,A,,31141.0,A,,24593.0,A,,21687.0,A,,30887.0,A,,25476.0,A,,37123.0,A,,43169.0,A,,26328.0,A,,24957.0,A,,21722.0,A,,13822.0,A,,32566.0,A,,34994.0,A,,37830.0,A,,58793.0,A,,46753.0,A,,73266.0,A,,43001.0,A,,26199.0,A,,18797.0,A,,59608.0,A,,58474.0,A,,84782.0,A,,79317.0,A,,95927.0,E,,42708.57,E,,18802.0,E,,42269.0,E,,24610.0,E,,25144.34,E,,14994.2,A,,13208.65,A,,13363.41,A,,9410.87,A,,14025.97,A,,43941.19,E,,32581.74,A,,35598.69,A,,47413.92,A,,29487.01,A,,29907.67,A,,21709.02,A,,23283.07,A,,27379.61,A,,31309.2,E,,38602.87,E,,36437.35,A,,32422.45,E,,37215.49,A,,39039.42,A,,30193.37,A,,31589.7,A,,28206.2,E,,33663.84,A,,24320.64,A,
5803,'722,Small Island Developing States (SIDS),656,'01610,"Coffee, green",5622,Import value,1000 USD,13004.0,A,,11374.0,A,,14531.0,A,,3608.0,A,,2086.0,A,,8060.0,A,,3993.0,A,,5937.0,A,,13260.0,A,,17650.0,A,,14965.0,A,,11497.0,A,,22290.0,A,,22153.0,A,,40840.0,A,,72234.0,A,,92234.0,A,,69729.0,A,,58001.0,A,,45810.0,A,,63481.0,A,,71237.0,A,,88547.0,A,,145280.0,A,,120244.0,A,,222518.0,A,,92625.0,A,,59653.0,A,,36352.0,A,,59559.0,A,,52461.0,A,,67915.0,A,,70497.0,A,,179314.0,E,,118444.0,E,,33780.0,E,,62674.0,E,,43713.0,E,,37828.0,E,,20355.0,A,,12430.0,A,,11142.0,A,,10571.0,A,,15127.0,A,,71436.0,A,,59937.0,A,,85906.0,A,,87149.0,A,,62901.0,A,,66361.0,A,,73524.0,A,,91741.0,A,,85835.0,A,,101826.0,E,,140133.0,A,,111385.0,A,,108279.0,A,,122393.0,A,,107826.0,A,,79477.0,A,,85093.0,A,,128004.0,A,,132004.0,A,,106805.0,A,
5803,'722,Small Island Developing States (SIDS),656,'01610,"Coffee, green",5910,Export quantity,t,108549.0,A,,134447.0,A,,139908.0,A,,86595.0,A,,78970.0,A,,100072.0,A,,141761.0,A,,141846.0,A,,146889.0,A,,127724.0,A,,117498.0,A,,115939.0,A,,119431.0,A,,115488.0,A,,117463.0,A,,139132.0,A,,151281.0,A,,140722.0,A,,145697.0,A,,142082.0,A,,154870.0,A,,164314.0,A,,172119.0,A,,180304.0,A,,166719.0,A,,203848.0,A,,193608.0,A,,185061.0,A,,183312.0,A,,192455.0,A,,178665.0,A,,174426.0,A,,193435.0,A,,259961.0,E,,195225.0,E,,163376.0,E,,151884.0,E,,161812.0,E,,128759.0,E,,112731.72,A,,88725.3,A,,95632.0,A,,97428.15,A,,89018.76,A,,95170.81,A,,77446.13,A,,68620.64,A,,89844.89,E,,75553.11,E,,72647.67,E,,84072.22,E,,76662.8,E,,57554.0,E,,57428.6,E,,48856.47,E,,64692.68,E,,65286.13,E,,66003.7,E,,60339.94,E,,42941.94,A,,51820.22,A,,53984.1,A,,70583.67,A,,67771.17,E,
5803,'722,Small Island Developing States (SIDS),656,'01610,"Coffee, green",5922,Export value,1000 USD,53661.0,A,,74455.0,A,,76603.0,A,,70511.0,A,,63062.0,A,,76069.0,A,,92694.0,A,,96837.0,A,,96975.0,A,,106224.0,A,,99741.0,A,,96258.0,A,,126908.0,A,,145792.0,A,,147021.0,A,,265148.0,A,,567037.0,A,,435804.0,A,,482622.0,A,,449838.0,A,,344303.0,A,,389016.0,A,,419516.0,A,,452860.0,A,,448517.0,A,,699025.0,A,,436736.0,A,,449322.0,A,,385440.0,A,,284381.0,A,,262976.0,A,,211204.0,A,,250340.0,A,,615042.0,E,,578049.0,E,,374121.0,E,,459937.0,E,,424513.0,E,,274652.0,E,,206227.0,A,,124851.0,A,,134456.0,A,,150879.0,A,,161188.0,A,,209815.0,A,,181768.0,A,,204625.0,A,,235438.0,E,,230957.0,E,,258923.0,E,,415728.0,E,,324467.0,E,,192661.0,E,,217767.0,E,,196726.0,E,,236332.0,E,,224242.0,E,,218935.0,E,,185066.0,E,,150783.0,A,,218073.0,A,,276560.0,A,,301349.0,A,,316029.0,E,
58150,'901.03,Low Income Food Deficit Countries (excluding intra-trade),656,'01610,"Coffee, green",5610,Import quantity,t,,,,,,,,,,,,,,,,,,,,,,,,,,,,,,,,,,,,,,,,,,,,,,,,,,,,,,,,,,,,,,,,,,,,,,,,,,,,5865.0,E,,8672.0,E,,18530.0,E,,10145.0,E,,3968.0,E,,14381.0,E,,15676.0,E,,20017.0,E,,13688.0,E,,18263.0,E,,20882.0,E,,14115.0,E,,17343.0,E,,20401.0,E,,18160.65,E,,14458.03,E,,30740.93,E,,10352.05,E,,11991.05,E,,28868.73,E,,60618.21,E,,70959.63,E,,86094.15,E,,61021.87,E,,42739.69,E,,36809.77,E,,7019.66,E,,22720.5,E,,31663.77,E,,26975.57,E,,29838.26,E,,30361.67,E,,28276.29,E,,38950.16,E,,40983.47,E,,30859.53,E,,24969.53,E,,20349.83,E,,16826.85,E,
58150,'901.03,Low Income Food Deficit Countries (excluding intra-trade),656,'01610,"Coffee, green",5622,Import value,1000 USD,,,,,,,,,,,,,,,,,,,,,,,,,,,,,,,,,,,,,,,,,,,,,,,,,,,,,,,,,,,,,,,,,,,,,,,,,,,,20842.0,E,,19717.0,E,,41386.0,E,,17748.0,E,,4888.0,E,,15247.0,E,,18099.0,E,,21309.0,E,,30484.0,E,,49679.0,E,,43301.0,E,,37025.0,E,,38424.0,E,,33492.0,E,,23070.0,E,,11393.0,E,,26548.0,E,,3085.0,E,,5587.0,E,,48785.0,E,,129733.0,E,,115632.0,E,,204616.0,E,,105956.0,E,,88269.0,E,,172455.0,E,,1051.0,E,,60665.0,E,,81158.0,E,,64771.0,E,,67992.0,E,,79571.0,E,,57920.0,E,,72079.0,E,,70894.0,E,,65549.0,E,,84919.0,E,,54528.0,E,,69669.0,E,
58150,'901.03,Low Income Food Deficit Countries (excluding intra-trade),656,'01610,"Coffee, green",5910,Export quantity,t,,,,,,,,,,,,,,,,,,,,,,,,,,,,,,,,,,,,,,,,,,,,,,,,,,,,,,,,,,,,,,,,,,,,,,,,,,,,600872.0,E,,529745.0,E,,492596.0,E,,564683.0,E,,606830.0,E,,565160.0,E,,876658.0,E,,366850.0,E,,350052.0,E,,577488.0,E,,736635.0,E,,466910.0,E,,496615.0,E,,421380.0,E,,690633.54,E,,502084.69,E,,535553.02,E,,455615.93,E,,581042.37,E,,573187.26,E,,608973.29,E,,600655.77,E,,615172.51,E,,568305.4,E,,638766.97,E,,575512.42,E,,658871.57,E,,675460.51,E,,700626.07,E,,690683.23,E,,651532.02,E,,718059.73,E,,640377.72,E,,857237.8,E,,817150.79,E,,977010.64,E,,905908.03,E,,867114.77,E,,945156.47,E,
58150,'901.03,Low Income Food Deficit Countries (excluding intra-trade),656,'01610,"Coffee, green",5922,Export value,1000 USD,,,,,,,,,,,,,,,,,,,,,,,,,,,,,,,,,,,,,,,,,,,,,,,,,,,,,,,,,,,,,,,,,,,,,,,,,,,,2168260.0,E,,1348812.0,E,,1187411.0,E,,1154201.0,E,,829698.0,E,,826809.0,E,,966775.0,E,,457707.0,E,,865660.0,E,,1613381.0,E,,1449239.0,E,,1280850.0,E,,1205746.0,E,,1121236.0,E,,1033891.0,E,,567636.0,E,,504850.0,E,,572645.0,E,,775341.0,E,,1016203.0,E,,1223172.0,E,,1309815.0,E,,1610347.0,E,,1310189.0,E,,1775507.0,E,,2335579.0,E,,2394511.0,E,,2000171.0,E,,2301886.0,E,,2288175.0,E,,1878056.0,E,,2275649.0,E,,1644893.0,E,,2129314.0,E,,2143804.0,E,,2875919.0,E,,3638716.0,E,,3296141.0,E,,4069118.0,E,
5815,'901,Low Income Food Deficit Countries (LIFDCs),656,'01610,"Coffee, green",5610,Import quantity,t,22825.0,A,,19641.0,A,,23701.0,A,,20814.0,A,,20535.0,A,,29775.0,A,,18221.0,A,,23887.0,A,,11164.0,A,,19912.0,A,,23069.0,A,,23135.0,A,,22341.0,A,,27219.0,A,,24550.0,A,,33823.0,A,,17447.0,A,,10381.0,A,,17646.0,A,,9141.0,A,,7261.0,A,,13912.0,A,,19180.0,A,,24976.0,A,,26783.0,A,,11816.0,A,,12356.0,A,,23505.0,A,,20594.0,A,,5441.0,A,,20804.0,A,,21187.0,A,,20409.0,A,,17198.96,E,,19158.84,E,,22335.0,E,,22751.78,E,,30833.14,E,,29460.33,E,,25781.5,A,,49650.21,A,,51897.07,A,,31702.05,E,,48361.14,E,,51794.25,E,,88275.3,A,,72583.7,E,,88986.18,E,,84352.42,E,,70689.34,E,,65910.22,E,,52002.25,E,,72877.66,E,,74932.97,E,,66739.03,E,,54333.08,E,,63080.89,E,,63444.84,E,,104893.46,E,,151121.1,E,,78415.43,E,,95293.03,E,,94665.76,E,,41558.45,E,
5815,'901,Low Income Food Deficit Countries (LIFDCs),656,'01610,"Coffee, green",5622,Import value,1000 USD,10060.0,A,,9719.0,A,,12474.0,A,,11830.0,A,,9835.0,A,,12936.0,A,,8819.0,A,,9622.0,A,,4193.0,A,,8290.0,A,,10815.0,A,,10463.0,A,,20017.0,A,,21426.0,A,,26400.0,A,,44654.0,A,,34784.0,A,,23679.0,A,,29196.0,A,,33160.0,A,,18291.0,A,,29076.0,A,,28444.0,A,,38482.0,A,,52304.0,A,,38665.0,A,,27403.0,A,,52020.0,A,,48911.0,A,,7633.0,A,,31956.0,A,,27540.0,A,,29519.0,A,,37222.0,E,,50978.0,E,,53610.0,E,,54367.0,E,,65282.0,E,,53803.0,E,,35419.0,A,,49269.0,A,,46588.0,A,,28956.0,E,,51915.0,E,,77259.0,E,,168226.0,A,,118082.0,E,,209040.0,E,,134634.0,E,,125812.0,E,,214255.0,E,,123980.0,E,,163930.0,E,,187964.0,E,,115064.0,E,,119836.0,E,,155705.0,E,,142632.0,E,,187405.0,E,,228405.0,E,,162445.0,E,,249285.0,E,,240720.0,E,,159470.0,E,
5815,'901,Low Income Food Deficit Countries (LIFDCs),656,'01610,"Coffee, green",5910,Export quantity,t,445314.0,A,,500486.0,A,,517797.0,A,,543006.0,A,,549054.0,A,,632307.0,A,,597793.0,A,,625885.0,A,,655881.0,A,,667844.0,A,,666710.0,A,,760418.0,A,,802124.0,A,,739610.0,A,,743620.0,A,,808305.0,A,,640846.0,A,,689288.0,A,,769637.0,A,,708919.0,A,,751244.0,A,,791960.0,A,,763922.0,A,,759751.0,A,,767818.0,A,,869437.0,A,,781317.0,A,,727589.0,A,,905810.0,A,,875109.0,A,,706591.0,A,,722873.0,A,,629613.0,A,,674742.0,A,,690751.63,A,,853900.98,A,,695176.0,E,,594201.0,A,,707875.45,A,,698430.02,A,,539268.2,A,,556383.73,A,,487582.4,E,,632978.4,E,,600810.81,E,,636682.7,E,,635088.79,E,,653312.0,A,,603996.0,A,,681481.47,A,,617852.46,A,,721495.91,A,,750999.92,A,,752179.48,A,,755148.95,A,,699523.74,A,,790021.42,A,,693090.13,A,,923403.63,A,,902838.31,A,,1029492.6,A,,981399.13,A,,942423.09,A,,970943.81,E,
5815,'901,Low Income Food Deficit Countries (LIFDCs),656,'01610,"Coffee, green",5922,Export value,1000 USD,256127.0,A,,286119.0,A,,302708.0,A,,423915.0,A,,389205.0,A,,451191.0,A,,410274.0,A,,443938.0,A,,447707.0,A,,566134.0,A,,539051.0,A,,659650.0,A,,844898.0,A,,886523.0,A,,881929.0,A,,1661406.0,A,,2688987.0,A,,2111794.0,A,,2336252.0,A,,2231265.0,A,,1674474.0,A,,1794064.0,A,,1796461.0,A,,2004983.0,A,,1961372.0,A,,2846459.0,A,,1765807.0,A,,1731009.0,A,,1706873.0,A,,1157640.0,A,,911739.0,A,,778266.0,A,,810910.0,A,,1310601.0,E,,1814490.0,A,,1611318.0,A,,1575824.0,E,,1430751.0,A,,1303424.0,E,,1040984.0,A,,599097.0,A,,514373.0,A,,600717.0,E,,829651.0,E,,1049271.0,E,,1265369.0,E,,1367163.0,E,,1683682.0,A,,1367355.0,A,,1850418.0,A,,2437453.0,A,,2562347.0,A,,2146030.0,A,,2423372.0,A,,2403867.0,A,,1964115.0,A,,2397358.0,A,,1731261.0,A,,2228317.0,A,,2274966.0,A,,2975010.0,A,,3789413.0,A,,3464067.0,A,,4150892.0,E,
58170,'902.03,Net Food Importing Developing Countries (excluding intra-trade),656,'01610,"Coffee, green",5610,Import quantity,t,,,,,,,,,,,,,,,,,,,,,,,,,,,,,,,,,,,,,,,,,,,,,,,,,,,,,,,,,,,,,,,,,,,,,,,,,,,,19358.0,E,,19505.0,E,,41121.0,E,,38975.0,E,,26913.0,E,,25737.0,E,,31072.0,E,,27202.0,E,,19161.0,E,,24176.0,E,,20886.0,E,,29835.0,E,,27506.0,E,,37697.0,E,,63422.89,E,,35197.67,E,,59778.48,E,,41285.18,E,,47249.7,E,,61478.28,E,,74174.73,E,,99379.39,E,,157723.93,E,,106519.3,E,,131656.61,E,,90759.72,E,,109739.48,E,,118348.56,E,,117717.93,E,,135586.33,E,,127677.67,E,,109059.78,E,,129093.14,E,,156866.7,E,,149964.41,E,,157625.45,E,,130195.17,E,,136979.74,E,,146628.35,E,
58170,'902.03,Net Food Importing Developing Countries (excluding intra-trade),656,'01610,"Coffee, green",5622,Import value,1000 USD,,,,,,,,,,,,,,,,,,,,,,,,,,,,,,,,,,,,,,,,,,,,,,,,,,,,,,,,,,,,,,,,,,,,,,,,,,,,55462.0,E,,47970.0,E,,77060.0,E,,63579.0,E,,30393.0,E,,30993.0,E,,34465.0,E,,30024.0,E,,35036.0,E,,72734.0,E,,44485.0,E,,58538.0,E,,57656.0,E,,72362.0,E,,83362.0,E,,30151.0,E,,46856.0,E,,32881.0,E,,34329.0,E,,88168.0,E,,138603.0,E,,191872.0,E,,361767.0,E,,250318.0,E,,330647.0,E,,389896.0,E,,431071.0,E,,340773.0,E,,315075.0,E,,398060.0,E,,313335.0,E,,307954.0,E,,354616.0,E,,319380.0,E,,311244.0,E,,371719.0,E,,437244.0,E,,450919.0,E,,591093.0,E,
58170,'902.03,Net Food Importing Developing Countries (excluding intra-trade),656,'01610,"Coffee, green",5910,Export quantity,t,,,,,,,,,,,,,,,,,,,,,,,,,,,,,,,,,,,,,,,,,,,,,,,,,,,,,,,,,,,,,,,,,,,,,,,,,,,,1047665.0,E,,913370.0,E,,867705.0,E,,860255.0,E,,836312.0,E,,1015582.0,E,,1256799.0,E,,969734.0,E,,804832.0,E,,906778.0,E,,1139072.0,E,,976596.0,E,,1038298.0,E,,821887.0,E,,1334774.82,E,,1008515.48,E,,1040517.06,E,,870194.97,E,,1065511.73,E,,945671.35,E,,1071616.12,E,,1058311.88,E,,1094521.4,E,,1021465.98,E,,1102083.2,E,,1157805.72,E,,1220040.89,E,,1207511.21,E,,1083835.6,E,,1106381.31,E,,1161911.38,E,,1311584.66,E,,1291420.9,E,,1450910.35,E,,1290932.24,E,,1458894.78,E,,1369342.11,E,,1339431.73,E,,1435550.77,E,
58170,'902.03,Net Food Importing Developing Countries (excluding intra-trade),656,'01610,"Coffee, green",5922,Export value,1000 USD,,,,,,,,,,,,,,,,,,,,,,,,,,,,,,,,,,,,,,,,,,,,,,,,,,,,,,,,,,,,,,,,,,,,,,,,,,,,3760841.0,E,,2227199.0,E,,2278142.0,E,,1832150.0,E,,1277873.0,E,,1484281.0,E,,1389623.0,E,,1171884.0,E,,1839825.0,E,,2715914.0,E,,2392724.0,E,,2635293.0,E,,2542453.0,E,,1612755.0,E,,2034199.0,E,,1096450.0,E,,1001986.0,E,,1028585.0,E,,1401907.0,E,,1732031.0,E,,2196408.0,E,,2354916.0,E,,2929133.0,E,,2529766.0,E,,3413723.0,E,,5368254.0,E,,4596339.0,E,,3549135.0,E,,3624382.0,E,,3608230.0,E,,3337093.0,E,,3969450.0,E,,3313759.0,E,,3529278.0,E,,3440167.0,E,,4605280.0,E,,5884523.0,E,,5238752.0,E,,6169048.0,E,
5817,'902,Net Food Importing Developing Countries (NFIDCs),656,'01610,"Coffee, green",5610,Import quantity,t,39939.0,A,,49870.0,A,,41183.0,A,,32443.0,A,,34997.0,A,,45468.0,A,,39280.0,A,,42861.0,A,,45498.0,A,,63991.0,A,,56473.0,A,,57940.0,A,,59675.0,A,,58877.0,A,,78370.0,A,,77383.0,A,,34626.0,A,,32172.0,A,,35117.0,A,,30845.0,A,,36543.0,A,,34390.0,A,,32794.0,A,,34443.0,A,,32065.0,A,,29391.0,A,,31508.0,A,,42555.0,A,,48408.0,A,,40295.0,A,,45206.0,A,,54556.0,A,,42439.0,A,,45734.96,E,,46186.84,E,,45710.0,A,,60147.81,A,,67519.33,E,,69334.06,E,,74743.67,A,,76762.81,A,,89475.52,A,,70454.77,A,,92442.11,A,,103899.79,E,,132472.19,A,,123512.48,A,,188245.62,A,,153150.22,A,,181532.13,E,,144111.33,E,,186131.3,A,,209154.72,E,,186611.24,E,,221964.75,A,,183678.61,A,,180417.03,E,,206903.44,E,,262711.54,E,,298773.56,E,,245715.25,E,,250034.64,E,,253007.16,E,,208078.57,E,
5817,'902,Net Food Importing Developing Countries (NFIDCs),656,'01610,"Coffee, green",5622,Import value,1000 USD,19705.0,A,,25040.0,A,,21778.0,A,,19960.0,A,,19423.0,A,,24438.0,A,,22789.0,A,,21611.0,A,,24790.0,A,,34899.0,A,,31106.0,A,,30181.0,A,,48882.0,A,,52196.0,A,,89902.0,A,,122640.0,A,,100494.0,A,,90895.0,A,,90027.0,A,,108682.0,A,,78620.0,A,,59004.0,A,,53412.0,A,,51736.0,A,,62737.0,A,,84396.0,A,,78157.0,A,,86158.0,A,,93751.0,A,,51273.0,A,,58578.0,A,,63819.0,A,,50605.0,A,,80300.0,E,,132129.0,E,,95681.0,A,,108124.0,E,,127755.0,E,,114532.0,E,,98782.0,A,,74499.0,A,,73335.0,A,,64204.0,A,,89333.0,A,,140308.0,A,,228726.0,A,,233016.0,A,,433827.0,A,,329506.0,A,,408300.0,E,,491484.0,E,,646765.0,A,,541276.0,A,,487048.0,E,,598540.0,A,,445000.0,A,,488656.0,A,,541324.0,A,,512921.0,A,,541478.0,A,,559978.0,A,,755658.0,A,,769211.0,A,,830732.0,E,
5817,'902,Net Food Importing Developing Countries (NFIDCs),656,'01610,"Coffee, green",5910,Export quantity,t,846809.0,A,,966606.0,A,,988854.0,A,,1044701.0,A,,1026278.0,A,,1084038.0,A,,1094086.0,A,,1176048.0,A,,1158659.0,A,,1194890.0,A,,1183720.0,A,,1321385.0,A,,1401648.0,A,,1349374.0,A,,1311762.0,A,,1373365.0,A,,1097872.0,A,,1149195.0,A,,1306589.0,A,,1115029.0,A,,1174271.0,A,,1289651.0,A,,1209583.0,A,,1173623.0,A,,1223725.0,A,,1307060.0,A,,1192479.0,A,,1126607.0,A,,1186599.0,A,,1301758.0,A,,1118553.0,A,,1114995.0,A,,1154220.0,A,,1053285.0,A,,1104147.63,A,,1289461.98,A,,1236812.96,E,,1179443.88,E,,1140128.35,E,,1346001.69,A,,1051827.14,A,,1069683.5,A,,910946.67,A,,1124488.9,A,,987887.21,A,,1124107.11,A,,1108858.54,A,,1147272.73,A,,1079369.15,A,,1167594.27,A,,1224329.66,A,,1318935.5,A,,1312390.84,A,,1155362.98,A,,1209184.41,A,,1236413.71,A,,1425757.46,A,,1382563.05,A,,1560604.9,A,,1415967.55,A,,1554092.19,A,,1498505.86,A,,1452351.36,A,,1497580.82,A,
5817,'902,Net Food Importing Developing Countries (NFIDCs),656,'01610,"Coffee, green",5922,Export value,1000 USD,495363.0,A,,550095.0,A,,583358.0,A,,790023.0,A,,714684.0,A,,788673.0,A,,757245.0,A,,825793.0,A,,788780.0,A,,1009807.0,A,,965123.0,A,,1108532.0,A,,1454302.0,A,,1574148.0,A,,1518107.0,A,,2804663.0,A,,4541562.0,A,,3455042.0,A,,4023746.0,A,,3707498.0,A,,2734924.0,A,,2890495.0,A,,2783911.0,A,,2968201.0,A,,3221172.0,A,,4430028.0,A,,2696435.0,A,,2690222.0,A,,2340844.0,A,,1822485.0,A,,1517700.0,A,,1209983.0,A,,1392564.0,A,,2071020.0,E,,3044896.0,E,,2543834.0,E,,3037087.0,E,,2837742.0,E,,2095817.0,E,,2043664.0,A,,1133552.0,E,,1017481.0,A,,1062107.0,A,,1463130.0,A,,1783540.0,A,,2281218.0,A,,2442348.0,A,,3033935.0,A,,2629315.0,A,,3528238.0,A,,5541324.0,A,,4871993.0,A,,3759120.0,A,,3796038.0,A,,3834729.0,A,,3480888.0,A,,4186745.0,A,,3470496.0,A,,3706566.0,A,,3647583.0,A,,4802612.0,A,,6183053.0,A,,5521160.0,A,,6386311.0,A,
