zone,type,date,year,month,tmean_c,tmax_c,tmin_c,rain_chirps_mm,area_km2
"Arabica, Mt Elgon",arabica,1990-01,1990,1,17.23430527826435,24.86131359896398,10.00280189867774,59.007068622842674,2628.709671974957
"Arabica, Rwenzori",arabica,1990-01,1990,1,17.748025713922868,24.97994635561375,11.604897677550454,72.30684260138639,2944.8618901873747
"Robusta, Greater Masaka",robusta,1990-01,1990,1,20.841277804948806,27.167710311663406,14.66354566901251,48.4694006603965,7685.258283154902
"Robusta, Central",robusta,1990-01,1990,1,21.396566690604683,28.69045462179846,14.53147626000364,45.916483640618445,24255.539073361513
"Robusta, South-west",robusta,1990-01,1990,1,20.900162482324255,28.329414155826832,13.920060635881464,45.78508930514346,14270.908828976686
"Robusta, Busoga",robusta,1990-01,1990,1,22.263234002040438,29.40496832882788,16.01530458512467,37.767694277548145,8719.211026133715
"Arabica, Mt Elgon",arabica,1990-02,1990,2,17.306685959214615,23.721565389751742,11.259933216389094,148.17165800639333,2628.709671974957
"Arabica, Rwenzori",arabica,1990-02,1990,2,17.655985960047403,24.33371897223738,12.668514690711808,115.99052183246451,2944.8618901873747
"Robusta, Greater Masaka",robusta,1990-02,1990,2,20.795183311551284,26.293229568919045,16.272680395226327,81.65248645571603,7685.258283154902
"Robusta, Central",robusta,1990-02,1990,2,21.245628454618945,27.86132600182218,16.551611376297263,71.81636076622345,24255.539073361513
"Robusta, South-west",robusta,1990-02,1990,2,20.75345048325116,27.44651576022773,15.333382464677173,99.49649346936941,14270.908828976686
"Robusta, Busoga",robusta,1990-02,1990,2,21.85874983452567,27.99934005293569,17.351848494276123,83.41182085370889,8719.211026133715
"Arabica, Mt Elgon",arabica,1990-03,1990,3,17.37102743850108,22.901852533597882,12.05200590115988,179.11704853556012,2628.709671974957
"Arabica, Rwenzori",arabica,1990-03,1990,3,17.869477941220783,24.52930960164021,12.98559384064683,133.58037650014745,2944.8618901873747
"Robusta, Greater Masaka",robusta,1990-03,1990,3,20.596900547030863,26.08703384020448,16.460516193652907,154.7020225687325,7685.258283154902
"Robusta, Central",robusta,1990-03,1990,3,21.158865573289173,27.296394610649052,16.69612027205472,136.56896698738566,24255.539073361513
"Robusta, South-west",robusta,1990-03,1990,3,20.603112201660743,26.73945424157884,15.125494980667371,105.31337713540172,14270.908828976686
"Robusta, Busoga",robusta,1990-03,1990,3,21.919901027374557,27.48891171748767,17.931624303651613,151.22910809979626,8719.211026133715
"Arabica, Mt Elgon",arabica,1990-04,1990,4,17.11412162475738,22.453392345851928,12.308549664760667,221.058482315323,2628.709671974957
"Arabica, Rwenzori",arabica,1990-04,1990,4,18.297459464851947,24.963997132332917,12.942030447050417,169.87083561433923,2944.8618901873747
"Robusta, Greater Masaka",robusta,1990-04,1990,4,20.93790485631942,26.435807347092748,16.156839846783832,125.39238389312398,7685.258283154902
"Robusta, Central",robusta,1990-04,1990,4,21.226088281607737,27.484858674328724,16.297921170942825,181.66928613459086,24255.539073361513
"Robusta, South-west",robusta,1990-04,1990,4,20.899723787553892,27.664984985653092,15.250986127742514,143.06654269268353,14270.908828976686
"Robusta, Busoga",robusta,1990-04,1990,4,21.804345807928485,27.55922795468134,17.947926357434294,208.71020729238035,8719.211026133715
"Arabica, Mt Elgon",arabica,1990-05,1990,5,17.14051309903913,23.121932182337876,12.104251643022824,193.4386318640608,2628.709671974957
"Arabica, Rwenzori",arabica,1990-05,1990,5,17.81663633207779,23.945510782108165,13.270740690058478,108.52403082777116,2944.8618901873747
"Robusta, Greater Masaka",robusta,1990-05,1990,5,20.592543432122486,26.094135388367253,15.941030604498449,134.2301145012865,7685.258283154902
"Robusta, Central",robusta,1990-05,1990,5,20.883523728081222,26.741591177941242,16.16754820804471,151.32516769785582,24255.539073361513
"Robusta, South-west",robusta,1990-05,1990,5,20.552955337978887,27.089982448649288,15.03542393507295,60.07215145255264,14270.908828976686
"Robusta, Busoga",robusta,1990-05,1990,5,21.647923316822492,27.428964461715054,18.016505243080857,152.95706189680024,8719.211026133715
"Arabica, Mt Elgon",arabica,1990-06,1990,6,16.707063238078927,22.025245737916276,11.266220651652912,89.60421016314922,2628.709671974957
"Arabica, Rwenzori",arabica,1990-06,1990,6,17.900571772936853,24.690882068985378,12.211585121033524,70.87987804505369,2944.8618901873747
"Robusta, Greater Masaka",robusta,1990-06,1990,6,20.45790919482126,26.65612262672129,14.90208131701882,11.740449375205955,7685.258283154902
"Robusta, Central",robusta,1990-06,1990,6,20.709632226494254,26.857613165763667,15.018105377314662,27.595374599493578,24255.539073361513
"Robusta, South-west",robusta,1990-06,1990,6,20.98300996009319,28.44433555103211,14.240053065970656,20.771801967418142,14270.908828976686
"Robusta, Busoga",robusta,1990-06,1990,6,21.665043746296764,27.273798759459943,17.13610998960175,37.92305294186097,8719.211026133715
"Arabica, Mt Elgon",arabica,1990-07,1990,7,15.894063090867954,21.26135125294977,10.440539178884938,163.76705818924452,2628.709671974957
"Arabica, Rwenzori",arabica,1990-07,1990,7,17.467905442297244,23.966823741581603,11.45362003440287,36.52163726863851,2944.8618901873747
"Robusta, Greater Masaka",robusta,1990-07,1990,7,20.609263844485255,27.156936598776518,13.970126376175354,19.821077728183884,7685.258283154902
"Robusta, Central",robusta,1990-07,1990,7,20.58043123957592,26.925308313691044,14.060704785981379,53.432918458427494,24255.539073361513
"Robusta, South-west",robusta,1990-07,1990,7,21.185543629184576,28.93541113912766,13.338572231082855,13.081782901090731,14270.908828976686
"Robusta, Busoga",robusta,1990-07,1990,7,21.272539965335376,26.75756287977873,15.974186108275834,97.08136539852826,8719.211026133715
"Arabica, Mt Elgon",arabica,1990-08,1990,8,15.94352722420126,21.205621126758377,10.918169561597866,183.51493528483806,2628.709671974957
"Arabica, Rwenzori",arabica,1990-08,1990,8,17.394554189546938,23.769397485083413,12.21095663166516,103.88650917027961,2944.8618901873747
"Robusta, Greater Masaka",robusta,1990-08,1990,8,20.739773083222854,26.486010009278523,15.147026570411462,46.449733888178784,7685.258283154902
"Robusta, Central",robusta,1990-08,1990,8,20.56240860183817,26.716990896826044,15.561654161517092,106.25789912698491,24255.539073361513
"Robusta, South-west",robusta,1990-08,1990,8,21.148904366503043,27.774770162898317,15.272251058381705,60.774579086902655,14270.908828976686
"Robusta, Busoga",robusta,1990-08,1990,8,21.389659022026592,26.90420118946933,16.84508871990749,140.3178958788952,8719.211026133715
"Arabica, Mt Elgon",arabica,1990-09,1990,9,16.623438944202217,22.371103435173946,11.02907517580004,119.16218861721768,2628.709671974957
"Arabica, Rwenzori",arabica,1990-09,1990,9,17.292988144835675,24.167263721371388,12.016809462540264,114.35222843292695,2944.8618901873747
"Robusta, Greater Masaka",robusta,1990-09,1990,9,20.413959964790706,26.8168436680623,14.868201908698152,66.85680130918897,7685.258283154902
"Robusta, Central",robusta,1990-09,1990,9,20.615085283313125,27.199217018121683,15.544609796800236,114.56022672980238,24255.539073361513
"Robusta, South-west",robusta,1990-09,1990,9,20.411313516104354,27.90513851201241,14.098193191211369,78.59552450016366,14270.908828976686
"Robusta, Busoga",robusta,1990-09,1990,9,21.528096293525227,27.573601357827357,17.157381522548114,119.60923420597798,8719.211026133715
"Arabica, Mt Elgon",arabica,1990-10,1990,10,17.00647084445868,23.38292778027209,11.376528372474603,157.22039495798464,2628.709671974957
"Arabica, Rwenzori",arabica,1990-10,1990,10,17.449635129533032,24.072033851925575,12.166572111607058,154.19556938401485,2944.8618901873747
"Robusta, Greater Masaka",robusta,1990-10,1990,10,20.503557352264647,27.063042654100485,15.575373709076391,122.36422848920367,7685.258283154902
"Robusta, Central",robusta,1990-10,1990,10,20.777928966297,27.798427617608876,16.122228069970397,137.9600080323565,24255.539073361513
"Robusta, South-west",robusta,1990-10,1990,10,20.271617890495857,27.562052377492552,14.224289473662397,108.60333995674638,14270.908828976686
"Robusta, Busoga",robusta,1990-10,1990,10,21.82297819636753,28.25105364813719,17.527676075751515,132.88560106923555,8719.211026133715
"Arabica, Mt Elgon",arabica,1990-11,1990,11,17.181241405891576,23.486083399276495,11.54003726304617,86.64798007836147,2628.709671974957
"Arabica, Rwenzori",arabica,1990-11,1990,11,17.44695845195161,23.45921806838487,11.912832288307785,203.60806114760922,2944.8618901873747
"Robusta, Greater Masaka",robusta,1990-11,1990,11,20.599016835525774,26.577301671266486,15.828942424688785,106.37875331990591,7685.258283154902
"Robusta, Central",robusta,1990-11,1990,11,20.985974339987617,27.46004028282494,16.384774944023974,87.6427700440281,24255.539073361513
"Robusta, South-west",robusta,1990-11,1990,11,20.39717827349031,26.971499682346856,14.405559257559199,129.88006106578914,14270.908828976686
"Robusta, Busoga",robusta,1990-11,1990,11,21.953048784537987,28.13669995023829,17.73660858740281,117.03063154338734,8719.211026133715
"Arabica, Mt Elgon",arabica,1990-12,1990,12,16.973856299349166,23.447004359204527,10.874129654955295,56.11089296639571,2628.709671974957
"Arabica, Rwenzori",arabica,1990-12,1990,12,17.19613910101653,24.159870114536506,11.543418629197733,144.0357290844732,2944.8618901873747
"Robusta, Greater Masaka",robusta,1990-12,1990,12,20.213061230901705,26.724056683166324,14.796291887030344,99.3208871568684,7685.258283154902
"Robusta, Central",robusta,1990-12,1990,12,20.645439445753595,27.868245673628437,15.249360142252137,81.45583756638332,24255.539073361513
"Robusta, South-west",robusta,1990-12,1990,12,20.08176761254045,27.000980064596114,13.792060470564067,86.08377705921599,14270.908828976686
"Robusta, Busoga",robusta,1990-12,1990,12,21.6161411293022,28.425132038674892,16.812996601064864,65.36857052768012,8719.211026133715
"Arabica, Mt Elgon",arabica,1991-01,1991,1,17.537783245682164,25.019115120087584,11.143874935087204,57.59634816699939,2628.709671974957
"Arabica, Rwenzori",arabica,1991-01,1991,1,17.781132061022948,25.125950456432367,12.140639874248185,77.50860992240243,2944.8618901873747
"Robusta, Greater Masaka",robusta,1991-01,1991,1,20.7528716166219,26.72849530003797,15.673468963287418,58.88160189648195,7685.258283154902
"Robusta, Central",robusta,1991-01,1991,1,21.313632570324824,28.329345245411606,15.9422976220684,42.648082897306274,24255.539073361513
"Robusta, South-west",robusta,1991-01,1991,1,20.877779216838125,27.998241231033298,14.682985041616213,62.279601773073516,14270.908828976686
"Robusta, Busoga",robusta,1991-01,1991,1,22.063504500855764,29.251931355664713,17.23749348969676,63.40149760779494,8719.211026133715
"Arabica, Mt Elgon",arabica,1991-02,1991,2,18.48636061137148,25.06605256969183,11.483439911185378,38.73393736987422,2628.709671974957
"Arabica, Rwenzori",arabica,1991-02,1991,2,18.20575540059659,25.134736291535635,12.126974570588292,76.08912075566965,2944.8618901873747
"Robusta, Greater Masaka",robusta,1991-02,1991,2,21.317611379522663,28.35273023101387,16.132489601107242,72.33139021107058,7685.258283154902
"Robusta, Central",robusta,1991-02,1991,2,22.06778503910477,29.40358127764738,16.48469758489029,74.19975281243526,24255.539073361513
"Robusta, South-west",robusta,1991-02,1991,2,21.363423318974483,28.631338753372457,14.959681332810987,57.3137025426724,14270.908828976686
"Robusta, Busoga",robusta,1991-02,1991,2,22.848403015140207,29.198988169771358,17.95653113008881,79.45590097804853,8719.211026133715
"Arabica, Mt Elgon",arabica,1991-03,1991,3,18.603898638473417,26.069280166850195,12.022523416083208,136.59184408820695,2628.709671974957
"Arabica, Rwenzori",arabica,1991-03,1991,3,18.607759576889887,25.676396064101517,13.154166016189473,82.6359530753037,2944.8618901873747
"Robusta, Greater Masaka",robusta,1991-03,1991,3,21.484586708209022,28.05780969705814,16.09163348405812,132.06583947529919,7685.258283154902
"Robusta, Central",robusta,1991-03,1991,3,22.14991346436949,29.621022113353114,16.59568672435391,111.11933357474858,24255.539073361513
"Robusta, South-west",robusta,1991-03,1991,3,21.661078876487657,28.908446930744415,15.52358009117096,79.34619758708644,14270.908828976686
"Robusta, Busoga",robusta,1991-03,1991,3,22.91580818620685,30.39499110353404,18.09800117716977,124.01705908632478,8719.211026133715
"Arabica, Mt Elgon",arabica,1991-04,1991,4,17.206859234094946,22.536693681151558,12.319290159752885,170.29693035071395,2628.709671974957
"Arabica, Rwenzori",arabica,1991-04,1991,4,17.619805739522022,23.892735487900612,12.694749856706874,125.1805731864153,2944.8618901873747
"Robusta, Greater Masaka",robusta,1991-04,1991,4,20.528462655879895,25.61585623434809,16.226622827442366,170.10198950450615,7685.258283154902
"Robusta, Central",robusta,1991-04,1991,4,20.873099354259185,26.685982274646758,16.518008435548527,188.54413588458388,24255.539073361513
"Robusta, South-west",robusta,1991-04,1991,4,20.465226959489623,26.79829048987137,14.911468005298797,111.4041874803069,14270.908828976686
"Robusta, Busoga",robusta,1991-04,1991,4,21.562590779138283,27.21461832403491,16.95528147088584,184.4820489919173,8719.211026133715
"Arabica, Mt Elgon",arabica,1991-05,1991,5,17.034940080794637,22.2809775276365,11.82934956560303,268.9934157584658,2628.709671974957
"Arabica, Rwenzori",arabica,1991-05,1991,5,17.62219274793981,23.94088359984114,12.962983158364043,116.87755805266531,2944.8618901873747
"Robusta, Greater Masaka",robusta,1991-05,1991,5,20.400471115379183,25.52394239263557,16.006186722103322,177.9653784466085,7685.258283154902
"Robusta, Central",robusta,1991-05,1991,5,20.666915183756043,26.293591598870513,16.666854815535284,146.1372878268782,24255.539073361513
"Robusta, South-west",robusta,1991-05,1991,5,20.2165420609985,26.25839505217175,14.828351955937118,85.8764756048132,14270.908828976686
"Robusta, Busoga",robusta,1991-05,1991,5,21.36859366282498,26.804967550509257,17.836899058773767,238.43075992355742,8719.211026133715
"Arabica, Mt Elgon",arabica,1991-06,1991,6,16.71974031324794,22.117029130811897,11.661792513118373,178.70526835967473,2628.709671974957
"Arabica, Rwenzori",arabica,1991-06,1991,6,17.722339112616183,23.72683211242691,12.790232864177673,72.8457874285929,2944.8618901873747
"Robusta, Greater Masaka",robusta,1991-06,1991,6,20.6243922891308,26.762898872147918,14.813642718747728,34.51265298822614,7685.258283154902
"Robusta, Central",robusta,1991-06,1991,6,20.822400851628306,26.90825322116206,15.741205128089288,63.002590122949854,24255.539073361513
"Robusta, South-west",robusta,1991-06,1991,6,20.577388250960812,26.96544031194745,14.263467675535237,41.764882186665815,14270.908828976686
"Robusta, Busoga",robusta,1991-06,1991,6,21.72681805588278,27.2834856597583,17.44098470695613,81.7352275019594,8719.211026133715
"Arabica, Mt Elgon",arabica,1991-07,1991,7,15.49535152761679,20.51698199312476,10.725024190510739,194.8015804425747,2628.709671974957
"Arabica, Rwenzori",arabica,1991-07,1991,7,16.889876313644017,23.110209357717306,11.792930467644272,72.30258898301736,2944.8618901873747
"Robusta, Greater Masaka",robusta,1991-07,1991,7,19.82837362962252,25.510796665156303,13.730232428831348,26.210727394856388,7685.258283154902
"Robusta, Central",robusta,1991-07,1991,7,20.08359500623031,25.788653247365055,14.764147931197744,56.66597189734679,24255.539073361513
"Robusta, South-west",robusta,1991-07,1991,7,20.125247579236696,26.716385545529235,13.670516539407776,37.13214471958269,14270.908828976686
"Robusta, Busoga",robusta,1991-07,1991,7,20.831008288093013,26.416117271804566,16.683094803037537,62.47489520368437,8719.211026133715
"Arabica, Mt Elgon",arabica,1991-08,1991,8,15.581037441608126,20.598134320315364,10.561139795043331,216.5691400609673,2628.709671974957
"Arabica, Rwenzori",arabica,1991-08,1991,8,16.92902790586682,23.064797017950397,11.972157207148996,67.1782249758528,2944.8618901873747
"Robusta, Greater Masaka",robusta,1991-08,1991,8,20.026422796191216,25.885853092514754,14.673769889858418,51.08181353493939,7685.258283154902
"Robusta, Central",robusta,1991-08,1991,8,20.327548665865706,26.407577075444674,15.42196976006701,99.42701015731937,24255.539073361513
"Robusta, South-west",robusta,1991-08,1991,8,20.110312027836027,26.51535133822368,14.237727533005296,60.268502862576256,14270.908828976686
"Robusta, Busoga",robusta,1991-08,1991,8,21.07818335242804,26.56681322771462,16.927509901447742,110.82893586857425,8719.211026133715
"Arabica, Mt Elgon",arabica,1991-09,1991,9,16.520900007083053,22.864442413833743,11.018222306708868,92.10689684777084,2628.709671974957
"Arabica, Rwenzori",arabica,1991-09,1991,9,17.61617400141712,24.55471237898903,12.328865085981539,155.16774270346107,2944.8618901873747
"Robusta, Greater Masaka",robusta,1991-09,1991,9,20.655704112587266,26.58782403989121,15.570009528068539,51.92791941653445,7685.258283154902
"Robusta, Central",robusta,1991-09,1991,9,21.045937566887087,27.670889972718808,16.038095795348372,90.98279386548104,24255.539073361513
"Robusta, South-west",robusta,1991-09,1991,9,20.85313611469464,27.76018239084552,14.43202519831742,90.4661224472966,14270.908828976686
"Robusta, Busoga",robusta,1991-09,1991,9,21.95999480185014,28.316250645365063,17.419105597258838,117.27922721671614,8719.211026133715
"Arabica, Mt Elgon",arabica,1991-10,1991,10,16.15308388214589,22.92270054154176,11.144662236164756,176.7181736702674,2628.709671974957
"Arabica, Rwenzori",arabica,1991-10,1991,10,16.69502632176129,23.394707528104018,11.277992296476791,185.7845658242498,2944.8618901873747
"Robusta, Greater Masaka",robusta,1991-10,1991,10,19.99110282896143,26.69226071218332,15.119659775933878,118.84842687601838,7685.258283154902
"Robusta, Central",robusta,1991-10,1991,10,20.21903486768086,27.603137674983728,15.514300692920488,154.2557864879723,24255.539073361513
"Robusta, South-west",robusta,1991-10,1991,10,19.711878078188498,27.50976041566462,13.879262027772794,139.086692823014,14270.908828976686
"Robusta, Busoga",robusta,1991-10,1991,10,20.95839265537616,27.83218896297649,16.65191730046094,178.5577506902825,8719.211026133715
"Arabica, Mt Elgon",arabica,1991-11,1991,11,16.541775003302394,22.111241450386288,11.442378740959697,88.492283701115,2628.709671974957
"Arabica, Rwenzori",arabica,1991-11,1991,11,16.954414793305492,23.025558582304466,11.855539962890154,142.74981366459485,2944.8618901873747
"Robusta, Greater Masaka",robusta,1991-11,1991,11,20.040959799207908,25.502093312661252,15.96857588697662,88.62447508827665,7685.258283154902
"Robusta, Central",robusta,1991-11,1991,11,20.43734584038632,26.39448502608006,16.242777016425364,121.60119487959086,24255.539073361513
"Robusta, South-west",robusta,1991-11,1991,11,19.674225517935053,25.987405480531546,14.204434051741668,92.9621808891282,14270.908828976686
"Robusta, Busoga",robusta,1991-11,1991,11,21.352117246597544,27.00101924139754,17.43258296360805,112.79994810641726,8719.211026133715
"Arabica, Mt Elgon",arabica,1991-12,1991,12,17.01770154148086,23.439140501632526,10.611018681035675,21.573606545478267,2628.709671974957
"Arabica, Rwenzori",arabica,1991-12,1991,12,17.330414779237774,23.826224568945253,11.85402834362184,87.75963547817322,2944.8618901873747
"Robusta, Greater Masaka",robusta,1991-12,1991,12,20.571234180452546,26.22760118026665,15.6515215247333,72.30433678287653,7685.258283154902
"Robusta, Central",robusta,1991-12,1991,12,21.091516271974598,27.53355423521188,15.62243508857845,53.940865480700666,24255.539073361513
"Robusta, South-west",robusta,1991-12,1991,12,20.465073158871096,27.2676153228892,14.378019245143046,85.65782601204255,14270.908828976686
"Robusta, Busoga",robusta,1991-12,1991,12,21.891854303992886,27.780423370451405,16.92108933490805,47.066041201628046,8719.211026133715
"Arabica, Mt Elgon",arabica,1992-01,1992,1,18.015688339663207,24.637322726886826,11.298449738770106,19.129325166019193,2628.709671974957
"Arabica, Rwenzori",arabica,1992-01,1992,1,18.043224338829813,24.680300208072367,12.243749230288257,38.78458813048773,2944.8618901873747
"Robusta, Greater Masaka",robusta,1992-01,1992,1,21.261416106545553,27.33784771032886,15.8107022911323,30.414117565409374,7685.258283154902
"Robusta, Central",robusta,1992-01,1992,1,21.987035791959908,28.9289769869413,15.531570819710645,38.49143056633878,24255.539073361513
"Robusta, South-west",robusta,1992-01,1992,1,21.430093043597196,28.03702498747011,15.004553428104845,22.66025982755869,14270.908828976686
"Robusta, Busoga",robusta,1992-01,1992,1,22.477155585458743,28.76753835367338,16.80594225924434,23.936581743913724,8719.211026133715
"Arabica, Mt Elgon",arabica,1992-02,1992,2,18.356884362726415,26.273264853856727,11.876657611623562,42.35765491660676,2628.709671974957
"Arabica, Rwenzori",arabica,1992-02,1992,2,18.58811964737493,25.507318944290393,12.298697518812173,33.9601717313134,2944.8618901873747
"Robusta, Greater Masaka",robusta,1992-02,1992,2,21.584653878209306,29.398467906029282,16.394105575523312,43.64854196990993,7685.258283154902
"Robusta, Central",robusta,1992-02,1992,2,22.701931141177546,30.582211663378583,16.42341693752802,27.187173946141247,24255.539073361513
"Robusta, South-west",robusta,1992-02,1992,2,21.900651231319273,29.641779057535228,15.045737508187253,37.434949274302234,14270.908828976686
"Robusta, Busoga",robusta,1992-02,1992,2,23.12362869488749,29.9136996034209,17.8915845523117,39.294731264617376,8719.211026133715
"Arabica, Mt Elgon",arabica,1992-03,1992,3,19.41907280475654,27.196099327754922,12.330547977717474,64.82836977704574,2628.709671974957
"Arabica, Rwenzori",arabica,1992-03,1992,3,19.477768219110818,27.143466205044863,13.246593647232338,108.27673904970887,2944.8618901873747
"Robusta, Greater Masaka",robusta,1992-03,1992,3,22.129671613181518,29.061219335704262,16.755276959341998,84.14074559122867,7685.258283154902
"Robusta, Central",robusta,1992-03,1992,3,23.395620529091822,31.491376333816127,17.14281221233209,73.07436778276401,24255.539073361513
"Robusta, South-west",robusta,1992-03,1992,3,22.47802256569849,30.400684773816746,15.708591868209712,85.1248466998102,14270.908828976686
"Robusta, Busoga",robusta,1992-03,1992,3,23.8393655524683,32.02253846712653,18.451899749753405,110.73016332610649,8719.211026133715
"Arabica, Mt Elgon",arabica,1992-04,1992,4,17.998245471012652,24.63736612215156,11.830685463443285,175.05596477875952,2628.709671974957
"Arabica, Rwenzori",arabica,1992-04,1992,4,18.401637844058772,25.04757606112921,13.447445027183772,154.21002646237898,2944.8618901873747
"Robusta, Greater Masaka",robusta,1992-04,1992,4,21.178752154763938,26.85398249716174,16.68722894471312,132.7210927229085,7685.258283154902
"Robusta, Central",robusta,1992-04,1992,4,21.752344350958683,28.08477160926683,16.997213545576717,130.6814820379459,24255.539073361513
"Robusta, South-west",robusta,1992-04,1992,4,21.011985553854892,27.76567888993202,15.397098476359483,117.73545634683323,14270.908828976686
"Robusta, Busoga",robusta,1992-04,1992,4,22.499986905152245,28.558689999149284,18.08481122946111,191.52587470563412,8719.211026133715
"Arabica, Mt Elgon",arabica,1992-05,1992,5,17.03098950190244,22.12604423728215,12.232865058817877,127.67826887831919,2628.709671974957
"Arabica, Rwenzori",arabica,1992-05,1992,5,17.86289992245748,23.71792915236823,12.893046290679294,110.27222280151696,2944.8618901873747
"Robusta, Greater Masaka",robusta,1992-05,1992,5,20.54191926918021,25.816659334457306,15.531036695866002,133.3319033384936,7685.258283154902
"Robusta, Central",robusta,1992-05,1992,5,20.908503061501346,26.636676670089514,16.114785058513565,122.25857983565004,24255.539073361513
"Robusta, South-west",robusta,1992-05,1992,5,20.44316645281033,26.523185768698447,14.402867268411915,55.76866916447704,14270.908828976686
"Robusta, Busoga",robusta,1992-05,1992,5,21.65495209884349,27.128459320056304,17.67656193832675,174.9011094003205,8719.211026133715
"Arabica, Mt Elgon",arabica,1992-06,1992,6,16.15586505332548,21.859557543829386,11.29247729279677,200.89983690511096,2628.709671974957
"Arabica, Rwenzori",arabica,1992-06,1992,6,17.233107264461513,23.825040532650693,12.878311980990768,71.31804839677143,2944.8618901873747
"Robusta, Greater Masaka",robusta,1992-06,1992,6,20.1981820085565,26.141623096362256,15.075189761240527,35.93291712341,7685.258283154902
"Robusta, Central",robusta,1992-06,1992,6,20.312169881821465,26.7598563273826,15.826932197346684,78.7549694449529,24255.539073361513
"Robusta, South-west",robusta,1992-06,1992,6,20.225067916208577,27.194473561004273,14.338214170121358,40.66739033945283,14270.908828976686
"Robusta, Busoga",robusta,1992-06,1992,6,21.05466284079613,27.074008372743602,17.380890193109728,114.45295267309497,8719.211026133715
"Arabica, Mt Elgon",arabica,1992-07,1992,7,15.267086657668797,20.30671557832458,10.496461688634007,155.71899936390548,2628.709671974957
"Arabica, Rwenzori",arabica,1992-07,1992,7,16.64969297270718,22.88613877716761,11.861071851303626,55.652100505366604,2944.8618901873747
"Robusta, Greater Masaka",robusta,1992-07,1992,7,19.636884334102163,25.838544805579794,13.893538512953553,23.86921304204511,7685.258283154902
"Robusta, Central",robusta,1992-07,1992,7,19.84881641835753,25.960113544041924,14.546896753572835,66.93747238390522,24255.539073361513
"Robusta, South-west",robusta,1992-07,1992,7,19.9797920185035,27.18564778676423,13.479406266134607,19.746722985420362,14270.908828976686
"Robusta, Busoga",robusta,1992-07,1992,7,20.575233034235552,26.129572766939106,16.318032028201827,96.90236873632028,8719.211026133715
"Arabica, Mt Elgon",arabica,1992-08,1992,8,15.721371038277015,21.36362338703248,10.920387297390347,156.1097371345458,2628.709671974957
"Arabica, Rwenzori",arabica,1992-08,1992,8,17.183363466112834,23.697231869063437,11.73160265209133,107.51757648529518,2944.8618901873747
"Robusta, Greater Masaka",robusta,1992-08,1992,8,20.328982837380597,26.59898596797564,14.56842335731727,38.05806622861374,7685.258283154902
"Robusta, Central",robusta,1992-08,1992,8,20.41929085197935,27.151286405173224,15.183835960261726,97.45743019458455,24255.539073361513
"Robusta, South-west",robusta,1992-08,1992,8,20.91437953052826,28.227990573353495,13.940643513375148,50.23221046760586,14270.908828976686
"Robusta, Busoga",robusta,1992-08,1992,8,21.153334147108374,27.529763707141377,16.80306923703433,102.39827856636074,8719.211026133715
"Arabica, Mt Elgon",arabica,1992-09,1992,9,16.064340053931822,21.762400037854768,10.591125325447255,112.96269674795987,2628.709671974957
"Arabica, Rwenzori",arabica,1992-09,1992,9,17.133810411199722,23.34241003350936,11.946830829582419,171.3583744303358,2944.8618901873747
"Robusta, Greater Masaka",robusta,1992-09,1992,9,20.193658119699485,25.92415966904145,14.77707595885304,84.90116153885666,7685.258283154902
"Robusta, Central",robusta,1992-09,1992,9,20.21777245189998,26.459428220193736,15.190287525188534,118.14700058522638,24255.539073361513
"Robusta, South-west",robusta,1992-09,1992,9,20.238422483445255,27.03782341926482,14.079364095665749,129.34073261361712,14270.908828976686
"Robusta, Busoga",robusta,1992-09,1992,9,21.223136580684933,27.465560549578914,16.638823178093478,140.1789762296616,8719.211026133715
"Arabica, Mt Elgon",arabica,1992-10,1992,10,16.26517429709269,22.207558886713223,11.082416527696592,173.0756537506436,2628.709671974957
"Arabica, Rwenzori",arabica,1992-10,1992,10,17.09993829383017,23.733371669321503,11.531177386786341,120.34141920305468,2944.8618901873747
"Robusta, Greater Masaka",robusta,1992-10,1992,10,20.439409919898893,26.22438048067108,15.919959784447558,130.76188936939118,7685.258283154902
"Robusta, Central",robusta,1992-10,1992,10,20.51536105619748,26.910882953042613,16.11255264682367,174.38387820833745,24255.539073361513
"Robusta, South-west",robusta,1992-10,1992,10,20.16982669055936,26.93395212283294,14.546611788338476,128.13510467441105,14270.908828976686
"Robusta, Busoga",robusta,1992-10,1992,10,21.372705845128717,27.855466345990116,17.251554018977522,148.7786010421079,8719.211026133715
"Arabica, Mt Elgon",arabica,1992-11,1992,11,16.395847303213383,22.432657888413754,10.648137768118644,80.53518701093434,2628.709671974957
"Arabica, Rwenzori",arabica,1992-11,1992,11,16.85745673163201,22.902542014468672,11.801904819129922,110.31440061986612,2944.8618901873747
"Robusta, Greater Masaka",robusta,1992-11,1992,11,19.9767625407461,25.906358634570093,15.08727173194464,114.42709039102206,7685.258283154902
"Robusta, Central",robusta,1992-11,1992,11,20.295813309330303,26.357004297169468,15.503798748882332,97.85159229082032,24255.539073361513
"Robusta, South-west",robusta,1992-11,1992,11,19.71336034452702,26.115220057911532,14.12563978310502,93.24459830536279,14270.908828976686
"Robusta, Busoga",robusta,1992-11,1992,11,21.208104839938716,27.016117809892386,16.72389933179069,129.02359086318504,8719.211026133715
"Arabica, Mt Elgon",arabica,1992-12,1992,12,16.749466111928328,22.732743417669557,11.238516792851087,37.75700278747897,2628.709671974957
"Arabica, Rwenzori",arabica,1992-12,1992,12,16.951982909262906,23.082662016500535,11.98740954267798,139.9351465440319,2944.8618901873747
"Robusta, Greater Masaka",robusta,1992-12,1992,12,20.026006145196057,26.033760228976657,15.685978174073968,82.74985898690626,7685.258283154902
"Robusta, Central",robusta,1992-12,1992,12,20.42689739042207,26.538255762400087,15.871475546502783,95.21469738991111,24255.539073361513
"Robusta, South-west",robusta,1992-12,1992,12,19.96103796933485,26.49678196103272,14.314902279350559,99.1245208295929,14270.908828976686
"Robusta, Busoga",robusta,1992-12,1992,12,21.236047689559523,27.33644720677341,17.246582023469198,113.91852466799273,8719.211026133715
"Arabica, Mt Elgon",arabica,1993-01,1993,1,16.976389268913163,23.833272204570505,10.33753228667311,61.56885704581026,2628.709671974957
"Arabica, Rwenzori",arabica,1993-01,1993,1,17.477425262703182,23.541351835952394,11.930805135961373,57.51078519848334,2944.8618901873747
"Robusta, Greater Masaka",robusta,1993-01,1993,1,20.7672837244222,26.954837480133293,15.640821593326606,91.34255567141676,7685.258283154902
"Robusta, Central",robusta,1993-01,1993,1,21.471047873715992,28.22841232412896,15.206624073268822,44.447458129913976,24255.539073361513
"Robusta, South-west",robusta,1993-01,1993,1,20.857923716658167,27.62597777278215,14.88552028239734,62.285612213062144,14270.908828976686
"Robusta, Busoga",robusta,1993-01,1993,1,22.14750740166629,28.205786986264116,16.47249087954538,72.21590127256056,8719.211026133715
"Arabica, Mt Elgon",arabica,1993-02,1993,2,17.28248515016611,24.245899622186418,11.345105026007097,88.10269393000212,2628.709671974957
"Arabica, Rwenzori",arabica,1993-02,1993,2,17.98789670853867,24.55038070102275,12.465243605493269,79.4662844008827,2944.8618901873747
"Robusta, Greater Masaka",robusta,1993-02,1993,2,21.230294762127496,28.0410384288163,15.933202054569058,54.602620969722594,7685.258283154902
"Robusta, Central",robusta,1993-02,1993,2,22.208992759399077,29.023271240241133,16.372156369619386,40.92726612457222,24255.539073361513
"Robusta, South-west",robusta,1993-02,1993,2,21.530205018972183,28.57089494613117,15.290497204779154,47.95931651049536,14270.908828976686
"Robusta, Busoga",robusta,1993-02,1993,2,22.51571552850827,29.15158883250491,17.692620423126733,31.930177881000382,8719.211026133715
"Arabica, Mt Elgon",arabica,1993-03,1993,3,18.09764396762706,25.892819307703725,11.341516554865036,50.10279290333823,2628.709671974957
"Arabica, Rwenzori",arabica,1993-03,1993,3,18.129912577364543,25.871744084365066,12.088066219573804,92.47105164676233,2944.8618901873747
"Robusta, Greater Masaka",robusta,1993-03,1993,3,21.164387134297172,27.691662194532835,16.00930262004302,111.44669095962102,7685.258283154902
"Robusta, Central",robusta,1993-03,1993,3,21.91182312143621,29.550815341714237,16.298447795839145,123.7688237444294,24255.539073361513
"Robusta, South-west",robusta,1993-03,1993,3,21.48879703444405,29.920454831433073,15.026815552073431,78.81730930468517,14270.908828976686
"Robusta, Busoga",robusta,1993-03,1993,3,22.520830150756055,29.762830189205122,17.283706513800603,100.16648971777435,8719.211026133715
"Arabica, Mt Elgon",arabica,1993-04,1993,4,17.967089994481668,25.42040216427378,12.15762451848052,129.25370208921672,2628.709671974957
"Arabica, Rwenzori",arabica,1993-04,1993,4,18.127656392455865,24.374067231692443,12.835952289200641,215.44113352988666,2944.8618901873747
"Robusta, Greater Masaka",robusta,1993-04,1993,4,20.96140356567584,26.73044644731783,16.394595360122885,142.57911075101208,7685.258283154902
"Robusta, Central",robusta,1993-04,1993,4,21.46578932143486,28.058761445436964,16.812935109953123,155.1476013706907,24255.539073361513
"Robusta, South-west",robusta,1993-04,1993,4,21.243729245532247,27.995800583717212,15.40985725571593,126.63001373181018,14270.908828976686
"Robusta, Busoga",robusta,1993-04,1993,4,22.146849630388957,28.006705366713295,18.04595633482381,214.1411163821846,8719.211026133715
"Arabica, Mt Elgon",arabica,1993-05,1993,5,16.598969281242493,21.97909487802572,11.622833197445146,237.00258855648286,2628.709671974957
"Arabica, Rwenzori",arabica,1993-05,1993,5,17.90746650521626,24.25419718920062,12.888157866301462,163.0526237221084,2944.8618901873747
"Robusta, Greater Masaka",robusta,1993-05,1993,5,20.48036188926086,26.32163482380618,15.726278180371308,135.8446821429731,7685.258283154902
"Robusta, Central",robusta,1993-05,1993,5,20.861260759514934,27.22549341800064,16.38525963749574,158.06605381341754,24255.539073361513
"Robusta, South-west",robusta,1993-05,1993,5,20.51702645633866,27.101762977727294,15.004436132620873,100.7312482889876,14270.908828976686
"Robusta, Busoga",robusta,1993-05,1993,5,21.717598228195076,27.478205672321884,17.56416257946869,200.53699202025402,8719.211026133715
"Arabica, Mt Elgon",arabica,1993-06,1993,6,16.115572799294338,21.299664489483884,10.916013051394629,149.05057505562965,2628.709671974957
"Arabica, Rwenzori",arabica,1993-06,1993,6,17.365582403136962,23.416685386113702,12.49820792581408,57.167950626870734,2944.8618901873747
"Robusta, Greater Masaka",robusta,1993-06,1993,6,20.07223602414919,25.543198624015364,14.646096419386344,38.22056365033951,7685.258283154902
"Robusta, Central",robusta,1993-06,1993,6,20.5269245368664,26.329991429152127,15.155382990230818,92.91608908097803,24255.539073361513
"Robusta, South-west",robusta,1993-06,1993,6,20.22467435212119,26.4189840637404,14.21557564674903,31.872501421134867,14270.908828976686
"Robusta, Busoga",robusta,1993-06,1993,6,21.34694958316275,26.794689346178632,16.987693701397465,108.51618342754821,8719.211026133715
"Arabica, Mt Elgon",arabica,1993-07,1993,7,15.75376062823335,21.379795409273076,10.74919642449074,125.15984872005758,2628.709671974957
"Arabica, Rwenzori",arabica,1993-07,1993,7,17.43546083189625,23.75990805481214,11.927523526770955,14.361141478113197,2944.8618901873747
"Robusta, Greater Masaka",robusta,1993-07,1993,7,20.00629199036417,26.40055749580935,13.639795495824128,6.894790246279737,7685.258283154902
"Robusta, Central",robusta,1993-07,1993,7,20.53793437608059,26.941706195206795,14.289564764913363,24.20838246261498,24255.539073361513
"Robusta, South-west",robusta,1993-07,1993,7,20.83048126206696,28.613756763827915,14.017379468305,6.472984045234559,14270.908828976686
"Robusta, Busoga",robusta,1993-07,1993,7,21.2117325366313,26.824182896283258,16.651119060210846,35.46451373456075,8719.211026133715
"Arabica, Mt Elgon",arabica,1993-08,1993,8,16.10126591199363,21.899028386688038,10.563776955377097,124.81141414421326,2628.709671974957
"Arabica, Rwenzori",arabica,1993-08,1993,8,17.229929323681702,23.730252260283944,11.81483401426135,112.4285342595583,2944.8618901873747
"Robusta, Greater Masaka",robusta,1993-08,1993,8,20.080370330212556,26.21374220619891,14.113643378005197,53.007791043246726,7685.258283154902
"Robusta, Central",robusta,1993-08,1993,8,20.452523802599742,27.142559025033155,15.196968196822466,69.75889613532108,24255.539073361513
"Robusta, South-west",robusta,1993-08,1993,8,20.415341393544846,27.7192853091146,13.719772386660578,86.83992314011462,14270.908828976686
"Robusta, Busoga",robusta,1993-08,1993,8,21.48397716824671,27.416862618242277,17.083376808461274,111.00592383301952,8719.211026133715
"Arabica, Mt Elgon",arabica,1993-09,1993,9,16.698409855305698,22.938396219093544,11.118487242479409,109.6169617462719,2628.709671974957
"Arabica, Rwenzori",arabica,1993-09,1993,9,17.517461829984377,24.342383019889976,12.153127067852257,136.74583989751653,2944.8618901873747
"Robusta, Greater Masaka",robusta,1993-09,1993,9,20.28504164194882,26.419143282938848,14.63154672963295,47.10734010124161,7685.258283154902
"Robusta, Central",robusta,1993-09,1993,9,20.706944593696946,27.42256549319137,15.692378115315503,108.57859896079351,24255.539073361513
"Robusta, South-west",robusta,1993-09,1993,9,20.716135205875712,28.046675383617416,14.034949139946505,69.56079873002813,14270.908828976686
"Robusta, Busoga",robusta,1993-09,1993,9,21.902337105856372,28.089304187012804,17.27427486553101,139.86040492496608,8719.211026133715
"Arabica, Mt Elgon",arabica,1993-10,1993,10,17.643142886626666,23.002003239927674,11.663922638001571,90.19230061045278,2628.709671974957
"Arabica, Rwenzori",arabica,1993-10,1993,10,17.72101375464323,24.38653171508277,12.685265222486999,168.1264106241404,2944.8618901873747
"Robusta, Greater Masaka",robusta,1993-10,1993,10,20.715753854160464,26.52000773946949,15.966526235277415,89.88025028338936,7685.258283154902
"Robusta, Central",robusta,1993-10,1993,10,21.023166734504695,27.454927513518175,16.416510091255045,119.04445909780671,24255.539073361513
"Robusta, South-west",robusta,1993-10,1993,10,20.696400466072795,27.66238758388412,14.672720494050736,134.33120372741757,14270.908828976686
"Robusta, Busoga",robusta,1993-10,1993,10,22.2027803742864,28.5154333077393,17.979616772211926,104.85383526773417,8719.211026133715
"Arabica, Mt Elgon",arabica,1993-11,1993,11,17.312734164642077,23.49021728915809,11.754438443305744,66.98027904949494,2628.709671974957
"Arabica, Rwenzori",arabica,1993-11,1993,11,17.377842973326835,23.584465014318802,12.587616033952942,187.97889862896847,2944.8618901873747
"Robusta, Greater Masaka",robusta,1993-11,1993,11,20.536058636132108,25.973043429214133,16.11162412574886,112.94864583758279,7685.258283154902
"Robusta, Central",robusta,1993-11,1993,11,20.961227047984703,27.27099166105467,16.518607211247073,121.06185936920154,24255.539073361513
"Robusta, South-west",robusta,1993-11,1993,11,20.178582134702488,26.813007662138215,14.778129500078427,125.33420930124271,14270.908828976686
"Robusta, Busoga",robusta,1993-11,1993,11,22.006214139067083,28.340876123852293,17.52856167028948,107.25893725707569,8719.211026133715
"Arabica, Mt Elgon",arabica,1993-12,1993,12,18.262799043803255,25.156582585023624,11.549150512888525,22.295688069473147,2628.709671974957
"Arabica, Rwenzori",arabica,1993-12,1993,12,17.724474454868737,24.409487962539654,12.157310111063682,156.7104108279547,2944.8618901873747
"Robusta, Greater Masaka",robusta,1993-12,1993,12,20.833903955532534,26.831357881431696,15.638653539780586,83.83469426786704,7685.258283154902
"Robusta, Central",robusta,1993-12,1993,12,21.54390454932866,28.82011383713202,16.13387658061251,55.37566511143584,24255.539073361513
"Robusta, South-west",robusta,1993-12,1993,12,20.545068730594256,27.927188287604665,14.186622287818867,117.53730904532807,14270.908828976686
"Robusta, Busoga",robusta,1993-12,1993,12,22.631051950184627,30.0609438104352,17.740839547497732,49.23893052457234,8719.211026133715
"Arabica, Mt Elgon",arabica,1994-01,1994,1,18.87997282692203,26.06702515517803,11.57165693006662,24.137792116755296,2628.709671974957
"Arabica, Rwenzori",arabica,1994-01,1994,1,18.057920930446446,24.682718335865058,12.169104501717879,53.994239691886534,2944.8618901873747
"Robusta, Greater Masaka",robusta,1994-01,1994,1,21.047660195774572,27.816474215461962,15.99004062669441,49.588594553706734,7685.258283154902
"Robusta, Central",robusta,1994-01,1994,1,22.098709286588225,29.84140721908036,15.986007975776053,36.23949304654109,24255.539073361513
"Robusta, South-west",robusta,1994-01,1994,1,21.304415827563552,28.97685573266434,14.995312221264854,48.622201877469294,14270.908828976686
"Robusta, Busoga",robusta,1994-01,1994,1,22.801129492562463,30.27673631792261,17.373201160067666,45.50636312115498,8719.211026133715
"Arabica, Mt Elgon",arabica,1994-02,1994,2,18.825535708905168,26.84370317694127,11.550736612780957,29.962698437718537,2628.709671974957
"Arabica, Rwenzori",arabica,1994-02,1994,2,18.81037698565423,25.531054302833077,12.7318075511503,25.243777825822416,2944.8618901873747
"Robusta, Greater Masaka",robusta,1994-02,1994,2,21.753415082582883,29.170767400982857,16.298791016206216,70.14852005863422,7685.258283154902
"Robusta, Central",robusta,1994-02,1994,2,22.906610699952058,31.01709792586392,16.196450466270253,54.03633117656396,24255.539073361513
"Robusta, South-west",robusta,1994-02,1994,2,22.29762689968707,29.799321812299965,15.79677452787458,37.926920155675624,14270.908828976686
"Robusta, Busoga",robusta,1994-02,1994,2,23.252528357981586,30.80170528778729,17.5300421910441,42.41114113376812,8719.211026133715
"Arabica, Mt Elgon",arabica,1994-03,1994,3,18.04518384372383,25.467662437830498,11.732613251884699,95.16175523963739,2628.709671974957
"Arabica, Rwenzori",arabica,1994-03,1994,3,18.11652517176105,25.38069583021397,12.010622203435224,97.89713088944684,2944.8618901873747
"Robusta, Greater Masaka",robusta,1994-03,1994,3,21.072015516722225,27.0052515701933,16.236848013233793,125.88812155751914,7685.258283154902
"Robusta, Central",robusta,1994-03,1994,3,21.782415635648547,28.26983272078635,16.45068423699992,111.1415651607329,24255.539073361513
"Robusta, South-west",robusta,1994-03,1994,3,21.122213289545506,28.013676967841295,15.100835973435432,90.76371894853571,14270.908828976686
"Robusta, Busoga",robusta,1994-03,1994,3,22.38463089796736,29.301536485776825,17.584823925221,128.40308711019495,8719.211026133715
"Arabica, Mt Elgon",arabica,1994-04,1994,4,17.62951521008109,24.11605379232689,12.151236087489462,178.55292060422101,2628.709671974957
"Arabica, Rwenzori",arabica,1994-04,1994,4,18.311147600330422,25.353876366813505,12.984755093594334,171.73978515297568,2944.8618901873747
"Robusta, Greater Masaka",robusta,1994-04,1994,4,20.746325257916236,27.420357325012542,15.76926674364049,171.84686097330678,7685.258283154902
"Robusta, Central",robusta,1994-04,1994,4,21.391731881663,28.628436984328907,16.45549080068637,165.58508618818854,24255.539073361513
"Robusta, South-west",robusta,1994-04,1994,4,20.97654670488605,28.519508364505164,14.773031603982915,111.75522896339398,14270.908828976686
"Robusta, Busoga",robusta,1994-04,1994,4,22.290832289328335,29.52259660905782,17.99170750233575,182.27595441991443,8719.211026133715
"Arabica, Mt Elgon",arabica,1994-05,1994,5,16.472641247841644,21.500326508417015,11.645515065513386,181.5949049119412,2628.709671974957
"Arabica, Rwenzori",arabica,1994-05,1994,5,17.564030372730162,23.29815369269723,12.974534746474568,169.1271941344974,2944.8618901873747
"Robusta, Greater Masaka",robusta,1994-05,1994,5,20.194100412598477,25.60690671306519,16.09790499455461,213.95150411372393,7685.258283154902
"Robusta, Central",robusta,1994-05,1994,5,20.636577923776212,26.619449412645437,16.59828977249326,161.07073897946535,24255.539073361513
"Robusta, South-west",robusta,1994-05,1994,5,20.125583666471705,26.394977934301195,14.849217776446578,122.45403642488814,14270.908828976686
"Robusta, Busoga",robusta,1994-05,1994,5,21.44657531022491,27.059128789208096,17.346223158293416,196.61296656548706,8719.211026133715
"Arabica, Mt Elgon",arabica,1994-06,1994,6,16.025065540566064,21.24520465006472,11.01901701121426,150.89369555418773,2628.709671974957
"Arabica, Rwenzori",arabica,1994-06,1994,6,17.283349630908162,23.532262279065865,12.09090644650897,57.12974184829028,2944.8618901873747
"Robusta, Greater Masaka",robusta,1994-06,1994,6,20.170016042489056,26.035447757688747,14.43606994269269,30.179203226268527,7685.258283154902
"Robusta, Central",robusta,1994-06,1994,6,20.532303478687812,26.57271056635208,15.315952415532665,63.79010085046267,24255.539073361513
"Robusta, South-west",robusta,1994-06,1994,6,20.4333049343389,27.47126989923421,13.998183415716532,24.09513152305882,14270.908828976686
"Robusta, Busoga",robusta,1994-06,1994,6,21.287691590867198,27.046534142164912,17.184876900001854,94.57440956049768,8719.211026133715
"Arabica, Mt Elgon",arabica,1994-07,1994,7,15.411971302760536,21.028937358886377,10.440850959793378,183.2518217454419,2628.709671974957
"Arabica, Rwenzori",arabica,1994-07,1994,7,17.027976218784207,23.39043298318674,11.802955255815158,69.90367228299432,2944.8618901873747
"Robusta, Greater Masaka",robusta,1994-07,1994,7,19.78409972846173,25.708599702867108,14.625520772418707,25.03502791527426,7685.258283154902
"Robusta, Central",robusta,1994-07,1994,7,20.060895360990873,26.43450719087003,14.943694450440363,59.8940590764179,24255.539073361513
"Robusta, South-west",robusta,1994-07,1994,7,20.401472629949115,28.05761627737997,13.706623522087536,27.57485418462063,14270.908828976686
"Robusta, Busoga",robusta,1994-07,1994,7,20.74419434469726,26.324192622226402,16.70948208871276,90.06833740441354,8719.211026133715
"Arabica, Mt Elgon",arabica,1994-08,1994,8,15.615829264821691,20.66118221468389,11.146607142186902,189.63448702781787,2628.709671974957
"Arabica, Rwenzori",arabica,1994-08,1994,8,17.087994326067424,23.79464963630494,12.132422158617814,109.31764942297113,2944.8618901873747
"Robusta, Greater Masaka",robusta,1994-08,1994,8,20.065379599128043,26.152657114018364,14.113604523527801,68.1840173537846,7685.258283154902
"Robusta, Central",robusta,1994-08,1994,8,20.302601762155703,26.671285897448016,15.344399187625697,115.07185350250305,24255.539073361513
"Robusta, South-west",robusta,1994-08,1994,8,20.436141260582012,28.454597721077725,14.195952740294139,81.17296673702735,14270.908828976686
"Robusta, Busoga",robusta,1994-08,1994,8,21.07077226854336,27.095373828636678,16.46459298698025,104.98755705648189,8719.211026133715
"Arabica, Mt Elgon",arabica,1994-09,1994,9,16.82165568164376,23.039889190349527,11.034988622732264,75.34865174911259,2628.709671974957
"Arabica, Rwenzori",arabica,1994-09,1994,9,17.405438615379065,23.77930275121817,12.197136811110385,133.9779294752463,2944.8618901873747
"Robusta, Greater Masaka",robusta,1994-09,1994,9,20.421884677015722,26.075840130599214,14.958995751320796,57.594955712159695,7685.258283154902
"Robusta, Central",robusta,1994-09,1994,9,20.84304841928656,27.41010497179518,15.636621440469266,109.95759680093583,24255.539073361513
"Robusta, South-west",robusta,1994-09,1994,9,20.437464767298255,26.958142407638142,14.42233200449237,87.18473766298764,14270.908828976686
"Robusta, Busoga",robusta,1994-09,1994,9,21.952086621561943,28.17567129918537,17.339052368484975,99.46683499038235,8719.211026133715
"Arabica, Mt Elgon",arabica,1994-10,1994,10,16.78748473324379,22.839548912798666,11.533343785989096,134.0210520766963,2628.709671974957
"Arabica, Rwenzori",arabica,1994-10,1994,10,16.95603798361857,23.23831734770484,11.829713656970148,159.92877514513629,2944.8618901873747
"Robusta, Greater Masaka",robusta,1994-10,1994,10,20.217862051609593,25.86938015369777,15.55133554826414,127.78180467082315,7685.258283154902
"Robusta, Central",robusta,1994-10,1994,10,20.442119389732266,26.701302449207724,15.87013927684372,160.96837649780164,24255.539073361513
"Robusta, South-west",robusta,1994-10,1994,10,19.912173923058052,26.556870964682584,14.209620989716225,131.91720777194573,14270.908828976686
"Robusta, Busoga",robusta,1994-10,1994,10,21.454210049767195,27.270364930371294,17.2545385612832,116.38514091750272,8719.211026133715
"Arabica, Mt Elgon",arabica,1994-11,1994,11,16.25575085701024,21.735666780862065,11.354383142528688,246.7891531242226,2628.709671974957
"Arabica, Rwenzori",arabica,1994-11,1994,11,16.85468903760885,23.11105852970855,12.337169614363258,193.9937506072867,2944.8618901873747
"Robusta, Greater Masaka",robusta,1994-11,1994,11,20.013469626591107,26.082085425261422,15.700817410209376,176.8621092691259,7685.258283154902
"Robusta, Central",robusta,1994-11,1994,11,20.328475213447312,26.62631477747251,15.957351536714766,156.02555993727066,24255.539073361513
"Robusta, South-west",robusta,1994-11,1994,11,19.692748188518074,26.11585998046598,14.513746453353486,153.74685948204268,14270.908828976686
"Robusta, Busoga",robusta,1994-11,1994,11,21.12472093372724,26.884565296588075,17.22935189709185,132.33393705326213,8719.211026133715
"Arabica, Mt Elgon",arabica,1994-12,1994,12,17.219082129591246,24.111116621555194,10.959692240677745,25.85245919155368,2628.709671974957
"Arabica, Rwenzori",arabica,1994-12,1994,12,17.232335920462877,23.910751443948485,11.714023563219182,101.7369346207589,2944.8618901873747
"Robusta, Greater Masaka",robusta,1994-12,1994,12,20.44907710974655,26.275305004955655,15.481207826705873,96.24681158790015,7685.258283154902
"Robusta, Central",robusta,1994-12,1994,12,21.037747365219154,27.024840847966136,15.640530935702921,60.16177031232288,24255.539073361513
"Robusta, South-west",robusta,1994-12,1994,12,20.177333413404018,26.969920899563338,14.182589080086492,88.41695631894977,14270.908828976686
"Robusta, Busoga",robusta,1994-12,1994,12,21.855677623775712,27.855712561401937,17.038220345657635,54.7048389224643,8719.211026133715
"Arabica, Mt Elgon",arabica,1995-01,1995,1,18.16026091241198,24.980268731182992,10.864222636213157,25.963244564539153,2628.709671974957
"Arabica, Rwenzori",arabica,1995-01,1995,1,18.198523215125945,24.67264365376596,11.97749622915578,55.681923569481626,2944.8618901873747
"Robusta, Greater Masaka",robusta,1995-01,1995,1,21.297052059888234,27.781115586957615,14.953010128672377,52.21871346551563,7685.258283154902
"Robusta, Central",robusta,1995-01,1995,1,22.21160056008719,29.51438793907612,15.699079231165374,26.32399110791776,24255.539073361513
"Robusta, South-west",robusta,1995-01,1995,1,21.491767442065374,28.253643991748486,14.564657312100357,48.98144653257441,14270.908828976686
"Robusta, Busoga",robusta,1995-01,1995,1,22.72659477810324,29.34160005911246,17.02540271823766,39.77065304510051,8719.211026133715
"Arabica, Mt Elgon",arabica,1995-02,1995,2,18.0078977273334,25.68161552441273,11.40046056634886,65.84086610158856,2628.709671974957
"Arabica, Rwenzori",arabica,1995-02,1995,2,17.889465225440784,24.876847340094866,12.223789166169812,58.07501619265537,2944.8618901873747
"Robusta, Greater Masaka",robusta,1995-02,1995,2,21.205283106872038,27.509796594785346,15.788664653694786,58.07031207239677,7685.258283154902
"Robusta, Central",robusta,1995-02,1995,2,22.185110013979706,29.465903393206794,16.575077411937265,52.95486407984648,24255.539073361513
"Robusta, South-west",robusta,1995-02,1995,2,21.28270637772083,28.389917062335527,14.746756709181295,47.04729838293904,14270.908828976686
"Robusta, Busoga",robusta,1995-02,1995,2,22.61858566468359,29.544959191985114,17.81577737926911,55.67735813385498,8719.211026133715
"Arabica, Mt Elgon",arabica,1995-03,1995,3,17.802339426985252,24.44392916985341,11.675064494689092,98.81441695029825,2628.709671974957
"Arabica, Rwenzori",arabica,1995-03,1995,3,18.093552093464137,25.075568404476623,12.558863379436453,133.93101988403365,2944.8618901873747
"Robusta, Greater Masaka",robusta,1995-03,1995,3,21.119844557204974,27.431692736030744,16.16338048037613,155.6334669018759,7685.258283154902
"Robusta, Central",robusta,1995-03,1995,3,21.917960021404422,28.571154384578236,17.069601661882714,143.56265218720213,24255.539073361513
"Robusta, South-west",robusta,1995-03,1995,3,21.03231735484981,27.931211430216333,15.054963377356,110.09070888371834,14270.908828976686
"Robusta, Busoga",robusta,1995-03,1995,3,22.59142212213106,29.11978160939317,17.97744301662301,119.19299316775344,8719.211026133715
"Arabica, Mt Elgon",arabica,1995-04,1995,4,17.865659933612264,24.836167790764115,12.506722452541911,185.75066125565942,2628.709671974957
"Arabica, Rwenzori",arabica,1995-04,1995,4,18.243960915513767,25.043220148393235,12.975843118496176,227.4535057671197,2944.8618901873747
"Robusta, Greater Masaka",robusta,1995-04,1995,4,20.845872233085057,26.85808237686158,16.209227425016973,179.71771457087794,7685.258283154902
"Robusta, Central",robusta,1995-04,1995,4,21.462265210774284,28.315144592423014,16.94253761931404,190.1188766219935,24255.539073361513
"Robusta, South-west",robusta,1995-04,1995,4,20.8813415570502,27.71520443266151,15.106975375676452,146.1776357356403,14270.908828976686
"Robusta, Busoga",robusta,1995-04,1995,4,22.22587658399096,28.92117740405291,18.19156633683592,200.1133953743081,8719.211026133715
"Arabica, Mt Elgon",arabica,1995-05,1995,5,17.08608831897189,23.13790972487784,12.131263251652868,167.16708100327747,2628.709671974957
"Arabica, Rwenzori",arabica,1995-05,1995,5,17.89652600183327,24.15771855535072,12.682414506984927,90.38671595171931,2944.8618901873747
"Robusta, Greater Masaka",robusta,1995-05,1995,5,20.50675053412543,25.3553633258341,15.469313281509644,199.53544214654644,7685.258283154902
"Robusta, Central",robusta,1995-05,1995,5,21.002566282191864,26.548811286347142,16.02704172783434,136.21902735336872,24255.539073361513
"Robusta, South-west",robusta,1995-05,1995,5,20.4809427733923,26.665246621472548,14.298237267735779,71.17997947397856,14270.908828976686
"Robusta, Busoga",robusta,1995-05,1995,5,21.845184211656093,27.248299131438365,17.92102714017625,146.4819463309743,8719.211026133715
"Arabica, Mt Elgon",arabica,1995-06,1995,6,16.902490017668374,22.80951817180677,11.452643842048156,146.12856770135303,2628.709671974957
"Arabica, Rwenzori",arabica,1995-06,1995,6,17.730305715157154,24.288468459674117,12.159577671317363,82.2183438717524,2944.8618901873747
"Robusta, Greater Masaka",robusta,1995-06,1995,6,20.626987639635107,26.990579148099513,15.02571857741584,26.476333738232988,7685.258283154902
"Robusta, Central",robusta,1995-06,1995,6,20.92042305200058,27.3175677495306,15.568420137932378,53.622242984567166,24255.539073361513
"Robusta, South-west",robusta,1995-06,1995,6,20.949339578399385,28.500270668402646,14.611489178286245,48.58049295291004,14270.908828976686
"Robusta, Busoga",robusta,1995-06,1995,6,21.658050378492437,27.628701052051476,17.13978702854264,70.43723109458591,8719.211026133715
"Arabica, Mt Elgon",arabica,1995-07,1995,7,15.713452026870291,21.019296230839664,10.74827094978267,181.30993653861688,2628.709671974957
"Arabica, Rwenzori",arabica,1995-07,1995,7,17.052131601200976,23.33269757645295,11.975835693530748,40.2262620979501,2944.8618901873747
"Robusta, Greater Masaka",robusta,1995-07,1995,7,20.13748629300762,25.622197217262794,14.355564558008156,37.50460663481233,7685.258283154902
"Robusta, Central",robusta,1995-07,1995,7,20.257020307927174,26.198802607564314,14.465250799811274,82.90998983585996,24255.539073361513
"Robusta, South-west",robusta,1995-07,1995,7,20.748828587007765,27.600018468256863,13.849936618440102,19.42776286205391,14270.908828976686
"Robusta, Busoga",robusta,1995-07,1995,7,21.00618882257896,26.493888581073694,16.409771044052313,121.1416677217922,8719.211026133715
"Arabica, Mt Elgon",arabica,1995-08,1995,8,16.272240005515673,21.761191616968244,11.07680884233408,132.14961967435914,2628.709671974957
"Arabica, Rwenzori",arabica,1995-08,1995,8,17.570287751718485,24.721502676223114,11.222602473242025,70.02605255502263,2944.8618901873747
"Robusta, Greater Masaka",robusta,1995-08,1995,8,20.502667988587636,27.29383017275456,13.352568297369627,29.94944544065416,7685.258283154902
"Robusta, Central",robusta,1995-08,1995,8,20.650796639764273,27.060783081713073,14.538206223320124,72.3934618399863,24255.539073361513
"Robusta, South-west",robusta,1995-08,1995,8,21.31683295430552,29.798448830429347,13.903619818208279,30.788530260099765,14270.908828976686
"Robusta, Busoga",robusta,1995-08,1995,8,21.667612492603496,27.455544019560456,16.86016721016528,101.39572341920615,8719.211026133715
"Arabica, Mt Elgon",arabica,1995-09,1995,9,16.646118077476448,22.56776272978362,11.065893401513152,144.3657858212177,2628.709671974957
"Arabica, Rwenzori",arabica,1995-09,1995,9,17.553501816010797,24.87735783576293,12.011489062165369,144.15642300470483,2944.8618901873747
"Robusta, Greater Masaka",robusta,1995-09,1995,9,20.71878606398058,27.50662769906874,14.557604933371419,101.49878102109523,7685.258283154902
"Robusta, Central",robusta,1995-09,1995,9,20.98321201621457,27.358990377729135,15.772668294698892,132.39805199366475,24255.539073361513
"Robusta, South-west",robusta,1995-09,1995,9,20.987204702446586,28.993285766406338,13.724316691836314,129.54701068683727,14270.908828976686
"Robusta, Busoga",robusta,1995-09,1995,9,21.943302424204273,28.095742444070492,17.479796601010413,141.45334369761085,8719.211026133715
"Arabica, Mt Elgon",arabica,1995-10,1995,10,16.816350434543608,22.703073418876194,12.030912863213704,208.8737325412397,2628.709671974957
"Arabica, Rwenzori",arabica,1995-10,1995,10,17.26220716571506,23.57547783325389,12.328218303831784,131.64913819793094,2944.8618901873747
"Robusta, Greater Masaka",robusta,1995-10,1995,10,20.53686005561782,26.32635831130812,16.214973605530528,108.29476908778474,7685.258283154902
"Robusta, Central",robusta,1995-10,1995,10,20.791010890012867,27.349099576358945,16.421562285938606,166.56941377470125,24255.539073361513
"Robusta, South-west",robusta,1995-10,1995,10,20.21918407346402,26.838319726763146,14.553164306527163,121.24036912326898,14270.908828976686
"Robusta, Busoga",robusta,1995-10,1995,10,21.714176839595964,28.132970721886466,17.508733590583194,162.65374628038825,8719.211026133715
"Arabica, Mt Elgon",arabica,1995-11,1995,11,16.856610827336624,22.552707027165344,11.623515875598807,122.10596050397852,2628.709671974957
"Arabica, Rwenzori",arabica,1995-11,1995,11,17.34185751225014,23.564063023010867,12.507391392196881,175.54927391227992,2944.8618901873747
"Robusta, Greater Masaka",robusta,1995-11,1995,11,20.662762048942106,26.513568511928472,15.791942100554914,127.7797746730853,7685.258283154902
"Robusta, Central",robusta,1995-11,1995,11,21.053692117045646,27.49379872132094,16.492553485735726,102.78036571310307,24255.539073361513
"Robusta, South-west",robusta,1995-11,1995,11,20.321509474717107,26.781094874669044,14.270468467787476,139.49733448601333,14270.908828976686
"Robusta, Busoga",robusta,1995-11,1995,11,21.970074655424785,28.058896573075714,17.97802156702604,110.22643877110642,8719.211026133715
"Arabica, Mt Elgon",arabica,1995-12,1995,12,16.890800514249126,23.34362788000931,10.851927707714399,43.183165703244576,2628.709671974957
"Arabica, Rwenzori",arabica,1995-12,1995,12,17.116268201157123,23.33255675599227,11.458196372099158,92.41205670636619,2944.8618901873747
"Robusta, Greater Masaka",robusta,1995-12,1995,12,20.491777059907516,26.003880743029622,15.488084865866794,103.69104988597608,7685.258283154902
"Robusta, Central",robusta,1995-12,1995,12,21.121598049593548,27.088598324734974,15.98718980643335,63.630123661856224,24255.539073361513
"Robusta, South-west",robusta,1995-12,1995,12,20.18358764628479,26.431253963406746,14.004927731426134,83.50722625352036,14270.908828976686
"Robusta, Busoga",robusta,1995-12,1995,12,21.926103445026154,27.81451706286408,17.21934071026341,65.46978518925057,8719.211026133715
"Arabica, Mt Elgon",arabica,1996-01,1996,1,17.327593174923727,24.199149293013342,10.773885351496283,63.072687970937,2628.709671974957
"Arabica, Rwenzori",arabica,1996-01,1996,1,17.440259118852232,24.19776944512894,12.027729560049151,113.25060646733098,2944.8618901873747
"Robusta, Greater Masaka",robusta,1996-01,1996,1,20.739584178432384,27.426048349167115,15.295683724367823,119.65434272411339,7685.258283154902
"Robusta, Central",robusta,1996-01,1996,1,21.4378599185916,28.32675075647563,15.921804618221291,94.6745657545948,24255.539073361513
"Robusta, South-west",robusta,1996-01,1996,1,20.639702887222892,27.511316983424305,14.42999802137294,85.10991257533765,14270.908828976686
"Robusta, Busoga",robusta,1996-01,1996,1,22.081150599526968,28.423021347803427,17.336013298408464,58.767544324912265,8719.211026133715
"Arabica, Mt Elgon",arabica,1996-02,1996,2,18.091147793018933,24.670922140888603,11.279886756395035,84.4743963290091,2628.709671974957
"Arabica, Rwenzori",arabica,1996-02,1996,2,18.22210350477899,24.94232555635251,12.524752477128745,57.044124856696406,2944.8618901873747
"Robusta, Greater Masaka",robusta,1996-02,1996,2,21.1510044048858,27.781061913300675,15.436210697194024,85.00413628402227,7685.258283154902
"Robusta, Central",robusta,1996-02,1996,2,22.077319615198718,29.345697913092494,16.69427728509624,70.25679833598885,24255.539073361513
"Robusta, South-west",robusta,1996-02,1996,2,21.352476221426794,28.503960448500568,14.459215570922616,54.17040489803409,14270.908828976686
"Robusta, Busoga",robusta,1996-02,1996,2,22.66293334144259,29.289548369702505,17.948609845171514,63.56204312264743,8719.211026133715
"Arabica, Mt Elgon",arabica,1996-03,1996,3,18.00980807363253,26.117034101389148,11.793066574603834,163.9277021743581,2628.709671974957
"Arabica, Rwenzori",arabica,1996-03,1996,3,18.10624328533872,25.24369911460641,12.337501976378901,143.5245351282573,2944.8618901873747
"Robusta, Greater Masaka",robusta,1996-03,1996,3,21.38491737284515,27.597571382675895,16.354259139357538,137.22007458659448,7685.258283154902
"Robusta, Central",robusta,1996-03,1996,3,21.969294739604283,28.93284158237215,16.783975104573823,134.77764773106415,24255.539073361513
"Robusta, South-west",robusta,1996-03,1996,3,21.3618824816192,28.893099860374495,14.959569852772557,105.6578538689677,14270.908828976686
"Robusta, Busoga",robusta,1996-03,1996,3,22.55324338923061,29.215326761004672,17.127161622717935,180.66554442564237,8719.211026133715
"Arabica, Mt Elgon",arabica,1996-04,1996,4,17.459321273799695,23.640248703013263,11.856722925174532,181.87427896805372,2628.709671974957
"Arabica, Rwenzori",arabica,1996-04,1996,4,18.210225103754453,24.192101793748648,13.122657673254881,174.4976108175871,2944.8618901873747
"Robusta, Greater Masaka",robusta,1996-04,1996,4,20.80681502041906,26.268575008646327,16.046115498021482,179.47891052964738,7685.258283154902
"Robusta, Central",robusta,1996-04,1996,4,21.081446905541842,27.404589843371824,16.500597662905438,137.29122046071961,24255.539073361513
"Robusta, South-west",robusta,1996-04,1996,4,20.953263706858234,27.206298071948055,14.772964863106523,105.5333966590804,14270.908828976686
"Robusta, Busoga",robusta,1996-04,1996,4,21.914189720526654,27.860147476469947,18.094577617461358,190.5135478521512,8719.211026133715
"Arabica, Mt Elgon",arabica,1996-05,1996,5,16.876912139484702,22.642074519413327,12.190912898816402,185.07392765056375,2628.709671974957
"Arabica, Rwenzori",arabica,1996-05,1996,5,18.0555867321571,24.158336933511272,13.45152521326749,149.31317476397237,2944.8618901873747
"Robusta, Greater Masaka",robusta,1996-05,1996,5,20.510144168892328,25.871187561470144,15.691462007280583,120.87021475633611,7685.258283154902
"Robusta, Central",robusta,1996-05,1996,5,20.647902854188988,26.323240266903227,16.222514505925304,162.4731815131814,24255.539073361513
"Robusta, South-west",robusta,1996-05,1996,5,20.93521220355897,27.48856867636257,15.183044977198525,61.95131708961368,14270.908828976686
"Robusta, Busoga",robusta,1996-05,1996,5,21.491279272432205,27.087037704038725,17.70580398842835,212.16348262842632,8719.211026133715
"Arabica, Mt Elgon",arabica,1996-06,1996,6,16.01706644142704,20.807463289347538,10.727117390711346,134.9254465327283,2628.709671974957
"Arabica, Rwenzori",arabica,1996-06,1996,6,17.185551797461663,23.236219537935842,12.253430423868092,70.84447911957933,2944.8618901873747
"Robusta, Greater Masaka",robusta,1996-06,1996,6,20.340764695891966,26.492590918891743,15.096531063726793,32.44497645115877,7685.258283154902
"Robusta, Central",robusta,1996-06,1996,6,20.568344050602274,26.418915943363746,15.36765708833569,72.51091887404372,24255.539073361513
"Robusta, South-west",robusta,1996-06,1996,6,20.59351813777381,27.669287322875697,14.383250637457635,48.73676849008741,14270.908828976686
"Robusta, Busoga",robusta,1996-06,1996,6,21.218967645974907,26.590201327947305,16.61715240976964,87.19801976679042,8719.211026133715
"Arabica, Mt Elgon",arabica,1996-07,1996,7,15.651824385195162,21.11040714961652,10.766847519828241,131.28958333377892,2628.709671974957
"Arabica, Rwenzori",arabica,1996-07,1996,7,16.93793028082734,23.035872586927784,11.391055063750349,49.74979867000445,2944.8618901873747
"Robusta, Greater Masaka",robusta,1996-07,1996,7,20.152062279761303,26.219900292211086,13.994244770168795,30.06150401915983,7685.258283154902
"Robusta, Central",robusta,1996-07,1996,7,20.27014843374898,26.356854191368257,14.580033164927178,67.98633536363778,24255.539073361513
"Robusta, South-west",robusta,1996-07,1996,7,20.519358424367937,28.13911372674401,13.888348593874802,28.89558873958413,14270.908828976686
"Robusta, Busoga",robusta,1996-07,1996,7,20.937460187414842,26.699448243841008,16.43135293768022,88.64882032771516,8719.211026133715
"Arabica, Mt Elgon",arabica,1996-08,1996,8,15.954612875005045,21.602178569382293,10.625698370246813,164.98408333191685,2628.709671974957
"Arabica, Rwenzori",arabica,1996-08,1996,8,17.200535809978984,24.334421836626518,11.368793402091818,154.8555624651862,2944.8618901873747
"Robusta, Greater Masaka",robusta,1996-08,1996,8,20.68680373133924,28.009464683322406,14.730840779151205,73.00922707470646,7685.258283154902
"Robusta, Central",robusta,1996-08,1996,8,20.83942779088206,27.44513941353044,14.888234357200789,114.42906166308009,24255.539073361513
"Robusta, South-west",robusta,1996-08,1996,8,21.035973348551654,29.66434013773891,14.025355331255977,116.23088126187692,14270.908828976686
"Robusta, Busoga",robusta,1996-08,1996,8,21.556087210987886,27.28392205285841,16.595485971922002,118.53053160166228,8719.211026133715
"Arabica, Mt Elgon",arabica,1996-09,1996,9,16.193874895532485,21.782156570782995,11.125559363126937,154.59533644462093,2628.709671974957
"Arabica, Rwenzori",arabica,1996-09,1996,9,17.299351675651334,24.329356299796753,11.601114081856084,167.79931120420483,2944.8618901873747
"Robusta, Greater Masaka",robusta,1996-09,1996,9,20.337597784296698,26.832513142066674,14.274273424356624,101.00766418805603,7685.258283154902
"Robusta, Central",robusta,1996-09,1996,9,20.621472642611035,27.390619665929655,15.800994481810609,124.6335006237687,24255.539073361513
"Robusta, South-west",robusta,1996-09,1996,9,20.292739057634495,27.47476629174843,13.60998946642837,134.83831182242844,14270.908828976686
"Robusta, Busoga",robusta,1996-09,1996,9,21.57742653630013,27.945158345016893,17.1401676618381,150.9211792943886,8719.211026133715
"Arabica, Mt Elgon",arabica,1996-10,1996,10,16.81398171737278,23.242419912436134,11.424502392362868,148.50066899356324,2628.709671974957
"Arabica, Rwenzori",arabica,1996-10,1996,10,17.159077263205706,23.38135383548941,11.870599796771915,242.08749499490673,2944.8618901873747
"Robusta, Greater Masaka",robusta,1996-10,1996,10,20.503891383355626,26.12590262582362,15.863807162870613,94.03508614724804,7685.258283154902
"Robusta, Central",robusta,1996-10,1996,10,20.62564778822163,27.198239192562426,15.919666023572814,127.14611460678744,24255.539073361513
"Robusta, South-west",robusta,1996-10,1996,10,20.153322868025157,26.866259251226047,14.10525762296011,140.3428445155401,14270.908828976686
"Robusta, Busoga",robusta,1996-10,1996,10,21.692867114988257,28.206423082884434,17.29913272889575,114.18941226683327,8719.211026133715
"Arabica, Mt Elgon",arabica,1996-11,1996,11,16.68129159666282,22.724013414238463,11.179387381732848,125.41277248987149,2628.709671974957
"Arabica, Rwenzori",arabica,1996-11,1996,11,16.901111885871664,23.08885625265395,11.748463329883599,198.0170873467876,2944.8618901873747
"Robusta, Greater Masaka",robusta,1996-11,1996,11,20.382024100787728,25.69338828944092,15.399356362626133,151.94999356145448,7685.258283154902
"Robusta, Central",robusta,1996-11,1996,11,20.57442081967267,26.55870497906443,15.703768667451891,172.9643765842116,24255.539073361513
"Robusta, South-west",robusta,1996-11,1996,11,19.79990109154259,26.096104560543885,14.4366050168518,156.19072041576825,14270.908828976686
"Robusta, Busoga",robusta,1996-11,1996,11,21.489905311511148,27.148139551567212,16.40092076768186,122.48208927949219,8719.211026133715
"Arabica, Mt Elgon",arabica,1996-12,1996,12,17.440822892497884,24.105223766225972,10.769541957026414,26.822325023514846,2628.709671974957
"Arabica, Rwenzori",arabica,1996-12,1996,12,17.211759640638743,23.90402747626286,11.559610089928558,118.64420218950241,2944.8618901873747
"Robusta, Greater Masaka",robusta,1996-12,1996,12,20.538973668400548,26.53273771264522,15.208761667874429,104.45967782026841,7685.258283154902
"Robusta, Central",robusta,1996-12,1996,12,21.080459433294642,28.075914557223392,15.316564175631491,58.6152577261952,24255.539073361513
"Robusta, South-west",robusta,1996-12,1996,12,20.305368230466375,27.391495398574904,14.122414988492825,108.26933341946989,14270.908828976686
"Robusta, Busoga",robusta,1996-12,1996,12,22.12136135491159,29.07346621900821,16.76895165381488,54.39125979019062,8719.211026133715
"Arabica, Mt Elgon",arabica,1997-01,1997,1,17.940156378035017,24.69528933272165,10.855649034162486,47.84913483043343,2628.709671974957
"Arabica, Rwenzori",arabica,1997-01,1997,1,17.58989128510483,24.500873032299715,11.66856091940593,114.41111424641231,2944.8618901873747
"Robusta, Greater Masaka",robusta,1997-01,1997,1,20.853605734815044,28.088773008922107,14.971006272409273,77.69914204615968,7685.258283154902
"Robusta, Central",robusta,1997-01,1997,1,21.50689657439706,29.42136912128479,15.577651006521114,71.8295083063838,24255.539073361513
"Robusta, South-west",robusta,1997-01,1997,1,20.888033344092573,28.516761242717816,14.610284602063732,68.05263753824644,14270.908828976686
"Robusta, Busoga",robusta,1997-01,1997,1,22.38651817041843,29.71738446202008,16.659816262636667,46.04281004747729,8719.211026133715
"Arabica, Mt Elgon",arabica,1997-02,1997,2,19.167535185664786,26.778545372566406,11.35172446947576,15.115879651569216,2628.709671974957
"Arabica, Rwenzori",arabica,1997-02,1997,2,18.993882502108313,25.838137517133458,12.692082133906805,20.36800637385349,2944.8618901873747
"Robusta, Greater Masaka",robusta,1997-02,1997,2,21.925538173680742,28.47954384323956,15.704031072916242,31.501502750102922,7685.258283154902
"Robusta, Central",robusta,1997-02,1997,2,23.14201789303385,30.84277519541736,15.882085809134452,23.931408342643515,24255.539073361513
"Robusta, South-west",robusta,1997-02,1997,2,22.61148595314435,29.92125451933782,15.063476674982256,22.34833115161809,14270.908828976686
"Robusta, Busoga",robusta,1997-02,1997,2,23.598140535724035,30.376673032669423,16.79348154913689,8.572892332554774,8719.211026133715
"Arabica, Mt Elgon",arabica,1997-03,1997,3,19.821747131283498,27.967640956850172,11.756019960386643,117.08769111716315,2628.709671974957
"Arabica, Rwenzori",arabica,1997-03,1997,3,19.183537749343618,26.806079794164447,13.13343251775118,122.41887198067985,2944.8618901873747
"Robusta, Greater Masaka",robusta,1997-03,1997,3,22.552753254040926,29.357366963850197,16.32397241869772,142.9861560634117,7685.258283154902
"Robusta, Central",robusta,1997-03,1997,3,23.37715308556024,31.426186883083034,16.509286684749114,109.4114873109654,24255.539073361513
"Robusta, South-west",robusta,1997-03,1997,3,22.713623160271794,31.12822624659048,15.911848499506634,102.07335234505493,14270.908828976686
"Robusta, Busoga",robusta,1997-03,1997,3,24.063273647719836,32.43707093515502,17.627256567618133,96.09541924768365,8719.211026133715
"Arabica, Mt Elgon",arabica,1997-04,1997,4,16.595802019135437,22.231472829378426,12.040689736870194,247.53958259730638,2628.709671974957
"Arabica, Rwenzori",arabica,1997-04,1997,4,17.273261376148785,23.576657303440413,12.899794816315252,221.88575634220655,2944.8618901873747
"Robusta, Greater Masaka",robusta,1997-04,1997,4,20.414468451895452,26.336900319396847,16.26802990512099,238.18607900959913,7685.258283154902
"Robusta, Central",robusta,1997-04,1997,4,20.729421853474797,27.467998436255666,16.656090497088634,222.30196717008565,24255.539073361513
"Robusta, South-west",robusta,1997-04,1997,4,20.13540748122369,27.219377833819372,14.565469659912875,187.0703422571654,14270.908828976686
"Robusta, Busoga",robusta,1997-04,1997,4,21.47357283255794,27.45488381281336,17.78724384175646,223.6672996945983,8719.211026133715
"Arabica, Mt Elgon",arabica,1997-05,1997,5,16.645710473604552,22.70913272989622,11.33351940799295,145.9717274731811,2628.709671974957
"Arabica, Rwenzori",arabica,1997-05,1997,5,17.403820651088775,23.920498415817516,12.302749306576528,151.88617622212004,2944.8618901873747
"Robusta, Greater Masaka",robusta,1997-05,1997,5,20.256286084315796,25.967020209758367,14.635007723923609,149.27266827616603,7685.258283154902
"Robusta, Central",robusta,1997-05,1997,5,20.72322934148113,26.905816478448767,15.452022757339806,129.7046917327287,24255.539073361513
"Robusta, South-west",robusta,1997-05,1997,5,19.99240798073704,26.415229450268235,13.741843193498019,115.41515183139589,14270.908828976686
"Robusta, Busoga",robusta,1997-05,1997,5,21.46744376434911,27.49399311526754,17.08291561615129,118.23239635332355,8719.211026133715
"Arabica, Mt Elgon",arabica,1997-06,1997,6,16.465767528633524,22.57051699468244,11.212056903118969,119.39382869617828,2628.709671974957
"Arabica, Rwenzori",arabica,1997-06,1997,6,17.71633954216043,24.456772198083865,12.451097119848233,82.12506141932701,2944.8618901873747
"Robusta, Greater Masaka",robusta,1997-06,1997,6,20.334785017580767,26.101620559088715,15.219611465094946,38.318222397186254,7685.258283154902
"Robusta, Central",robusta,1997-06,1997,6,20.719790399091664,27.021555203260345,15.351388025788113,64.66482883788338,24255.539073361513
"Robusta, South-west",robusta,1997-06,1997,6,20.3891392695308,27.35728404438266,14.107461329219712,42.390430393426215,14270.908828976686
"Robusta, Busoga",robusta,1997-06,1997,6,21.576532988286388,27.19434697206891,17.189224515004128,72.85708616121609,8719.211026133715
"Arabica, Mt Elgon",arabica,1997-07,1997,7,15.823947133879306,21.517523683241357,10.996247163790283,154.1659622915346,2628.709671974957
"Arabica, Rwenzori",arabica,1997-07,1997,7,17.28219539230089,24.560842494335375,11.870402754215913,52.92625061467836,2944.8618901873747
"Robusta, Greater Masaka",robusta,1997-07,1997,7,20.62832625448978,27.619393207382473,14.76749780875818,34.24404200849755,7685.258283154902
"Robusta, Central",robusta,1997-07,1997,7,20.669512853393364,27.32703096974509,15.176358290289073,69.15763968053552,24255.539073361513
"Robusta, South-west",robusta,1997-07,1997,7,20.654475172697055,29.460640225293016,13.612632092662212,31.909216813775558,14270.908828976686
"Robusta, Busoga",robusta,1997-07,1997,7,21.296199311488422,27.65822637511036,16.610264392518705,83.86946619187452,8719.211026133715
"Arabica, Mt Elgon",arabica,1997-08,1997,8,16.27817177213786,22.353448253116685,11.16972997235467,124.25531304180684,2628.709671974957
"Arabica, Rwenzori",arabica,1997-08,1997,8,17.778994925824993,24.385595526856058,12.503464184592497,82.66163320588333,2944.8618901873747
"Robusta, Greater Masaka",robusta,1997-08,1997,8,21.065329780803694,27.739138203478202,14.722311443028115,46.263773386155236,7685.258283154902
"Robusta, Central",robusta,1997-08,1997,8,21.0392717093558,27.729225891338118,15.213552135723548,96.63224649215915,24255.539073361513
"Robusta, South-west",robusta,1997-08,1997,8,21.316731190670712,28.794895156213272,14.463405265481677,47.08153839960112,14270.908828976686
"Robusta, Busoga",robusta,1997-08,1997,8,21.947183225759943,28.019191389074095,17.172022682611143,106.86803039554658,8719.211026133715
"Arabica, Mt Elgon",arabica,1997-09,1997,9,18.15996665115218,24.821879331660742,11.51397171865729,38.29189742036247,2628.709671974957
"Arabica, Rwenzori",arabica,1997-09,1997,9,18.32902268571073,24.82042734416928,12.616182246617095,114.11647892179411,2944.8618901873747
"Robusta, Greater Masaka",robusta,1997-09,1997,9,21.533125644456742,27.78451231305408,15.545100979081134,49.5666901637298,7685.258283154902
"Robusta, Central",robusta,1997-09,1997,9,22.224026909493436,29.337098730236438,16.482244940595077,79.11647706664785,24255.539073361513
"Robusta, South-west",robusta,1997-09,1997,9,21.74109323195588,28.833683807712532,14.780837264570241,63.47899931682296,14270.908828976686
"Robusta, Busoga",robusta,1997-09,1997,9,23.301881044993518,29.743955920100014,17.561919883963235,64.30760495760518,8719.211026133715
"Arabica, Mt Elgon",arabica,1997-10,1997,10,17.144665637659028,23.9270088128528,11.871650621628525,249.3758852915986,2628.709671974957
"Arabica, Rwenzori",arabica,1997-10,1997,10,17.681672463898412,24.22769027551833,12.819293151404409,144.28879490972503,2944.8618901873747
"Robusta, Greater Masaka",robusta,1997-10,1997,10,20.789949884147347,26.934708264738997,16.189924838093592,145.04861220874963,7685.258283154902
"Robusta, Central",robusta,1997-10,1997,10,21.18624527182187,27.650893619976433,16.205720029792705,187.99146204667736,24255.539073361513
"Robusta, South-west",robusta,1997-10,1997,10,20.487001304494747,27.5702270931431,14.800643742417355,126.61481325101929,14270.908828976686
"Robusta, Busoga",robusta,1997-10,1997,10,22.113786986288094,28.360776342824124,17.148484002165652,168.76505900612773,8719.211026133715
"Arabica, Mt Elgon",arabica,1997-11,1997,11,16.237681418925437,21.649520789846516,11.564619610359756,181.75018475442184,2628.709671974957
"Arabica, Rwenzori",arabica,1997-11,1997,11,17.12434029482369,23.939168929880438,12.739387562038601,229.91051761109154,2944.8618901873747
"Robusta, Greater Masaka",robusta,1997-11,1997,11,20.30017525199479,25.854285266329132,16.06943666876891,190.28679395317,7685.258283154902
"Robusta, Central",robusta,1997-11,1997,11,20.496667957561467,26.980494985006978,16.384333494972363,223.0887354012924,24255.539073361513
"Robusta, South-west",robusta,1997-11,1997,11,19.87780558140245,26.571067784770094,14.896933188164663,166.96354405155608,14270.908828976686
"Robusta, Busoga",robusta,1997-11,1997,11,21.042390190038585,27.012510409190764,16.55172989661161,212.98088979358627,8719.211026133715
"Arabica, Mt Elgon",arabica,1997-12,1997,12,16.505180464216377,22.27423272267633,11.82897137118606,80.06897267120173,2628.709671974957
"Arabica, Rwenzori",arabica,1997-12,1997,12,16.940559069497578,22.802224676006894,11.941404258375565,135.83888013900037,2944.8618901873747
"Robusta, Greater Masaka",robusta,1997-12,1997,12,20.191230250868564,25.814623377300443,15.796869704613128,177.9873847830827,7685.258283154902
"Robusta, Central",robusta,1997-12,1997,12,20.50284583788867,26.440044946610637,16.239647882686697,170.3298281028073,24255.539073361513
"Robusta, South-west",robusta,1997-12,1997,12,19.691361709504605,25.83270960580957,14.7811908297933,143.69894595333272,14270.908828976686
"Robusta, Busoga",robusta,1997-12,1997,12,21.133082049258327,26.973091457507763,17.162160686644537,163.39138479031809,8719.211026133715
"Arabica, Mt Elgon",arabica,1998-01,1998,1,17.074500772880203,24.15926073675049,12.087092634145439,91.64403681531901,2628.709671974957
"Arabica, Rwenzori",arabica,1998-01,1998,1,17.795158379350987,24.842272114744834,12.899790705684044,81.5530273550621,2944.8618901873747
"Robusta, Greater Masaka",robusta,1998-01,1998,1,21.209111380667146,27.567580882256117,16.97118948085433,118.65546443068818,7685.258283154902
"Robusta, Central",robusta,1998-01,1998,1,21.506877458510335,28.73506415940196,15.988016692868426,84.30758609347718,24255.539073361513
"Robusta, South-west",robusta,1998-01,1998,1,20.72996580581529,27.916094244632426,15.538336963420464,72.81926681511663,14270.908828976686
"Robusta, Busoga",robusta,1998-01,1998,1,22.14652076697167,29.394876361476552,16.834158072320736,87.54696338183946,8719.211026133715
"Arabica, Mt Elgon",arabica,1998-02,1998,2,18.343624789912766,25.22334785918533,12.04542291112113,77.9912618362712,2628.709671974957
"Arabica, Rwenzori",arabica,1998-02,1998,2,18.894708382505602,25.37326062883106,13.104553697410537,59.14430333363084,2944.8618901873747
"Robusta, Greater Masaka",robusta,1998-02,1998,2,22.277574141214885,28.426484154317166,17.69617946308896,59.24941009461731,7685.258283154902
"Robusta, Central",robusta,1998-02,1998,2,22.79874878857756,29.729743790523944,17.05773455834386,52.1159390349696,24255.539073361513
"Robusta, South-west",robusta,1998-02,1998,2,21.912630124409596,28.348607289774577,16.279489913509693,57.88458793816852,14270.908828976686
"Robusta, Busoga",robusta,1998-02,1998,2,23.471380565633513,29.83335064324289,18.42004225226892,60.150484868393754,8719.211026133715
"Arabica, Mt Elgon",arabica,1998-03,1998,3,19.339179678315375,26.01765548978592,12.987971666660794,59.32857667409588,2628.709671974957
"Arabica, Rwenzori",arabica,1998-03,1998,3,19.34587988229244,26.45318675371345,13.885545660647093,118.74976095486461,2944.8618901873747
"Robusta, Greater Masaka",robusta,1998-03,1998,3,22.3317512045072,28.292818534275913,17.422081623585044,121.86710796710346,7685.258283154902
"Robusta, Central",robusta,1998-03,1998,3,23.29087021612849,29.803676447995734,18.016827679310754,125.56066121663163,24255.539073361513
"Robusta, South-west",robusta,1998-03,1998,3,22.139028338289513,29.11035473269047,15.896778615527392,84.34129634274389,14270.908828976686
"Robusta, Busoga",robusta,1998-03,1998,3,24.01525348669697,30.716705909712722,19.22836957245687,103.21245346027925,8719.211026133715
"Arabica, Mt Elgon",arabica,1998-04,1998,4,18.69855300044592,25.546154922461174,13.213460836598124,158.3583800252142,2628.709671974957
"Arabica, Rwenzori",arabica,1998-04,1998,4,19.164902681427446,25.52251060249278,14.134220631276843,160.76338447698012,2944.8618901873747
"Robusta, Greater Masaka",robusta,1998-04,1998,4,21.78857194254892,27.084232540378334,17.531815408205652,178.65040324830449,7685.258283154902
"Robusta, Central",robusta,1998-04,1998,4,22.386355763968115,28.744050394460714,17.78413356762754,175.0088630365334,24255.539073361513
"Robusta, South-west",robusta,1998-04,1998,4,21.76668441503756,28.482454494310804,16.26806389937984,109.39735779896431,14270.908828976686
"Robusta, Busoga",robusta,1998-04,1998,4,23.070446255658698,29.21412555207383,18.93386082391264,196.23310059094632,8719.211026133715
"Arabica, Mt Elgon",arabica,1998-05,1998,5,17.57609241824899,23.416925104026085,12.672190052768178,196.43217522470005,2628.709671974957
"Arabica, Rwenzori",arabica,1998-05,1998,5,18.612586609709417,24.94761263699027,13.823359893676614,136.1392385309267,2944.8618901873747
"Robusta, Greater Masaka",robusta,1998-05,1998,5,21.528319300107178,27.025165087594225,16.546897208958082,155.82203369071038,7685.258283154902
"Robusta, Central",robusta,1998-05,1998,5,21.86912098094269,27.861837423143015,17.259220935174636,144.6065468498491,24255.539073361513
"Robusta, South-west",robusta,1998-05,1998,5,21.329567882557136,28.04550099293089,15.918524547874085,109.6700672821033,14270.908828976686
"Robusta, Busoga",robusta,1998-05,1998,5,22.537034034085057,28.10750606762701,18.467021326668803,127.65890911699299,8719.211026133715
"Arabica, Mt Elgon",arabica,1998-06,1998,6,16.536991800739525,21.92719404482339,11.506536783817388,135.6689853114616,2628.709671974957
"Arabica, Rwenzori",arabica,1998-06,1998,6,18.11050416907224,24.240892876449067,12.670413726104847,34.92224728230339,2944.8618901873747
"Robusta, Greater Masaka",robusta,1998-06,1998,6,20.799650636176235,26.649844588990415,14.595431806522402,51.3834189753652,7685.258283154902
"Robusta, Central",robusta,1998-06,1998,6,21.09230193078715,26.76920000686866,15.28364478291814,47.499826265268545,24255.539073361513
"Robusta, South-west",robusta,1998-06,1998,6,20.941296555876637,27.491686375721127,14.472265232827356,21.814118695334315,14270.908828976686
"Robusta, Busoga",robusta,1998-06,1998,6,21.687515128226742,27.48183187837774,17.23529349229747,83.2240498882092,8719.211026133715
"Arabica, Mt Elgon",arabica,1998-07,1998,7,15.923376656689179,20.959485529796734,11.008050459832235,179.3370229413814,2628.709671974957
"Arabica, Rwenzori",arabica,1998-07,1998,7,17.79764959964682,23.819206811139367,12.440396169066602,43.23971793170825,2944.8618901873747
"Robusta, Greater Masaka",robusta,1998-07,1998,7,20.69697946612699,26.32768761549664,14.982314325706147,32.5334221181148,7685.258283154902
"Robusta, Central",robusta,1998-07,1998,7,20.855653552392525,26.604254610498256,15.504710657099787,79.12526123139908,24255.539073361513
"Robusta, South-west",robusta,1998-07,1998,7,21.262927913797206,27.910950036917296,14.688718192160596,21.44880303225816,14270.908828976686
"Robusta, Busoga",robusta,1998-07,1998,7,21.375763388478937,26.846720141831188,16.841774171974,64.60014215039024,8719.211026133715
"Arabica, Mt Elgon",arabica,1998-08,1998,8,16.138943394177456,21.7486582601445,11.499508882954267,152.8482356241378,2628.709671974957
"Arabica, Rwenzori",arabica,1998-08,1998,8,17.695848233893255,25.042644151627975,12.133575438571166,82.30740310612659,2944.8618901873747
"Robusta, Greater Masaka",robusta,1998-08,1998,8,20.835835269360786,28.119235795548356,14.821150821561465,57.33602913813211,7685.258283154902
"Robusta, Central",robusta,1998-08,1998,8,20.948959809387294,27.52558778257774,15.123973430546162,113.39118231817841,24255.539073361513
"Robusta, South-west",robusta,1998-08,1998,8,21.144576613921842,29.260535567389613,14.59696538541465,64.16273524123993,14270.908828976686
"Robusta, Busoga",robusta,1998-08,1998,8,21.64015768656672,27.88050774495343,16.84993395987335,106.49249647586295,8719.211026133715
"Arabica, Mt Elgon",arabica,1998-09,1998,9,16.638433304789412,22.25467480653662,11.041885289039778,126.95780705620791,2628.709671974957
"Arabica, Rwenzori",arabica,1998-09,1998,9,17.601028511789334,24.51274426624334,12.005686851713465,117.43021350481092,2944.8618901873747
"Robusta, Greater Masaka",robusta,1998-09,1998,9,20.458385545403313,26.4271404657224,14.57585058583082,77.90859137021326,7685.258283154902
"Robusta, Central",robusta,1998-09,1998,9,20.849536247884902,27.389730293348194,15.346372777162747,120.7307066633991,24255.539073361513
"Robusta, South-west",robusta,1998-09,1998,9,20.53049306967761,27.514063970920873,14.0927947362623,84.03171087256635,14270.908828976686
"Robusta, Busoga",robusta,1998-09,1998,9,21.937474498432532,28.547766160695332,17.378767331922433,140.56342363634505,8719.211026133715
"Arabica, Mt Elgon",arabica,1998-10,1998,10,16.679950680335054,22.267916836998396,11.677679054903676,215.24104997535488,2628.709671974957
"Arabica, Rwenzori",arabica,1998-10,1998,10,17.663980850787254,24.503293433696705,12.581616787874838,168.08203732848756,2944.8618901873747
"Robusta, Greater Masaka",robusta,1998-10,1998,10,20.872459345937564,26.985349913363248,15.835648921229335,104.99119656520524,7685.258283154902
"Robusta, Central",robusta,1998-10,1998,10,20.94876965669324,27.690054846455713,16.495167702765496,133.92758882287148,24255.539073361513
"Robusta, South-west",robusta,1998-10,1998,10,20.65878114860387,27.47497482812286,14.575106046011536,150.04577315148683,14270.908828976686
"Robusta, Busoga",robusta,1998-10,1998,10,21.79601623156664,28.035702703818135,17.85649358235583,121.75123030474323,8719.211026133715
"Arabica, Mt Elgon",arabica,1998-11,1998,11,16.930590822889382,22.97085046149367,11.080191699654833,120.79849281043666,2628.709671974957
"Arabica, Rwenzori",arabica,1998-11,1998,11,17.527364034628967,23.743370745415405,11.885253587227231,151.15220075694864,2944.8618901873747
"Robusta, Greater Masaka",robusta,1998-11,1998,11,20.6513368111593,26.38679997170157,15.676942682993102,83.49021997851501,7685.258283154902
"Robusta, Central",robusta,1998-11,1998,11,21.116963570990436,27.742748600742594,15.55240955239383,96.72376509247077,24255.539073361513
"Robusta, South-west",robusta,1998-11,1998,11,20.403459644306178,27.038778634308553,14.35284757756333,120.78593979108764,14270.908828976686
"Robusta, Busoga",robusta,1998-11,1998,11,22.17427107806005,28.46340767048384,17.582173972866446,100.00218391069689,8719.211026133715
"Arabica, Mt Elgon",arabica,1998-12,1998,12,17.602204737777676,24.254679761244468,10.781467067400277,17.274067973131075,2628.709671974957
"Arabica, Rwenzori",arabica,1998-12,1998,12,17.565459358880837,23.576180751821457,11.650952243438772,129.1049520703125,2944.8618901873747
"Robusta, Greater Masaka",robusta,1998-12,1998,12,20.806964736152537,27.010315728417154,15.35984057032152,55.45226202966792,7685.258283154902
"Robusta, Central",robusta,1998-12,1998,12,21.550537911397665,28.52067917109229,15.57691320868916,31.57742245569282,24255.539073361513
"Robusta, South-west",robusta,1998-12,1998,12,20.76009938434723,27.69956044170806,14.197437022633505,92.3921844699723,14270.908828976686
"Robusta, Busoga",robusta,1998-12,1998,12,22.668206372196583,29.182261462588222,16.824959444762186,21.454484909196825,8719.211026133715
"Arabica, Mt Elgon",arabica,1999-01,1999,1,17.650142959001553,25.159189274007563,10.393787194462691,35.71950333587944,2628.709671974957
"Arabica, Rwenzori",arabica,1999-01,1999,1,17.575538365776172,24.699348504578413,11.573271812141948,68.91121214366136,2944.8618901873747
"Robusta, Greater Masaka",robusta,1999-01,1999,1,20.670222033064046,27.519563372649564,15.223956902258802,80.05185359694569,7685.258283154902
"Robusta, Central",robusta,1999-01,1999,1,21.552586388503304,29.754809942172805,15.358651776088715,67.55672300980352,24255.539073361513
"Robusta, South-west",robusta,1999-01,1999,1,20.684089191274886,28.716582071750345,14.16671891303781,52.9907594338128,14270.908828976686
"Robusta, Busoga",robusta,1999-01,1999,1,22.33272727185168,30.53096401447731,16.897633326195088,71.38452354487873,8719.211026133715
"Arabica, Mt Elgon",arabica,1999-02,1999,2,19.28308856026239,26.928761108315616,10.382521781257305,22.68948205342638,2628.709671974957
"Arabica, Rwenzori",arabica,1999-02,1999,2,19.38330926232481,26.808029542462027,12.316556489696493,49.14745927532256,2944.8618901873747
"Robusta, Greater Masaka",robusta,1999-02,1999,2,22.320519422039347,29.591551726357267,14.53239281701954,41.8762783180352,7685.258283154902
"Robusta, Central",robusta,1999-02,1999,2,23.711231846966765,32.16487514124367,15.2020525830551,41.786558668276506,24255.539073361513
"Robusta, South-west",robusta,1999-02,1999,2,22.828132346394717,31.179810393689827,14.420953531818142,25.153873135384686,14270.908828976686
"Robusta, Busoga",robusta,1999-02,1999,2,24.58451287630096,33.055252589454696,16.121628546302517,26.98831118568558,8719.211026133715
"Arabica, Mt Elgon",arabica,1999-03,1999,3,17.465923779922285,25.200357503457578,11.618989386009806,140.42986426658547,2628.709671974957
"Arabica, Rwenzori",arabica,1999-03,1999,3,17.691378353180365,25.015912404372763,12.203086143100872,115.45537180914549,2944.8618901873747
"Robusta, Greater Masaka",robusta,1999-03,1999,3,21.086619225108254,27.83085696284539,16.235723694627506,146.18675307176218,7685.258283154902
"Robusta, Central",robusta,1999-03,1999,3,21.666038727535486,29.04905645531459,16.404370256473936,153.71115741389332,24255.539073361513
"Robusta, South-west",robusta,1999-03,1999,3,20.899935756099573,28.846029557100152,14.943930790044806,101.55523642803324,14270.908828976686
"Robusta, Busoga",robusta,1999-03,1999,3,22.25431562421765,29.298134153182477,17.728360900319625,187.3451494293055,8719.211026133715
"Arabica, Mt Elgon",arabica,1999-04,1999,4,17.403125161490497,23.52301958650315,12.195071203450468,168.8309123410538,2628.709671974957
"Arabica, Rwenzori",arabica,1999-04,1999,4,17.622382742306396,24.073589542200367,12.441898712817178,178.6033998394646,2944.8618901873747
"Robusta, Greater Masaka",robusta,1999-04,1999,4,20.651024857876546,26.272556851882285,16.045639094069454,212.90058604715585,7685.258283154902
"Robusta, Central",robusta,1999-04,1999,4,21.036445350032285,26.81480362305824,16.536075868644577,151.68673354171173,24255.539073361513
"Robusta, South-west",robusta,1999-04,1999,4,20.600522188857006,27.460771105707977,14.868294973376152,106.40723214323943,14270.908828976686
"Robusta, Busoga",robusta,1999-04,1999,4,21.678624676231873,27.58832103008019,17.775121021855796,194.3570004507418,8719.211026133715
"Arabica, Mt Elgon",arabica,1999-05,1999,5,16.47577831213438,22.664082995006556,11.40920469908055,175.94825998998832,2628.709671974957
"Arabica, Rwenzori",arabica,1999-05,1999,5,17.440877224186643,24.107741993067435,12.447696088158795,112.8765220836006,2944.8618901873747
"Robusta, Greater Masaka",robusta,1999-05,1999,5,20.04730310538218,25.981326694559822,14.944170310613135,109.57034220165751,7685.258283154902
"Robusta, Central",robusta,1999-05,1999,5,20.33461634169517,26.442278823704406,15.722466284802813,151.16074167222502,24255.539073361513
"Robusta, South-west",robusta,1999-05,1999,5,20.25381726125332,27.43622345350395,14.276131179546114,43.957188509007146,14270.908828976686
"Robusta, Busoga",robusta,1999-05,1999,5,21.323334909779724,27.393593200046652,17.406672588825828,146.87209052884924,8719.211026133715
"Arabica, Mt Elgon",arabica,1999-06,1999,6,16.40159006958867,22.302086339092835,10.981983273993695,149.64071818116068,2628.709671974957
"Arabica, Rwenzori",arabica,1999-06,1999,6,17.712027920947335,24.21969188616002,12.358259261039835,50.02151539287224,2944.8618901873747
"Robusta, Greater Masaka",robusta,1999-06,1999,6,20.586825806003624,26.91327503603322,14.907570177507942,23.265771025852324,7685.258283154902
"Robusta, Central",robusta,1999-06,1999,6,20.4800640904483,26.698451251120325,15.295972778476775,56.35881613617314,24255.539073361513
"Robusta, South-west",robusta,1999-06,1999,6,21.03644465513802,28.16854151259278,14.317031953181498,18.053151668964738,14270.908828976686
"Robusta, Busoga",robusta,1999-06,1999,6,21.345494209940448,26.918886513581334,16.580581824544474,65.10876627947816,8719.211026133715
"Arabica, Mt Elgon",arabica,1999-07,1999,7,15.38346632170711,20.53727881966093,10.632260883908312,149.84903153243332,2628.709671974957
"Arabica, Rwenzori",arabica,1999-07,1999,7,17.28007214291186,23.464322091432482,11.608042227901503,66.4732340934683,2944.8618901873747
"Robusta, Greater Masaka",robusta,1999-07,1999,7,20.30361483433901,26.506218516169625,14.125610440738892,24.073960838110906,7685.258283154902
"Robusta, Central",robusta,1999-07,1999,7,20.08107390791621,26.223802945131023,14.031654726037448,57.88540068652011,24255.539073361513
"Robusta, South-west",robusta,1999-07,1999,7,20.869303942634133,28.251957532739993,13.333015251608387,13.060615324232613,14270.908828976686
"Robusta, Busoga",robusta,1999-07,1999,7,20.79998403824978,26.344453010136696,15.890990373776884,76.94769432845793,8719.211026133715
"Arabica, Mt Elgon",arabica,1999-08,1999,8,15.386668747470488,20.763686428634973,10.259852215436815,154.4661606068258,2628.709671974957
"Arabica, Rwenzori",arabica,1999-08,1999,8,16.5606033591131,22.74851410578628,11.488072250767525,143.89045218749862,2944.8618901873747
"Robusta, Greater Masaka",robusta,1999-08,1999,8,19.98039333988932,25.951250945437593,14.330293065359513,76.68075746665171,7685.258283154902
"Robusta, Central",robusta,1999-08,1999,8,19.98565025342603,26.192433682518246,14.327656869554536,139.32011156675142,24255.539073361513
"Robusta, South-west",robusta,1999-08,1999,8,19.935027210269933,27.202072315266925,13.63937783193043,122.95451623090105,14270.908828976686
"Robusta, Busoga",robusta,1999-08,1999,8,20.84965937153727,26.447730202667735,16.278146753287544,113.04309948355196,8719.211026133715
"Arabica, Mt Elgon",arabica,1999-09,1999,9,16.252749838592717,21.9612938470601,10.7346424590078,120.2349574814601,2628.709671974957
"Arabica, Rwenzori",arabica,1999-09,1999,9,17.09728908221467,23.734873746255563,11.419293021250182,129.1651810910787,2944.8618901873747
"Robusta, Greater Masaka",robusta,1999-09,1999,9,20.093657082905047,26.669011491296843,14.062333032591585,85.97983937643933,7685.258283154902
"Robusta, Central",robusta,1999-09,1999,9,20.36613866037784,26.71648439124423,14.93642473156259,93.41514084548457,24255.539073361513
"Robusta, South-west",robusta,1999-09,1999,9,19.992072835190527,27.206342258934818,12.914412639197998,89.2624450285775,14270.908828976686
"Robusta, Busoga",robusta,1999-09,1999,9,21.455178255596138,27.62283346130416,16.674435167067134,109.93375490820553,8719.211026133715
"Arabica, Mt Elgon",arabica,1999-10,1999,10,16.117419710250402,21.874509701954132,11.585105356090965,298.3293349407388,2628.709671974957
"Arabica, Rwenzori",arabica,1999-10,1999,10,17.054415796566825,23.622209141336192,11.959199936878859,198.9885923184045,2944.8618901873747
"Robusta, Greater Masaka",robusta,1999-10,1999,10,20.281358368877434,26.359237450623315,15.188494159478505,129.03236214276853,7685.258283154902
"Robusta, Central",robusta,1999-10,1999,10,20.308617320478223,27.167600789147237,15.806432809127335,166.44017565993724,24255.539073361513
"Robusta, South-west",robusta,1999-10,1999,10,20.01213534897587,27.111049074533483,14.057612722632124,148.95859247905864,14270.908828976686
"Robusta, Busoga",robusta,1999-10,1999,10,21.323974394708465,28.11994455711527,17.17156038835181,167.6696994124955,8719.211026133715
"Arabica, Mt Elgon",arabica,1999-11,1999,11,16.612893421147145,22.264643321338067,11.446032807990346,106.05000979677733,2628.709671974957
"Arabica, Rwenzori",arabica,1999-11,1999,11,16.92984168879864,23.393266739578884,12.27742778805954,203.7041942493,2944.8618901873747
"Robusta, Greater Masaka",robusta,1999-11,1999,11,20.310884827073306,26.680751236441328,15.52145507698542,112.52362389753348,7685.258283154902
"Robusta, Central",robusta,1999-11,1999,11,20.77803918957307,27.54580017799655,15.885820387124348,140.543177417276,24255.539073361513
"Robusta, South-west",robusta,1999-11,1999,11,19.884000257809422,26.67964258877129,14.176489529178205,126.41294837645168,14270.908828976686
"Robusta, Busoga",robusta,1999-11,1999,11,21.69307858289378,28.335765290748615,17.351167171776996,127.28924224017655,8719.211026133715
"Arabica, Mt Elgon",arabica,1999-12,1999,12,16.766139127577446,22.653932349670526,10.987648816489292,52.24372627895232,2628.709671974957
"Arabica, Rwenzori",arabica,1999-12,1999,12,16.968187607700447,23.07232563870374,11.852563408524476,131.07184501367763,2944.8618901873747
"Robusta, Greater Masaka",robusta,1999-12,1999,12,20.116305186449388,25.75343437392159,14.91741224412233,93.06841943791713,7685.258283154902
"Robusta, Central",robusta,1999-12,1999,12,20.671151861345038,26.907986541592987,15.533111287833325,71.7025550442819,24255.539073361513
"Robusta, South-west",robusta,1999-12,1999,12,19.933390050284466,26.09639042042623,13.974236470158855,91.93955943714664,14270.908828976686
"Robusta, Busoga",robusta,1999-12,1999,12,21.533075837052394,27.56698334661777,16.588059885345466,78.57205641018744,8719.211026133715
"Arabica, Mt Elgon",arabica,2000-01,2000,1,18.063848274519973,25.355249256648897,10.256019885179407,23.526554923604145,2628.709671974957
"Arabica, Rwenzori",arabica,2000-01,2000,1,17.668026973861156,24.952324043413437,11.097404716286663,54.87158889684573,2944.8618901873747
"Robusta, Greater Masaka",robusta,2000-01,2000,1,21.148158241673016,28.757387545050825,14.28576130356202,37.09174403270647,7685.258283154902
"Robusta, Central",robusta,2000-01,2000,1,21.800341192097704,29.943855932832232,14.514306265551104,35.184213137751314,24255.539073361513
"Robusta, South-west",robusta,2000-01,2000,1,20.97530818659866,29.122629853729478,13.89564570936228,42.17140123590219,14270.908828976686
"Robusta, Busoga",robusta,2000-01,2000,1,22.562396684081232,30.147658285883175,15.73092691875735,29.801396222954562,8719.211026133715
"Arabica, Mt Elgon",arabica,2000-02,2000,2,18.81338972745134,26.593018145974103,10.935371707689448,19.96470011635223,2628.709671974957
"Arabica, Rwenzori",arabica,2000-02,2000,2,18.182290528852214,25.510322080737907,11.966203363858874,45.76365221617199,2944.8618901873747
"Robusta, Greater Masaka",robusta,2000-02,2000,2,21.67389681696789,29.18154139065123,14.949691840205714,41.59910843906685,7685.258283154902
"Robusta, Central",robusta,2000-02,2000,2,22.448925654384595,30.83326149024597,15.307858750321785,33.434680771614914,24255.539073361513
"Robusta, South-west",robusta,2000-02,2000,2,21.900452518788462,29.9115145126228,14.746705779951593,37.03708827604646,14270.908828976686
"Robusta, Busoga",robusta,2000-02,2000,2,22.99240241346857,31.079286751022764,16.657032519478673,32.17002587378827,8719.211026133715
"Arabica, Mt Elgon",arabica,2000-03,2000,3,18.588584673155747,26.494793978541654,11.734438191327007,52.750601583914644,2628.709671974957
"Arabica, Rwenzori",arabica,2000-03,2000,3,18.342629830649678,25.44858919256047,12.282886352261881,107.20594556169904,2944.8618901873747
"Robusta, Greater Masaka",robusta,2000-03,2000,3,21.55371825093234,28.494579114381835,15.564819556839932,78.49492895706297,7685.258283154902
"Robusta, Central",robusta,2000-03,2000,3,22.239640481754904,30.15989009703093,16.461205354633424,83.0861834413835,24255.539073361513
"Robusta, South-west",robusta,2000-03,2000,3,21.701256559776507,29.24012326319691,14.754807467624786,78.69386556057908,14270.908828976686
"Robusta, Busoga",robusta,2000-03,2000,3,22.893977119377098,31.072421313521435,17.834620600245884,108.26997050063348,8719.211026133715
"Arabica, Mt Elgon",arabica,2000-04,2000,4,17.779666396944663,24.649136513993113,12.412559084597973,171.9997548463197,2628.709671974957
"Arabica, Rwenzori",arabica,2000-04,2000,4,17.95853089261182,24.380088975680415,13.104259992967796,206.7682940930006,2944.8618901873747
"Robusta, Greater Masaka",robusta,2000-04,2000,4,20.75054142991291,26.143639185102725,16.202281076527207,156.61067846857352,7685.258283154902
"Robusta, Central",robusta,2000-04,2000,4,21.263976668660398,27.269966594196916,16.619408667643043,189.27458860840343,24255.539073361513
"Robusta, South-west",robusta,2000-04,2000,4,20.751465587289452,27.17984691818703,14.912369656338786,142.81131134515806,14270.908828976686
"Robusta, Busoga",robusta,2000-04,2000,4,22.020903688964612,27.71584402094543,17.805524476493293,205.78646832140456,8719.211026133715
"Arabica, Mt Elgon",arabica,2000-05,2000,5,17.036920135459233,22.871885330990207,11.67451133926397,190.35418681483873,2628.709671974957
"Arabica, Rwenzori",arabica,2000-05,2000,5,18.160854202722035,24.382500648679628,12.74269537469181,104.36820432550279,2944.8618901873747
"Robusta, Greater Masaka",robusta,2000-05,2000,5,20.794586567975628,26.82366356059879,15.656375707467062,138.7020544935129,7685.258283154902
"Robusta, Central",robusta,2000-05,2000,5,21.154041940950286,27.60377185548686,16.19260504845173,150.77820961475635,24255.539073361513
"Robusta, South-west",robusta,2000-05,2000,5,20.901989701998865,27.722309532678548,14.744421488856249,86.63511730602656,14270.908828976686
"Robusta, Busoga",robusta,2000-05,2000,5,21.996899923323788,28.09772099147014,17.783901448934024,145.59425311432952,8719.211026133715
"Arabica, Mt Elgon",arabica,2000-06,2000,6,16.40282126099895,23.106729500632778,11.296591453543641,96.4523543376392,2628.709671974957
"Arabica, Rwenzori",arabica,2000-06,2000,6,17.68917980061536,24.309973055829783,12.385015641843202,62.02291534314249,2944.8618901873747
"Robusta, Greater Masaka",robusta,2000-06,2000,6,20.400952815669406,26.129564945333023,15.037811599777923,25.417041235243545,7685.258283154902
"Robusta, Central",robusta,2000-06,2000,6,20.518911135526174,26.637446022506218,15.345356943806802,71.74613683304506,24255.539073361513
"Robusta, South-west",robusta,2000-06,2000,6,20.809755073022185,28.30380002553489,14.49812086678667,20.12148775439564,14270.908828976686
"Robusta, Busoga",robusta,2000-06,2000,6,21.419452095295505,27.288114386370115,16.89563470931174,88.27520851614406,8719.211026133715
"Arabica, Mt Elgon",arabica,2000-07,2000,7,15.652484362944966,21.02910977802798,10.17207566187337,157.6027160659408,2628.709671974957
"Arabica, Rwenzori",arabica,2000-07,2000,7,17.40704474970344,24.330397503468802,12.083888199207236,77.37443756696918,2944.8618901873747
"Robusta, Greater Masaka",robusta,2000-07,2000,7,20.472611225257314,28.114247106413895,14.293173982620786,28.180888114852802,7685.258283154902
"Robusta, Central",robusta,2000-07,2000,7,20.359202058756097,26.937940698257503,14.97203085292575,67.5053088793052,24255.539073361513
"Robusta, South-west",robusta,2000-07,2000,7,20.992959246523615,28.92284709503924,13.891180497630451,35.45793357116908,14270.908828976686
"Robusta, Busoga",robusta,2000-07,2000,7,21.070423663671903,27.050365746037517,16.73920978627896,73.16793032349386,8719.211026133715
"Arabica, Mt Elgon",arabica,2000-08,2000,8,15.661035102592434,20.85716188358769,10.745273658567895,214.92389375101016,2628.709671974957
"Arabica, Rwenzori",arabica,2000-08,2000,8,17.12424095185079,24.00956400600421,11.8899718491123,140.48795509456008,2944.8618901873747
"Robusta, Greater Masaka",robusta,2000-08,2000,8,20.314111451167822,26.452014105479556,13.799335672542433,45.87062023218814,7685.258283154902
"Robusta, Central",robusta,2000-08,2000,8,20.34760911230522,26.818025352760234,14.4464848740803,111.00127673011306,24255.539073361513
"Robusta, South-west",robusta,2000-08,2000,8,20.665021961372712,28.21735709123167,13.617921782866764,79.69568047316166,14270.908828976686
"Robusta, Busoga",robusta,2000-08,2000,8,21.30509870917336,27.261949296674352,16.408922837985024,135.43591114261048,8719.211026133715
"Arabica, Mt Elgon",arabica,2000-09,2000,9,16.613406918176622,22.29046492726452,10.900419014696368,117.98453245593116,2628.709671974957
"Arabica, Rwenzori",arabica,2000-09,2000,9,17.5099186568747,24.881450290742116,12.078194043862831,118.82751171882032,2944.8618901873747
"Robusta, Greater Masaka",robusta,2000-09,2000,9,20.683502815114064,28.750161533552486,15.097105833838086,80.76130578185169,7685.258283154902
"Robusta, Central",robusta,2000-09,2000,9,20.791385649171534,28.07839591697679,15.495889063735477,110.8128123318135,24255.539073361513
"Robusta, South-west",robusta,2000-09,2000,9,20.92807824872574,30.07953773731995,14.212405938921512,84.52801672604639,14270.908828976686
"Robusta, Busoga",robusta,2000-09,2000,9,22.09713476576299,28.698721418273717,17.134045148042038,124.04591321190671,8719.211026133715
"Arabica, Mt Elgon",arabica,2000-10,2000,10,16.48772226226846,22.4170025157303,11.34220189494084,211.23062026148696,2628.709671974957
"Arabica, Rwenzori",arabica,2000-10,2000,10,17.293001837234435,23.65014751036333,12.29003884868419,202.313520849536,2944.8618901873747
"Robusta, Greater Masaka",robusta,2000-10,2000,10,20.45010489154349,26.605532654170396,15.387829795953142,129.09141142649443,7685.258283154902
"Robusta, Central",robusta,2000-10,2000,10,20.707326400496804,27.449388017723628,15.967260653467953,143.38112135947068,24255.539073361513
"Robusta, South-west",robusta,2000-10,2000,10,20.244577106879916,27.105088276563784,14.292417436455299,170.02384762371415,14270.908828976686
"Robusta, Busoga",robusta,2000-10,2000,10,21.743250850723953,28.020699600561468,17.28181502769477,156.77263228420088,8719.211026133715
"Arabica, Mt Elgon",arabica,2000-11,2000,11,16.782882248862233,22.258155417393795,11.1975452841393,111.74460413934092,2628.709671974957
"Arabica, Rwenzori",arabica,2000-11,2000,11,16.938671993519723,23.032808276098034,11.603007981007547,179.9725100482348,2944.8618901873747
"Robusta, Greater Masaka",robusta,2000-11,2000,11,20.424661030319122,26.0663226756297,15.540238567912999,141.43119022420166,7685.258283154902
"Robusta, Central",robusta,2000-11,2000,11,20.788628824643812,27.15133025552471,15.917745386274461,147.8994775971833,24255.539073361513
"Robusta, South-west",robusta,2000-11,2000,11,20.02134740131507,26.671502596975202,14.239740094500865,137.28996965881683,14270.908828976686
"Robusta, Busoga",robusta,2000-11,2000,11,21.501569077169414,27.73674395769956,17.19031696406197,130.58874322416278,8719.211026133715
"Arabica, Mt Elgon",arabica,2000-12,2000,12,17.06873845844003,23.085416789942116,11.12467973102362,39.29124942844656,2628.709671974957
"Arabica, Rwenzori",arabica,2000-12,2000,12,17.014770266763527,23.225963719061113,11.85942723342861,109.85638007972581,2944.8618901873747
"Robusta, Greater Masaka",robusta,2000-12,2000,12,20.386326935294274,25.86717356479635,15.667882788356449,124.90623853930359,7685.258283154902
"Robusta, Central",robusta,2000-12,2000,12,21.018633568175154,26.956726638310577,15.971110602184657,96.63521390727824,24255.539073361513
"Robusta, South-west",robusta,2000-12,2000,12,20.121771245880403,26.19320914227494,14.440008832391555,105.13870851023229,14270.908828976686
"Robusta, Busoga",robusta,2000-12,2000,12,21.63827884822871,27.307566658064488,17.21067314254322,92.1480063678382,8719.211026133715
"Arabica, Mt Elgon",arabica,2001-01,2001,1,16.64880310355581,23.508569084096738,10.33396777559024,72.35560072067229,2628.709671974957
"Arabica, Rwenzori",arabica,2001-01,2001,1,17.1962732214269,23.737396050357837,11.334505236136547,36.058907256156026,2944.8618901873747
"Robusta, Greater Masaka",robusta,2001-01,2001,1,20.585580619237184,27.20281753396299,15.13641424649196,75.08204274526754,7685.258283154902
"Robusta, Central",robusta,2001-01,2001,1,21.22642140116812,28.389138445965898,14.621045400870488,59.83404346043504,24255.539073361513
"Robusta, South-west",robusta,2001-01,2001,1,20.5088525437055,27.827771819935094,14.467205051558437,44.018799967638465,14270.908828976686
"Robusta, Busoga",robusta,2001-01,2001,1,21.757709240091668,28.27544668047347,16.08313513749638,78.34952682707949,8719.211026133715
"Arabica, Mt Elgon",arabica,2001-02,2001,2,17.779301254477453,25.985269927461008,10.480989231676283,36.128029114656144,2628.709671974957
"Arabica, Rwenzori",arabica,2001-02,2001,2,18.168309600878043,25.28973476529133,11.33533495806984,64.32557967227788,2944.8618901873747
"Robusta, Greater Masaka",robusta,2001-02,2001,2,21.113984820364188,27.485802831921358,15.668200950391208,45.750795188390896,7685.258283154902
"Robusta, Central",robusta,2001-02,2001,2,22.260067899366653,30.004094173209356,16.22647074876484,43.36725166120335,24255.539073361513
"Robusta, South-west",robusta,2001-02,2001,2,21.49020996506826,28.75777412889571,14.390034916408947,43.31445106961772,14270.908828976686
"Robusta, Busoga",robusta,2001-02,2001,2,22.797310726923353,31.03578710944321,17.623474502350682,41.15895244944817,8719.211026133715
"Arabica, Mt Elgon",arabica,2001-03,2001,3,17.775273236131117,26.215199716884065,11.01592273026498,164.04570936938896,2628.709671974957
"Arabica, Rwenzori",arabica,2001-03,2001,3,17.86785835228031,26.760628406865916,12.088870667897435,150.02163669532553,2944.8618901873747
"Robusta, Greater Masaka",robusta,2001-03,2001,3,20.98516145712473,28.28143451059888,15.549678858604437,148.407101328247,7685.258283154902
"Robusta, Central",robusta,2001-03,2001,3,21.659586672839787,31.114255623160275,15.7425861323831,142.08420774852723,24255.539073361513
"Robusta, South-west",robusta,2001-03,2001,3,21.141105393169013,30.47692756758281,14.775338973575359,115.30068624393964,14270.908828976686
"Robusta, Busoga",robusta,2001-03,2001,3,22.364657887331976,31.50904156986774,16.739832931833377,157.87649404467385,8719.211026133715
"Arabica, Mt Elgon",arabica,2001-04,2001,4,17.16357625371329,22.98123219934437,12.024120846739102,153.85670818316567,2628.709671974957
"Arabica, Rwenzori",arabica,2001-04,2001,4,17.948642384081168,24.34847507992602,12.702144677516667,239.22199818170665,2944.8618901873747
"Robusta, Greater Masaka",robusta,2001-04,2001,4,20.814398899015767,26.320667436913503,16.178546603044225,187.8197298090683,7685.258283154902
"Robusta, Central",robusta,2001-04,2001,4,21.07704081968541,27.102906665890135,16.642696136510093,209.38160290567956,24255.539073361513
"Robusta, South-west",robusta,2001-04,2001,4,20.619060651318808,27.260476412986524,14.669408470348438,163.45464944429838,14270.908828976686
"Robusta, Busoga",robusta,2001-04,2001,4,21.806054854828794,27.648105699449474,17.941859655719863,223.7445464715037,8719.211026133715
"Arabica, Mt Elgon",arabica,2001-05,2001,5,16.877474609080515,22.304386213605753,11.479069401402311,211.53878644845773,2628.709671974957
"Arabica, Rwenzori",arabica,2001-05,2001,5,17.809170757697576,24.102736892911214,12.100429785550377,134.2437908073208,2944.8618901873747
"Robusta, Greater Masaka",robusta,2001-05,2001,5,20.558738727406453,26.03336471134742,14.443300553886626,117.4955920197851,7685.258283154902
"Robusta, Central",robusta,2001-05,2001,5,20.716201094183692,26.52701000477318,14.933138544645532,153.47205734928576,24255.539073361513
"Robusta, South-west",robusta,2001-05,2001,5,20.585604100896102,27.36119786679914,14.268484696377552,87.6044506017423,14270.908828976686
"Robusta, Busoga",robusta,2001-05,2001,5,21.695711002032567,27.73575778159106,16.8284204320882,203.64336832387832,8719.211026133715
"Arabica, Mt Elgon",arabica,2001-06,2001,6,15.595113284769658,21.132077968182557,10.611237938415423,208.4390914687144,2628.709671974957
"Arabica, Rwenzori",arabica,2001-06,2001,6,17.034639033591663,23.322930018668792,11.770087850003788,68.09046429404779,2944.8618901873747
"Robusta, Greater Masaka",robusta,2001-06,2001,6,19.71368711398082,25.321075282688746,13.921545293432299,40.863269968440164,7685.258283154902
"Robusta, Central",robusta,2001-06,2001,6,19.994954864703,25.768669285536355,14.71208050558994,65.40108707080941,24255.539073361513
"Robusta, South-west",robusta,2001-06,2001,6,20.182980704372188,27.348333603678338,13.54765934289125,30.47517619431056,14270.908828976686
"Robusta, Busoga",robusta,2001-06,2001,6,20.839906781118373,26.566448398833643,16.69252639586925,97.11998444372472,8719.211026133715
"Arabica, Mt Elgon",arabica,2001-07,2001,7,15.540597949254167,20.914474415547314,9.85654705339986,164.01098862556802,2628.709671974957
"Arabica, Rwenzori",arabica,2001-07,2001,7,17.03750712077316,23.626227436748394,11.658907897981988,77.33801426120483,2944.8618901873747
"Robusta, Greater Masaka",robusta,2001-07,2001,7,20.09845214414947,26.183442846895964,14.533550280668,36.27942162451484,7685.258283154902
"Robusta, Central",robusta,2001-07,2001,7,20.174700976423768,26.257855421235767,14.837707618128196,68.80689719052037,24255.539073361513
"Robusta, South-west",robusta,2001-07,2001,7,20.382791865010308,28.210404640655213,13.965928839942968,50.79472985185447,14270.908828976686
"Robusta, Busoga",robusta,2001-07,2001,7,20.851249254519754,26.39676493612126,16.63312213561242,86.86743233115935,8719.211026133715
"Arabica, Mt Elgon",arabica,2001-08,2001,8,15.913190527874532,21.60108368106214,10.624936231854239,134.60220332714923,2628.709671974957
"Arabica, Rwenzori",arabica,2001-08,2001,8,17.371585199984267,23.770992942329038,11.781755634476557,144.37928290117293,2944.8618901873747
"Robusta, Greater Masaka",robusta,2001-08,2001,8,20.63939250836988,26.871611249131277,14.454063104559753,33.15714067802012,7685.258283154902
"Robusta, Central",robusta,2001-08,2001,8,20.794824203776376,27.018170593814254,15.12533300197849,97.55431297890063,24255.539073361513
"Robusta, South-west",robusta,2001-08,2001,8,20.90782796363116,28.475529720189208,13.78227225018622,86.42439693536261,14270.908828976686
"Robusta, Busoga",robusta,2001-08,2001,8,21.362195656314398,27.339475772101878,16.78748455520222,83.69238511217267,8719.211026133715
"Arabica, Mt Elgon",arabica,2001-09,2001,9,16.324397747635775,22.304887631972814,10.576613791334472,133.84083695896814,2628.709671974957
"Arabica, Rwenzori",arabica,2001-09,2001,9,17.342749113202906,23.842138186285002,12.087893028758554,155.86373944546045,2944.8618901873747
"Robusta, Greater Masaka",robusta,2001-09,2001,9,20.75384580637966,27.753143236372658,15.39832275935297,113.21029669333898,7685.258283154902
"Robusta, Central",robusta,2001-09,2001,9,20.84717800797238,27.593336013019428,15.620147657804184,162.51766970640685,24255.539073361513
"Robusta, South-west",robusta,2001-09,2001,9,20.85634390279261,28.828268558774294,14.28466677503612,143.3457552299776,14270.908828976686
"Robusta, Busoga",robusta,2001-09,2001,9,21.607328250499275,27.538180219090982,17.05293545717258,138.85166144301314,8719.211026133715
"Arabica, Mt Elgon",arabica,2001-10,2001,10,16.82508033554132,22.75455329579355,11.576789764535409,204.52911177869564,2628.709671974957
"Arabica, Rwenzori",arabica,2001-10,2001,10,17.454276673953142,24.430801815327293,12.448246747686234,225.2839539950404,2944.8618901873747
"Robusta, Greater Masaka",robusta,2001-10,2001,10,20.706544641074814,27.169253766587026,15.716827103564873,134.99242402112748,7685.258283154902
"Robusta, Central",robusta,2001-10,2001,10,20.9506927299914,27.884112445426656,16.162797833245346,167.9827525285296,24255.539073361513
"Robusta, South-west",robusta,2001-10,2001,10,20.520437118080164,28.062189379465067,14.569793972919708,192.18781865531454,14270.908828976686
"Robusta, Busoga",robusta,2001-10,2001,10,21.581192392088035,27.924390547114747,17.40769641187194,178.10988880651098,8719.211026133715
"Arabica, Mt Elgon",arabica,2001-11,2001,11,16.23492212328451,22.39846806380641,11.340528952080895,206.82880123570413,2628.709671974957
"Arabica, Rwenzori",arabica,2001-11,2001,11,16.973242967542607,23.114671934560974,12.087571374543483,164.55337050121437,2944.8618901873747
"Robusta, Greater Masaka",robusta,2001-11,2001,11,20.349091510379168,26.07923584888693,15.602537282421153,129.25120440667484,7685.258283154902
"Robusta, Central",robusta,2001-11,2001,11,20.529688313929487,26.849504978758304,16.102634131243065,170.2374198671099,24255.539073361513
"Robusta, South-west",robusta,2001-11,2001,11,19.946094229990397,26.452199906103868,14.33672497552379,138.65363511769365,14270.908828976686
"Robusta, Busoga",robusta,2001-11,2001,11,21.32311645641311,27.461526756235052,17.440482591767736,140.13178893053313,8719.211026133715
"Arabica, Mt Elgon",arabica,2001-12,2001,12,17.62032167604411,24.23618060428306,11.330575551173837,19.306162217524204,2628.709671974957
"Arabica, Rwenzori",arabica,2001-12,2001,12,17.536474017550983,23.666459949018215,12.199303677593836,106.02404786618986,2944.8618901873747
"Robusta, Greater Masaka",robusta,2001-12,2001,12,20.73384685743021,26.43767906722934,15.800981995571853,70.36590007121384,7685.258283154902
"Robusta, Central",robusta,2001-12,2001,12,21.363203643767466,27.796873439433327,16.16692992030196,48.03182825210944,24255.539073361513
"Robusta, South-west",robusta,2001-12,2001,12,20.49104917050331,26.56270327708942,14.440205745790418,87.97770709636178,14270.908828976686
"Robusta, Busoga",robusta,2001-12,2001,12,22.324366504250218,28.37293359159096,17.40928912065137,28.48377812574341,8719.211026133715
"Arabica, Mt Elgon",arabica,2002-01,2002,1,17.73520534502557,24.660696004737744,11.175778874417347,29.240812295603856,2628.709671974957
"Arabica, Rwenzori",arabica,2002-01,2002,1,17.523003069688205,24.108896049158343,12.162356054829637,65.40680933937723,2944.8618901873747
"Robusta, Greater Masaka",robusta,2002-01,2002,1,20.72278171168012,27.249210557529008,15.939265596306672,88.3918620384802,7685.258283154902
"Robusta, Central",robusta,2002-01,2002,1,21.6443143301929,29.201037690455795,16.55062958134829,66.05876962855203,24255.539073361513
"Robusta, South-west",robusta,2002-01,2002,1,20.59406063175331,27.804254074647552,14.69489340513789,68.11743341161544,14270.908828976686
"Robusta, Busoga",robusta,2002-01,2002,1,22.288861071322046,28.548904740631002,17.57437974159177,57.50737946410643,8719.211026133715
"Arabica, Mt Elgon",arabica,2002-02,2002,2,19.31867541062268,26.696599626983126,11.536903309935301,42.317309796839794,2628.709671974957
"Arabica, Rwenzori",arabica,2002-02,2002,2,19.064971637232546,26.05349432367752,12.793694467986727,54.566047648044126,2944.8618901873747
"Robusta, Greater Masaka",robusta,2002-02,2002,2,22.130935627287197,28.712536151584604,16.314935032225495,69.13327512320747,7685.258283154902
"Robusta, Central",robusta,2002-02,2002,2,23.262924967771287,30.89673607088662,16.661165117453663,58.7897302263515,24255.539073361513
"Robusta, South-west",robusta,2002-02,2002,2,22.319832028147793,30.058637991740497,15.274051222097224,54.35000726796182,14270.908828976686
"Robusta, Busoga",robusta,2002-02,2002,2,23.995551611213198,30.979859650652823,18.227388954968003,36.71918225632598,8719.211026133715
"Arabica, Mt Elgon",arabica,2002-03,2002,3,17.783108785991352,24.36316546604638,11.705894071754512,146.3460102379066,2628.709671974957
"Arabica, Rwenzori",arabica,2002-03,2002,3,17.849241126240255,24.36360673236242,12.597284452761938,167.23589735940953,2944.8618901873747
"Robusta, Greater Masaka",robusta,2002-03,2002,3,21.058846428301283,26.661533147852424,16.00712744780223,176.26102512385944,7685.258283154902
"Robusta, Central",robusta,2002-03,2002,3,21.554716388934125,27.669473782348017,16.715624427716858,162.5572621428839,24255.539073361513
"Robusta, South-west",robusta,2002-03,2002,3,21.008040644012954,27.362203277113437,14.802273875590434,123.51289386393447,14270.908828976686
"Robusta, Busoga",robusta,2002-03,2002,3,22.287204037695904,28.464404507198637,17.593833436191623,130.97758023609595,8719.211026133715
"Arabica, Mt Elgon",arabica,2002-04,2002,4,17.572727977837896,25.7296274666869,12.481941632644498,168.93933979166377,2628.709671974957
"Arabica, Rwenzori",arabica,2002-04,2002,4,18.185588914071072,24.662283900494653,12.987539586670056,145.649673499457,2944.8618901873747
"Robusta, Greater Masaka",robusta,2002-04,2002,4,20.831640061757216,26.810709747767216,15.882966778427036,188.95270274382227,7685.258283154902
"Robusta, Central",robusta,2002-04,2002,4,21.34384641164603,28.036247744810595,16.818438371479584,195.53308122021983,24255.539073361513
"Robusta, South-west",robusta,2002-04,2002,4,20.916178732089435,27.905070204683277,14.740251502969324,114.98618915715902,14270.908828976686
"Robusta, Busoga",robusta,2002-04,2002,4,22.099998204841814,29.142399582700754,18.057366534140286,234.9111933734101,8719.211026133715
"Arabica, Mt Elgon",arabica,2002-05,2002,5,16.96684797240431,22.646613795612282,11.564234422359881,160.98180085459686,2628.709671974957
"Arabica, Rwenzori",arabica,2002-05,2002,5,17.945786587490403,24.681698523224856,12.82036030339662,124.15293370430227,2944.8618901873747
"Robusta, Greater Masaka",robusta,2002-05,2002,5,20.97690506582622,26.365403655298184,15.744274504970146,112.54431157401498,7685.258283154902
"Robusta, Central",robusta,2002-05,2002,5,21.18279378988767,27.229652793154514,15.984871447326773,107.3985110028899,24255.539073361513
"Robusta, South-west",robusta,2002-05,2002,5,20.68941334399816,27.64983095799617,14.950055548313772,110.25439501306847,14270.908828976686
"Robusta, Busoga",robusta,2002-05,2002,5,21.884923159402398,27.543478879365647,17.546370318621463,128.26389096784507,8719.211026133715
"Arabica, Mt Elgon",arabica,2002-06,2002,6,16.660726960459378,22.587391786448087,11.33536138773883,124.18019490508286,2628.709671974957
"Arabica, Rwenzori",arabica,2002-06,2002,6,18.018969006092597,24.533845404417836,11.98151455795701,34.478850543358725,2944.8618901873747
"Robusta, Greater Masaka",robusta,2002-06,2002,6,20.926443432101795,27.114319476282272,14.676576593588557,25.456684054230568,7685.258283154902
"Robusta, Central",robusta,2002-06,2002,6,21.014381797750467,27.368899077663333,14.88485863437994,53.99642138811631,24255.539073361513
"Robusta, South-west",robusta,2002-06,2002,6,21.486871607776663,28.435961679026562,14.428013519415753,11.784003309098871,14270.908828976686
"Robusta, Busoga",robusta,2002-06,2002,6,21.56108251117359,27.706594192861203,16.900138150457405,68.54066305240684,8719.211026133715
"Arabica, Mt Elgon",arabica,2002-07,2002,7,16.751689007135987,22.31368552338825,11.465173639292761,115.4190845845485,2628.709671974957
"Arabica, Rwenzori",arabica,2002-07,2002,7,18.38984175043629,24.94605346039623,12.26562346259244,36.44602690180436,2944.8618901873747
"Robusta, Greater Masaka",robusta,2002-07,2002,7,21.191443410058355,28.62535977915232,14.16336616666914,17.030799276015237,7685.258283154902
"Robusta, Central",robusta,2002-07,2002,7,21.50510044896518,28.503099507910495,14.883297278048742,35.10378864534637,24255.539073361513
"Robusta, South-west",robusta,2002-07,2002,7,22.028614240344158,29.833127326948155,14.069907193961582,19.01705837163286,14270.908828976686
"Robusta, Busoga",robusta,2002-07,2002,7,21.893280144781038,27.817219506620127,16.523251977877464,49.06029613838852,8719.211026133715
"Arabica, Mt Elgon",arabica,2002-08,2002,8,16.182960330946756,22.559166838102342,11.295635081771398,131.1958605205691,2628.709671974957
"Arabica, Rwenzori",arabica,2002-08,2002,8,17.89730763759228,25.567398800555953,12.633236658930969,102.89819369668595,2944.8618901873747
"Robusta, Greater Masaka",robusta,2002-08,2002,8,20.778846877169652,27.471309289085852,14.90885713987668,27.75706408902743,7685.258283154902
"Robusta, Central",robusta,2002-08,2002,8,21.009885752289986,27.760827378294007,15.101158338275376,58.92115615084143,24255.539073361513
"Robusta, South-west",robusta,2002-08,2002,8,21.405929232315202,29.633363573541192,14.41589233517997,50.94564522862336,14270.908828976686
"Robusta, Busoga",robusta,2002-08,2002,8,21.744197596827497,28.19427033455466,16.808839820981515,68.20854427392393,8719.211026133715
"Arabica, Mt Elgon",arabica,2002-09,2002,9,17.361853317184856,23.217763442527417,11.541083717906814,74.96653482364685,2628.709671974957
"Arabica, Rwenzori",arabica,2002-09,2002,9,17.905372569708124,24.74264021474574,12.277464904066989,72.53968856431248,2944.8618901873747
"Robusta, Greater Masaka",robusta,2002-09,2002,9,21.03135237501453,27.740206098646446,15.218543696948231,65.83018534983962,7685.258283154902
"Robusta, Central",robusta,2002-09,2002,9,21.27505897798109,28.554059451099576,15.940983538333256,112.50254236605548,24255.539073361513
"Robusta, South-west",robusta,2002-09,2002,9,21.162001362380472,28.522366495903817,14.334138430426824,57.44509031503512,14270.908828976686
"Robusta, Busoga",robusta,2002-09,2002,9,22.391025806654238,29.141111978946334,17.448665672814645,99.28538773504353,8719.211026133715
"Arabica, Mt Elgon",arabica,2002-10,2002,10,17.066622081672403,22.629230567747545,11.957131630959854,249.05348366080378,2628.709671974957
"Arabica, Rwenzori",arabica,2002-10,2002,10,17.557947265415407,24.040291345387676,12.337231920192787,181.12996312516802,2944.8618901873747
"Robusta, Greater Masaka",robusta,2002-10,2002,10,20.938073989987796,26.843805477101515,16.121673704262747,96.34301456845694,7685.258283154902
"Robusta, Central",robusta,2002-10,2002,10,20.96070645108609,27.873765545691487,16.584718870636376,122.72553061304254,24255.539073361513
"Robusta, South-west",robusta,2002-10,2002,10,20.648279309008927,27.360830949197386,14.777267601563741,139.96031615029483,14270.908828976686
"Robusta, Busoga",robusta,2002-10,2002,10,21.96907680357348,28.13246700678042,17.676722058230894,149.4491694001313,8719.211026133715
"Arabica, Mt Elgon",arabica,2002-11,2002,11,17.221019049724585,23.29410876266129,12.006102639357234,81.2341653195113,2628.709671974957
"Arabica, Rwenzori",arabica,2002-11,2002,11,17.06784832985047,23.68218783512509,11.524117401930702,138.515896959745,2944.8618901873747
"Robusta, Greater Masaka",robusta,2002-11,2002,11,20.476008025155142,26.156260216399946,15.81794155547256,133.41380675717193,7685.258283154902
"Robusta, Central",robusta,2002-11,2002,11,20.846668616021383,27.033136003656132,16.498673852206192,170.42521373698125,24255.539073361513
"Robusta, South-west",robusta,2002-11,2002,11,20.115436472380793,26.639400004783802,14.363891334236602,105.25111601068375,14270.908828976686
"Robusta, Busoga",robusta,2002-11,2002,11,21.66162317170759,27.668912253289893,17.710063939614617,185.7076884548613,8719.211026133715
"Arabica, Mt Elgon",arabica,2002-12,2002,12,17.13704799645064,23.66978661237245,11.535796837630999,131.3164201708635,2628.709671974957
"Arabica, Rwenzori",arabica,2002-12,2002,12,17.48360190979198,23.711063027400577,12.138120869990562,104.27204353421227,2944.8618901873747
"Robusta, Greater Masaka",robusta,2002-12,2002,12,20.832798884153124,27.21403067786371,15.893308877090575,103.82789064755174,7685.258283154902
"Robusta, Central",robusta,2002-12,2002,12,21.308809861065956,28.11200759485672,15.40391062144856,122.27880586265992,24255.539073361513
"Robusta, South-west",robusta,2002-12,2002,12,20.6072694407296,27.077627587687317,14.870847461159446,87.09765146603512,14270.908828976686
"Robusta, Busoga",robusta,2002-12,2002,12,21.95674309079917,27.916907505901417,17.10814598678597,144.12872859043256,8719.211026133715
"Arabica, Mt Elgon",arabica,2003-01,2003,1,17.926582834400154,25.26588746152146,10.803661848564609,43.09533699714515,2628.709671974957
"Arabica, Rwenzori",arabica,2003-01,2003,1,18.250950767797523,25.4986036803778,12.040621019271045,50.81340048752258,2944.8618901873747
"Robusta, Greater Masaka",robusta,2003-01,2003,1,21.66154019458145,28.92241936340269,15.666855075380454,47.852910990064245,7685.258283154902
"Robusta, Central",robusta,2003-01,2003,1,22.319818524102462,30.238068210184466,15.699231517153642,45.31538001707036,24255.539073361513
"Robusta, South-west",robusta,2003-01,2003,1,21.832129962345093,29.774781696483192,14.910688109861443,43.54722600731925,14270.908828976686
"Robusta, Busoga",robusta,2003-01,2003,1,22.75755387016757,30.141386207262773,17.138034519842588,50.97591696315322,8719.211026133715
"Arabica, Mt Elgon",arabica,2003-02,2003,2,19.289301924117563,26.737042596494863,11.460040106569638,39.25671310908865,2628.709671974957
"Arabica, Rwenzori",arabica,2003-02,2003,2,19.570414290921214,27.170573699272012,12.552249989935422,49.88720565560352,2944.8618901873747
"Robusta, Greater Masaka",robusta,2003-02,2003,2,23.170297213530795,30.430983255918406,15.809136711722477,31.973123719560657,7685.258283154902
"Robusta, Central",robusta,2003-02,2003,2,23.902678164392814,32.12480253497454,16.13399513458572,36.927854193872335,24255.539073361513
"Robusta, South-west",robusta,2003-02,2003,2,23.55141818412931,31.60399190431264,15.32731828587656,32.659144471843376,14270.908828976686
"Robusta, Busoga",robusta,2003-02,2003,2,23.860121481268244,31.994978349175348,16.609878164617598,47.404301535274946,8719.211026133715
"Arabica, Mt Elgon",arabica,2003-03,2003,3,19.239170696741205,27.087083916315876,12.281339742930927,95.06899227252941,2628.709671974957
"Arabica, Rwenzori",arabica,2003-03,2003,3,18.76726799310238,26.41101994533952,12.517172029663062,115.56004748735796,2944.8618901873747
"Robusta, Greater Masaka",robusta,2003-03,2003,3,22.644037343096088,31.26104992023018,16.134588784149866,112.44382611058288,7685.258283154902
"Robusta, Central",robusta,2003-03,2003,3,23.36697267076861,32.70170379935739,16.980223384421983,119.88334117663369,24255.539073361513
"Robusta, South-west",robusta,2003-03,2003,3,22.575084897231978,32.0907667983369,15.6050635946293,82.08833141128885,14270.908828976686
"Robusta, Busoga",robusta,2003-03,2003,3,23.58988399866958,32.315124479623286,17.359431255341445,97.69030890732532,8719.211026133715
"Arabica, Mt Elgon",arabica,2003-04,2003,4,17.82618227000359,26.213435820187733,12.307601716198766,220.08331474715587,2628.709671974957
"Arabica, Rwenzori",arabica,2003-04,2003,4,18.423200824632158,25.6654348111419,13.073559252675686,184.25618302855085,2944.8618901873747
"Robusta, Greater Masaka",robusta,2003-04,2003,4,21.502409063524986,28.72847256030755,15.85556333379233,153.16548822303133,7685.258283154902
"Robusta, Central",robusta,2003-04,2003,4,21.79134934027717,29.576087108239463,16.71064126848369,156.89677624135155,24255.539073361513
"Robusta, South-west",robusta,2003-04,2003,4,21.58681766729953,30.087518690082295,14.77918430537764,125.10256653044334,14270.908828976686
"Robusta, Busoga",robusta,2003-04,2003,4,22.415482995588622,30.18307789716018,17.799817420704738,176.75682837906402,8719.211026133715
"Arabica, Mt Elgon",arabica,2003-05,2003,5,17.05289153148165,22.316493538001144,11.393867772460515,207.24509931185273,2628.709671974957
"Arabica, Rwenzori",arabica,2003-05,2003,5,18.088175862829857,24.169619329770704,13.099990373248191,146.05128913424588,2944.8618901873747
"Robusta, Greater Masaka",robusta,2003-05,2003,5,21.19064887256626,26.291671721357332,16.45542309856341,150.81526282323213,7685.258283154902
"Robusta, Central",robusta,2003-05,2003,5,21.457226277963194,27.266061642936247,16.81513386508382,170.77636524117477,24255.539073361513
"Robusta, South-west",robusta,2003-05,2003,5,20.83821004935312,26.873979791525112,15.224952212819648,116.2687418326973,14270.908828976686
"Robusta, Busoga",robusta,2003-05,2003,5,21.949768374225208,27.387503475079598,17.892702748129402,188.8232172374734,8719.211026133715
"Arabica, Mt Elgon",arabica,2003-06,2003,6,16.07544795364415,21.716512172146125,11.090108320773973,204.34600614855617,2628.709671974957
"Arabica, Rwenzori",arabica,2003-06,2003,6,17.56057253163773,23.80097043076116,12.53999460569269,107.7958609886653,2944.8618901873747
"Robusta, Greater Masaka",robusta,2003-06,2003,6,20.482376879554636,26.339646752452207,15.451604515902316,62.17014287651527,7685.258283154902
"Robusta, Central",robusta,2003-06,2003,6,20.66572625643618,27.26749053439323,15.555034003228016,80.84111276672346,24255.539073361513
"Robusta, South-west",robusta,2003-06,2003,6,20.928469559872234,27.92755438444961,14.655940878908785,43.498085659298845,14270.908828976686
"Robusta, Busoga",robusta,2003-06,2003,6,21.1045927937262,27.108816282010903,17.01323696996912,120.3851227519294,8719.211026133715
"Arabica, Mt Elgon",arabica,2003-07,2003,7,15.555195031305862,21.743452550554714,10.783246778315256,175.4951570688532,2628.709671974957
"Arabica, Rwenzori",arabica,2003-07,2003,7,17.274049312745518,24.13638054276124,12.01261240097393,38.54214476540934,2944.8618901873747
"Robusta, Greater Masaka",robusta,2003-07,2003,7,20.56244220382516,28.381004176209032,14.686943142591524,30.889335874035854,7685.258283154902
"Robusta, Central",robusta,2003-07,2003,7,20.635986219947675,28.183829294150396,15.411191287889999,83.64881215680525,24255.539073361513
"Robusta, South-west",robusta,2003-07,2003,7,21.140802749663322,29.669082347936236,14.124386156358886,17.68912806289778,14270.908828976686
"Robusta, Busoga",robusta,2003-07,2003,7,20.911545551628272,26.695425909360218,16.714150813022652,99.0550576894333,8719.211026133715
"Arabica, Mt Elgon",arabica,2003-08,2003,8,16.09290466334563,21.137274292047376,11.020189678305142,206.3912083656626,2628.709671974957
"Arabica, Rwenzori",arabica,2003-08,2003,8,17.57337054164925,24.43196907520665,12.28213413446893,86.45682038516107,2944.8618901873747
"Robusta, Greater Masaka",robusta,2003-08,2003,8,21.3398277039337,28.46472974247126,13.964989846776303,53.72523689938737,7685.258283154902
"Robusta, Central",robusta,2003-08,2003,8,21.242285610646068,28.437956984916465,15.02359301112156,127.24519459165133,24255.539073361513
"Robusta, South-west",robusta,2003-08,2003,8,21.723115294775223,29.788603178773723,14.509983359091484,69.98028991616705,14270.908828976686
"Robusta, Busoga",robusta,2003-08,2003,8,21.731435017338196,27.87447315927589,16.910913630833416,132.75008385033826,8719.211026133715
"Arabica, Mt Elgon",arabica,2003-09,2003,9,16.729850461220373,23.040609154732486,11.131628129559376,95.06066281838083,2628.709671974957
"Arabica, Rwenzori",arabica,2003-09,2003,9,17.605164914982776,24.480714770868634,12.409213744693853,130.75645371530942,2944.8618901873747
"Robusta, Greater Masaka",robusta,2003-09,2003,9,20.72024427033541,26.538533215151876,15.274313965659154,84.4193055662727,7685.258283154902
"Robusta, Central",robusta,2003-09,2003,9,21.072719655567106,27.62527661271553,15.833338338532664,101.14799735485958,24255.539073361513
"Robusta, South-west",robusta,2003-09,2003,9,20.805015036346976,27.453911694481135,14.597969042033387,114.86510125520068,14270.908828976686
"Robusta, Busoga",robusta,2003-09,2003,9,21.895403862572625,28.144755087961933,17.247791926663773,124.3246047052897,8719.211026133715
"Arabica, Mt Elgon",arabica,2003-10,2003,10,17.81147926904082,23.612959095322914,12.130144435012358,103.59067410930045,2628.709671974957
"Arabica, Rwenzori",arabica,2003-10,2003,10,17.933412307302497,24.71920158833829,12.68338510292734,136.8494870284897,2944.8618901873747
"Robusta, Greater Masaka",robusta,2003-10,2003,10,21.268732236496163,28.47694738184928,15.538023864007963,115.28093680782794,7685.258283154902
"Robusta, Central",robusta,2003-10,2003,10,21.47569489963457,28.290398977580097,16.40691817486548,152.65616353070354,24255.539073361513
"Robusta, South-west",robusta,2003-10,2003,10,21.45255460443083,29.44315057375634,15.146173391443169,119.14381984716101,14270.908828976686
"Robusta, Busoga",robusta,2003-10,2003,10,22.471268185399627,28.955135073071904,18.109984246695337,131.38407631164512,8719.211026133715
"Arabica, Mt Elgon",arabica,2003-11,2003,11,17.360105312298668,22.963580658283252,12.34492340053394,110.63055143979454,2628.709671974957
"Arabica, Rwenzori",arabica,2003-11,2003,11,17.49674222573858,23.79700964323715,12.574552201632168,129.03931484677767,2944.8618901873747
"Robusta, Greater Masaka",robusta,2003-11,2003,11,20.854978938734344,26.381631542123696,16.09304549887056,95.95250975913737,7685.258283154902
"Robusta, Central",robusta,2003-11,2003,11,21.32062333177744,27.42982697674328,16.877095589576527,115.85453839843146,24255.539073361513
"Robusta, South-west",robusta,2003-11,2003,11,20.74779790087577,27.16200651402743,14.999582080728054,106.51650108924362,14270.908828976686
"Robusta, Busoga",robusta,2003-11,2003,11,22.194236763040408,27.873930884938773,18.08390580956064,134.25406969652622,8719.211026133715
"Arabica, Mt Elgon",arabica,2003-12,2003,12,17.174625214514947,24.55172750260423,9.606428544736428,54.507827371034075,2628.709671974957
"Arabica, Rwenzori",arabica,2003-12,2003,12,17.59171957503593,24.77295812644056,11.538873471190433,80.19865488118161,2944.8618901873747
"Robusta, Greater Masaka",robusta,2003-12,2003,12,21.130136691599954,28.873478285936706,14.678576894544921,78.02535971306051,7685.258283154902
"Robusta, Central",robusta,2003-12,2003,12,21.319106944356495,29.172527401510923,14.58161294328779,84.57635571061549,24255.539073361513
"Robusta, South-west",robusta,2003-12,2003,12,21.28291999271588,29.970966230948786,14.246335141512807,62.26477745654647,14270.908828976686
"Robusta, Busoga",robusta,2003-12,2003,12,22.084086466702654,29.455195843439363,16.170048859345222,60.53870930465775,8719.211026133715
"Arabica, Mt Elgon",arabica,2004-01,2004,1,18.149373159719527,25.159554102235894,11.782827457270168,50.837684247896945,2628.709671974957
"Arabica, Rwenzori",arabica,2004-01,2004,1,18.58338794518794,25.329056024643887,12.707974632996807,113.88354595550776,2944.8618901873747
"Robusta, Greater Masaka",robusta,2004-01,2004,1,22.234427806343458,29.49919127900484,16.415320827166134,79.99649047601228,7685.258283154902
"Robusta, Central",robusta,2004-01,2004,1,22.81103681794173,29.882088003656154,16.8585718615206,74.40608051889963,24255.539073361513
"Robusta, South-west",robusta,2004-01,2004,1,22.458449973705132,30.070816702376664,15.53659931519861,66.51170077645544,14270.908828976686
"Robusta, Busoga",robusta,2004-01,2004,1,23.16632608933569,30.191182017894462,17.527131684806033,71.31677405711575,8719.211026133715
"Arabica, Mt Elgon",arabica,2004-02,2004,2,18.314894677578053,25.64780726405846,11.246682622652118,52.905351131393054,2628.709671974957
"Arabica, Rwenzori",arabica,2004-02,2004,2,18.92725187869056,26.68721941278618,13.024402760374612,66.85737387541475,2944.8618901873747
"Robusta, Greater Masaka",robusta,2004-02,2004,2,22.660985021933556,30.671255046602447,16.615183513903062,65.59210907560957,7685.258283154902
"Robusta, Central",robusta,2004-02,2004,2,23.377036620531566,32.4526195103,16.608927548802217,69.0139565637266,24255.539073361513
"Robusta, South-west",robusta,2004-02,2004,2,23.039883150751667,32.057616537090695,16.374667911638326,61.59475892948564,14270.908828976686
"Robusta, Busoga",robusta,2004-02,2004,2,23.585250616498314,32.06851529888927,17.265811286095268,53.14398898487591,8719.211026133715
"Arabica, Mt Elgon",arabica,2004-03,2004,3,18.995800619005802,26.441097840307602,12.160861668337716,80.44045048263474,2628.709671974957
"Arabica, Rwenzori",arabica,2004-03,2004,3,19.43422268432725,27.373683107222583,13.461930687467595,122.80117873468079,2944.8618901873747
"Robusta, Greater Masaka",robusta,2004-03,2004,3,22.352951103860356,30.064752088539485,16.645010133537873,123.43025790891392,7685.258283154902
"Robusta, Central",robusta,2004-03,2004,3,23.349254827099863,31.91842558518597,17.512241500165377,107.66463606819623,24255.539073361513
"Robusta, South-west",robusta,2004-03,2004,3,22.828761890764888,31.277214988922903,16.070683810738885,99.15427392740952,14270.908828976686
"Robusta, Busoga",robusta,2004-03,2004,3,23.807505958904205,31.30053677188491,18.36519876564746,87.00781399311747,8719.211026133715
"Arabica, Mt Elgon",arabica,2004-04,2004,4,16.98787644552389,23.061875363202628,12.514573476585698,188.16214879635038,2628.709671974957
"Arabica, Rwenzori",arabica,2004-04,2004,4,18.149928436510145,24.643648727780462,13.081242239758259,216.45526700640264,2944.8618901873747
"Robusta, Greater Masaka",robusta,2004-04,2004,4,20.825532357808935,26.263565840294373,15.990146687588503,175.66004020589045,7685.258283154902
"Robusta, Central",robusta,2004-04,2004,4,21.18160422023766,27.160142991248936,16.490927993625288,157.52248057031764,24255.539073361513
"Robusta, South-west",robusta,2004-04,2004,4,20.941608937207018,27.29804629602137,15.285884670883501,145.9107488798899,14270.908828976686
"Robusta, Busoga",robusta,2004-04,2004,4,21.90770623355388,27.526830695800307,18.02593182656555,161.04002259073195,8719.211026133715
"Arabica, Mt Elgon",arabica,2004-05,2004,5,17.041461548926023,23.099703864956375,11.532493310833923,152.79221433897834,2628.709671974957
"Arabica, Rwenzori",arabica,2004-05,2004,5,18.227238222682285,24.787405394373817,12.68374304157389,114.01943029706118,2944.8618901873747
"Robusta, Greater Masaka",robusta,2004-05,2004,5,21.281350911220365,26.824726684095758,15.852931749639751,103.59350116850108,7685.258283154902
"Robusta, Central",robusta,2004-05,2004,5,21.266723444001215,27.630093364917116,15.845994464296654,104.4594370988088,24255.539073361513
"Robusta, South-west",robusta,2004-05,2004,5,21.579301339399667,28.246123527505148,14.97975010319218,86.74925551091042,14270.908828976686
"Robusta, Busoga",robusta,2004-05,2004,5,21.93766619501195,27.989081178917086,17.451472326647472,101.63558451318426,8719.211026133715
"Arabica, Mt Elgon",arabica,2004-06,2004,6,16.36038038363175,21.63429572743417,11.08774869100774,93.96634951291135,2628.709671974957
"Arabica, Rwenzori",arabica,2004-06,2004,6,17.788837288338286,24.266885317388216,12.349540350162643,25.491351184529577,2944.8618901873747
"Robusta, Greater Masaka",robusta,2004-06,2004,6,21.031597338215796,27.118232326959156,15.374843512913987,22.131714038802773,7685.258283154902
"Robusta, Central",robusta,2004-06,2004,6,20.806369027992375,26.66748570449124,15.55541197323449,49.85931020219962,24255.539073361513
"Robusta, South-west",robusta,2004-06,2004,6,21.61371557307986,28.90927863580759,14.712763078408138,10.739488297217731,14270.908828976686
"Robusta, Busoga",robusta,2004-06,2004,6,21.450118510293787,27.30085926738254,17.16310807812324,70.5433159568321,8719.211026133715
"Arabica, Mt Elgon",arabica,2004-07,2004,7,15.841644826486863,21.00527919464834,10.655600121860582,106.53721388142594,2628.709671974957
"Arabica, Rwenzori",arabica,2004-07,2004,7,17.809712712375344,24.90444377768288,11.403675646549825,38.34544570420864,2944.8618901873747
"Robusta, Greater Masaka",robusta,2004-07,2004,7,21.251556000309588,28.351406049504696,14.19390626106076,14.902047541123052,7685.258283154902
"Robusta, Central",robusta,2004-07,2004,7,21.013490333006846,27.982646623601248,14.439446887664554,43.52657447716691,24255.539073361513
"Robusta, South-west",robusta,2004-07,2004,7,21.960221515943164,29.77142750534175,13.627020636710965,18.82574563456996,14270.908828976686
"Robusta, Busoga",robusta,2004-07,2004,7,21.27237740942531,27.68790309195719,16.044009759030754,54.074208557986594,8719.211026133715
"Arabica, Mt Elgon",arabica,2004-08,2004,8,16.11264409672706,21.962314038036258,11.02865306380755,170.8469230285414,2628.709671974957
"Arabica, Rwenzori",arabica,2004-08,2004,8,17.640524429638834,24.38999790074943,12.547594384149766,106.16211522517825,2944.8618901873747
"Robusta, Greater Masaka",robusta,2004-08,2004,8,21.177827145365878,27.30205460308251,15.320333039644154,43.45850488955462,7685.258283154902
"Robusta, Central",robusta,2004-08,2004,8,21.207690958677922,27.7884990080299,15.99029023290528,90.02164625606972,24255.539073361513
"Robusta, South-west",robusta,2004-08,2004,8,21.57049543149088,29.242874711767453,15.353420201607147,70.98902856078757,14270.908828976686
"Robusta, Busoga",robusta,2004-08,2004,8,21.74839451613869,28.1619719175161,17.229208211600145,108.64628364729623,8719.211026133715
"Arabica, Mt Elgon",arabica,2004-09,2004,9,16.64795322380171,22.456407086525232,11.424747652816707,108.95801215530815,2628.709671974957
"Arabica, Rwenzori",arabica,2004-09,2004,9,17.548035294749912,24.29472622949159,12.1684584572768,118.76284766514162,2944.8618901873747
"Robusta, Greater Masaka",robusta,2004-09,2004,9,21.146521790215058,27.86779043366154,15.505766504012005,82.06763583808643,7685.258283154902
"Robusta, Central",robusta,2004-09,2004,9,21.115773891850406,28.22194053568289,15.767419808668043,118.74568370538931,24255.539073361513
"Robusta, South-west",robusta,2004-09,2004,9,21.21638895587516,28.629020433213643,14.846751107427314,112.05711451077002,14270.908828976686
"Robusta, Busoga",robusta,2004-09,2004,9,21.787351488352797,28.14108976343326,17.430142782583737,148.753707181732,8719.211026133715
"Arabica, Mt Elgon",arabica,2004-10,2004,10,17.078359786650022,23.438446476156006,11.775055856206656,150.4089484446463,2628.709671974957
"Arabica, Rwenzori",arabica,2004-10,2004,10,17.563281456598148,25.071972368222298,12.393757664232536,170.42251061626376,2944.8618901873747
"Robusta, Greater Masaka",robusta,2004-10,2004,10,21.05535153146008,28.543854067178756,15.498894086239662,102.5296209901995,7685.258283154902
"Robusta, Central",robusta,2004-10,2004,10,21.37806234566218,28.83316799873625,16.078595934097123,132.98709725232771,24255.539073361513
"Robusta, South-west",robusta,2004-10,2004,10,20.841004599549283,29.28335476646843,14.657456986660096,116.04870205595986,14270.908828976686
"Robusta, Busoga",robusta,2004-10,2004,10,22.263447145309087,29.154171477928763,17.513568217113587,129.94050309368362,8719.211026133715
"Arabica, Mt Elgon",arabica,2004-11,2004,11,16.624811586098335,22.935191889259823,11.456394299225353,159.90845790184272,2628.709671974957
"Arabica, Rwenzori",arabica,2004-11,2004,11,17.326197929071377,23.607912877519336,12.052128853885925,189.98411604145505,2944.8618901873747
"Robusta, Greater Masaka",robusta,2004-11,2004,11,20.770294349901313,26.525186499871168,15.94817101968395,96.20462667356436,7685.258283154902
"Robusta, Central",robusta,2004-11,2004,11,21.11757380535907,27.264076152791326,16.194524096922994,106.25629804675262,24255.539073361513
"Robusta, South-west",robusta,2004-11,2004,11,20.52750437753355,26.895809017041277,14.877246677287173,117.95924516483403,14270.908828976686
"Robusta, Busoga",robusta,2004-11,2004,11,21.806582880806427,27.534615583118256,17.28614027716133,111.78760434715751,8719.211026133715
"Arabica, Mt Elgon",arabica,2004-12,2004,12,17.284769226177037,23.708215021542646,11.790647523532018,67.32081712503495,2628.709671974957
"Arabica, Rwenzori",arabica,2004-12,2004,12,17.66809880606285,23.792539436053975,12.56178046667056,76.9906874968085,2944.8618901873747
"Robusta, Greater Masaka",robusta,2004-12,2004,12,21.027750397421144,27.6753349687617,16.13046278479667,94.80921673166031,7685.258283154902
"Robusta, Central",robusta,2004-12,2004,12,21.747501429308723,28.38183091328711,16.50356780996744,88.57036052788824,24255.539073361513
"Robusta, South-west",robusta,2004-12,2004,12,21.299931048491576,28.035175302121477,15.096648142297308,68.4919435891381,14270.908828976686
"Robusta, Busoga",robusta,2004-12,2004,12,22.13806309670262,27.824811502711626,17.600120351495157,84.54948062311746,8719.211026133715
"Arabica, Mt Elgon",arabica,2005-01,2005,1,18.123763976482543,25.739772258968102,9.903274899749464,51.155705662439914,2628.709671974957
"Arabica, Rwenzori",arabica,2005-01,2005,1,18.820708372561253,25.691803870317813,12.571944446799188,76.10894245622198,2944.8618901873747
"Robusta, Greater Masaka",robusta,2005-01,2005,1,22.059551475709547,29.02757793438417,15.909361831211795,54.55076811394571,7685.258283154902
"Robusta, Central",robusta,2005-01,2005,1,23.02562245544649,30.547160433493953,16.20294962338914,34.536262600786365,24255.539073361513
"Robusta, South-west",robusta,2005-01,2005,1,22.776290176161403,31.15545426892396,15.487477662094776,54.55809674792094,14270.908828976686
"Robusta, Busoga",robusta,2005-01,2005,1,22.98186897170156,30.257105032463777,17.32782617598903,33.878714493750266,8719.211026133715
"Arabica, Mt Elgon",arabica,2005-02,2005,2,19.765927650420725,28.848273741420005,11.249823652832825,42.265656425918934,2628.709671974957
"Arabica, Rwenzori",arabica,2005-02,2005,2,20.625660677724976,29.806841916531184,13.20908369893781,56.37104888578738,2944.8618901873747
"Robusta, Greater Masaka",robusta,2005-02,2005,2,23.44309740114028,33.60011266287793,15.618791042175065,34.589002992449785,7685.258283154902
"Robusta, Central",robusta,2005-02,2005,2,24.558324564456516,34.920910493886865,16.37108643911148,33.593301537742185,24255.539073361513
"Robusta, South-west",robusta,2005-02,2005,2,24.293491648174033,35.127173461248304,15.366222023749293,41.47546165349443,14270.908828976686
"Robusta, Busoga",robusta,2005-02,2005,2,24.82837989962976,34.97813048664784,17.40906388336948,34.30600601271438,8719.211026133715
"Arabica, Mt Elgon",arabica,2005-03,2005,3,18.536430327315752,26.190040260295937,12.375524584265465,88.18262142935623,2628.709671974957
"Arabica, Rwenzori",arabica,2005-03,2005,3,19.010777230282603,26.294581653709432,13.138680920026632,136.46059359424711,2944.8618901873747
"Robusta, Greater Masaka",robusta,2005-03,2005,3,21.987752197817365,28.935235950109007,17.050650212175896,134.94057861474334,7685.258283154902
"Robusta, Central",robusta,2005-03,2005,3,22.710376233473344,30.26855042981813,17.406626564998987,125.28164278520224,24255.539073361513
"Robusta, South-west",robusta,2005-03,2005,3,22.17200205813237,29.88823558177532,15.814711200094244,114.52305626986053,14270.908828976686
"Robusta, Busoga",robusta,2005-03,2005,3,23.254359825678478,30.853505869392844,18.191920813422996,118.68293648589588,8719.211026133715
"Arabica, Mt Elgon",arabica,2005-04,2005,4,18.439334221331862,26.166991417488287,11.978734959656927,142.60813015674316,2628.709671974957
"Arabica, Rwenzori",arabica,2005-04,2005,4,19.298385039933716,26.391016821335388,13.58453341522224,186.52446590625132,2944.8618901873747
"Robusta, Greater Masaka",robusta,2005-04,2005,4,22.028407722025012,29.08778825536239,16.91703502778779,166.6703513405097,7685.258283154902
"Robusta, Central",robusta,2005-04,2005,4,22.356086416727276,30.127103926034916,16.898093928966475,142.7667203425258,24255.539073361513
"Robusta, South-west",robusta,2005-04,2005,4,22.339723578662703,30.430040018628688,15.788813465841182,147.1600031083262,14270.908828976686
"Robusta, Busoga",robusta,2005-04,2005,4,23.039481874411784,30.29283005172892,18.32588948734668,152.4481093168297,8719.211026133715
"Arabica, Mt Elgon",arabica,2005-05,2005,5,16.521287355267216,22.41493355985844,11.157861806277442,189.56748355946974,2628.709671974957
"Arabica, Rwenzori",arabica,2005-05,2005,5,17.786694214656876,24.75920651023487,13.019738975535308,109.44332512248128,2944.8618901873747
"Robusta, Greater Masaka",robusta,2005-05,2005,5,20.73197749342608,26.29653344566827,16.43537864730792,170.20848634953504,7685.258283154902
"Robusta, Central",robusta,2005-05,2005,5,21.085664738317085,27.90630205202925,16.683266986334228,158.06910197723795,24255.539073361513
"Robusta, South-west",robusta,2005-05,2005,5,20.77606272261938,27.43664847206315,15.414675888417404,83.97438800304755,14270.908828976686
"Robusta, Busoga",robusta,2005-05,2005,5,21.723261173038455,28.376975798605088,17.565652707266814,175.1301079183354,8719.211026133715
"Arabica, Mt Elgon",arabica,2005-06,2005,6,16.364698522197237,21.59305183812553,11.423065126209078,119.7307142624455,2628.709671974957
"Arabica, Rwenzori",arabica,2005-06,2005,6,17.643909120726626,23.704778523675635,12.335669034895924,89.57652615505678,2944.8618901873747
"Robusta, Greater Masaka",robusta,2005-06,2005,6,20.446418208590313,26.24036174211075,15.435021663988636,28.555379802934205,7685.258283154902
"Robusta, Central",robusta,2005-06,2005,6,20.955709305904566,27.14257027709835,15.915911654241624,44.731561110345396,24255.539073361513
"Robusta, South-west",robusta,2005-06,2005,6,20.7743896268469,27.514635735585617,15.04707114671328,41.642811568049034,14270.908828976686
"Robusta, Busoga",robusta,2005-06,2005,6,21.621512673568414,27.37074268259923,17.194032123107597,64.4640806129051,8719.211026133715
"Arabica, Mt Elgon",arabica,2005-07,2005,7,15.875392096979303,21.05890708542128,10.831604508967702,138.7723470336841,2628.709671974957
"Arabica, Rwenzori",arabica,2005-07,2005,7,17.49191410519017,24.25505102746701,10.953258120571196,37.09853996054628,2944.8618901873747
"Robusta, Greater Masaka",robusta,2005-07,2005,7,20.63579462709542,26.962396341381233,13.485051274225249,26.019587289816975,7685.258283154902
"Robusta, Central",robusta,2005-07,2005,7,20.857391588942583,27.661344948624535,13.558754457417853,70.27736146141517,24255.539073361513
"Robusta, South-west",robusta,2005-07,2005,7,21.43459378877894,29.37892524944239,13.006679879093682,16.66496125856715,14270.908828976686
"Robusta, Busoga",robusta,2005-07,2005,7,21.22667058289117,27.16580655928704,15.580516281656722,100.64413315979914,8719.211026133715
"Arabica, Mt Elgon",arabica,2005-08,2005,8,16.17783450694115,21.821888649768194,11.123398617169418,169.8093064137181,2628.709671974957
"Arabica, Rwenzori",arabica,2005-08,2005,8,17.59008537633668,24.23475412531228,12.028311760245147,114.98960172738755,2944.8618901873747
"Robusta, Greater Masaka",robusta,2005-08,2005,8,20.95003256106337,26.911352515905985,14.980125624364657,60.94033240106772,7685.258283154902
"Robusta, Central",robusta,2005-08,2005,8,20.97817894588683,27.68182869061478,14.938073826561,125.0618821701959,24255.539073361513
"Robusta, South-west",robusta,2005-08,2005,8,21.22638758793177,28.485493700712656,14.180855826066162,88.44616120985775,14270.908828976686
"Robusta, Busoga",robusta,2005-08,2005,8,21.594713516110385,27.56923707571945,16.713068926339073,113.57862837570863,8719.211026133715
"Arabica, Mt Elgon",arabica,2005-09,2005,9,16.72266077207652,23.185794899492205,11.002733397305963,147.62944448763437,2628.709671974957
"Arabica, Rwenzori",arabica,2005-09,2005,9,17.607414305238514,24.44039888554806,11.44808916152005,165.78954568414602,2944.8618901873747
"Robusta, Greater Masaka",robusta,2005-09,2005,9,21.000642411071492,27.728337088699963,13.969614377965422,80.72930128580253,7685.258283154902
"Robusta, Central",robusta,2005-09,2005,9,21.358225631433783,28.48325607898713,15.376241254208116,119.8202219388155,24255.539073361513
"Robusta, South-west",robusta,2005-09,2005,9,21.089531413313,28.403566086477674,13.934251871847497,120.35062327894549,14270.908828976686
"Robusta, Busoga",robusta,2005-09,2005,9,22.11992270188283,28.613335629693466,17.573975712296914,129.55476158782216,8719.211026133715
"Arabica, Mt Elgon",arabica,2005-10,2005,10,17.2365324720854,22.93165228005152,11.539564190217087,181.39136505415877,2628.709671974957
"Arabica, Rwenzori",arabica,2005-10,2005,10,17.358065529913695,23.998837131471703,12.259950470226487,140.65251082043875,2944.8618901873747
"Robusta, Greater Masaka",robusta,2005-10,2005,10,20.786131019458562,27.26311466527677,15.339778779841883,72.95704637736725,7685.258283154902
"Robusta, Central",robusta,2005-10,2005,10,21.015407429070514,27.965470334173585,16.25239895953592,112.21857945470221,24255.539073361513
"Robusta, South-west",robusta,2005-10,2005,10,20.47262175164425,27.684603290601913,14.179319244158028,107.56467536417607,14270.908828976686
"Robusta, Busoga",robusta,2005-10,2005,10,22.005352426981997,28.299318152300064,17.716366981747644,90.11269464681999,8719.211026133715
"Arabica, Mt Elgon",arabica,2005-11,2005,11,17.556989250121788,23.799906047533824,11.682803385435083,61.32215470071026,2628.709671974957
"Arabica, Rwenzori",arabica,2005-11,2005,11,17.63965551747605,23.80422555236701,12.420145802407117,133.04451411502575,2944.8618901873747
"Robusta, Greater Masaka",robusta,2005-11,2005,11,21.10048339338409,26.58630305941641,16.06007226534477,65.5876468507054,7685.258283154902
"Robusta, Central",robusta,2005-11,2005,11,21.63388402784325,27.998736691529945,16.552339494508175,81.88341139324515,24255.539073361513
"Robusta, South-west",robusta,2005-11,2005,11,20.786470175180618,27.129031012706214,14.775252859344334,81.89184362711748,14270.908828976686
"Robusta, Busoga",robusta,2005-11,2005,11,22.51954054547731,28.671938439409512,17.896908937219706,79.17975730134255,8719.211026133715
"Arabica, Mt Elgon",arabica,2005-12,2005,12,18.347970915547734,25.664375226173668,11.170657819885509,21.762562859503085,2628.709671974957
"Arabica, Rwenzori",arabica,2005-12,2005,12,18.262873844424902,25.29707842590952,12.408759767842543,70.52766928773782,2944.8618901873747
"Robusta, Greater Masaka",robusta,2005-12,2005,12,21.697646776384715,29.13194852097637,15.883986595158728,44.25123189864189,7685.258283154902
"Robusta, Central",robusta,2005-12,2005,12,22.593189993405762,30.843845001005594,15.9062525312226,39.167817258885535,24255.539073361513
"Robusta, South-west",robusta,2005-12,2005,12,21.82397539726072,29.89342929952325,15.217160898826759,40.38629937008163,14270.908828976686
"Robusta, Busoga",robusta,2005-12,2005,12,23.5170364760842,31.941911875281413,17.396904857186545,19.704579686879196,8719.211026133715
"Arabica, Mt Elgon",arabica,2006-01,2006,1,18.548514780547833,26.713637083029,11.333185082163304,23.80591740875581,2628.709671974957
"Arabica, Rwenzori",arabica,2006-01,2006,1,18.641647391711516,26.296177706287857,12.477625318725437,29.581079608398596,2944.8618901873747
"Robusta, Greater Masaka",robusta,2006-01,2006,1,22.283114975427534,30.47482954754936,15.966241716700631,53.49245961403876,7685.258283154902
"Robusta, Central",robusta,2006-01,2006,1,23.553340224167965,32.64004405085909,16.491852138378974,39.45608839133418,24255.539073361513
"Robusta, South-west",robusta,2006-01,2006,1,22.421029847333358,31.077422821280695,15.295696914706934,31.634168751074068,14270.908828976686
"Robusta, Busoga",robusta,2006-01,2006,1,23.907452180685254,32.86059128098195,17.162893294041897,41.4444558482352,8719.211026133715
"Arabica, Mt Elgon",arabica,2006-02,2006,2,19.036273775240065,27.198351863798102,11.988565758971015,83.94227718600797,2628.709671974957
"Arabica, Rwenzori",arabica,2006-02,2006,2,18.98957330202935,26.900219620599525,13.219031576411215,89.74900660852069,2944.8618901873747
"Robusta, Greater Masaka",robusta,2006-02,2006,2,22.64844906561637,30.895976309282947,16.86110329614427,41.677037464980614,7685.258283154902
"Robusta, Central",robusta,2006-02,2006,2,23.442246779451555,32.867767680136,16.95988871122633,38.801173419666995,24255.539073361513
"Robusta, South-west",robusta,2006-02,2006,2,22.66900955648381,31.435945072007286,16.115919332893252,58.67974190527009,14270.908828976686
"Robusta, Busoga",robusta,2006-02,2006,2,24.118442378746888,33.131372310057145,18.104376168183002,49.564302933641606,8719.211026133715
"Arabica, Mt Elgon",arabica,2006-03,2006,3,17.70860056048462,24.35361240084234,11.85498756789904,145.7219748730091,2628.709671974957
"Arabica, Rwenzori",arabica,2006-03,2006,3,18.148445012066713,25.42480469543774,12.741864647937556,135.71182784447114,2944.8618901873747
"Robusta, Greater Masaka",robusta,2006-03,2006,3,21.528365054101307,28.741621049590513,15.858620335033047,108.64790992910011,7685.258283154902
"Robusta, Central",robusta,2006-03,2006,3,22.02212353885333,29.594468160458312,16.450333355896596,112.2185530375531,24255.539073361513
"Robusta, South-west",robusta,2006-03,2006,3,21.640185094777326,29.079903677355833,14.785322224005865,105.50512701766989,14270.908828976686
"Robusta, Busoga",robusta,2006-03,2006,3,22.534132811655827,29.191519526357975,17.97632082295637,141.12510644540245,8719.211026133715
"Arabica, Mt Elgon",arabica,2006-04,2006,4,16.99601148265488,22.98775167031819,11.925217998866032,246.44785956760725,2628.709671974957
"Arabica, Rwenzori",arabica,2006-04,2006,4,17.86553982358964,24.355622624691414,12.567331968307268,178.4615002702384,2944.8618901873747
"Robusta, Greater Masaka",robusta,2006-04,2006,4,20.766390462420656,26.23071149030408,15.774674358696531,200.0742324653614,7685.258283154902
"Robusta, Central",robusta,2006-04,2006,4,21.16341103776869,26.951722149081714,16.621761481818073,200.18063766525154,24255.539073361513
"Robusta, South-west",robusta,2006-04,2006,4,20.844301305740395,27.733832465441743,14.58012270587915,147.5729317799037,14270.908828976686
"Robusta, Busoga",robusta,2006-04,2006,4,21.903070032022903,27.46927093197071,17.976302574898682,256.48685433020603,8719.211026133715
"Arabica, Mt Elgon",arabica,2006-05,2006,5,16.600622006544505,22.77654167725547,10.926017271003511,188.17902432879842,2628.709671974957
"Arabica, Rwenzori",arabica,2006-05,2006,5,17.551732417393126,24.17124473131102,12.431246016751118,98.72597093526485,2944.8618901873747
"Robusta, Greater Masaka",robusta,2006-05,2006,5,20.54709500410972,26.01102955940926,15.010945926180211,168.36167471705568,7685.258283154902
"Robusta, Central",robusta,2006-05,2006,5,20.75342213134897,26.560661748552725,15.907101951245831,174.44075731841917,24255.539073361513
"Robusta, South-west",robusta,2006-05,2006,5,20.55284944601013,27.05150543212637,14.285640574339697,103.77054182724646,14270.908828976686
"Robusta, Busoga",robusta,2006-05,2006,5,21.360112115935795,27.387068953494065,17.1735856107958,208.66991007678132,8719.211026133715
"Arabica, Mt Elgon",arabica,2006-06,2006,6,16.426176739536803,22.27258712834101,11.197223723530385,113.41061751132584,2628.709671974957
"Arabica, Rwenzori",arabica,2006-06,2006,6,17.796208634375287,24.59548769302336,12.23081112784422,44.18495654173901,2944.8618901873747
"Robusta, Greater Masaka",robusta,2006-06,2006,6,20.781807248088978,26.85753098211113,15.118691841228156,33.853409349385444,7685.258283154902
"Robusta, Central",robusta,2006-06,2006,6,20.7602266949179,26.92491050437603,15.300212765811382,63.369754758853304,24255.539073361513
"Robusta, South-west",robusta,2006-06,2006,6,21.391100055026133,28.98183215415793,14.522029085150942,17.149617116415666,14270.908828976686
"Robusta, Busoga",robusta,2006-06,2006,6,21.365949330572782,27.123394662083488,17.10249326716717,75.7468805537947,8719.211026133715
"Arabica, Mt Elgon",arabica,2006-07,2006,7,16.019160170957598,21.845116537543877,10.634401512275387,103.0085064060246,2628.709671974957
"Arabica, Rwenzori",arabica,2006-07,2006,7,17.697775693735533,24.407148542782522,11.8921143516798,38.81306145235955,2944.8618901873747
"Robusta, Greater Masaka",robusta,2006-07,2006,7,21.267633623170557,27.96960263474588,15.391523509907456,20.199731473965546,7685.258283154902
"Robusta, Central",robusta,2006-07,2006,7,21.011218727955423,27.602404961051874,15.683719547802482,42.407493502052695,24255.539073361513
"Robusta, South-west",robusta,2006-07,2006,7,21.794766620100397,29.46056866946462,14.735034362945358,20.829541514078883,14270.908828976686
"Robusta, Busoga",robusta,2006-07,2006,7,21.314426923957583,26.849060096038723,16.987486834233852,58.98740579465898,8719.211026133715
"Arabica, Mt Elgon",arabica,2006-08,2006,8,16.00821945079684,21.67100652685645,10.792001735369025,156.23681451670058,2628.709671974957
"Arabica, Rwenzori",arabica,2006-08,2006,8,17.534292051069446,24.40554399615957,12.142830080297186,165.31583821461982,2944.8618901873747
"Robusta, Greater Masaka",robusta,2006-08,2006,8,20.789284523845755,28.112642350529676,14.430053737648572,65.6326796176661,7685.258283154902
"Robusta, Central",robusta,2006-08,2006,8,21.025705433428772,27.956831594469577,15.041697018194759,99.82758544397673,24255.539073361513
"Robusta, South-west",robusta,2006-08,2006,8,21.06821325931281,29.60194604511969,14.256681351515603,114.11741448579647,14270.908828976686
"Robusta, Busoga",robusta,2006-08,2006,8,21.634423821542693,27.728859619695104,16.927607987341283,87.44149230413633,8719.211026133715
"Arabica, Mt Elgon",arabica,2006-09,2006,9,16.56379901667304,22.458135714478114,10.85993594316885,211.83513518181852,2628.709671974957
"Arabica, Rwenzori",arabica,2006-09,2006,9,17.710160440904055,24.44882108003955,11.996476929245176,130.15442969363366,2944.8618901873747
"Robusta, Greater Masaka",robusta,2006-09,2006,9,20.976927062129544,27.285768498574395,15.35321468358363,69.6165978505226,7685.258283154902
"Robusta, Central",robusta,2006-09,2006,9,21.07186607627867,27.904548123192278,14.709775026915171,119.4957656690092,24255.539073361513
"Robusta, South-west",robusta,2006-09,2006,9,21.274027310182387,28.693385858150517,14.265759927453106,84.35929915462776,14270.908828976686
"Robusta, Busoga",robusta,2006-09,2006,9,21.94656512698299,27.915634338607575,16.844296740490154,151.56715834535711,8719.211026133715
"Arabica, Mt Elgon",arabica,2006-10,2006,10,17.34467472040351,23.595538557079767,11.870963161950648,186.88256476001445,2628.709671974957
"Arabica, Rwenzori",arabica,2006-10,2006,10,18.023987478081406,24.64196706508594,12.377606007641479,189.36943306009832,2944.8618901873747
"Robusta, Greater Masaka",robusta,2006-10,2006,10,21.47790034010973,27.3162244639349,16.002935346022017,100.75051570186544,7685.258283154902
"Robusta, Central",robusta,2006-10,2006,10,21.52542796168811,27.966265046151392,16.200802859340257,120.75590487446382,24255.539073361513
"Robusta, South-west",robusta,2006-10,2006,10,21.46008512197686,28.29320551516853,14.796265936236964,118.19962757488236,14270.908828976686
"Robusta, Busoga",robusta,2006-10,2006,10,22.381425962480247,28.709575174012787,17.38733816249425,102.41558666901327,8719.211026133715
"Arabica, Mt Elgon",arabica,2006-11,2006,11,16.308056380584112,21.799843041810025,11.95432334104708,272.4129605772159,2628.709671974957
"Arabica, Rwenzori",arabica,2006-11,2006,11,17.015969769826484,23.263127760731397,12.198807375415619,152.71379958128912,2944.8618901873747
"Robusta, Greater Masaka",robusta,2006-11,2006,11,20.34541885828177,26.049130871481335,15.437689899866498,163.9715297142381,7685.258283154902
"Robusta, Central",robusta,2006-11,2006,11,20.59226653310465,26.820711924827272,15.980020852998068,138.53473231295902,24255.539073361513
"Robusta, South-west",robusta,2006-11,2006,11,20.15446468326351,26.82611534120515,14.496759162035003,127.1909171593909,14270.908828976686
"Robusta, Busoga",robusta,2006-11,2006,11,21.260638667090866,26.94043682050681,17.215817582670866,224.3480076722914,8719.211026133715
"Arabica, Mt Elgon",arabica,2006-12,2006,12,16.502082490047087,22.2862262819839,11.833510836438053,100.35240367648558,2628.709671974957
"Arabica, Rwenzori",arabica,2006-12,2006,12,17.264667528558455,23.441897627988475,12.092205931377395,106.71479531297355,2944.8618901873747
"Robusta, Greater Masaka",robusta,2006-12,2006,12,20.817234025780788,26.904146092383485,16.069966945273748,109.82532166337178,7685.258283154902
"Robusta, Central",robusta,2006-12,2006,12,21.132433956802988,27.54994186795807,16.31766266312445,71.78483425623386,24255.539073361513
"Robusta, South-west",robusta,2006-12,2006,12,20.600339321340297,27.61015293828602,15.011451049014322,118.04782373378184,14270.908828976686
"Robusta, Busoga",robusta,2006-12,2006,12,21.613439292684554,27.589015560166967,17.445429251194145,117.14446226409127,8719.211026133715
"Arabica, Mt Elgon",arabica,2007-01,2007,1,17.44383929315001,23.84912432421122,11.474050342370951,49.96158223510086,2628.709671974957
"Arabica, Rwenzori",arabica,2007-01,2007,1,18.18642813877653,24.124937304589697,12.500577312545246,48.658815413411986,2944.8618901873747
"Robusta, Greater Masaka",robusta,2007-01,2007,1,21.65329157165207,28.439028460161737,16.439774296922455,65.28420946234576,7685.258283154902
"Robusta, Central",robusta,2007-01,2007,1,22.553215776511042,29.503762192469175,16.901786337822134,52.45203352662041,24255.539073361513
"Robusta, South-west",robusta,2007-01,2007,1,21.670941476956354,28.146604209889936,15.633910109964555,46.2391485992954,14270.908828976686
"Robusta, Busoga",robusta,2007-01,2007,1,22.558424792207465,28.45028712443088,17.92610003067364,50.612857269167506,8719.211026133715
"Arabica, Mt Elgon",arabica,2007-02,2007,2,17.53808376526992,24.914103524511848,11.546258764333828,127.79673106273638,2628.709671974957
"Arabica, Rwenzori",arabica,2007-02,2007,2,18.49234453200366,25.900916210999956,13.105766542772603,73.18955173620546,2944.8618901873747
"Robusta, Greater Masaka",robusta,2007-02,2007,2,21.820625811543024,29.187279777896787,16.300889668946994,75.87749216185212,7685.258283154902
"Robusta, Central",robusta,2007-02,2007,2,22.633050550289216,30.42027740032689,16.681487067745483,76.68218013468994,24255.539073361513
"Robusta, South-west",robusta,2007-02,2007,2,21.81455188862896,29.398823781294197,15.523353250582055,68.17282977258527,14270.908828976686
"Robusta, Busoga",robusta,2007-02,2007,2,22.824074397971128,30.427285364190798,17.64145790788812,114.19506801101146,8719.211026133715
"Arabica, Mt Elgon",arabica,2007-03,2007,3,18.18495079587538,25.867025649889843,11.697845842610297,88.6511175516259,2628.709671974957
"Arabica, Rwenzori",arabica,2007-03,2007,3,18.980526354571268,26.495983063206506,13.218098567072646,115.07955242183714,2944.8618901873747
"Robusta, Greater Masaka",robusta,2007-03,2007,3,22.240284418605338,29.28992046390057,16.809392277751943,120.59257811076156,7685.258283154902
"Robusta, Central",robusta,2007-03,2007,3,23.046239832327068,31.712203726643793,17.125108765484804,125.06654696471722,24255.539073361513
"Robusta, South-west",robusta,2007-03,2007,3,22.452736309720482,31.126613413180536,15.96928890139267,92.88957996421799,14270.908828976686
"Robusta, Busoga",robusta,2007-03,2007,3,23.288313100819657,31.552800148635892,18.140916021616153,151.80397320374217,8719.211026133715
"Arabica, Mt Elgon",arabica,2007-04,2007,4,17.781712920991765,25.64487012414243,11.929036900147109,187.4504024913993,2628.709671974957
"Arabica, Rwenzori",arabica,2007-04,2007,4,18.732332434366235,26.15230515265332,12.732263153984617,158.8068930733327,2944.8618901873747
"Robusta, Greater Masaka",robusta,2007-04,2007,4,21.58374268848767,28.681454457998633,16.091089425193594,155.6801329180412,7685.258283154902
"Robusta, Central",robusta,2007-04,2007,4,22.429740280669762,30.109337905219437,16.700981567258246,123.25307134411632,24255.539073361513
"Robusta, South-west",robusta,2007-04,2007,4,21.738521814904413,29.664935214408384,15.340878524438498,119.91542613651424,14270.908828976686
"Robusta, Busoga",robusta,2007-04,2007,4,22.87157195066286,30.32747044378286,18.209801435922667,172.24767239753228,8719.211026133715
"Arabica, Mt Elgon",arabica,2007-05,2007,5,17.448614800087107,23.527744396881562,12.078950342139121,211.76557890249276,2628.709671974957
"Arabica, Rwenzori",arabica,2007-05,2007,5,18.398034694070688,25.03125194450178,13.55408317837126,147.71364743974056,2944.8618901873747
"Robusta, Greater Masaka",robusta,2007-05,2007,5,21.284809693134914,27.824562291042863,16.068988265748096,168.541504439778,7685.258283154902
"Robusta, Central",robusta,2007-05,2007,5,21.64361457065462,28.040511658753157,16.683738773933417,112.82146290585892,24255.539073361513
"Robusta, South-west",robusta,2007-05,2007,5,21.635789332235994,29.32350584071097,15.602721273270232,98.2591585795694,14270.908828976686
"Robusta, Busoga",robusta,2007-05,2007,5,22.286414668844262,28.207258214609503,18.04270650842217,204.98901075790647,8719.211026133715
"Arabica, Mt Elgon",arabica,2007-06,2007,6,16.05274539881868,21.1691871513696,11.057865813650125,168.39899912913296,2628.709671974957
"Arabica, Rwenzori",arabica,2007-06,2007,6,17.332328408841185,23.525493223583158,12.141589502506514,103.6790961751181,2944.8618901873747
"Robusta, Greater Masaka",robusta,2007-06,2007,6,20.5025178383988,26.269940559711635,14.716665500804044,51.94250887533338,7685.258283154902
"Robusta, Central",robusta,2007-06,2007,6,20.864191548227385,27.037234817104054,14.858063617617647,61.565147255082444,24255.539073361513
"Robusta, South-west",robusta,2007-06,2007,6,20.92137994602365,28.247525388746233,14.459517395029991,51.326047715172486,14270.908828976686
"Robusta, Busoga",robusta,2007-06,2007,6,21.202033992776094,27.045993602206615,15.882614644165807,88.34090931761476,8719.211026133715
"Arabica, Mt Elgon",arabica,2007-07,2007,7,15.569061344736912,20.610101665416607,10.66833985216771,205.64314069883756,2628.709671974957
"Arabica, Rwenzori",arabica,2007-07,2007,7,17.27563762071811,23.458047680015913,12.268855075797603,66.3187045612696,2944.8618901873747
"Robusta, Greater Masaka",robusta,2007-07,2007,7,20.647627320513763,27.839874896726876,14.636261684998813,48.23290293124965,7685.258283154902
"Robusta, Central",robusta,2007-07,2007,7,20.63165064357011,27.396781317014835,15.211398593876316,89.00774267098461,24255.539073361513
"Robusta, South-west",robusta,2007-07,2007,7,21.083836792108674,28.762145746100206,14.520422318026434,54.537623311226305,14270.908828976686
"Robusta, Busoga",robusta,2007-07,2007,7,21.172915808625394,26.867269244607105,17.045176073952206,116.53554566573857,8719.211026133715
"Arabica, Mt Elgon",arabica,2007-08,2007,8,15.736145756363896,21.29824641497458,10.89229626760155,248.92228939520822,2628.709671974957
"Arabica, Rwenzori",arabica,2007-08,2007,8,17.092876236201494,23.46622899781808,11.7209674273104,143.57819427326575,2944.8618901873747
"Robusta, Greater Masaka",robusta,2007-08,2007,8,20.195160113695724,26.26187977206861,13.629258368655663,66.30058410558327,7685.258283154902
"Robusta, Central",robusta,2007-08,2007,8,20.429969047722977,26.99493746610999,15.006940828111839,122.55779448113924,24255.539073361513
"Robusta, South-west",robusta,2007-08,2007,8,20.40201979084865,27.421791361304926,13.847161809279955,83.69445260726071,14270.908828976686
"Robusta, Busoga",robusta,2007-08,2007,8,21.157671021599004,27.2816421806647,16.980535452949567,144.7378157658479,8719.211026133715
"Arabica, Mt Elgon",arabica,2007-09,2007,9,16.091735522653806,21.72585797310953,10.86535106144044,249.8577490119299,2628.709671974957
"Arabica, Rwenzori",arabica,2007-09,2007,9,17.382717549634712,24.188262972590138,12.074878571890954,152.861133191687,2944.8618901873747
"Robusta, Greater Masaka",robusta,2007-09,2007,9,20.928591877605957,27.48030633027644,15.99457044215601,100.42681865444705,7685.258283154902
"Robusta, Central",robusta,2007-09,2007,9,21.04399481241525,27.84472782885146,16.205124231766547,167.46655216384923,24255.539073361513
"Robusta, South-west",robusta,2007-09,2007,9,20.774318954844116,28.16913156031846,14.811263712758448,126.71688090853114,14270.908828976686
"Robusta, Busoga",robusta,2007-09,2007,9,21.669931711132367,27.876084414213157,16.964375933106936,162.6364907643869,8719.211026133715
"Arabica, Mt Elgon",arabica,2007-10,2007,10,16.833823813861734,22.553690763331627,11.07150445464186,101.88281632560744,2628.709671974957
"Arabica, Rwenzori",arabica,2007-10,2007,10,17.180898717966194,23.510909972819434,12.025149525675126,133.7729908335854,2944.8618901873747
"Robusta, Greater Masaka",robusta,2007-10,2007,10,20.73754381053354,26.43664741893789,15.911770650425753,71.5831963310306,7685.258283154902
"Robusta, Central",robusta,2007-10,2007,10,21.250272686466566,27.545326161297847,16.326773384817198,106.40211996172225,24255.539073361513
"Robusta, South-west",robusta,2007-10,2007,10,20.354554086031925,26.930958095586472,14.615647672485949,89.21346044526759,14270.908828976686
"Robusta, Busoga",robusta,2007-10,2007,10,22.098149034872502,28.09684574801034,17.774496117607704,114.61336052534863,8719.211026133715
"Arabica, Mt Elgon",arabica,2007-11,2007,11,17.181428840959786,23.55070098180077,11.412641353033656,78.48636333237882,2628.709671974957
"Arabica, Rwenzori",arabica,2007-11,2007,11,17.113732267328114,23.404081048024796,11.660443830767715,145.2199886371711,2944.8618901873747
"Robusta, Greater Masaka",robusta,2007-11,2007,11,20.68037855940031,26.60530741701628,15.231024330763507,93.70295109445746,7685.258283154902
"Robusta, Central",robusta,2007-11,2007,11,21.22486471601753,27.72658976287692,16.058770828118085,93.23971041736384,24255.539073361513
"Robusta, South-west",robusta,2007-11,2007,11,20.14884218571135,26.74540394049806,13.945754439360417,106.97508978995732,14270.908828976686
"Robusta, Busoga",robusta,2007-11,2007,11,22.01001419232116,28.241803483535325,17.41927207744352,106.90080265799193,8719.211026133715
"Arabica, Mt Elgon",arabica,2007-12,2007,12,17.688575300360384,24.33706081596509,10.97454040030564,50.891390756414715,2628.709671974957
"Arabica, Rwenzori",arabica,2007-12,2007,12,17.438614379547378,24.138507120018946,11.515634286309664,78.74970232716412,2944.8618901873747
"Robusta, Greater Masaka",robusta,2007-12,2007,12,20.87792942775716,28.95580472380004,14.686808769746397,79.09504430661208,7685.258283154902
"Robusta, Central",robusta,2007-12,2007,12,21.857517518758073,29.635247656075656,14.840780471771065,70.5413129196382,24255.539073361513
"Robusta, South-west",robusta,2007-12,2007,12,20.75570892861184,28.78487693354496,14.016257050604102,62.44514956664364,14270.908828976686
"Robusta, Busoga",robusta,2007-12,2007,12,22.343926427823487,29.59724694754204,16.111553344045692,66.56989446479041,8719.211026133715
"Arabica, Mt Elgon",arabica,2008-01,2008,1,18.13946083196383,25.089873647980887,11.40776979401996,26.96376595464788,2628.709671974957
"Arabica, Rwenzori",arabica,2008-01,2008,1,17.74510035412853,24.54114605302895,12.025945512083284,62.90605276700245,2944.8618901873747
"Robusta, Greater Masaka",robusta,2008-01,2008,1,21.55426635727,28.210158398023186,16.265366852296907,96.02458162906278,7685.258283154902
"Robusta, Central",robusta,2008-01,2008,1,22.229291326358215,29.968513230171418,16.30148696259871,71.7265167909328,24255.539073361513
"Robusta, South-west",robusta,2008-01,2008,1,21.584165563121317,29.358951826465198,15.131746560876731,55.44905533793318,14270.908828976686
"Robusta, Busoga",robusta,2008-01,2008,1,22.75679084065173,30.11867786462496,17.438945527054265,60.75750757621755,8719.211026133715
"Arabica, Mt Elgon",arabica,2008-02,2008,2,18.452835604878473,25.60440762282872,11.483239004371034,46.119708793588586,2628.709671974957
"Arabica, Rwenzori",arabica,2008-02,2008,2,18.047234908677115,24.729029588465824,12.223464174311198,56.61072749665834,2944.8618901873747
"Robusta, Greater Masaka",robusta,2008-02,2008,2,21.379691931912554,27.796789523181598,15.11692546742416,57.92981708156412,7685.258283154902
"Robusta, Central",robusta,2008-02,2008,2,22.274450175697492,29.891578158317575,16.120512789438827,51.48127068547321,24255.539073361513
"Robusta, South-west",robusta,2008-02,2008,2,21.597364895389845,29.163608378037537,14.964861771330492,48.49226823167828,14270.908828976686
"Robusta, Busoga",robusta,2008-02,2008,2,22.949150954129653,30.476546449033,17.751578769800815,51.00801454556197,8719.211026133715
"Arabica, Mt Elgon",arabica,2008-03,2008,3,17.895796886920962,26.101968739815952,11.612492228815702,89.15416503506708,2628.709671974957
"Arabica, Rwenzori",arabica,2008-03,2008,3,17.846397780752945,24.97042542184284,12.122586468302513,144.10432959449935,2944.8618901873747
"Robusta, Greater Masaka",robusta,2008-03,2008,3,21.34685052848627,27.637064608009823,15.202312899343132,141.87897551360084,7685.258283154902
"Robusta, Central",robusta,2008-03,2008,3,21.994138557567716,29.748707130461536,16.346086520490427,143.35216746855366,24255.539073361513
"Robusta, South-west",robusta,2008-03,2008,3,21.20613876590333,28.736232532652,14.612813083324266,127.86845162604614,14270.908828976686
"Robusta, Busoga",robusta,2008-03,2008,3,22.488643497366983,29.614828636370767,17.628806139408205,113.92669555374982,8719.211026133715
"Arabica, Mt Elgon",arabica,2008-04,2008,4,17.156269701236774,24.24602133992189,11.634185599202697,117.58911969786229,2628.709671974957
"Arabica, Rwenzori",arabica,2008-04,2008,4,17.68187810531048,24.180545758596637,12.34187018383958,109.37578417895958,2944.8618901873747
"Robusta, Greater Masaka",robusta,2008-04,2008,4,20.667218273346187,26.72674771026278,15.72671651915673,140.9220270593244,7685.258283154902
"Robusta, Central",robusta,2008-04,2008,4,20.981362755298743,27.917417926192748,15.872148947059065,103.03992407919937,24255.539073361513
"Robusta, South-west",robusta,2008-04,2008,4,20.554418600282588,27.410663851407122,14.64936063936518,75.9693743050841,14270.908828976686
"Robusta, Busoga",robusta,2008-04,2008,4,21.788062246088593,28.84690920687164,17.030153596859922,128.37718128641328,8719.211026133715
"Arabica, Mt Elgon",arabica,2008-05,2008,5,17.313416098154967,22.87138030198587,12.243537813480337,216.40371263130146,2628.709671974957
"Arabica, Rwenzori",arabica,2008-05,2008,5,17.90286460994263,24.503029805214847,12.573059449058658,99.58434039236448,2944.8618901873747
"Robusta, Greater Masaka",robusta,2008-05,2008,5,20.634295782416988,26.903991237445886,15.400551520831037,119.24677004604571,7685.258283154902
"Robusta, Central",robusta,2008-05,2008,5,21.026124371578852,27.700113954250963,16.08806076149068,145.14080481848765,24255.539073361513
"Robusta, South-west",robusta,2008-05,2008,5,20.791124135414805,28.214365714726753,14.293915977636079,64.57984661898331,14270.908828976686
"Robusta, Busoga",robusta,2008-05,2008,5,21.781388167455024,27.850491071866347,17.59636295948658,185.30757145835676,8719.211026133715
"Arabica, Mt Elgon",arabica,2008-06,2008,6,16.18712757790126,21.53613126005706,11.288893226452787,138.16901653968122,2628.709671974957
"Arabica, Rwenzori",arabica,2008-06,2008,6,17.299869521231255,24.25526564462516,12.020875590580227,87.59986060063649,2944.8618901873747
"Robusta, Greater Masaka",robusta,2008-06,2008,6,20.33649448450986,27.48054381873641,14.619334206922964,39.22552885873757,7685.258283154902
"Robusta, Central",robusta,2008-06,2008,6,20.420107019902872,27.488666288585588,15.208836970630369,64.47972922464189,24255.539073361513
"Robusta, South-west",robusta,2008-06,2008,6,20.420145094641622,28.826628209949277,13.810970933080009,39.86294401891786,14270.908828976686
"Robusta, Busoga",robusta,2008-06,2008,6,21.114688001887703,26.75092697186116,16.615340682476376,68.08459363515593,8719.211026133715
"Arabica, Mt Elgon",arabica,2008-07,2008,7,15.561274762965455,21.264776952865564,10.613252330403148,188.4443709776462,2628.709671974957
"Arabica, Rwenzori",arabica,2008-07,2008,7,16.983561578719844,23.99242099494061,11.460744887853982,52.99976937451594,2944.8618901873747
"Robusta, Greater Masaka",robusta,2008-07,2008,7,20.773269284624973,27.70967112013879,14.291164216991602,20.95093417796717,7685.258283154902
"Robusta, Central",robusta,2008-07,2008,7,20.572886580652877,27.647506478425793,14.497798917693066,67.28069212094317,24255.539073361513
"Robusta, South-west",robusta,2008-07,2008,7,21.044623498979735,28.588577285820442,13.075353347109788,23.868121998930906,14270.908828976686
"Robusta, Busoga",robusta,2008-07,2008,7,20.854936153539406,26.91764687015464,16.351568402674843,108.17980843387977,8719.211026133715
"Arabica, Mt Elgon",arabica,2008-08,2008,8,15.994486738264527,21.375886092335815,11.078964491448968,273.74955746288236,2628.709671974957
"Arabica, Rwenzori",arabica,2008-08,2008,8,17.226831056993223,23.625013873207067,12.332473746441071,212.78463610435935,2944.8618901873747
"Robusta, Greater Masaka",robusta,2008-08,2008,8,20.515891749952683,27.04985820517667,15.058540526197898,66.20862799545009,7685.258283154902
"Robusta, Central",robusta,2008-08,2008,8,20.75687701552138,27.596673150624824,15.685888434685326,101.43107764259763,24255.539073361513
"Robusta, South-west",robusta,2008-08,2008,8,20.656675310255867,28.090395539895102,14.359760103247366,142.83657654712255,14270.908828976686
"Robusta, Busoga",robusta,2008-08,2008,8,21.28181337677254,26.976662689128837,16.694051996613528,166.32676968816716,8719.211026133715
"Arabica, Mt Elgon",arabica,2008-09,2008,9,16.76742930795782,23.57190840581193,11.583556835667054,135.6375735578616,2628.709671974957
"Arabica, Rwenzori",arabica,2008-09,2008,9,17.722493569885902,24.363172601827603,12.14046744382096,168.22749843728718,2944.8618901873747
"Robusta, Greater Masaka",robusta,2008-09,2008,9,21.296200001097542,28.155177677686897,14.962673802944375,97.56570829636335,7685.258283154902
"Robusta, Central",robusta,2008-09,2008,9,21.48483224704322,28.954614384543603,16.039760852970822,187.20065418821218,24255.539073361513
"Robusta, South-west",robusta,2008-09,2008,9,21.132665468977518,28.332564750010444,14.455596576528245,121.78367356317277,14270.908828976686
"Robusta, Busoga",robusta,2008-09,2008,9,22.083792889182796,29.044243512591787,17.519439201242488,158.23995751325907,8719.211026133715
"Arabica, Mt Elgon",arabica,2008-10,2008,10,16.60937875677837,22.17624708568512,11.063936445084003,201.22875938687199,2628.709671974957
"Arabica, Rwenzori",arabica,2008-10,2008,10,17.509074417521717,23.94046388202984,12.255699974234258,89.08225218818137,2944.8618901873747
"Robusta, Greater Masaka",robusta,2008-10,2008,10,21.018205733459542,27.619223494583885,15.602535398791046,97.10950018618715,7685.258283154902
"Robusta, Central",robusta,2008-10,2008,10,21.1403576227382,27.782562623986394,15.860074413842916,113.95724726324823,24255.539073361513
"Robusta, South-west",robusta,2008-10,2008,10,20.62725347517784,27.89297544215705,14.49736690884782,86.42618778466876,14270.908828976686
"Robusta, Busoga",robusta,2008-10,2008,10,21.79409903728277,28.165792075412504,16.516597008327064,131.92291905136847,8719.211026133715
"Arabica, Mt Elgon",arabica,2008-11,2008,11,16.7581593170653,23.722445019095154,10.725133842659751,148.78386571725886,2628.709671974957
"Arabica, Rwenzori",arabica,2008-11,2008,11,17.681395689761487,23.978961656268886,12.199379587880236,107.40120820403419,2944.8618901873747
"Robusta, Greater Masaka",robusta,2008-11,2008,11,20.839523013920576,27.87161009626707,15.98642200363984,72.99850786623145,7685.258283154902
"Robusta, Central",robusta,2008-11,2008,11,21.331883012065695,28.559995190932494,15.679574177278754,61.655668534695934,24255.539073361513
"Robusta, South-west",robusta,2008-11,2008,11,20.742837939149812,27.939248447465673,14.529549205615353,85.5765347932259,14270.908828976686
"Robusta, Busoga",robusta,2008-11,2008,11,21.945956210292632,28.761719636033536,16.874545802831427,69.80678362133263,8719.211026133715
"Arabica, Mt Elgon",arabica,2008-12,2008,12,17.885975417908522,24.5330122621464,11.186083518642139,11.349106807717362,2628.709671974957
"Arabica, Rwenzori",arabica,2008-12,2008,12,18.035229353997284,24.515913143341415,11.749307254756467,83.45067222848465,2944.8618901873747
"Robusta, Greater Masaka",robusta,2008-12,2008,12,21.44838373456821,29.27046557945886,15.53759740199779,76.62668624309886,7685.258283154902
"Robusta, Central",robusta,2008-12,2008,12,22.246878079439348,29.924824820424693,15.771446778572026,35.151995352043556,24255.539073361513
"Robusta, South-west",robusta,2008-12,2008,12,21.568294757168864,29.864325201657135,14.770714954679727,61.032928422326485,14270.908828976686
"Robusta, Busoga",robusta,2008-12,2008,12,22.759719017774525,29.756319631188088,17.077689304249933,19.608310147996217,8719.211026133715
"Arabica, Mt Elgon",arabica,2009-01,2009,1,18.149267920641787,25.11694904200608,11.330359724347977,42.51874368342773,2628.709671974957
"Arabica, Rwenzori",arabica,2009-01,2009,1,18.237526587991514,25.42677870559422,12.040562655237604,55.9162909014269,2944.8618901873747
"Robusta, Greater Masaka",robusta,2009-01,2009,1,21.831910316770553,29.23491092535664,16.01744670349767,65.48313173649247,7685.258283154902
"Robusta, Central",robusta,2009-01,2009,1,22.84017594182633,31.13229976283207,16.013357537376603,47.461318599448894,24255.539073361513
"Robusta, South-west",robusta,2009-01,2009,1,21.99402666727042,30.46163972353792,14.965742758787234,40.70797974162732,14270.908828976686
"Robusta, Busoga",robusta,2009-01,2009,1,23.0918995503988,31.025425974426817,16.61784529884666,54.490990731040085,8719.211026133715
"Arabica, Mt Elgon",arabica,2009-02,2009,2,18.726785796275657,25.879202711401593,11.570318140542666,20.066659854608176,2628.709671974957
"Arabica, Rwenzori",arabica,2009-02,2009,2,18.54835677916551,25.55789202121602,12.600065114918362,88.76774843458612,2944.8618901873747
"Robusta, Greater Masaka",robusta,2009-02,2009,2,21.996417578116084,28.948346607620916,16.427637231801974,70.64985385698151,7685.258283154902
"Robusta, Central",robusta,2009-02,2009,2,23.10142671881628,30.86080732011598,16.968709434248627,55.32474827181162,24255.539073361513
"Robusta, South-west",robusta,2009-02,2009,2,21.972761588746632,29.54458829497365,15.330559414695806,75.85186684265325,14270.908828976686
"Robusta, Busoga",robusta,2009-02,2009,2,23.386614698241146,30.926504071639794,17.583749568119455,37.155145765431755,8719.211026133715
"Arabica, Mt Elgon",arabica,2009-03,2009,3,19.580302657530755,26.704509817731854,12.261479334321326,51.66260416051149,2628.709671974957
"Arabica, Rwenzori",arabica,2009-03,2009,3,19.019918364763473,26.276340825659748,12.80871018361339,114.81408810904199,2944.8618901873747
"Robusta, Greater Masaka",robusta,2009-03,2009,3,22.70153816929516,30.00320107586565,16.564640243199342,141.80404714915088,7685.258283154902
"Robusta, Central",robusta,2009-03,2009,3,23.767166230306845,31.57898700475901,17.020412694498358,97.41379359815926,24255.539073361513
"Robusta, South-west",robusta,2009-03,2009,3,22.71701144669828,31.21767243298819,15.81104770468562,93.5780327787044,14270.908828976686
"Robusta, Busoga",robusta,2009-03,2009,3,24.01157234217955,31.125395108659927,18.006655251602727,87.81576378841665,8719.211026133715
"Arabica, Mt Elgon",arabica,2009-04,2009,4,17.711399671506815,23.645722002016033,12.660334739538456,251.8471050204881,2628.709671974957
"Arabica, Rwenzori",arabica,2009-04,2009,4,18.118995006471113,24.666635796466696,13.204545579717115,145.32509968243977,2944.8618901873747
"Robusta, Greater Masaka",robusta,2009-04,2009,4,21.380455007847118,27.03648868613202,16.447254076023906,149.6327526051912,7685.258283154902
"Robusta, Central",robusta,2009-04,2009,4,21.659854263165926,27.68789339820101,16.99152319422663,120.24573688910486,24255.539073361513
"Robusta, South-west",robusta,2009-04,2009,4,21.121560243655782,27.667070370550945,15.202019522889136,103.52586812357049,14270.908828976686
"Robusta, Busoga",robusta,2009-04,2009,4,22.096294383693547,28.063577044866044,17.79300799053336,173.40215106357877,8719.211026133715
"Arabica, Mt Elgon",arabica,2009-05,2009,5,17.18668133237415,23.978391955326284,12.027049342652905,186.35293678469768,2628.709671974957
"Arabica, Rwenzori",arabica,2009-05,2009,5,18.100087251846134,24.951060982832455,12.37952968162253,127.75479161392853,2944.8618901873747
"Robusta, Greater Masaka",robusta,2009-05,2009,5,21.27168010837741,27.561861032314404,16.146808047887692,120.31904376716598,7685.258283154902
"Robusta, Central",robusta,2009-05,2009,5,21.528125873512558,28.438854968055416,16.295357491878125,148.0179679796566,24255.539073361513
"Robusta, South-west",robusta,2009-05,2009,5,21.369731712995613,28.57943993597042,15.115792718120938,82.9484847785791,14270.908828976686
"Robusta, Busoga",robusta,2009-05,2009,5,21.967084097289913,28.579891148119696,17.063385233948562,173.40457825338913,8719.211026133715
"Arabica, Mt Elgon",arabica,2009-06,2009,6,17.224469964591872,23.316254205119396,11.247383648611281,81.58360916249167,2628.709671974957
"Arabica, Rwenzori",arabica,2009-06,2009,6,18.195573042066318,24.98120379990703,12.417019719972396,76.0588248201072,2944.8618901873747
"Robusta, Greater Masaka",robusta,2009-06,2009,6,21.425480364377083,27.781387336994765,15.37551428360441,14.933219591161581,7685.258283154902
"Robusta, Central",robusta,2009-06,2009,6,21.6088136326482,28.078018925297748,15.623278487646463,45.38615273260475,24255.539073361513
"Robusta, South-west",robusta,2009-06,2009,6,21.949952342798138,29.761517703912002,15.104139183896335,26.206337623142428,14270.908828976686
"Robusta, Busoga",robusta,2009-06,2009,6,21.891546895667805,27.98529991044752,16.962481634015198,44.43263824015878,8719.211026133715
"Arabica, Mt Elgon",arabica,2009-07,2009,7,16.282521550520144,22.553337788867534,10.714239113497426,109.01732199528946,2628.709671974957
"Arabica, Rwenzori",arabica,2009-07,2009,7,18.22478054601437,25.649431994679777,12.112776498253965,25.370432051859865,2944.8618901873747
"Robusta, Greater Masaka",robusta,2009-07,2009,7,21.50192177698637,29.04559024984476,15.034761304804006,16.530460722188305,7685.258283154902
"Robusta, Central",robusta,2009-07,2009,7,21.602688721107604,29.252774300557746,15.121222777519641,26.178904395786148,24255.539073361513
"Robusta, South-west",robusta,2009-07,2009,7,22.307587395070477,31.03835099162033,14.146745127038844,10.79677356387811,14270.908828976686
"Robusta, Busoga",robusta,2009-07,2009,7,21.568117444351145,28.152619175337,16.63163873816697,31.347718668491193,8719.211026133715
"Arabica, Mt Elgon",arabica,2009-08,2009,8,17.107226638005873,23.05986834152396,11.651444054124282,143.4015310698873,2628.709671974957
"Arabica, Rwenzori",arabica,2009-08,2009,8,18.189626438191265,25.359811857473982,12.642586046139105,102.26901346716517,2944.8618901873747
"Robusta, Greater Masaka",robusta,2009-08,2009,8,21.44832311862265,28.78449090365212,15.336216004185276,44.50566392859487,7685.258283154902
"Robusta, Central",robusta,2009-08,2009,8,21.64103373459132,28.997922190101143,16.038463162068577,68.53729191342897,24255.539073361513
"Robusta, South-west",robusta,2009-08,2009,8,22.09178448272264,30.241843181624887,15.04940728769437,70.77281550336852,14270.908828976686
"Robusta, Busoga",robusta,2009-08,2009,8,22.32702571601274,28.358377201389537,17.68337748806156,80.04591735605891,8719.211026133715
"Arabica, Mt Elgon",arabica,2009-09,2009,9,17.543570127107472,22.93999785169495,12.219548282023895,119.78094149972691,2628.709671974957
"Arabica, Rwenzori",arabica,2009-09,2009,9,18.07158690971792,24.9840988554178,12.684898735617475,132.66346336938776,2944.8618901873747
"Robusta, Greater Masaka",robusta,2009-09,2009,9,21.40129440148872,27.62083400616425,15.971235956624058,59.86480129389718,7685.258283154902
"Robusta, Central",robusta,2009-09,2009,9,21.49516122427536,28.409757126964593,16.284468612838083,76.03752917842216,24255.539073361513
"Robusta, South-west",robusta,2009-09,2009,9,21.54211437271991,28.32921690929405,15.236402560737776,84.34868481935841,14270.908828976686
"Robusta, Busoga",robusta,2009-09,2009,9,22.332015613644145,28.532845700722802,17.63638130232359,98.94717189380252,8719.211026133715
"Arabica, Mt Elgon",arabica,2009-10,2009,10,17.09054533605535,22.70196730397874,11.763114413443198,153.8141606631765,2628.709671974957
"Arabica, Rwenzori",arabica,2009-10,2009,10,17.75387391858779,24.23710437634642,13.055034488680976,198.31388643797277,2944.8618901873747
"Robusta, Greater Masaka",robusta,2009-10,2009,10,21.344495808220795,28.063690510732563,16.382230343350944,110.7944087733905,7685.258283154902
"Robusta, Central",robusta,2009-10,2009,10,21.465125297580716,28.393016392207052,17.055164247903072,146.72711592177023,24255.539073361513
"Robusta, South-west",robusta,2009-10,2009,10,21.112771807100817,28.769759382073303,15.589255386395362,124.81036534198667,14270.908828976686
"Robusta, Busoga",robusta,2009-10,2009,10,22.20820578138255,28.394622604325246,18.104156423384353,108.10038038290371,8719.211026133715
"Arabica, Mt Elgon",arabica,2009-11,2009,11,17.73565038615053,23.4387712962051,11.922067353888783,93.12618389952219,2628.709671974957
"Arabica, Rwenzori",arabica,2009-11,2009,11,17.432036117052117,24.025179544307615,12.3963953910794,142.0160046806964,2944.8618901873747
"Robusta, Greater Masaka",robusta,2009-11,2009,11,20.596456535826714,26.61739717837477,15.327126066079712,128.16177215016612,7685.258283154902
"Robusta, Central",robusta,2009-11,2009,11,21.30300091670415,27.671657894072663,16.18763873439302,118.22309964422419,24255.539073361513
"Robusta, South-west",robusta,2009-11,2009,11,20.320101290162217,27.056758730896238,14.377886971324822,107.0627951271089,14270.908828976686
"Robusta, Busoga",robusta,2009-11,2009,11,22.049323885107906,28.34273319008845,17.71490828868409,146.24132857194658,8719.211026133715
"Arabica, Mt Elgon",arabica,2009-12,2009,12,17.284063785847326,24.08958898583552,11.970931832962348,182.69865687974237,2628.709671974957
"Arabica, Rwenzori",arabica,2009-12,2009,12,17.355555231964697,24.244880805478775,12.268622250275632,98.31399537436577,2944.8618901873747
"Robusta, Greater Masaka",robusta,2009-12,2009,12,20.622868643478657,27.185099658872716,15.330588351233281,83.49348142824279,7685.258283154902
"Robusta, Central",robusta,2009-12,2009,12,21.27305535919619,28.053826207550554,16.42688667760832,67.69668634885505,24255.539073361513
"Robusta, South-west",robusta,2009-12,2009,12,20.478429985718442,27.278470416311777,14.572735152925794,84.24535786743475,14270.908828976686
"Robusta, Busoga",robusta,2009-12,2009,12,21.835828944425746,28.796192406320216,17.304560365632,99.04765184025928,8719.211026133715
"Arabica, Mt Elgon",arabica,2010-01,2010,1,17.844557639226206,25.376630016087987,11.430792107302889,46.74571347860844,2628.709671974957
"Arabica, Rwenzori",arabica,2010-01,2010,1,18.253345124871572,25.645625749249916,12.449816702638808,74.22086007152795,2944.8618901873747
"Robusta, Greater Masaka",robusta,2010-01,2010,1,21.49996584373621,28.357135733161236,15.934895505725748,59.84471682065977,7685.258283154902
"Robusta, Central",robusta,2010-01,2010,1,22.349479161845327,30.536607687946447,16.260277187529088,47.29224654644674,24255.539073361513
"Robusta, South-west",robusta,2010-01,2010,1,21.39849180225536,29.843616124000295,14.915908474092216,63.203043708756944,14270.908828976686
"Robusta, Busoga",robusta,2010-01,2010,1,22.981690290129997,30.778087798510715,17.499741324196066,44.497083671151294,8719.211026133715
"Arabica, Mt Elgon",arabica,2010-02,2010,2,18.396021819475852,26.572310706562718,12.047532017996991,186.37788990127692,2628.709671974957
"Arabica, Rwenzori",arabica,2010-02,2010,2,18.86190337649512,26.252073763111852,13.571684193129803,160.19621044704715,2944.8618901873747
"Robusta, Greater Masaka",robusta,2010-02,2010,2,21.948721225154692,29.818500908932783,16.39749907511588,122.0552885921358,7685.258283154902
"Robusta, Central",robusta,2010-02,2010,2,22.707314232261517,31.607433274731623,16.943309347567528,103.3119971367746,24255.539073361513
"Robusta, South-west",robusta,2010-02,2010,2,21.866002794009162,30.695344816201267,15.341331345008957,135.56686617012508,14270.908828976686
"Robusta, Busoga",robusta,2010-02,2010,2,23.198784633218175,31.81440380522872,17.89573434503434,113.49163461038005,8719.211026133715
"Arabica, Mt Elgon",arabica,2010-03,2010,3,17.758356152631695,25.407444795957364,12.4727938233526,159.38560895211492,2628.709671974957
"Arabica, Rwenzori",arabica,2010-03,2010,3,18.463906076636437,25.737191483929234,13.428675948689083,156.5284535221407,2944.8618901873747
"Robusta, Greater Masaka",robusta,2010-03,2010,3,21.590771670528977,27.830743835267402,16.6094153625837,117.37217232957292,7685.258283154902
"Robusta, Central",robusta,2010-03,2010,3,22.235826505391543,29.588786988341667,17.02490713392366,132.67378788090153,24255.539073361513
"Robusta, South-west",robusta,2010-03,2010,3,21.3995036131903,28.596884590681437,15.803228100239718,105.26393885406792,14270.908828976686
"Robusta, Busoga",robusta,2010-03,2010,3,22.85891445506299,30.41890799600144,18.3140655748569,154.17071374958604,8719.211026133715
"Arabica, Mt Elgon",arabica,2010-04,2010,4,17.884004828947347,24.120720056287563,12.931322351430257,180.34628531546332,2628.709671974957
"Arabica, Rwenzori",arabica,2010-04,2010,4,18.90904106045222,25.334803589844892,14.260967725140574,172.07681533517697,2944.8618901873747
"Robusta, Greater Masaka",robusta,2010-04,2010,4,21.4040972830953,26.80343341169424,16.791426034519397,175.16018172095488,7685.258283154902
"Robusta, Central",robusta,2010-04,2010,4,21.8761892694062,28.04747627927466,17.581962693340348,173.41016459368035,24255.539073361513
"Robusta, South-west",robusta,2010-04,2010,4,21.317418145944895,27.799511501564908,15.875579116839,130.4373084118819,14270.908828976686
"Robusta, Busoga",robusta,2010-04,2010,4,22.652294184270975,28.41008560561203,18.91452628378752,191.067929511144,8719.211026133715
"Arabica, Mt Elgon",arabica,2010-05,2010,5,17.251664679084755,22.728870372008917,12.768719916415938,267.9041584027398,2628.709671974957
"Arabica, Rwenzori",arabica,2010-05,2010,5,18.45273220561181,24.6956304358105,13.753020751746494,128.04734085174238,2944.8618901873747
"Robusta, Greater Masaka",robusta,2010-05,2010,5,21.22938360473559,26.09701268549376,16.08878273364916,143.8158470203271,7685.258283154902
"Robusta, Central",robusta,2010-05,2010,5,21.454700724006038,27.268344753663545,16.72644375910432,136.74632870466462,24255.539073361513
"Robusta, South-west",robusta,2010-05,2010,5,21.134666463457357,27.152814565288562,15.178063574800113,95.17905966549591,14270.908828976686
"Robusta, Busoga",robusta,2010-05,2010,5,22.219778251343534,28.110769071465874,18.158044734125365,181.3623478082212,8719.211026133715
"Arabica, Mt Elgon",arabica,2010-06,2010,6,16.567355478886522,22.208618840927603,11.287938118714074,150.27778323708463,2628.709671974957
"Arabica, Rwenzori",arabica,2010-06,2010,6,18.11846677391148,24.273145970632374,12.741192517840286,108.36262550196902,2944.8618901873747
"Robusta, Greater Masaka",robusta,2010-06,2010,6,20.701894541312996,26.72903151074864,15.19534254038482,39.377404255705656,7685.258283154902
"Robusta, Central",robusta,2010-06,2010,6,20.92208604118446,27.03406724811656,15.925711273068174,75.08267655358979,24255.539073361513
"Robusta, South-west",robusta,2010-06,2010,6,21.193550603051285,28.189862054351146,14.832155874867007,45.49182625673196,14270.908828976686
"Robusta, Busoga",robusta,2010-06,2010,6,21.745718642653184,27.47400884226351,17.445238221756362,101.03382588932787,8719.211026133715
"Arabica, Mt Elgon",arabica,2010-07,2010,7,15.968324639768323,21.41742526525935,11.35602172810166,164.44451500368464,2628.709671974957
"Arabica, Rwenzori",arabica,2010-07,2010,7,17.89332413379436,24.438072087476197,12.410136137579205,48.48833861093015,2944.8618901873747
"Robusta, Greater Masaka",robusta,2010-07,2010,7,20.969598461570605,27.18594178109639,14.243624470937997,16.348871477668283,7685.258283154902
"Robusta, Central",robusta,2010-07,2010,7,20.966432612699062,27.26143634487064,15.517570521503266,45.26905382132026,24255.539073361513
"Robusta, South-west",robusta,2010-07,2010,7,21.73664453867221,29.124479909196577,14.70257419154693,17.225553220146796,14270.908828976686
"Robusta, Busoga",robusta,2010-07,2010,7,21.510666210217174,27.394711437929057,17.11316197662556,70.31602339030697,8719.211026133715
"Arabica, Mt Elgon",arabica,2010-08,2010,8,16.185873181000375,21.788135455599623,10.680231614687491,142.93939236042152,2628.709671974957
"Arabica, Rwenzori",arabica,2010-08,2010,8,18.05520146081216,25.81424987183142,12.353991851926349,84.64463226402738,2944.8618901873747
"Robusta, Greater Masaka",robusta,2010-08,2010,8,21.452051773094706,29.373507035406377,14.886878075050276,21.824911724201613,7685.258283154902
"Robusta, Central",robusta,2010-08,2010,8,21.402465958956075,29.074723676426814,15.733687195464618,75.86006501930706,24255.539073361513
"Robusta, South-west",robusta,2010-08,2010,8,22.27847789275987,30.859646586602157,15.233336562507922,38.71939732831653,14270.908828976686
"Robusta, Busoga",robusta,2010-08,2010,8,21.87469218529523,28.059873636218637,17.157999664104782,104.974078898061,8719.211026133715
"Arabica, Mt Elgon",arabica,2010-09,2010,9,16.420179198519026,22.356753983692737,11.397974185482205,151.31665558374064,2628.709671974957
"Arabica, Rwenzori",arabica,2010-09,2010,9,17.774262738499004,24.684645801076556,12.33192382714224,149.33732929140552,2944.8618901873747
"Robusta, Greater Masaka",robusta,2010-09,2010,9,20.82311114532355,27.341833190928515,15.219781800455896,75.36026938918364,7685.258283154902
"Robusta, Central",robusta,2010-09,2010,9,21.129526578130744,27.718991078895566,16.10989358047883,110.20614212735941,24255.539073361513
"Robusta, South-west",robusta,2010-09,2010,9,20.948211313332006,28.0361669974447,14.586721095967093,94.64400862166497,14270.908828976686
"Robusta, Busoga",robusta,2010-09,2010,9,21.945001767990394,28.480748078357994,17.391268768201087,128.01464238169086,8719.211026133715
"Arabica, Mt Elgon",arabica,2010-10,2010,10,17.079652300088007,22.77767949027764,11.780385599086783,228.7236659522835,2628.709671974957
"Arabica, Rwenzori",arabica,2010-10,2010,10,17.87202681874096,25.056429895207486,12.38868154307863,229.7182390403011,2944.8618901873747
"Robusta, Greater Masaka",robusta,2010-10,2010,10,21.066044668167855,27.384874438863886,15.600627384994006,100.28331393749157,7685.258283154902
"Robusta, Central",robusta,2010-10,2010,10,21.18068648696057,28.462573849867248,16.031863263215147,160.66004443299337,24255.539073361513
"Robusta, South-west",robusta,2010-10,2010,10,21.080437088626038,29.108829110356034,14.736560631076497,169.46579071566748,14270.908828976686
"Robusta, Busoga",robusta,2010-10,2010,10,22.152217076831672,29.01096775473463,17.80478064657328,142.46736893105833,8719.211026133715
"Arabica, Mt Elgon",arabica,2010-11,2010,11,17.395482960281583,23.358398094582586,11.40372391592291,71.24667501012419,2628.709671974957
"Arabica, Rwenzori",arabica,2010-11,2010,11,17.435658576882254,24.01966916662255,11.796746029244916,177.3065512778515,2944.8618901873747
"Robusta, Greater Masaka",robusta,2010-11,2010,11,20.734353509260277,26.63532804715417,15.432785100094932,92.80619379479567,7685.258283154902
"Robusta, Central",robusta,2010-11,2010,11,21.267651149581894,27.607867441580552,16.22215819664451,101.86971582273567,24255.539073361513
"Robusta, South-west",robusta,2010-11,2010,11,20.424706571788807,27.19889677834644,14.24011117498011,117.55334916404237,14270.908828976686
"Robusta, Busoga",robusta,2010-11,2010,11,22.369389156929213,28.612669637955396,17.537991210947187,80.06957574793184,8719.211026133715
"Arabica, Mt Elgon",arabica,2010-12,2010,12,17.40147384949835,24.46147925359425,11.041883233605343,79.2767787317008,2628.709671974957
"Arabica, Rwenzori",arabica,2010-12,2010,12,17.361974304818933,24.361355433828823,11.72718157844833,127.62311508296159,2944.8618901873747
"Robusta, Greater Masaka",robusta,2010-12,2010,12,20.536109025856,28.227246422960658,15.030159497402304,130.7603208309561,7685.258283154902
"Robusta, Central",robusta,2010-12,2010,12,21.121206511783676,28.89519102114185,15.405681855205389,110.02174561674977,24255.539073361513
"Robusta, South-west",robusta,2010-12,2010,12,20.437452220939036,28.007291081437508,13.939755367701618,105.8150805534289,14270.908828976686
"Robusta, Busoga",robusta,2010-12,2010,12,21.88232142767329,29.081119033853714,16.610155331627755,105.98484213907263,8719.211026133715
"Arabica, Mt Elgon",arabica,2011-01,2011,1,18.137600389697678,26.205421709599253,11.022490747164168,18.42289240520355,2628.709671974957
"Arabica, Rwenzori",arabica,2011-01,2011,1,17.9990972134491,25.444142920275645,12.105518500040374,54.45883639540652,2944.8618901873747
"Robusta, Greater Masaka",robusta,2011-01,2011,1,21.206151119463115,29.19670739649088,15.3695157998945,44.73336933176541,7685.258283154902
"Robusta, Central",robusta,2011-01,2011,1,22.25570955704594,30.92079456598378,15.43962121236686,26.97988533892128,24255.539073361513
"Robusta, South-west",robusta,2011-01,2011,1,21.540572433229052,29.96937518840034,14.939706046412882,42.68654739590541,14270.908828976686
"Robusta, Busoga",robusta,2011-01,2011,1,22.66178608436401,31.222802213064593,16.617253552283966,22.65856352975744,8719.211026133715
"Arabica, Mt Elgon",arabica,2011-02,2011,2,18.662451281962944,26.634176142410308,10.913954850157397,34.04876372982899,2628.709671974957
"Arabica, Rwenzori",arabica,2011-02,2011,2,19.159165195248068,27.49230525531516,11.933328232580743,38.460720197731476,2944.8618901873747
"Robusta, Greater Masaka",robusta,2011-02,2011,2,22.160447154009688,29.50156029526164,15.70877570689081,66.88749716760593,7685.258283154902
"Robusta, Central",robusta,2011-02,2011,2,23.32132771643066,31.846942651283328,15.925400524498782,36.60941117932249,24255.539073361513
"Robusta, South-west",robusta,2011-02,2011,2,22.87366032080239,32.00657882324019,15.020787087248781,47.01498512247942,14270.908828976686
"Robusta, Busoga",robusta,2011-02,2011,2,23.562743789178352,32.32229614938643,17.12805274839976,22.78148182309079,8719.211026133715
"Arabica, Mt Elgon",arabica,2011-03,2011,3,18.28369484679648,26.959801046227835,11.707147378250959,160.092747212847,2628.709671974957
"Arabica, Rwenzori",arabica,2011-03,2011,3,18.533018966431513,26.441568568967387,12.592276324283224,126.18320729833802,2944.8618901873747
"Robusta, Greater Masaka",robusta,2011-03,2011,3,21.514476417714945,29.588462400225787,15.791172456925876,128.50367625401805,7685.258283154902
"Robusta, Central",robusta,2011-03,2011,3,22.30845252932618,31.42159447079226,16.357402406339222,131.156492158509,24255.539073361513
"Robusta, South-west",robusta,2011-03,2011,3,21.92113389411453,31.61637196444682,14.940278362024614,86.80343841896006,14270.908828976686
"Robusta, Busoga",robusta,2011-03,2011,3,22.881828314553854,32.11069489607416,17.71567380599844,160.2778016604595,8719.211026133715
"Arabica, Mt Elgon",arabica,2011-04,2011,4,18.11620705259016,25.666198958160354,11.712170569540408,143.03982915091288,2628.709671974957
"Arabica, Rwenzori",arabica,2011-04,2011,4,18.438415167400166,25.248713859783926,12.979660308599767,156.5284643627789,2944.8618901873747
"Robusta, Greater Masaka",robusta,2011-04,2011,4,20.940831870228767,27.22222170414053,16.15873921135498,166.77138371120634,7685.258283154902
"Robusta, Central",robusta,2011-04,2011,4,21.583533460182103,27.877390930413846,16.962272513357984,134.830935654142,24255.539073361513
"Robusta, South-west",robusta,2011-04,2011,4,21.002973902691487,28.094199739006854,14.84913143689638,124.0635302940281,14270.908828976686
"Robusta, Busoga",robusta,2011-04,2011,4,22.40129818618576,28.71184198839839,18.26805589445062,159.1824266160629,8719.211026133715
"Arabica, Mt Elgon",arabica,2011-05,2011,5,17.125996872964354,22.98124031413606,12.015634814889207,195.94000214540702,2628.709671974957
"Arabica, Rwenzori",arabica,2011-05,2011,5,18.193344314606446,24.681586821782737,12.991389768920268,133.16380944302608,2944.8618901873747
"Robusta, Greater Masaka",robusta,2011-05,2011,5,20.575655941594356,26.196701126174506,15.708107354052771,115.5563007914854,7685.258283154902
"Robusta, Central",robusta,2011-05,2011,5,20.937269648125305,27.54644236879681,16.258578483901847,123.64117679603186,24255.539073361513
"Robusta, South-west",robusta,2011-05,2011,5,20.601456362719524,27.749652276589536,14.409971264487808,99.96298096748183,14270.908828976686
"Robusta, Busoga",robusta,2011-05,2011,5,21.800191527534196,28.040955050853558,17.834029827736398,169.731032968276,8719.211026133715
"Arabica, Mt Elgon",arabica,2011-06,2011,6,16.50533805304102,22.155062419797336,11.163283960220385,196.1245749798938,2628.709671974957
"Arabica, Rwenzori",arabica,2011-06,2011,6,17.77681984118043,24.64116524189645,12.132000841912722,106.12590688172212,2944.8618901873747
"Robusta, Greater Masaka",robusta,2011-06,2011,6,20.839634587763616,27.764090003038238,15.33251464881382,43.164074465051016,7685.258283154902
"Robusta, Central",robusta,2011-06,2011,6,21.076594859262077,28.15934134394478,15.828010285912988,92.64197596166983,24255.539073361513
"Robusta, South-west",robusta,2011-06,2011,6,20.96372117406675,28.933644394435213,14.20402408589523,55.837668990062774,14270.908828976686
"Robusta, Busoga",robusta,2011-06,2011,6,21.662407035025932,27.765309615868926,17.24802295671741,90.88703781078082,8719.211026133715
"Arabica, Mt Elgon",arabica,2011-07,2011,7,16.22607931918163,21.807081824450783,10.656454220762539,183.35392666033368,2628.709671974957
"Arabica, Rwenzori",arabica,2011-07,2011,7,17.567741768662344,23.88119258912899,11.465011370894228,81.30679344519146,2944.8618901873747
"Robusta, Greater Masaka",robusta,2011-07,2011,7,21.11363268383741,27.83356736543103,14.765682523820871,25.557138850004005,7685.258283154902
"Robusta, Central",robusta,2011-07,2011,7,21.415599510833864,28.17665286908484,15.692756540814093,79.16745705871867,24255.539073361513
"Robusta, South-west",robusta,2011-07,2011,7,21.302121866149616,28.689861535748566,14.37419154255303,38.6983546698616,14270.908828976686
"Robusta, Busoga",robusta,2011-07,2011,7,21.652195870994703,27.392495515027303,17.080410782406172,82.74954952821535,8719.211026133715
"Arabica, Mt Elgon",arabica,2011-08,2011,8,15.903787470171926,21.365161175590917,10.965241470699167,258.9831639553554,2628.709671974957
"Arabica, Rwenzori",arabica,2011-08,2011,8,17.17519397316972,23.763122518022897,11.741762444100974,183.13015052076358,2944.8618901873747
"Robusta, Greater Masaka",robusta,2011-08,2011,8,20.601062188612957,26.799360357584355,15.583642546238888,73.88768439970345,7685.258283154902
"Robusta, Central",robusta,2011-08,2011,8,20.736158853534395,27.3823338243958,15.784863065153338,132.54128104366538,24255.539073361513
"Robusta, South-west",robusta,2011-08,2011,8,20.69754137568402,28.040471634123822,14.800724212068735,129.22647291850498,14270.908828976686
"Robusta, Busoga",robusta,2011-08,2011,8,21.350467637518346,27.26503220838481,16.44163342177193,175.18785676909056,8719.211026133715
"Arabica, Mt Elgon",arabica,2011-09,2011,9,16.277474372690918,22.617077767813914,11.152569782240715,140.86461619346522,2628.709671974957
"Arabica, Rwenzori",arabica,2011-09,2011,9,17.134959179034446,23.803271279252897,12.025612937133793,203.115989775082,2944.8618901873747
"Robusta, Greater Masaka",robusta,2011-09,2011,9,20.376840761387353,26.618634039109978,15.250297280111887,136.94600675133492,7685.258283154902
"Robusta, Central",robusta,2011-09,2011,9,20.724540465146696,27.60041847848079,15.95195902420205,144.52440456497516,24255.539073361513
"Robusta, South-west",robusta,2011-09,2011,9,20.051784179433525,26.826007924963815,13.832872356672905,180.03004951232865,14270.908828976686
"Robusta, Busoga",robusta,2011-09,2011,9,21.464770296847707,28.00359939090124,17.10459270317724,116.45676502647858,8719.211026133715
"Arabica, Mt Elgon",arabica,2011-10,2011,10,16.89239596639626,22.49760127765086,11.880690997729838,167.43450771951035,2628.709671974957
"Arabica, Rwenzori",arabica,2011-10,2011,10,17.206357907839294,23.968953706881397,11.606327859702084,202.222736414391,2944.8618901873747
"Robusta, Greater Masaka",robusta,2011-10,2011,10,20.25837792656355,26.557632776179233,14.795763608631823,173.928177733709,7685.258283154902
"Robusta, Central",robusta,2011-10,2011,10,20.67131121721306,27.06945795778155,15.724259064132372,192.09440641444587,24255.539073361513
"Robusta, South-west",robusta,2011-10,2011,10,19.94696867251189,26.931956182277027,14.085969706748676,174.1928838438503,14270.908828976686
"Robusta, Busoga",robusta,2011-10,2011,10,21.60763180280455,27.828349496894575,17.108877204832364,188.7439711398522,8719.211026133715
"Arabica, Mt Elgon",arabica,2011-11,2011,11,16.188160722679708,21.472948290734102,10.87746920808798,273.211605413947,2628.709671974957
"Arabica, Rwenzori",arabica,2011-11,2011,11,16.96115695617959,23.376008805346242,12.17636196381696,152.12919769884212,2944.8618901873747
"Robusta, Greater Masaka",robusta,2011-11,2011,11,20.34713421669503,26.493289838705184,15.782138030369135,143.353370589239,7685.258283154902
"Robusta, Central",robusta,2011-11,2011,11,20.72617356518408,26.826708832061136,15.600298695395905,176.67943660198506,24255.539073361513
"Robusta, South-west",robusta,2011-11,2011,11,19.957555913975,26.56632928831314,14.651915685360411,125.96031012931041,14270.908828976686
"Robusta, Busoga",robusta,2011-11,2011,11,21.37903313669482,27.241922937082823,16.893419676820084,224.7570533848865,8719.211026133715
"Arabica, Mt Elgon",arabica,2011-12,2011,12,16.777286808547668,23.411984769030695,10.847413305101067,35.98248467735915,2628.709671974957
"Arabica, Rwenzori",arabica,2011-12,2011,12,17.306108971226898,23.846565865917103,11.91231503986486,81.18957047532153,2944.8618901873747
"Robusta, Greater Masaka",robusta,2011-12,2011,12,20.76997888540119,26.5514177779836,15.131117966860206,100.13519816349248,7685.258283154902
"Robusta, Central",robusta,2011-12,2011,12,21.443199110448315,28.59008293351899,15.927049189918424,54.33680229416672,24255.539073361513
"Robusta, South-west",robusta,2011-12,2011,12,20.487241140407615,27.00495394897017,14.21025518143923,75.79889078884021,14270.908828976686
"Robusta, Busoga",robusta,2011-12,2011,12,21.97913750109498,28.55077730637332,17.176641864182372,44.80516265796176,8719.211026133715
"Arabica, Mt Elgon",arabica,2012-01,2012,1,18.52899021299208,26.232112463464443,10.288119951179622,12.206191234429063,2628.709671974957
"Arabica, Rwenzori",arabica,2012-01,2012,1,18.823411783569213,26.41262477545429,11.995513081037766,39.78997587957338,2944.8618901873747
"Robusta, Greater Masaka",robusta,2012-01,2012,1,22.349560013332965,30.151464784002954,15.736762230047717,28.14424981402227,7685.258283154902
"Robusta, Central",robusta,2012-01,2012,1,23.733453378023196,32.32693853170329,15.830948768356954,13.583952606497208,24255.539073361513
"Robusta, South-west",robusta,2012-01,2012,1,22.50433322687713,31.200013837108543,14.865880588777005,29.198548936425492,14270.908828976686
"Robusta, Busoga",robusta,2012-01,2012,1,24.003877242863844,32.32541862380214,16.472812634655625,8.110865465793633,8719.211026133715
"Arabica, Mt Elgon",arabica,2012-02,2012,2,19.04793426260802,27.202268725607993,11.119260312830106,29.959981475543746,2628.709671974957
"Arabica, Rwenzori",arabica,2012-02,2012,2,19.462450065659937,27.956592922904424,12.457040698214984,70.70337519972837,2944.8618901873747
"Robusta, Greater Masaka",robusta,2012-02,2012,2,22.259920625010775,30.113896649806296,15.69394697381623,77.41699928331954,7685.258283154902
"Robusta, Central",robusta,2012-02,2012,2,23.797670993855803,33.2488720827222,15.97403909381109,52.60379996612912,24255.539073361513
"Robusta, South-west",robusta,2012-02,2012,2,22.959097725597857,32.47005836718641,15.391460243324893,55.38096579345274,14270.908828976686
"Robusta, Busoga",robusta,2012-02,2012,2,24.365033788345336,33.746703116810906,17.263185333234887,34.34622550368755,8719.211026133715
"Arabica, Mt Elgon",arabica,2012-03,2012,3,19.14529641654846,26.937212836696567,11.563962371570902,46.068754897634015,2628.709671974957
"Arabica, Rwenzori",arabica,2012-03,2012,3,19.78683994995439,27.155711908987335,13.11180447603275,138.63525382127133,2944.8618901873747
"Robusta, Greater Masaka",robusta,2012-03,2012,3,22.65571747141635,29.530380748537056,16.29794354313487,107.19185323968158,7685.258283154902
"Robusta, Central",robusta,2012-03,2012,3,24.052560592780345,32.64835070593318,17.05024750616298,100.2065798653327,24255.539073361513
"Robusta, South-west",robusta,2012-03,2012,3,23.33573867733855,31.68912116001125,16.416754340008218,94.9827789032605,14270.908828976686
"Robusta, Busoga",robusta,2012-03,2012,3,23.949661270767876,31.561439368149575,17.695626577207534,70.21010546448714,8719.211026133715
"Arabica, Mt Elgon",arabica,2012-04,2012,4,17.264505496680446,23.9413627719383,12.214364590904676,263.71211998241125,2628.709671974957
"Arabica, Rwenzori",arabica,2012-04,2012,4,17.93498222508974,25.23550078162595,13.094624500157332,227.41448713712256,2944.8618901873747
"Robusta, Greater Masaka",robusta,2012-04,2012,4,20.989759819291947,28.59126317314777,16.022331891509534,237.77117453770308,7685.258283154902
"Robusta, Central",robusta,2012-04,2012,4,21.557918548871076,30.19538368687264,16.401824866485043,222.1028450088852,24255.539073361513
"Robusta, South-west",robusta,2012-04,2012,4,20.772286789318912,29.37246650606364,15.296347271818192,204.1837894056532,14270.908828976686
"Robusta, Busoga",robusta,2012-04,2012,4,22.10974555092319,30.031593562620095,17.89056523894228,229.81334795850216,8719.211026133715
"Arabica, Mt Elgon",arabica,2012-05,2012,5,16.449530513549654,22.300317515287613,11.399111458254232,276.9413055852449,2628.709671974957
"Arabica, Rwenzori",arabica,2012-05,2012,5,17.556769456274093,24.446923905612728,12.497127310480927,191.1903798958946,2944.8618901873747
"Robusta, Greater Masaka",robusta,2012-05,2012,5,20.302737780300575,26.453637219112483,15.143094993989315,215.11981939878655,7685.258283154902
"Robusta, Central",robusta,2012-05,2012,5,20.871235093055144,27.352772945439227,15.882386291684949,182.23759544155942,24255.539073361513
"Robusta, South-west",robusta,2012-05,2012,5,20.162922803906454,27.132717444815075,14.4481780634104,131.20132681349727,14270.908828976686
"Robusta, Busoga",robusta,2012-05,2012,5,21.563121915691294,27.232124581852634,17.567978407618362,233.83858715108587,8719.211026133715
"Arabica, Mt Elgon",arabica,2012-06,2012,6,16.073117133971028,21.892062341361015,10.636997944786375,170.0712459760636,2628.709671974957
"Arabica, Rwenzori",arabica,2012-06,2012,6,17.482587638340423,24.133693272886035,12.042399481818316,74.56435405861052,2944.8618901873747
"Robusta, Greater Masaka",robusta,2012-06,2012,6,20.320548220406714,26.32973529653246,14.853283028228317,67.85124184939833,7685.258283154902
"Robusta, Central",robusta,2012-06,2012,6,20.557993904684803,27.149591487651925,15.397443224409646,96.62678576716648,24255.539073361513
"Robusta, South-west",robusta,2012-06,2012,6,20.61073211347284,27.637127784845823,14.182880695365647,40.86712023832466,14270.908828976686
"Robusta, Busoga",robusta,2012-06,2012,6,21.218803830735467,27.54755810015849,16.86022903312293,86.75921389608874,8719.211026133715
"Arabica, Mt Elgon",arabica,2012-07,2012,7,15.872780663022164,21.292408081441064,11.056737337364721,182.48149489323632,2628.709671974957
"Arabica, Rwenzori",arabica,2012-07,2012,7,17.188286187777514,23.392023319310347,12.038243206533366,72.75550081522586,2944.8618901873747
"Robusta, Greater Masaka",robusta,2012-07,2012,7,20.540251964102467,26.735151491344606,14.263266159893403,15.439506830319418,7685.258283154902
"Robusta, Central",robusta,2012-07,2012,7,20.749368829634804,27.3944298300917,14.893526764391934,75.34651893982735,24255.539073361513
"Robusta, South-west",robusta,2012-07,2012,7,21.079496784823256,28.084199005664583,14.409549835613767,29.622854658590757,14270.908828976686
"Robusta, Busoga",robusta,2012-07,2012,7,21.159475434920925,26.961917709971928,16.26713304031071,93.52997653033191,8719.211026133715
"Arabica, Mt Elgon",arabica,2012-08,2012,8,16.029349089100425,21.676099481481298,10.992151058299674,195.49665843111708,2628.709671974957
"Arabica, Rwenzori",arabica,2012-08,2012,8,17.21777915514317,23.35168235189458,11.590580019551826,134.9618445638139,2944.8618901873747
"Robusta, Greater Masaka",robusta,2012-08,2012,8,20.689272011028656,27.63509105789409,14.547434609646267,91.6528924493672,7685.258283154902
"Robusta, Central",robusta,2012-08,2012,8,20.788896588724537,27.603899618623807,15.555924092325435,121.25477353052975,24255.539073361513
"Robusta, South-west",robusta,2012-08,2012,8,20.85545553154008,28.283236484547754,14.414945234219482,99.04150767313695,14270.908828976686
"Robusta, Busoga",robusta,2012-08,2012,8,21.397863159116895,27.434923594011927,17.025220415159225,122.18214868101103,8719.211026133715
"Arabica, Mt Elgon",arabica,2012-09,2012,9,16.293246259562608,21.76182004448624,11.107395910564513,264.34803671598587,2628.709671974957
"Arabica, Rwenzori",arabica,2012-09,2012,9,17.34839923234299,24.462589847499622,12.074215594799192,166.8192714133717,2944.8618901873747
"Robusta, Greater Masaka",robusta,2012-09,2012,9,20.75482766036132,26.95156130531808,15.379764395807817,76.94812198804155,7685.258283154902
"Robusta, Central",robusta,2012-09,2012,9,21.014474119326376,27.405934696099745,16.12980905781121,109.88161319169959,24255.539073361513
"Robusta, South-west",robusta,2012-09,2012,9,20.573517158078744,27.686557672121367,14.352540465893243,112.7982163073867,14270.908828976686
"Robusta, Busoga",robusta,2012-09,2012,9,21.802225181929757,27.751568196971302,17.200574929191195,181.00430574146998,8719.211026133715
"Arabica, Mt Elgon",arabica,2012-10,2012,10,16.747436270997675,22.323070085056752,11.41015897746975,217.09931372259356,2628.709671974957
"Arabica, Rwenzori",arabica,2012-10,2012,10,17.535026673925586,24.078200420538533,12.24018015095494,285.21393952724645,2944.8618901873747
"Robusta, Greater Masaka",robusta,2012-10,2012,10,21.04150032267925,27.00233007898026,16.245079145385404,148.30981426006895,7685.258283154902
"Robusta, Central",robusta,2012-10,2012,10,21.378762019715417,28.03464135076085,16.394090854007313,196.5463539950406,24255.539073361513
"Robusta, South-west",robusta,2012-10,2012,10,20.722604111153814,27.7860430592076,14.833028841725456,207.4862239945858,14270.908828976686
"Robusta, Busoga",robusta,2012-10,2012,10,22.178360238600618,28.701268926053302,16.535660648839787,176.17882681721645,8719.211026133715
"Arabica, Mt Elgon",arabica,2012-11,2012,11,16.695391290187306,22.530793814300104,11.334400365537542,183.85803474024786,2628.709671974957
"Arabica, Rwenzori",arabica,2012-11,2012,11,17.32462432198485,23.73894477807381,12.034149995576026,174.94970509758977,2944.8618901873747
"Robusta, Greater Masaka",robusta,2012-11,2012,11,20.511997810151428,26.442793130281753,15.605992722002412,126.59276689098614,7685.258283154902
"Robusta, Central",robusta,2012-11,2012,11,21.10324984599733,27.728020331849223,15.933673919117778,135.83438047458577,24255.539073361513
"Robusta, South-west",robusta,2012-11,2012,11,20.340020352019163,26.77099853134608,14.29836588717999,120.55432417193092,14270.908828976686
"Robusta, Busoga",robusta,2012-11,2012,11,21.89336631737486,28.272436446602658,16.835850361141727,175.30768791232657,8719.211026133715
"Arabica, Mt Elgon",arabica,2012-12,2012,12,16.792178121084838,22.73746626093028,11.42836175375657,103.30982152941857,2628.709671974957
"Arabica, Rwenzori",arabica,2012-12,2012,12,17.372795830519166,23.953353809765996,11.88580316003607,131.09583708225196,2944.8618901873747
"Robusta, Greater Masaka",robusta,2012-12,2012,12,20.719650972921276,26.525953063358575,15.77772398066538,149.8180106537817,7685.258283154902
"Robusta, Central",robusta,2012-12,2012,12,21.314408390267356,27.655552227724606,16.07988222060462,113.61078281725403,24255.539073361513
"Robusta, South-west",robusta,2012-12,2012,12,20.50682681451751,27.147310706003214,14.767476088741901,116.0503407406986,14270.908828976686
"Robusta, Busoga",robusta,2012-12,2012,12,21.90147496632048,27.653735861931473,17.39672391184977,163.06945831601286,8719.211026133715
"Arabica, Mt Elgon",arabica,2013-01,2013,1,18.016589415745102,25.99269649359856,11.45537525843692,49.298298549921604,2628.709671974957
"Arabica, Rwenzori",arabica,2013-01,2013,1,18.685434038922057,26.168325864378325,12.761634797114024,57.78976816772444,2944.8618901873747
"Robusta, Greater Masaka",robusta,2013-01,2013,1,21.965552402076856,29.178123275277603,16.21471774337883,53.33773565022472,7685.258283154902
"Robusta, Central",robusta,2013-01,2013,1,22.980381420226585,31.415828043751862,16.761610418237353,40.118674063119435,24255.539073361513
"Robusta, South-west",robusta,2013-01,2013,1,22.206960215434876,30.66714008711436,15.511376647013103,41.25380963506259,14270.908828976686
"Robusta, Busoga",robusta,2013-01,2013,1,23.21561161425897,31.05286767683178,17.698289377046688,51.753601934913426,8719.211026133715
"Arabica, Mt Elgon",arabica,2013-02,2013,2,18.72484319773302,26.77616438670526,11.753160771734992,25.310253986890768,2628.709671974957
"Arabica, Rwenzori",arabica,2013-02,2013,2,19.339808621853443,27.99192024698085,12.654112183615089,72.73545047627634,2944.8618901873747
"Robusta, Greater Masaka",robusta,2013-02,2013,2,22.473228673651178,29.94078418506538,16.17571807095013,44.285262659591275,7685.258283154902
"Robusta, Central",robusta,2013-02,2013,2,23.451787454461204,32.44436624554988,16.70191195484532,40.123591658193426,24255.539073361513
"Robusta, South-west",robusta,2013-02,2013,2,22.877375403537325,31.985733542804667,16.008757809352463,45.45972411074026,14270.908828976686
"Robusta, Busoga",robusta,2013-02,2013,2,23.738112275766905,32.42505670589595,17.656738974466556,33.50856210273647,8719.211026133715
"Arabica, Mt Elgon",arabica,2013-03,2013,3,18.786900000252167,27.000170630037335,12.791253651759773,189.16533442356456,2628.709671974957
"Arabica, Rwenzori",arabica,2013-03,2013,3,18.567931564557234,27.010191387864577,13.351704374798214,154.41393817842786,2944.8618901873747
"Robusta, Greater Masaka",robusta,2013-03,2013,3,21.584614730187933,29.698725530382674,16.205179100380267,171.62111803746652,7685.258283154902
"Robusta, Central",robusta,2013-03,2013,3,22.562170414212044,31.83548917499408,17.063287535066817,134.81142387022444,24255.539073361513
"Robusta, South-west",robusta,2013-03,2013,3,21.94062800669484,31.365182991338187,15.400601124722012,123.29454519881173,14270.908828976686
"Robusta, Busoga",robusta,2013-03,2013,3,23.016519796014553,32.29304540769573,18.41553765300657,148.24989295791093,8719.211026133715
"Arabica, Mt Elgon",arabica,2013-04,2013,4,17.30612708446763,22.970592404770237,12.624386540101785,265.2056915418395,2628.709671974957
"Arabica, Rwenzori",arabica,2013-04,2013,4,18.14639170155691,24.565463010135034,13.426702600643479,216.9301930412747,2944.8618901873747
"Robusta, Greater Masaka",robusta,2013-04,2013,4,20.96212086260484,26.75151289322782,16.34603981367502,139.13289441862602,7685.258283154902
"Robusta, Central",robusta,2013-04,2013,4,21.575345809560368,27.714270291156613,17.165625544621665,134.25714981905574,24255.539073361513
"Robusta, South-west",robusta,2013-04,2013,4,20.985113577632067,27.806625978462424,15.58097044995534,144.31577846616412,14270.908828976686
"Robusta, Busoga",robusta,2013-04,2013,4,22.128418228578248,27.88844982588239,18.13868738131429,197.85158072189643,8719.211026133715
"Arabica, Mt Elgon",arabica,2013-05,2013,5,17.02075804237281,22.94912154085355,11.648947627226924,174.8947273281777,2628.709671974957
"Arabica, Rwenzori",arabica,2013-05,2013,5,17.92428549781171,24.333187350759804,12.679886024651188,120.61202507086765,2944.8618901873747
"Robusta, Greater Masaka",robusta,2013-05,2013,5,20.584631528703557,26.205437928458885,15.289833798097607,136.78835030050408,7685.258283154902
"Robusta, Central",robusta,2013-05,2013,5,21.174215434127767,27.589868461790246,15.462754494985775,77.98067418031954,24255.539073361513
"Robusta, South-west",robusta,2013-05,2013,5,20.580314414812545,27.4033300013884,14.484991729173318,78.91938606001843,14270.908828976686
"Robusta, Busoga",robusta,2013-05,2013,5,21.99270460081673,27.77502934390003,17.492154569658492,116.19899253240195,8719.211026133715
"Arabica, Mt Elgon",arabica,2013-06,2013,6,16.566674263749324,22.020867263755992,11.675682641585023,120.1734261119255,2628.709671974957
"Arabica, Rwenzori",arabica,2013-06,2013,6,18.03867880468603,24.213283046078068,12.67336273703646,62.67265017934974,2944.8618901873747
"Robusta, Greater Masaka",robusta,2013-06,2013,6,21.157731100527897,27.148685046736404,15.051649357066895,12.79655961297994,7685.258283154902
"Robusta, Central",robusta,2013-06,2013,6,21.570308585072926,27.98176905104604,15.791005337069176,37.62431781697213,24255.539073361513
"Robusta, South-west",robusta,2013-06,2013,6,21.752201843395568,28.915341605854763,14.713053420790907,17.753259958811302,14270.908828976686
"Robusta, Busoga",robusta,2013-06,2013,6,21.677484893968376,27.446327811387057,17.19947969000341,59.051899287235436,8719.211026133715
"Arabica, Mt Elgon",arabica,2013-07,2013,7,16.16941719776682,21.546377054275265,10.740825920613856,171.08102722646632,2628.709671974957
"Arabica, Rwenzori",arabica,2013-07,2013,7,17.659262133362716,23.929709785353985,12.108962841718265,46.24095155611423,2944.8618901873747
"Robusta, Greater Masaka",robusta,2013-07,2013,7,21.176160662177036,28.45387061413349,14.77497525651781,28.359910492384973,7685.258283154902
"Robusta, Central",robusta,2013-07,2013,7,21.68411720432367,28.66553028785307,15.194141446918112,66.74624089020612,24255.539073361513
"Robusta, South-west",robusta,2013-07,2013,7,22.161169272348676,29.6490683526323,15.01447240948261,17.14016035891479,14270.908828976686
"Robusta, Busoga",robusta,2013-07,2013,7,21.556494861603376,27.067032509315226,16.03325607546595,59.0861371690662,8719.211026133715
"Arabica, Mt Elgon",arabica,2013-08,2013,8,15.772323000695879,21.29744543583985,10.458414479410294,177.37174806144208,2628.709671974957
"Arabica, Rwenzori",arabica,2013-08,2013,8,17.20241088050889,23.86098100540878,11.808441529136783,99.00733809162585,2944.8618901873747
"Robusta, Greater Masaka",robusta,2013-08,2013,8,20.48388590169588,27.24303424601688,14.563667441164158,66.41827294202385,7685.258283154902
"Robusta, Central",robusta,2013-08,2013,8,20.802537109649172,27.897872879263254,15.03316668183429,115.86988544182805,24255.539073361513
"Robusta, South-west",robusta,2013-08,2013,8,20.83674365838155,28.50321773482093,14.171404328200852,75.43949500772962,14270.908828976686
"Robusta, Busoga",robusta,2013-08,2013,8,21.377079469253395,27.78279177328581,16.396313392433036,109.26863123828521,8719.211026133715
"Arabica, Mt Elgon",arabica,2013-09,2013,9,16.488118066829173,22.708425651479544,10.979105666469152,245.6261236437461,2628.709671974957
"Arabica, Rwenzori",arabica,2013-09,2013,9,17.439044837717535,24.00415244537359,11.985440143358266,185.15111263520524,2944.8618901873747
"Robusta, Greater Masaka",robusta,2013-09,2013,9,21.021785903442993,28.05345579205306,15.417710853465016,125.07988332730557,7685.258283154902
"Robusta, Central",robusta,2013-09,2013,9,21.41381687168789,28.284251185332927,16.02285448338377,144.6910594965977,24255.539073361513
"Robusta, South-west",robusta,2013-09,2013,9,20.921304891328244,28.475790658078754,14.631896358139578,142.4459844534925,14270.908828976686
"Robusta, Busoga",robusta,2013-09,2013,9,22.142312170424873,28.43578582488925,17.218908712073834,193.30378191771047,8719.211026133715
"Arabica, Mt Elgon",arabica,2013-10,2013,10,16.762126491772065,22.705004280464635,11.86773012020243,202.65543285430667,2628.709671974957
"Arabica, Rwenzori",arabica,2013-10,2013,10,17.545849757199914,24.222990034892508,12.16584258449841,218.7694667179329,2944.8618901873747
"Robusta, Greater Masaka",robusta,2013-10,2013,10,20.94856519358231,27.00114100055939,15.21655383920098,101.67764526608465,7685.258283154902
"Robusta, Central",robusta,2013-10,2013,10,21.231254613755052,27.86586936707135,16.285813946498887,139.88829581715567,24255.539073361513
"Robusta, South-west",robusta,2013-10,2013,10,20.682412166240855,27.68011957608541,14.576377406509298,138.62822284102322,14270.908828976686
"Robusta, Busoga",robusta,2013-10,2013,10,22.079820561255765,28.26661555351249,17.642314142478327,149.8237864720414,8719.211026133715
"Arabica, Mt Elgon",arabica,2013-11,2013,11,16.77177636870757,22.65860975465163,11.502407644411159,134.39596119441242,2628.709671974957
"Arabica, Rwenzori",arabica,2013-11,2013,11,17.317376105238708,23.869348949017976,12.167787636281707,181.6420733685153,2944.8618901873747
"Robusta, Greater Masaka",robusta,2013-11,2013,11,20.78248906981445,26.981717791525867,15.858108226005974,115.91854342326066,7685.258283154902
"Robusta, Central",robusta,2013-11,2013,11,21.285623120167703,27.98691120995193,16.2853616699987,110.28912109646575,24255.539073361513
"Robusta, South-west",robusta,2013-11,2013,11,20.219909219594967,27.232547018196744,14.167453035110421,130.95619982935148,14270.908828976686
"Robusta, Busoga",robusta,2013-11,2013,11,22.027119405667438,28.019864901397714,17.721698846392236,89.88183167922944,8719.211026133715
"Arabica, Mt Elgon",arabica,2013-12,2013,12,17.257047419388677,23.860993689464358,11.234154909130913,73.39356988337198,2628.709671974957
"Arabica, Rwenzori",arabica,2013-12,2013,12,17.77503395854615,24.495598393802414,11.882082536061988,102.28989570039747,2944.8618901873747
"Robusta, Greater Masaka",robusta,2013-12,2013,12,21.09968825218481,28.002738586783423,15.948743148740416,90.28617736520268,7685.258283154902
"Robusta, Central",robusta,2013-12,2013,12,22.007497333834387,29.800236277332733,15.910323884237668,71.15216192651474,24255.539073361513
"Robusta, South-west",robusta,2013-12,2013,12,21.03588246573139,28.4836682463871,14.938494914098456,82.03774514308292,14270.908828976686
"Robusta, Busoga",robusta,2013-12,2013,12,22.402304771202996,29.23900087374967,17.56045581658664,59.69218640924497,8719.211026133715
"Arabica, Mt Elgon",arabica,2014-01,2014,1,18.448332560392604,26.007226940606074,11.287560895781393,34.99358856754013,2628.709671974957
"Arabica, Rwenzori",arabica,2014-01,2014,1,18.923340064357447,26.150329617310913,12.563126499633874,49.14904136203636,2944.8618901873747
"Robusta, Greater Masaka",robusta,2014-01,2014,1,21.776706558895995,28.904525282779115,16.037525507022686,47.642934506511665,7685.258283154902
"Robusta, Central",robusta,2014-01,2014,1,23.33800251223583,31.48755245621436,16.753991749706678,27.93808859860111,24255.539073361513
"Robusta, South-west",robusta,2014-01,2014,1,22.291143279009358,30.43441481186456,15.441629873096716,35.20867905554855,14270.908828976686
"Robusta, Busoga",robusta,2014-01,2014,1,23.576973415215537,31.58794289100289,17.729485165855305,32.922569395699696,8719.211026133715
"Arabica, Mt Elgon",arabica,2014-02,2014,2,18.55732399114464,25.909193516661595,11.721716276854934,37.00260185889196,2628.709671974957
"Arabica, Rwenzori",arabica,2014-02,2014,2,19.73714260749295,27.19725382896884,13.357606720856461,60.321355530097534,2944.8618901873747
"Robusta, Greater Masaka",robusta,2014-02,2014,2,23.191419918984355,32.09026787653897,16.757230843857624,52.178455914058404,7685.258283154902
"Robusta, Central",robusta,2014-02,2014,2,24.6418763377719,33.50056715548733,17.445994562846174,52.42842871739785,24255.539073361513
"Robusta, South-west",robusta,2014-02,2014,2,23.523369625842612,32.00482064449759,16.377893957174532,47.7776676360938,14270.908828976686
"Robusta, Busoga",robusta,2014-02,2014,2,24.519160814814757,32.35081275208686,17.907485601567835,55.59672194701551,8719.211026133715
"Arabica, Mt Elgon",arabica,2014-03,2014,3,18.348209867812017,26.863986749754666,11.941613761251576,112.35083548732129,2628.709671974957
"Arabica, Rwenzori",arabica,2014-03,2014,3,18.66321632590789,26.40613795307582,12.891168099493912,148.79193515533666,2944.8618901873747
"Robusta, Greater Masaka",robusta,2014-03,2014,3,22.044575297924375,29.28735496309564,16.73190627633052,169.4940872335417,7685.258283154902
"Robusta, Central",robusta,2014-03,2014,3,23.303075408542572,32.38544771501922,17.010081735884643,151.70210464744127,24255.539073361513
"Robusta, South-west",robusta,2014-03,2014,3,22.2733708812896,30.78578583928911,15.90070441820933,129.39972675439674,14270.908828976686
"Robusta, Busoga",robusta,2014-03,2014,3,23.735556642011744,32.9861719317024,17.946091467807413,123.36616791211486,8719.211026133715
"Arabica, Mt Elgon",arabica,2014-04,2014,4,17.760446114743893,24.189743115129474,11.396298566900622,94.50119443763413,2628.709671974957
"Arabica, Rwenzori",arabica,2014-04,2014,4,18.23150936818973,25.186416573436045,12.847137660703828,178.35273951528526,2944.8618901873747
"Robusta, Greater Masaka",robusta,2014-04,2014,4,20.880535736221347,27.230970206781368,15.712251681098127,159.83129579556336,7685.258283154902
"Robusta, Central",robusta,2014-04,2014,4,21.655862954539494,28.2425864745335,16.68892186679678,129.6138282457817,24255.539073361513
"Robusta, South-west",robusta,2014-04,2014,4,21.25915920117236,29.05141850150573,14.900583858531533,112.86714282758777,14270.908828976686
"Robusta, Busoga",robusta,2014-04,2014,4,22.393436806028987,28.13291307111527,18.25518318950088,163.80236990920537,8719.211026133715
"Arabica, Mt Elgon",arabica,2014-05,2014,5,17.093407735337973,22.99507979432462,12.000953843705197,234.30063149533925,2628.709671974957
"Arabica, Rwenzori",arabica,2014-05,2014,5,18.355890013276365,24.781324959391846,12.896195815996576,84.49684500991546,2944.8618901873747
"Robusta, Greater Masaka",robusta,2014-05,2014,5,21.06891225535238,26.491012953052355,15.321397640615952,118.7367895427586,7685.258283154902
"Robusta, Central",robusta,2014-05,2014,5,21.453500266510996,27.668996375489936,16.000705097924577,110.00724115962025,24255.539073361513
"Robusta, South-west",robusta,2014-05,2014,5,21.77746637098248,28.479829062618386,15.054223180809503,40.28727538904276,14270.908828976686
"Robusta, Busoga",robusta,2014-05,2014,5,22.08790363541541,28.160541283069097,17.773497157719515,185.040578702554,8719.211026133715
"Arabica, Mt Elgon",arabica,2014-06,2014,6,16.581110070333278,22.04198744806422,11.404440012998037,148.368044511522,2628.709671974957
"Arabica, Rwenzori",arabica,2014-06,2014,6,17.933912822834063,24.62827363399885,12.768995150989813,76.23536798874376,2944.8618901873747
"Robusta, Greater Masaka",robusta,2014-06,2014,6,21.17216395467118,27.6043359377301,15.358497897508078,58.87684074456892,7685.258283154902
"Robusta, Central",robusta,2014-06,2014,6,21.46147033618738,28.46587679232535,15.891258792338661,65.94618801734194,24255.539073361513
"Robusta, South-west",robusta,2014-06,2014,6,21.863287492787542,29.561732482541895,15.124738785504299,37.33874465376107,14270.908828976686
"Robusta, Busoga",robusta,2014-06,2014,6,21.77484157275408,28.050029052851187,17.141413492666672,116.74023168060221,8719.211026133715
"Arabica, Mt Elgon",arabica,2014-07,2014,7,16.385464992165574,21.92230628796515,11.574142560930849,161.0190174850974,2628.709671974957
"Arabica, Rwenzori",arabica,2014-07,2014,7,17.853285982468176,24.677141066082978,12.410699408712203,38.96432087110953,2944.8618901873747
"Robusta, Greater Masaka",robusta,2014-07,2014,7,21.311413563571264,28.251199703851118,15.083460210740206,16.867156423480544,7685.258283154902
"Robusta, Central",robusta,2014-07,2014,7,21.586622926619402,28.502900970529424,15.415398658586293,53.8143640391508,24255.539073361513
"Robusta, South-west",robusta,2014-07,2014,7,22.160862150631434,29.925898695223864,15.171402530424096,19.340018388012076,14270.908828976686
"Robusta, Busoga",robusta,2014-07,2014,7,21.768759462391703,27.62263241998049,17.04395900103549,72.24582612785186,8719.211026133715
"Arabica, Mt Elgon",arabica,2014-08,2014,8,15.959840224973199,21.234655931452497,10.683658290917393,199.44959421011217,2628.709671974957
"Arabica, Rwenzori",arabica,2014-08,2014,8,17.10290904417102,23.74906016833656,11.802611484829205,133.8895780065295,2944.8618901873747
"Robusta, Greater Masaka",robusta,2014-08,2014,8,20.606762029434616,27.16675759419031,15.164331461104107,72.58892775349148,7685.258283154902
"Robusta, Central",robusta,2014-08,2014,8,20.713535198885427,27.302324092210856,15.626382552620655,144.56586229891386,24255.539073361513
"Robusta, South-west",robusta,2014-08,2014,8,20.639281044522445,27.570589500540112,14.721159032102024,89.93187292940235,14270.908828976686
"Robusta, Busoga",robusta,2014-08,2014,8,21.45830805400866,27.02166122158128,17.069988089950378,170.51644973553908,8719.211026133715
"Arabica, Mt Elgon",arabica,2014-09,2014,9,16.525259659383114,22.339864844594505,11.033927768790955,110.05724877785043,2628.709671974957
"Arabica, Rwenzori",arabica,2014-09,2014,9,17.370880878057697,24.022454893202635,11.91053957540095,169.0989981029848,2944.8618901873747
"Robusta, Greater Masaka",robusta,2014-09,2014,9,20.419207528767704,26.409908817844514,14.844443508382199,144.76555957700793,7685.258283154902
"Robusta, Central",robusta,2014-09,2014,9,20.99502902913626,27.999143907076196,15.35083115946017,167.49815511629274,24255.539073361513
"Robusta, South-west",robusta,2014-09,2014,9,20.36405243996109,27.421022807296527,14.101798673688494,140.50875021435832,14270.908828976686
"Robusta, Busoga",robusta,2014-09,2014,9,21.917550347026225,28.562410758149834,17.014386194706407,149.1507592014768,8719.211026133715
"Arabica, Mt Elgon",arabica,2014-10,2014,10,16.705331263554566,22.835309925290638,11.96002804926288,287.7874807915158,2628.709671974957
"Arabica, Rwenzori",arabica,2014-10,2014,10,17.77891424548916,24.54783451431061,12.091341414919569,188.84054048707296,2944.8618901873747
"Robusta, Greater Masaka",robusta,2014-10,2014,10,20.926919974572684,27.377420241795825,15.728852490877903,94.08605636433568,7685.258283154902
"Robusta, Central",robusta,2014-10,2014,10,21.36150463492384,27.840884300817205,16.36107153122226,145.3146781530978,24255.539073361513
"Robusta, South-west",robusta,2014-10,2014,10,20.92983642557704,28.361006488663946,14.892225703732434,122.89766489137551,14270.908828976686
"Robusta, Busoga",robusta,2014-10,2014,10,22.133355890433556,28.515807728831717,17.774762545474587,215.61530307882308,8719.211026133715
"Arabica, Mt Elgon",arabica,2014-11,2014,11,16.906127625387615,23.176022365086205,11.614360863661693,130.78818930865893,2628.709671974957
"Arabica, Rwenzori",arabica,2014-11,2014,11,17.551366798960487,23.85133579827904,12.197765285989167,170.4765200529389,2944.8618901873747
"Robusta, Greater Masaka",robusta,2014-11,2014,11,21.000965656293904,27.133306628474926,15.564378535965963,108.19821639295341,7685.258283154902
"Robusta, Central",robusta,2014-11,2014,11,21.53551802114129,28.30053700980142,16.290160574990416,105.07622197646496,24255.539073361513
"Robusta, South-west",robusta,2014-11,2014,11,20.709783736949756,27.809086378668333,14.875366135631044,114.7782656631231,14270.908828976686
"Robusta, Busoga",robusta,2014-11,2014,11,22.23303814111184,28.486066772130364,17.293104698503893,128.6422030201842,8719.211026133715
"Arabica, Mt Elgon",arabica,2014-12,2014,12,17.4029534289439,24.107235485251962,11.07591650227793,39.318052426318125,2628.709671974957
"Arabica, Rwenzori",arabica,2014-12,2014,12,18.135721158690252,24.605683325957315,12.439596835565164,86.77009090967374,2944.8618901873747
"Robusta, Greater Masaka",robusta,2014-12,2014,12,21.409098003959105,28.215773001995004,15.545692720681386,89.37737162465373,7685.258283154902
"Robusta, Central",robusta,2014-12,2014,12,22.365536779751185,29.797174026818606,16.041657744739613,54.9292227864803,24255.539073361513
"Robusta, South-west",robusta,2014-12,2014,12,21.52410979415366,28.890254103106294,14.695838150004988,73.58473117050202,14270.908828976686
"Robusta, Busoga",robusta,2014-12,2014,12,22.714166547207427,29.10600438638103,17.091249668150766,49.73207854123223,8719.211026133715
"Arabica, Mt Elgon",arabica,2015-01,2015,1,18.774203665093832,25.909871426400535,10.39552888777526,10.243768565848267,2628.709671974957
"Arabica, Rwenzori",arabica,2015-01,2015,1,19.07320643026543,26.197892021316804,12.379787492222503,25.861057434107224,2944.8618901873747
"Robusta, Greater Masaka",robusta,2015-01,2015,1,22.77248990570681,30.601190778052814,16.09949487768024,21.48222694221248,7685.258283154902
"Robusta, Central",robusta,2015-01,2015,1,23.957640236420424,32.54310727999996,15.81913255871761,11.707820594758731,24255.539073361513
"Robusta, South-west",robusta,2015-01,2015,1,22.925547194326814,30.838518921058053,15.527938051795429,20.08132950717788,14270.908828976686
"Robusta, Busoga",robusta,2015-01,2015,1,24.230804770266776,32.41097657592192,16.67318635888421,11.408238184855719,8719.211026133715
"Arabica, Mt Elgon",arabica,2015-02,2015,2,19.69528993067094,27.065118060455895,12.128872737931976,24.81819441134159,2628.709671974957
"Arabica, Rwenzori",arabica,2015-02,2015,2,19.93614110621261,26.613123996842145,13.250920292904048,58.900997321285075,2944.8618901873747
"Robusta, Greater Masaka",robusta,2015-02,2015,2,23.189876226931432,30.55506817001371,17.10844760795584,35.313452159845724,7685.258283154902
"Robusta, Central",robusta,2015-02,2015,2,24.7621903995552,33.06457158168359,17.810961420858394,38.68105968357183,24255.539073361513
"Robusta, South-west",robusta,2015-02,2015,2,23.806183292209067,31.90314549077963,16.73305780679856,40.941587408843205,14270.908828976686
"Robusta, Busoga",robusta,2015-02,2015,2,25.18852530325509,33.593236196416434,18.700889616215438,25.933597555069632,8719.211026133715
"Arabica, Mt Elgon",arabica,2015-03,2015,3,19.685099393473916,28.281319919269635,12.192458508237324,54.16209319779002,2628.709671974957
"Arabica, Rwenzori",arabica,2015-03,2015,3,19.721556335909035,28.75262083111306,13.517356894670963,142.18959758742483,2944.8618901873747
"Robusta, Greater Masaka",robusta,2015-03,2015,3,22.786123502761978,30.88201341068747,16.48591546552655,119.886729416579,7685.258283154902
"Robusta, Central",robusta,2015-03,2015,3,24.453389144060313,34.41692536018177,17.175743000461093,98.70117755733624,24255.539073361513
"Robusta, South-west",robusta,2015-03,2015,3,22.888388860043882,32.46677519007014,15.682549300812248,104.68159995691302,14270.908828976686
"Robusta, Busoga",robusta,2015-03,2015,3,25.042323302756934,35.02431369757498,18.356796741949083,105.1570736723852,8719.211026133715
"Arabica, Mt Elgon",arabica,2015-04,2015,4,17.0152971037364,22.889361247287553,12.287626662093722,218.6297776554872,2628.709671974957
"Arabica, Rwenzori",arabica,2015-04,2015,4,17.77258731527893,24.538235898114525,13.032916012434777,214.84811266678062,2944.8618901873747
"Robusta, Greater Masaka",robusta,2015-04,2015,4,21.008135320776955,27.433674867679816,16.112149527867473,182.53777043448255,7685.258283154902
"Robusta, Central",robusta,2015-04,2015,4,21.440971827457098,27.905258641748535,16.77357359721732,204.6237475737684,24255.539073361513
"Robusta, South-west",robusta,2015-04,2015,4,20.651691877039763,27.234752014957905,14.896592457809515,146.96111186043257,14270.908828976686
"Robusta, Busoga",robusta,2015-04,2015,4,21.934034977390663,27.955572845797075,17.77304446734273,223.1743257778421,8719.211026133715
"Arabica, Mt Elgon",arabica,2015-05,2015,5,16.953274129488303,22.26769361226449,12.053204653431832,187.32601333222928,2628.709671974957
"Arabica, Rwenzori",arabica,2015-05,2015,5,18.27101656377171,24.19147680266919,13.125988737276186,100.20298987645486,2944.8618901873747
"Robusta, Greater Masaka",robusta,2015-05,2015,5,21.25562045423394,26.880558272323913,16.586343824705345,165.98907269569358,7685.258283154902
"Robusta, Central",robusta,2015-05,2015,5,21.32310055828332,27.128386832858777,16.322236129684068,112.95704606190371,24255.539073361513
"Robusta, South-west",robusta,2015-05,2015,5,21.374392650987176,28.02837857793657,15.357952358926923,57.56168015946242,14270.908828976686
"Robusta, Busoga",robusta,2015-05,2015,5,21.97238803900534,27.442093734613675,16.888940847659853,149.60516904455267,8719.211026133715
"Arabica, Mt Elgon",arabica,2015-06,2015,6,16.49183927674821,21.557566873859603,11.436304796957597,224.35993580467797,2628.709671974957
"Arabica, Rwenzori",arabica,2015-06,2015,6,17.744742912332686,24.02394064919832,12.647134963247783,90.92393681242217,2944.8618901873747
"Robusta, Greater Masaka",robusta,2015-06,2015,6,21.409180028382544,27.55657355166852,16.26317919613882,43.19333172534945,7685.258283154902
"Robusta, Central",robusta,2015-06,2015,6,21.219840608988964,27.411670945113578,16.34849862102496,107.41667372108839,24255.539073361513
"Robusta, South-west",robusta,2015-06,2015,6,21.420877904975555,27.931315975719453,15.238923138222077,43.519847928712124,14270.908828976686
"Robusta, Busoga",robusta,2015-06,2015,6,21.78144774989193,27.340163069734174,17.50529774895376,171.73860396552237,8719.211026133715
"Arabica, Mt Elgon",arabica,2015-07,2015,7,16.7806391071756,22.66299503472171,11.037098029057114,136.03613740040007,2628.709671974957
"Arabica, Rwenzori",arabica,2015-07,2015,7,18.108318260138105,24.63870677762937,12.412538183826602,45.26989700204991,2944.8618901873747
"Robusta, Greater Masaka",robusta,2015-07,2015,7,21.400464551934316,28.79307446725651,15.007644905324725,18.981916194135085,7685.258283154902
"Robusta, Central",robusta,2015-07,2015,7,21.619619390746365,28.56959263379702,15.490715744301044,42.232850810602734,24255.539073361513
"Robusta, South-west",robusta,2015-07,2015,7,22.000391543899717,30.141389600919528,14.5426944461117,17.171001873418035,14270.908828976686
"Robusta, Busoga",robusta,2015-07,2015,7,21.943720825278202,27.875380682168423,16.802175566802624,68.1382632686839,8719.211026133715
"Arabica, Mt Elgon",arabica,2015-08,2015,8,17.226244747060655,23.013467303040375,11.14232420812441,83.87956988905822,2628.709671974957
"Arabica, Rwenzori",arabica,2015-08,2015,8,18.384907566952254,25.393395953254963,12.853096635825654,130.37673163182677,2944.8618901873747
"Robusta, Greater Masaka",robusta,2015-08,2015,8,21.72150190783211,29.206180302445347,15.397471697008381,60.48243080426216,7685.258283154902
"Robusta, Central",robusta,2015-08,2015,8,22.17882316910211,29.662034722795227,16.005037743997423,92.35158478933053,24255.539073361513
"Robusta, South-west",robusta,2015-08,2015,8,22.5926103157214,30.527464233006704,15.016710423895752,79.00814989698164,14270.908828976686
"Robusta, Busoga",robusta,2015-08,2015,8,22.483592527395363,28.908076710351956,17.113674899038827,69.1408852228101,8719.211026133715
"Arabica, Mt Elgon",arabica,2015-09,2015,9,17.95887769542465,23.974880397726754,12.239095774026815,139.53255062333977,2628.709671974957
"Arabica, Rwenzori",arabica,2015-09,2015,9,18.35300377598231,24.878989026835942,13.007816935449833,149.10088517235602,2944.8618901873747
"Robusta, Greater Masaka",robusta,2015-09,2015,9,21.748897063906025,28.679179518702586,15.919407029050754,82.53083120449358,7685.258283154902
"Robusta, Central",robusta,2015-09,2015,9,22.1700680509142,29.585631881470444,16.52270598271381,106.90101877280092,24255.539073361513
"Robusta, South-west",robusta,2015-09,2015,9,21.872006304341124,29.48300523305287,15.240107956232276,110.12701156777662,14270.908828976686
"Robusta, Busoga",robusta,2015-09,2015,9,22.787640927990267,29.229469303571626,17.919850838170078,131.72677303576654,8719.211026133715
"Arabica, Mt Elgon",arabica,2015-10,2015,10,17.846498110275014,24.3768501476656,12.878852937729857,317.9586704775943,2628.709671974957
"Arabica, Rwenzori",arabica,2015-10,2015,10,18.02504291556127,25.079033051097756,13.175352066460247,221.57728393900965,2944.8618901873747
"Robusta, Greater Masaka",robusta,2015-10,2015,10,21.416154812188825,28.536621463105746,16.301443945727286,112.91422592479444,7685.258283154902
"Robusta, Central",robusta,2015-10,2015,10,21.726397456212425,29.283024485827024,17.01344537788566,181.76174752300184,24255.539073361513
"Robusta, South-west",robusta,2015-10,2015,10,21.095696477223548,29.08696938541284,15.363015948779527,144.41734950736947,14270.908828976686
"Robusta, Busoga",robusta,2015-10,2015,10,22.370214634967077,29.253559331443455,18.12617624583882,264.25265211154436,8719.211026133715
"Arabica, Mt Elgon",arabica,2015-11,2015,11,16.687548187704937,21.87604314574228,12.397289678205782,200.38172275835151,2628.709671974957
"Arabica, Rwenzori",arabica,2015-11,2015,11,17.40238421521556,23.50530351976068,12.643721503907468,155.02707659191717,2944.8618901873747
"Robusta, Greater Masaka",robusta,2015-11,2015,11,20.515436200379153,26.859116215098457,16.068114774170162,196.73048691628932,7685.258283154902
"Robusta, Central",robusta,2015-11,2015,11,20.917766500521402,27.319553002910958,16.296744948438704,218.99497515152186,24255.539073361513
"Robusta, South-west",robusta,2015-11,2015,11,20.296630251028983,27.03621518585976,14.93186099604912,141.20416805281377,14270.908828976686
"Robusta, Busoga",robusta,2015-11,2015,11,21.542572895792304,27.509205379551524,17.662539765491136,289.1966577132815,8719.211026133715
"Arabica, Mt Elgon",arabica,2015-12,2015,12,17.233906647794697,23.99193365419177,12.06450024060798,77.35391170629245,2628.709671974957
"Arabica, Rwenzori",arabica,2015-12,2015,12,17.927334542228266,24.978655842316066,12.791369909500151,102.20583930229557,2944.8618901873747
"Robusta, Greater Masaka",robusta,2015-12,2015,12,21.15438041642752,27.871452353811037,15.868923689774972,62.39336885374507,7685.258283154902
"Robusta, Central",robusta,2015-12,2015,12,21.720438131952815,29.247183737031605,16.41667188586774,63.060999507276456,24255.539073361513
"Robusta, South-west",robusta,2015-12,2015,12,21.02842637630755,28.46283406977869,14.717398491275354,63.298930415081934,14270.908828976686
"Robusta, Busoga",robusta,2015-12,2015,12,22.12109814952356,29.07528183959652,17.62137579724525,109.68912936446387,8719.211026133715
"Arabica, Mt Elgon",arabica,2016-01,2016,1,18.465362586997472,24.472674161051533,12.146676982799448,60.315574738673675,2628.709671974957
"Arabica, Rwenzori",arabica,2016-01,2016,1,19.083245557428267,25.147125448632686,13.022416358476221,67.67030912722119,2944.8618901873747
"Robusta, Greater Masaka",robusta,2016-01,2016,1,22.13495286197963,28.572907391968695,15.602966304202843,72.62075351817603,7685.258283154902
"Robusta, Central",robusta,2016-01,2016,1,23.142528367157826,30.404074472037113,16.059894251894516,46.622910207409106,24255.539073361513
"Robusta, South-west",robusta,2016-01,2016,1,22.363791247988836,29.561754191655236,15.531097052663299,52.66124484691542,14270.908828976686
"Robusta, Busoga",robusta,2016-01,2016,1,23.390118237718735,29.868275058124304,17.040118912250076,62.303213219287024,8719.211026133715
"Arabica, Mt Elgon",arabica,2016-02,2016,2,19.65835856337711,26.615612462470878,12.32076584093448,24.519437491944963,2628.709671974957
"Arabica, Rwenzori",arabica,2016-02,2016,2,20.502390898472086,27.435602846110555,13.903806459119686,27.74430285115436,2944.8618901873747
"Robusta, Greater Masaka",robusta,2016-02,2016,2,23.610241431215265,30.814409798162295,17.1708734806948,36.15055398091657,7685.258283154902
"Robusta, Central",robusta,2016-02,2016,2,24.929183813631653,32.58850356307692,17.336194998666063,24.071859135996107,24255.539073361513
"Robusta, South-west",robusta,2016-02,2016,2,24.050304426375614,31.697071407270265,16.6595576853462,30.8071654930472,14270.908828976686
"Robusta, Busoga",robusta,2016-02,2016,2,24.874468020714538,31.8038257614987,18.434274482377504,21.529328106532628,8719.211026133715
"Arabica, Mt Elgon",arabica,2016-03,2016,3,20.562671000492546,27.683222387711844,13.389120280545916,75.93109706342422,2628.709671974957
"Arabica, Rwenzori",arabica,2016-03,2016,3,20.2573051562396,28.029528030188196,14.080136697305429,153.1240426180143,2944.8618901873747
"Robusta, Greater Masaka",robusta,2016-03,2016,3,23.65097140485086,30.508602131017167,17.56784531208888,134.02689383462493,7685.258283154902
"Robusta, Central",robusta,2016-03,2016,3,25.041484929386243,32.75917825415271,18.308247411515143,94.66528005116263,24255.539073361513
"Robusta, South-west",robusta,2016-03,2016,3,23.66581215906542,31.615427380073577,16.860350150973083,117.51943028027011,14270.908828976686
"Robusta, Busoga",robusta,2016-03,2016,3,25.333597317067433,32.63092829011554,19.67172382431632,77.57440875030666,8719.211026133715
"Arabica, Mt Elgon",arabica,2016-04,2016,4,18.103160610976648,24.339348876732327,13.083765791725488,331.14369063095995,2628.709671974957
"Arabica, Rwenzori",arabica,2016-04,2016,4,18.497126930386646,25.654842632387062,13.641965333266018,225.35303079933792,2944.8618901873747
"Robusta, Greater Masaka",robusta,2016-04,2016,4,21.571864163719653,27.297208382978813,17.283197450900765,240.57646831867933,7685.258283154902
"Robusta, Central",robusta,2016-04,2016,4,21.949503614503186,28.725746468722484,17.82105160766146,240.4566338829815,24255.539073361513
"Robusta, South-west",robusta,2016-04,2016,4,21.28702808485225,28.066551295798963,16.386301083751537,170.718052821307,14270.908828976686
"Robusta, Busoga",robusta,2016-04,2016,4,22.606544540788658,29.732855033251564,18.790405611414005,291.9265492549142,8719.211026133715
"Arabica, Mt Elgon",arabica,2016-05,2016,5,17.359441185322623,22.910931272288927,11.639814166647554,212.5199157066698,2628.709671974957
"Arabica, Rwenzori",arabica,2016-05,2016,5,18.417588686226352,24.172831537016663,13.58950460156847,122.47568259361843,2944.8618901873747
"Robusta, Greater Masaka",robusta,2016-05,2016,5,21.461389885711082,26.62759418446393,16.604949696135574,138.5070166246917,7685.258283154902
"Robusta, Central",robusta,2016-05,2016,5,21.657007499187845,27.478962924151897,16.825933005402785,111.69141987736597,24255.539073361513
"Robusta, South-west",robusta,2016-05,2016,5,21.641895726671915,28.023960174318113,15.7858583399294,78.29139926466895,14270.908828976686
"Robusta, Busoga",robusta,2016-05,2016,5,22.27589205118211,28.146370632283286,17.992691917805406,158.32106157779197,8719.211026133715
"Arabica, Mt Elgon",arabica,2016-06,2016,6,16.904515565541644,23.402471455335327,11.263629384982021,136.2817196430945,2628.709671974957
"Arabica, Rwenzori",arabica,2016-06,2016,6,18.149730091734504,24.860309975889706,11.988677488767793,53.88265320307887,2944.8618901873747
"Robusta, Greater Masaka",robusta,2016-06,2016,6,21.263671571242412,27.151563556317484,15.033332260741812,26.27217869545269,7685.258283154902
"Robusta, Central",robusta,2016-06,2016,6,21.577079267116414,27.71419980384973,15.173318499088634,65.21826394567242,24255.539073361513
"Robusta, South-west",robusta,2016-06,2016,6,21.611554466079703,28.62895733674862,14.18014535117932,24.230005701401087,14270.908828976686
"Robusta, Busoga",robusta,2016-06,2016,6,21.757451604760202,27.48633417648193,16.06136235545686,99.86873331684656,8719.211026133715
"Arabica, Mt Elgon",arabica,2016-07,2016,7,16.34835799473191,22.086304704500957,11.203171703003143,150.23373488383731,2628.709671974957
"Arabica, Rwenzori",arabica,2016-07,2016,7,17.824785392735794,24.45718499428518,12.665895029222895,41.970327955268566,2944.8618901873747
"Robusta, Greater Masaka",robusta,2016-07,2016,7,21.570309181707348,28.28743634548199,15.256237646763255,12.03792869770075,7685.258283154902
"Robusta, Central",robusta,2016-07,2016,7,21.939675510137253,28.785136793232212,15.981808883647043,48.476808260617986,24255.539073361513
"Robusta, South-west",robusta,2016-07,2016,7,22.270212317964567,29.818871979693746,15.306843978514951,16.496909900000922,14270.908828976686
"Robusta, Busoga",robusta,2016-07,2016,7,21.799720156228933,27.255616466652093,16.897336178936765,57.308872212475364,8719.211026133715
"Arabica, Mt Elgon",arabica,2016-08,2016,8,16.5038392612715,22.45745822562368,10.863821589836265,107.9809044087604,2628.709671974957
"Arabica, Rwenzori",arabica,2016-08,2016,8,18.022284786436202,25.02458200342494,12.000396770472426,85.14606757837488,2944.8618901873747
"Robusta, Greater Masaka",robusta,2016-08,2016,8,21.216161461289747,28.937729700210205,14.384206015980912,29.753352169128295,7685.258283154902
"Robusta, Central",robusta,2016-08,2016,8,21.71485491579105,29.235490051936658,14.891473146945403,80.82054805040151,24255.539073361513
"Robusta, South-west",robusta,2016-08,2016,8,22.145648286031204,30.505756093413464,14.406339866893942,47.623875702258125,14270.908828976686
"Robusta, Busoga",robusta,2016-08,2016,8,22.24988742214658,29.46002921702513,17.18262181559,84.378959918611,8719.211026133715
"Arabica, Mt Elgon",arabica,2016-09,2016,9,17.071742786952093,22.588109578790892,11.472070598839492,106.05681863607332,2628.709671974957
"Arabica, Rwenzori",arabica,2016-09,2016,9,18.15517967586836,25.011699692168694,12.16441979455317,151.66442296136924,2944.8618901873747
"Robusta, Greater Masaka",robusta,2016-09,2016,9,21.632216098343537,28.129521874054173,15.634206445920062,84.51059948180671,7685.258283154902
"Robusta, Central",robusta,2016-09,2016,9,22.188030705092945,28.998145220009363,16.346104866591357,162.4626374581892,24255.539073361513
"Robusta, South-west",robusta,2016-09,2016,9,22.002668766599076,30.17987736657267,15.025456180760427,98.65962271460837,14270.908828976686
"Robusta, Busoga",robusta,2016-09,2016,9,22.846833597097344,28.900393468136443,17.89983396599294,131.63627104289253,8719.211026133715
"Arabica, Mt Elgon",arabica,2016-10,2016,10,17.706388708226395,23.57174331213104,11.876383517819693,138.84820124846948,2628.709671974957
"Arabica, Rwenzori",arabica,2016-10,2016,10,18.18080170740485,25.254197946438737,12.80800077434339,197.5148823669272,2944.8618901873747
"Robusta, Greater Masaka",robusta,2016-10,2016,10,21.85522893443156,28.11994602472189,16.625583586137857,84.3395989665245,7685.258283154902
"Robusta, Central",robusta,2016-10,2016,10,22.473417666193587,29.511747418735176,17.01298516930097,119.2234525266378,24255.539073361513
"Robusta, South-west",robusta,2016-10,2016,10,21.502300738894547,28.82929718883666,15.015712245767347,122.90048479006263,14270.908828976686
"Robusta, Busoga",robusta,2016-10,2016,10,23.210229185140257,29.43136151742115,18.288461612995906,96.25965732601703,8719.211026133715
"Arabica, Mt Elgon",arabica,2016-11,2016,11,17.422469931163196,23.095711452303863,12.01453393137945,80.35010740596083,2628.709671974957
"Arabica, Rwenzori",arabica,2016-11,2016,11,17.855496605991675,23.922032401959477,12.729283029512107,198.689324561534,2944.8618901873747
"Robusta, Greater Masaka",robusta,2016-11,2016,11,21.366076802552396,27.675023736718927,16.553317159281722,114.15401484245822,7685.258283154902
"Robusta, Central",robusta,2016-11,2016,11,21.980831064892804,29.110211778781725,17.063286921967975,149.4700441582772,24255.539073361513
"Robusta, South-west",robusta,2016-11,2016,11,20.897848689511687,27.792620345582463,15.213258815661996,130.71133161156632,14270.908828976686
"Robusta, Busoga",robusta,2016-11,2016,11,22.791306298993778,29.01515130012725,18.13733239525313,132.08663811764197,8719.211026133715
"Arabica, Mt Elgon",arabica,2016-12,2016,12,18.225949062897836,25.29901604442176,11.453785265017622,7.157222112891308,2628.709671974957
"Arabica, Rwenzori",arabica,2016-12,2016,12,18.37453385049263,25.07491981112921,11.861896477944157,68.84958863822392,2944.8618901873747
"Robusta, Greater Masaka",robusta,2016-12,2016,12,21.84619392397285,28.813055159972148,15.75154977887124,75.28670945806365,7685.258283154902
"Robusta, Central",robusta,2016-12,2016,12,23.03603556362075,31.295282565668916,16.212609306498866,47.7792624735292,24255.539073361513
"Robusta, South-west",robusta,2016-12,2016,12,21.818169477072683,29.469238391002907,15.077685688781141,57.69251546338835,14270.908828976686
"Robusta, Busoga",robusta,2016-12,2016,12,23.682121756478175,31.568771964340694,17.193361122508787,19.434253177147216,8719.211026133715
"Arabica, Mt Elgon",arabica,2017-01,2017,1,19.286869678305038,26.757868939925157,11.366454901491513,46.95927208620796,2628.709671974957
"Arabica, Rwenzori",arabica,2017-01,2017,1,19.66787855526456,26.942534392167715,12.713948614914976,48.0990072960828,2944.8618901873747
"Robusta, Greater Masaka",robusta,2017-01,2017,1,23.020361561282225,31.421130672913783,16.11879638021604,30.92143584811173,7685.258283154902
"Robusta, Central",robusta,2017-01,2017,1,24.207593143553037,33.02026679162154,16.613846733170977,24.05929454168422,24255.539073361513
"Robusta, South-west",robusta,2017-01,2017,1,23.491017717540725,32.48450434333176,15.687702753027772,35.922566796843505,14270.908828976686
"Robusta, Busoga",robusta,2017-01,2017,1,24.683810187987152,33.239275901295514,17.2163377720657,33.11985458876353,8719.211026133715
"Arabica, Mt Elgon",arabica,2017-02,2017,2,19.09270613600646,27.312399270602935,12.30244792789028,121.73934397657553,2628.709671974957
"Arabica, Rwenzori",arabica,2017-02,2017,2,18.952382628229294,26.397014362682757,12.679704494136926,75.55472735264343,2944.8618901873747
"Robusta, Greater Masaka",robusta,2017-02,2017,2,22.468893052201636,29.72897437902181,16.658069300804232,90.20907588313554,7685.258283154902
"Robusta, Central",robusta,2017-02,2017,2,23.60776157983462,32.2271148714876,17.36501830095993,96.33121994680712,24255.539073361513
"Robusta, South-west",robusta,2017-02,2017,2,22.441837735670312,30.728372640018936,15.501607947109244,68.07515473334415,14270.908828976686
"Robusta, Busoga",robusta,2017-02,2017,2,24.229544338127322,32.94676816756593,18.570105660312155,165.30363230973106,8719.211026133715
"Arabica, Mt Elgon",arabica,2017-03,2017,3,19.21222382460016,27.44984785162319,12.098364822901749,80.42365555304518,2628.709671974957
"Arabica, Rwenzori",arabica,2017-03,2017,3,18.931839553999595,26.068883088694058,12.862244799918592,101.56633090202156,2944.8618901873747
"Robusta, Greater Masaka",robusta,2017-03,2017,3,22.171203958573408,29.1009714886953,16.400220976287123,164.0111785792242,7685.258283154902
"Robusta, Central",robusta,2017-03,2017,3,23.146230417874385,30.929538621955782,17.02354857878301,128.59032134025756,24255.539073361513
"Robusta, South-west",robusta,2017-03,2017,3,22.205963574667063,30.235838422260546,15.509697155157296,93.75127067209547,14270.908828976686
"Robusta, Busoga",robusta,2017-03,2017,3,23.5447104042122,31.431897850909053,18.263033249391288,98.68037336145431,8719.211026133715
"Arabica, Mt Elgon",arabica,2017-04,2017,4,18.78955146542215,26.482110348002205,12.693468946422,129.46238616217374,2628.709671974957
"Arabica, Rwenzori",arabica,2017-04,2017,4,18.91663563598152,25.648805096645425,13.587641117938077,176.2840249085228,2944.8618901873747
"Robusta, Greater Masaka",robusta,2017-04,2017,4,21.709743614395475,28.397136703835777,16.616030985406244,194.12275618958958,7685.258283154902
"Robusta, Central",robusta,2017-04,2017,4,22.543608436945725,29.96219244961044,17.320616325829796,195.68609815307116,24255.539073361513
"Robusta, South-west",robusta,2017-04,2017,4,21.789325359845314,29.061417484427803,15.528112763681454,120.04668650544859,14270.908828976686
"Robusta, Busoga",robusta,2017-04,2017,4,23.152718488739385,29.784221043426154,18.44921626088798,197.41986643691126,8719.211026133715
"Arabica, Mt Elgon",arabica,2017-05,2017,5,17.190332879671193,23.06184688104968,12.396149533759322,273.3095448470238,2628.709671974957
"Arabica, Rwenzori",arabica,2017-05,2017,5,18.17363972153458,24.421436551947924,13.105249655939232,90.07319164027082,2944.8618901873747
"Robusta, Greater Masaka",robusta,2017-05,2017,5,20.993506293727666,27.743195786835106,16.02175059442521,208.56963272841404,7685.258283154902
"Robusta, Central",robusta,2017-05,2017,5,21.451723080561624,27.807139795118612,16.708931793566595,118.90678713073187,24255.539073361513
"Robusta, South-west",robusta,2017-05,2017,5,21.049200775482856,28.867646006256393,15.28172908290535,79.55325896551427,14270.908828976686
"Robusta, Busoga",robusta,2017-05,2017,5,22.298907215440593,27.66694442071865,18.287330008263528,196.04839030138837,8719.211026133715
"Arabica, Mt Elgon",arabica,2017-06,2017,6,17.39668475296892,23.388259747630443,11.993363957811548,124.19224792267435,2628.709671974957
"Arabica, Rwenzori",arabica,2017-06,2017,6,18.444461744685153,25.127223522384224,12.78849697832005,50.35123458895339,2944.8618901873747
"Robusta, Greater Masaka",robusta,2017-06,2017,6,21.577851825312816,27.743757532795527,16.091324658367846,31.985627120411458,7685.258283154902
"Robusta, Central",robusta,2017-06,2017,6,22.05076642619114,28.36662454772067,16.64296680705026,56.17129325254431,24255.539073361513
"Robusta, South-west",robusta,2017-06,2017,6,22.388254288777166,29.61445275182471,15.63903379780395,15.016824457690902,14270.908828976686
"Robusta, Busoga",robusta,2017-06,2017,6,22.45130090747122,28.481868698123876,17.778463029044584,91.07625290777813,8719.211026133715
"Arabica, Mt Elgon",arabica,2017-07,2017,7,16.388680305927153,21.70228989264987,10.860993589418081,306.36734684856395,2628.709671974957
"Arabica, Rwenzori",arabica,2017-07,2017,7,17.63537607880027,24.11520787519375,12.594813385709056,68.96619299933045,2944.8618901873747
"Robusta, Greater Masaka",robusta,2017-07,2017,7,21.542611783663194,28.401766040411765,14.802445283438681,33.541417915792245,7685.258283154902
"Robusta, Central",robusta,2017-07,2017,7,21.58707856779672,28.817951375184855,15.411916404247968,90.80846052501114,24255.539073361513
"Robusta, South-west",robusta,2017-07,2017,7,21.842028687887325,29.66093467004054,14.935956309715596,32.56048834662697,14270.908828976686
"Robusta, Busoga",robusta,2017-07,2017,7,21.88258194241837,27.44429966799919,17.104547072456047,118.36642452724122,8719.211026133715
"Arabica, Mt Elgon",arabica,2017-08,2017,8,16.470887851272046,21.939673915503388,11.458147271553285,189.76014414527904,2628.709671974957
"Arabica, Rwenzori",arabica,2017-08,2017,8,17.63447031018612,23.71777006432546,12.95587473168824,136.7737739323969,2944.8618901873747
"Robusta, Greater Masaka",robusta,2017-08,2017,8,20.95973723773946,26.82933649725212,15.875896909070155,61.0925480106487,7685.258283154902
"Robusta, Central",robusta,2017-08,2017,8,21.439101212830725,27.610129077937746,16.27003557088966,97.80634845054468,24255.539073361513
"Robusta, South-west",robusta,2017-08,2017,8,21.196935458069014,27.72857408095476,15.102119268479736,100.45311416594005,14270.908828976686
"Robusta, Busoga",robusta,2017-08,2017,8,22.081724343607803,27.950733455499705,17.647528874671774,123.0300119605048,8719.211026133715
"Arabica, Mt Elgon",arabica,2017-09,2017,9,16.626708555835613,22.468196921852027,11.363925813954816,192.2395960115022,2628.709671974957
"Arabica, Rwenzori",arabica,2017-09,2017,9,17.671848543750052,24.9332701476292,12.158349375651767,152.9616617320871,2944.8618901873747
"Robusta, Greater Masaka",robusta,2017-09,2017,9,21.194818468893867,27.558843773395047,15.753098966491237,94.82808800267354,7685.258283154902
"Robusta, Central",robusta,2017-09,2017,9,21.394702104581707,27.996681941378544,16.128407432791388,157.94593409212501,24255.539073361513
"Robusta, South-west",robusta,2017-09,2017,9,20.943423516912475,28.28981515040548,14.973227065376456,115.60888150531736,14270.908828976686
"Robusta, Busoga",robusta,2017-09,2017,9,22.10497199223803,28.2784904591222,17.713843143995895,180.86902180250667,8719.211026133715
"Arabica, Mt Elgon",arabica,2017-10,2017,10,17.304631311007665,23.575988110605458,11.857885449638278,223.35138470418786,2628.709671974957
"Arabica, Rwenzori",arabica,2017-10,2017,10,18.035141025346316,24.586086673137277,12.674073418239702,210.22696557130024,2944.8618901873747
"Robusta, Greater Masaka",robusta,2017-10,2017,10,21.56982417488028,28.42418246810091,16.020902268009568,101.05166034027157,7685.258283154902
"Robusta, Central",robusta,2017-10,2017,10,21.898331822283577,29.081833521824223,16.54173853752615,109.11090121531637,24255.539073361513
"Robusta, South-west",robusta,2017-10,2017,10,21.322934033673132,28.804168523509755,15.204597100255723,135.2650011314153,14270.908828976686
"Robusta, Busoga",robusta,2017-10,2017,10,22.779292441179454,29.42037770102097,18.00079466231873,118.73098021064202,8719.211026133715
"Arabica, Mt Elgon",arabica,2017-11,2017,11,16.887752562386414,22.737967844201293,11.527473252719295,130.4297612829982,2628.709671974957
"Arabica, Rwenzori",arabica,2017-11,2017,11,17.40428108601127,23.795579949321418,12.07640867167523,169.93246016385834,2944.8618901873747
"Robusta, Greater Masaka",robusta,2017-11,2017,11,20.879700218038856,26.55085504146426,15.808230376190453,127.7751212793,7685.258283154902
"Robusta, Central",robusta,2017-11,2017,11,21.438206124576126,28.05526235624225,16.372460638354603,110.39304268969755,24255.539073361513
"Robusta, South-west",robusta,2017-11,2017,11,20.491941099916083,26.847448359176802,14.746624748708207,124.17290707991991,14270.908828976686
"Robusta, Busoga",robusta,2017-11,2017,11,22.250034345252814,28.453744052148203,17.73090126633916,133.1458666894077,8719.211026133715
"Arabica, Mt Elgon",arabica,2017-12,2017,12,18.450494365711574,24.772678776981863,11.423942763595722,14.384693162138841,2628.709671974957
"Arabica, Rwenzori",arabica,2017-12,2017,12,18.46038185615857,24.77460796497472,12.00855620900685,53.21451841992974,2944.8618901873747
"Robusta, Greater Masaka",robusta,2017-12,2017,12,21.80446679761458,28.609437793123995,16.08820912162931,60.163757131844676,7685.258283154902
"Robusta, Central",robusta,2017-12,2017,12,22.96018019903721,30.520349788775796,16.311961838763715,26.090055564512877,24255.539073361513
"Robusta, South-west",robusta,2017-12,2017,12,22.02755841082782,29.066541429794327,15.271396524433053,52.12114504486157,14270.908828976686
"Robusta, Busoga",robusta,2017-12,2017,12,23.671548541705345,31.094646430211345,17.424468294358974,15.777952495143476,8719.211026133715
"Arabica, Mt Elgon",arabica,2018-01,2018,1,18.645758514086413,25.93199271353662,11.280826428711178,17.13333275817838,2628.709671974957
"Arabica, Rwenzori",arabica,2018-01,2018,1,18.82787751213137,25.728568800251352,12.733569906323025,32.20140839669406,2944.8618901873747
"Robusta, Greater Masaka",robusta,2018-01,2018,1,22.03059016057169,29.31463175601754,16.2433544223622,45.247873303946676,7685.258283154902
"Robusta, Central",robusta,2018-01,2018,1,23.26309839805034,31.277908140083948,16.374439357396103,19.710417626013037,24255.539073361513
"Robusta, South-west",robusta,2018-01,2018,1,22.33549739185445,30.062767357534604,15.526981710428794,43.60759523492195,14270.908828976686
"Robusta, Busoga",robusta,2018-01,2018,1,23.633768099641376,30.872051712606446,17.41317331294175,23.687863114436542,8719.211026133715
"Arabica, Mt Elgon",arabica,2018-02,2018,2,19.969694344273034,27.389166640631597,12.841089132137778,41.91744233167415,2628.709671974957
"Arabica, Rwenzori",arabica,2018-02,2018,2,19.86025756502774,27.538607476496896,13.049442179973486,76.584516850066,2944.8618901873747
"Robusta, Greater Masaka",robusta,2018-02,2018,2,22.999824751582437,30.34034383280562,17.33477740815562,49.94768040777499,7685.258283154902
"Robusta, Central",robusta,2018-02,2018,2,24.278586376722924,32.65375438576104,17.518472865095124,54.85198644312914,24255.539073361513
"Robusta, South-west",robusta,2018-02,2018,2,23.40136827348364,32.004096269423954,16.207854849332275,44.50068854924678,14270.908828976686
"Robusta, Busoga",robusta,2018-02,2018,2,24.8847080846903,33.198911982568305,18.73885174002763,64.21184738332337,8719.211026133715
"Arabica, Mt Elgon",arabica,2018-03,2018,3,17.500756555888497,24.000696341031375,12.376642501179047,187.85565414768305,2628.709671974957
"Arabica, Rwenzori",arabica,2018-03,2018,3,18.078553057428532,24.675124836436538,12.882567851987673,174.08538344345317,2944.8618901873747
"Robusta, Greater Masaka",robusta,2018-03,2018,3,21.376927732586566,28.34170923986089,16.123853449017577,170.3602116325769,7685.258283154902
"Robusta, Central",robusta,2018-03,2018,3,21.928241309213195,29.960274676406858,16.877941150873426,200.27850211403705,24255.539073361513
"Robusta, South-west",robusta,2018-03,2018,3,21.119414177223707,28.29161184794514,15.256028470447493,152.04517078541673,14270.908828976686
"Robusta, Busoga",robusta,2018-03,2018,3,22.28734211861028,29.376633145360803,17.53655805626516,202.61532510521783,8719.211026133715
"Arabica, Mt Elgon",arabica,2018-04,2018,4,16.54690567210468,22.7294351817956,12.3126218695299,318.24871580786703,2628.709671974957
"Arabica, Rwenzori",arabica,2018-04,2018,4,17.456822943016906,24.082225170114206,12.750945863235133,259.62752190107136,2944.8618901873747
"Robusta, Greater Masaka",robusta,2018-04,2018,4,20.533303288115476,26.489697632471653,16.258754845145074,192.35455351967286,7685.258283154902
"Robusta, Central",robusta,2018-04,2018,4,20.803668347251527,27.15165099050087,15.997760582395752,224.00150641343737,24255.539073361513
"Robusta, South-west",robusta,2018-04,2018,4,20.219395184847947,26.81214166147713,15.447286708542254,212.23553144356143,14270.908828976686
"Robusta, Busoga",robusta,2018-04,2018,4,21.347304731678435,27.359366610401537,16.787836951410064,264.8405221366433,8719.211026133715
"Arabica, Mt Elgon",arabica,2018-05,2018,5,16.679873051189592,21.901124976044066,11.83829291126133,292.4577117974041,2628.709671974957
"Arabica, Rwenzori",arabica,2018-05,2018,5,17.757955970374468,23.815830971161965,12.527623054066883,126.95116574684222,2944.8618901873747
"Robusta, Greater Masaka",robusta,2018-05,2018,5,20.60013018018589,26.184303029700672,14.876026042668853,140.08543278219798,7685.258283154902
"Robusta, Central",robusta,2018-05,2018,5,20.96114786339554,27.09510508848559,15.792588961711418,145.72337952834496,24255.539073361513
"Robusta, South-west",robusta,2018-05,2018,5,20.53039898857402,27.065772392939625,13.756459101924259,91.14121771921982,14270.908828976686
"Robusta, Busoga",robusta,2018-05,2018,5,21.665328962518203,27.651738133756172,17.686661923745614,248.2896080870048,8719.211026133715
"Arabica, Mt Elgon",arabica,2018-06,2018,6,16.025703106691726,21.378182136109576,10.658672571322423,211.87160237024673,2628.709671974957
"Arabica, Rwenzori",arabica,2018-06,2018,6,17.458122351507015,24.094613226003094,11.927672147666213,72.14222956565038,2944.8618901873747
"Robusta, Greater Masaka",robusta,2018-06,2018,6,20.783005311809916,27.238755263856298,14.788491275828212,65.87449070164095,7685.258283154902
"Robusta, Central",robusta,2018-06,2018,6,20.791829490479646,26.98718051905667,15.30324830257522,87.82658361587123,24255.539073361513
"Robusta, South-west",robusta,2018-06,2018,6,21.000080259440498,28.577343357445358,14.368796194442835,31.454039544604655,14270.908828976686
"Robusta, Busoga",robusta,2018-06,2018,6,21.422677418417685,27.13722972916993,16.59900721900343,114.22983415981805,8719.211026133715
"Arabica, Mt Elgon",arabica,2018-07,2018,7,15.96623405014701,21.025894792225987,11.047480213321412,170.39934374852172,2628.709671974957
"Arabica, Rwenzori",arabica,2018-07,2018,7,17.786630067586156,24.85203107768735,11.853889855353776,30.575241591122623,2944.8618901873747
"Robusta, Greater Masaka",robusta,2018-07,2018,7,21.05999737735343,27.018940896018684,15.366852129735282,11.35870198959731,7685.258283154902
"Robusta, Central",robusta,2018-07,2018,7,21.108601713132938,27.51270621751525,15.237140156610945,42.430723557200096,24255.539073361513
"Robusta, South-west",robusta,2018-07,2018,7,21.519273938493257,28.801294462141126,13.854254138572024,10.778794148600827,14270.908828976686
"Robusta, Busoga",robusta,2018-07,2018,7,21.41558421067391,26.931272330765584,16.348244211468714,50.756687101828845,8719.211026133715
"Arabica, Mt Elgon",arabica,2018-08,2018,8,16.21678882171067,22.095236140507087,10.819656399669318,150.1117636974165,2628.709671974957
"Arabica, Rwenzori",arabica,2018-08,2018,8,17.416892669506485,24.61793735951907,11.897745028798548,130.64415001160344,2944.8618901873747
"Robusta, Greater Masaka",robusta,2018-08,2018,8,20.934010846997776,27.314093308839126,14.996967607274463,79.31634868993552,7685.258283154902
"Robusta, Central",robusta,2018-08,2018,8,21.1486798582811,27.90985285174847,15.468640668249808,134.2966112112518,24255.539073361513
"Robusta, South-west",robusta,2018-08,2018,8,20.910112678656972,28.88721708097661,14.398273722194338,92.17951453962424,14270.908828976686
"Robusta, Busoga",robusta,2018-08,2018,8,21.70774814526629,27.831069588617613,16.89591489476835,126.04447183739317,8719.211026133715
"Arabica, Mt Elgon",arabica,2018-09,2018,9,17.135315207815054,23.301525221360407,11.225928861793571,89.65187464582954,2628.709671974957
"Arabica, Rwenzori",arabica,2018-09,2018,9,17.76963624031433,24.32932580930785,12.262099522714713,170.36725031065163,2944.8618901873747
"Robusta, Greater Masaka",robusta,2018-09,2018,9,20.889879821011235,26.9080377477132,15.578814231206302,114.79299512682051,7685.258283154902
"Robusta, Central",robusta,2018-09,2018,9,21.455331861234612,28.009894334234065,16.071874995951738,114.67764534169535,24255.539073361513
"Robusta, South-west",robusta,2018-09,2018,9,20.804929822560954,27.63681531778528,14.349010251483636,128.967991267674,14270.908828976686
"Robusta, Busoga",robusta,2018-09,2018,9,22.402875809120268,28.576911703180826,17.512857019921178,78.61787087983241,8719.211026133715
"Arabica, Mt Elgon",arabica,2018-10,2018,10,17.389799086272568,23.284325276977878,11.752997399540815,174.28541456156114,2628.709671974957
"Arabica, Rwenzori",arabica,2018-10,2018,10,17.74230089899787,24.443056076942465,12.603223144989885,196.87569871997513,2944.8618901873747
"Robusta, Greater Masaka",robusta,2018-10,2018,10,21.08427563077303,26.70929915010743,16.024802983163628,116.41014605813054,7685.258283154902
"Robusta, Central",robusta,2018-10,2018,10,21.535603990657172,28.138021915377067,16.71382273183176,127.95127729664918,24255.539073361513
"Robusta, South-west",robusta,2018-10,2018,10,20.716739161938804,27.80406425750614,14.696816827311707,129.75596924028653,14270.908828976686
"Robusta, Busoga",robusta,2018-10,2018,10,22.315608414184428,28.285782930205432,18.024994894366113,142.43100955034004,8719.211026133715
"Arabica, Mt Elgon",arabica,2018-11,2018,11,17.75519540014308,23.675348488938965,12.27191968758723,62.65006463227432,2628.709671974957
"Arabica, Rwenzori",arabica,2018-11,2018,11,17.957337707919358,24.151717468465808,12.457261706538443,177.5621912606873,2944.8618901873747
"Robusta, Greater Masaka",robusta,2018-11,2018,11,21.23906429389978,26.83613321828947,16.417058483909255,82.7712004114768,7685.258283154902
"Robusta, Central",robusta,2018-11,2018,11,21.769532883873083,28.35334170820047,16.858627200071727,90.31820271641564,24255.539073361513
"Robusta, South-west",robusta,2018-11,2018,11,21.02398850849219,27.470146535902458,14.95568959172191,100.5593556960168,14270.908828976686
"Robusta, Busoga",robusta,2018-11,2018,11,22.680723211709772,28.9314405083705,18.348216260323873,82.57942207134838,8719.211026133715
"Arabica, Mt Elgon",arabica,2018-12,2018,12,17.571029938530497,24.136734059157195,11.358491557166788,57.86278243450725,2628.709671974957
"Arabica, Rwenzori",arabica,2018-12,2018,12,17.654610005360215,24.091879977536543,12.247779645290223,133.75309346538805,2944.8618901873747
"Robusta, Greater Masaka",robusta,2018-12,2018,12,20.924760267194408,27.60769431769667,15.544199182086205,144.10929245134653,7685.258283154902
"Robusta, Central",robusta,2018-12,2018,12,21.910885360310527,29.0242215548798,16.28881124319103,129.17457103775493,24255.539073361513
"Robusta, South-west",robusta,2018-12,2018,12,20.926546661008423,27.93750949946199,14.687303995957201,122.5897051228337,14270.908828976686
"Robusta, Busoga",robusta,2018-12,2018,12,22.42301839890126,28.820684038566135,17.295510033175923,122.20606662844608,8719.211026133715
"Arabica, Mt Elgon",arabica,2019-01,2019,1,18.942926142997003,26.526813167095053,11.712030683392845,23.700230725933295,2628.709671974957
"Arabica, Rwenzori",arabica,2019-01,2019,1,18.79687801780876,25.91839035120484,12.932764449272543,57.70750861797199,2944.8618901873747
"Robusta, Greater Masaka",robusta,2019-01,2019,1,22.03132503557933,29.19099441198493,16.29932788972888,92.9579153265898,7685.258283154902
"Robusta, Central",robusta,2019-01,2019,1,23.13791381542999,31.276136921055983,16.549065348398866,43.71697504232755,24255.539073361513
"Robusta, South-west",robusta,2019-01,2019,1,22.389277307564196,30.549470797403895,15.77083304458098,63.09330474654059,14270.908828976686
"Robusta, Busoga",robusta,2019-01,2019,1,23.417267714752427,30.77552662116118,17.72253892692031,19.965669900954413,8719.211026133715
"Arabica, Mt Elgon",arabica,2019-02,2019,2,20.13794424380784,28.12156611698501,12.523678475711367,34.72992938795484,2628.709671974957
"Arabica, Rwenzori",arabica,2019-02,2019,2,19.789941171994283,26.99471954084887,13.044411762108883,36.881897664514064,2944.8618901873747
"Robusta, Greater Masaka",robusta,2019-02,2019,2,23.05125436655971,30.42344920281336,16.306530640342565,55.21939869387916,7685.258283154902
"Robusta, Central",robusta,2019-02,2019,2,24.32947959198374,32.38564343422495,16.862795175780057,51.588438522284775,24255.539073361513
"Robusta, South-west",robusta,2019-02,2019,2,23.533819649590072,31.64361577031332,15.498628515386432,38.01010009923922,14270.908828976686
"Robusta, Busoga",robusta,2019-02,2019,2,24.76645097443406,32.6168023049942,18.282706911757042,62.44782698395603,8719.211026133715
"Arabica, Mt Elgon",arabica,2019-03,2019,3,19.741206097672006,28.226522347616026,12.413402724864408,91.57974731945326,2628.709671974957
"Arabica, Rwenzori",arabica,2019-03,2019,3,19.829678123962157,27.256444048882468,13.39255370224376,116.46313432194553,2944.8618901873747
"Robusta, Greater Masaka",robusta,2019-03,2019,3,23.155802555040417,30.265636944781555,17.19588068699784,105.80987151071922,7685.258283154902
"Robusta, Central",robusta,2019-03,2019,3,24.110980547756558,32.417848191782404,17.879509474666655,89.76282933089864,24255.539073361513
"Robusta, South-west",robusta,2019-03,2019,3,23.543207403153012,31.84293856823092,16.415814670349725,83.84179691874108,14270.908828976686
"Robusta, Busoga",robusta,2019-03,2019,3,24.567758971099153,33.37475132854453,18.993092224009235,119.90152051749338,8719.211026133715
"Arabica, Mt Elgon",arabica,2019-04,2019,4,19.509274512463055,27.279474346135853,13.217842172083229,167.20792951917528,2628.709671974957
"Arabica, Rwenzori",arabica,2019-04,2019,4,19.14391911533618,26.472947828632133,13.573794617024296,166.35107774496478,2944.8618901873747
"Robusta, Greater Masaka",robusta,2019-04,2019,4,22.151340102916368,28.999605328449324,16.96793205086375,148.70628240580783,7685.258283154902
"Robusta, Central",robusta,2019-04,2019,4,22.962512626678777,30.208525803036153,17.54633690272007,154.0345293582498,24255.539073361513
"Robusta, South-west",robusta,2019-04,2019,4,22.282803431767782,30.03437523495449,16.123942987801275,120.35601368772177,14270.908828976686
"Robusta, Busoga",robusta,2019-04,2019,4,23.585772578587164,31.081555289088612,18.971401976566455,208.12040011971678,8719.211026133715
"Arabica, Mt Elgon",arabica,2019-05,2019,5,17.694611571432063,24.69430600847021,12.725813130278048,193.89250961461542,2628.709671974957
"Arabica, Rwenzori",arabica,2019-05,2019,5,18.501328234017727,25.16177008671248,13.403004984940116,121.9918622523294,2944.8618901873747
"Robusta, Greater Masaka",robusta,2019-05,2019,5,21.05577402750883,26.657747640711428,16.465295599904426,227.83982479011803,7685.258283154902
"Robusta, Central",robusta,2019-05,2019,5,21.610001129752142,27.363469344521164,17.057683552757016,153.7742380788921,24255.539073361513
"Robusta, South-west",robusta,2019-05,2019,5,21.49418035592454,28.293564997919955,16.00678087135035,82.74068420255335,14270.908828976686
"Robusta, Busoga",robusta,2019-05,2019,5,22.119758884972974,27.955741776433126,17.88078518866654,217.83776454642117,8719.211026133715
"Arabica, Mt Elgon",arabica,2019-06,2019,6,16.528735072846317,21.067731634696727,11.994735671545158,187.26799779258477,2628.709671974957
"Arabica, Rwenzori",arabica,2019-06,2019,6,17.592945090709083,23.599488343905445,13.101373408822226,89.68924173949682,2944.8618901873747
"Robusta, Greater Masaka",robusta,2019-06,2019,6,20.925157577710657,26.628571649705478,16.13118170370709,30.73322003463131,7685.258283154902
"Robusta, Central",robusta,2019-06,2019,6,21.058550425839222,27.092238117044023,16.597717788048737,75.77997431882714,24255.539073361513
"Robusta, South-west",robusta,2019-06,2019,6,21.055363461290657,27.83068517868703,15.675636484574298,42.155530520635644,14270.908828976686
"Robusta, Busoga",robusta,2019-06,2019,6,21.64081940475716,27.105084859729434,17.947079806236232,149.24825316273288,8719.211026133715
"Arabica, Mt Elgon",arabica,2019-07,2019,7,16.250712441146238,21.17335595672765,11.492295899155096,189.53943140231286,2628.709671974957
"Arabica, Rwenzori",arabica,2019-07,2019,7,17.68637262889847,23.760687906126563,12.288952743059687,59.608032364454694,2944.8618901873747
"Robusta, Greater Masaka",robusta,2019-07,2019,7,21.03640760254189,28.19215674845143,15.338990598647637,38.274316356570765,7685.258283154902
"Robusta, Central",robusta,2019-07,2019,7,21.078053737198484,27.793053944338414,15.893000756138855,84.28255473710917,24255.539073361513
"Robusta, South-west",robusta,2019-07,2019,7,21.420871114189254,28.973116467235467,14.950766788002946,23.48154744936389,14270.908828976686
"Robusta, Busoga",robusta,2019-07,2019,7,21.53523732411893,27.297608201895738,17.262202690561526,101.20811015007631,8719.211026133715
"Arabica, Mt Elgon",arabica,2019-08,2019,8,16.33910873797136,21.91316883036271,11.163475806287817,222.55992135421573,2628.709671974957
"Arabica, Rwenzori",arabica,2019-08,2019,8,17.802416454573912,24.537080003736722,12.653822537515072,92.51876773694354,2944.8618901873747
"Robusta, Greater Masaka",robusta,2019-08,2019,8,21.298272881676798,27.85249562144742,15.492023811106364,89.60454946492345,7685.258283154902
"Robusta, Central",robusta,2019-08,2019,8,21.32913163049535,27.946152559774305,16.249604268069515,142.2299295807184,24255.539073361513
"Robusta, South-west",robusta,2019-08,2019,8,21.666344972608417,29.04904638206137,15.221444605251738,69.0973035840609,14270.908828976686
"Robusta, Busoga",robusta,2019-08,2019,8,21.97906884685221,27.954947222558634,17.59920304722159,125.27661040495062,8719.211026133715
"Arabica, Mt Elgon",arabica,2019-09,2019,9,16.77620974036049,22.52417212772389,11.791653843948072,171.376111483051,2628.709671974957
"Arabica, Rwenzori",arabica,2019-09,2019,9,17.94002907369329,24.8822668384961,12.638683297577925,161.81354300852064,2944.8618901873747
"Robusta, Greater Masaka",robusta,2019-09,2019,9,21.01780281352872,27.35589690254673,16.003271013245268,83.06625142125367,7685.258283154902
"Robusta, Central",robusta,2019-09,2019,9,21.454115247220628,28.035974184734943,16.357075940653136,116.71473398527569,24255.539073361513
"Robusta, South-west",robusta,2019-09,2019,9,21.265065027836492,28.797757922963658,15.386427906510757,98.7293427237122,14270.908828976686
"Robusta, Busoga",robusta,2019-09,2019,9,22.352050124677614,28.271803451099313,17.733546592792003,141.97994348781535,8719.211026133715
"Arabica, Mt Elgon",arabica,2019-10,2019,10,16.5225668211643,21.837216786111384,12.405628461878758,372.0783564496842,2628.709671974957
"Arabica, Rwenzori",arabica,2019-10,2019,10,17.26360272182841,23.86425254308025,12.699269544550187,201.37404372649186,2944.8618901873747
"Robusta, Greater Masaka",robusta,2019-10,2019,10,20.35872096455852,25.974966222463816,15.874280648066312,173.89847545477832,7685.258283154902
"Robusta, Central",robusta,2019-10,2019,10,20.735080410847736,26.53790377214236,16.471309525824292,224.6291581558651,24255.539073361513
"Robusta, South-west",robusta,2019-10,2019,10,20.198479753202932,26.482217442710095,14.868411066657464,142.1157399365634,14270.908828976686
"Robusta, Busoga",robusta,2019-10,2019,10,21.409802385177674,26.90739713365961,17.714829102000127,346.4914571960364,8719.211026133715
"Arabica, Mt Elgon",arabica,2019-11,2019,11,17.0038506324623,22.790958806278734,12.053899746989083,224.9619952754372,2628.709671974957
"Arabica, Rwenzori",arabica,2019-11,2019,11,17.82232923966658,24.156691031103378,12.755926163528002,171.0078049177261,2944.8618901873747
"Robusta, Greater Masaka",robusta,2019-11,2019,11,20.952147341167496,27.59822672730611,16.125193199551536,265.81763172361815,7685.258283154902
"Robusta, Central",robusta,2019-11,2019,11,21.31271598030239,28.019586293957957,16.723201611651078,219.54166235681492,24255.539073361513
"Robusta, South-west",robusta,2019-11,2019,11,20.911164647506688,27.349825879730545,15.00218717733103,176.0086754608333,14270.908828976686
"Robusta, Busoga",robusta,2019-11,2019,11,22.11127693096336,28.277064252167673,17.704420419279156,188.76782056269178,8719.211026133715
"Arabica, Mt Elgon",arabica,2019-12,2019,12,16.78934282086021,22.843834356298906,10.873776497647926,130.79232326455175,2628.709671974957
"Arabica, Rwenzori",arabica,2019-12,2019,12,17.58094798646083,24.6551856946435,12.148843274172238,98.53853416071772,2944.8618901873747
"Robusta, Greater Masaka",robusta,2019-12,2019,12,20.92932266131303,27.82193953122819,15.69596807598708,135.81219254571886,7685.258283154902
"Robusta, Central",robusta,2019-12,2019,12,21.173036811452125,27.91050693047559,15.666717156097565,154.13682408565828,24255.539073361513
"Robusta, South-west",robusta,2019-12,2019,12,20.929433952133195,28.272332196757578,14.751402966847264,84.31730419031162,14270.908828976686
"Robusta, Busoga",robusta,2019-12,2019,12,21.84512677440857,27.96333642308727,16.2957288547394,229.86694620829846,8719.211026133715
"Arabica, Mt Elgon",arabica,2020-01,2020,1,17.777638188399695,24.22196262194885,11.937740951562255,73.64049365446625,2628.709671974957
"Arabica, Rwenzori",arabica,2020-01,2020,1,18.38071036971629,25.352693494725298,12.544728261182923,49.271491683079205,2944.8618901873747
"Robusta, Greater Masaka",robusta,2020-01,2020,1,22.044868416380396,30.149036838899743,16.74517863173874,116.73630138760822,7685.258283154902
"Robusta, Central",robusta,2020-01,2020,1,22.791017184064803,30.713205331443607,16.75951361820039,72.75296022967675,24255.539073361513
"Robusta, South-west",robusta,2020-01,2020,1,22.258730798557067,30.35835310879623,15.839959552891273,66.34671001961587,14270.908828976686
"Robusta, Busoga",robusta,2020-01,2020,1,23.085670729538098,30.021906652838958,17.7297763812609,90.66142513942513,8719.211026133715
"Arabica, Mt Elgon",arabica,2020-02,2020,2,18.36095103414594,25.21843314018825,12.398348415994889,54.72377768800505,2628.709671974957
"Arabica, Rwenzori",arabica,2020-02,2020,2,18.720123488027603,26.181978240181806,13.04090062535118,54.443375243025734,2944.8618901873747
"Robusta, Greater Masaka",robusta,2020-02,2020,2,22.10605677394579,29.340387387864038,16.71510159671945,63.53457466168069,7685.258283154902
"Robusta, Central",robusta,2020-02,2020,2,23.044993264061798,30.42569534108291,16.57235000854227,42.90829475517073,24255.539073361513
"Robusta, South-west",robusta,2020-02,2020,2,22.26181221456521,29.871584226877058,15.707044738061605,43.783019563594394,14270.908828976686
"Robusta, Busoga",robusta,2020-02,2020,2,23.50768810473435,30.332060161581904,17.243682791544437,55.35005179551405,8719.211026133715
"Arabica, Mt Elgon",arabica,2020-03,2020,3,18.279023849727594,24.60944216972071,12.570540945082014,250.30252060911755,2628.709671974957
"Arabica, Rwenzori",arabica,2020-03,2020,3,18.787724776930467,25.78842698293267,12.956602152767749,130.07311042826186,2944.8618901873747
"Robusta, Greater Masaka",robusta,2020-03,2020,3,21.671007728085236,27.932034674615785,16.589599765459855,150.2214412125414,7685.258283154902
"Robusta, Central",robusta,2020-03,2020,3,22.404949923205756,29.670233328727406,17.36420699671882,177.79036332326393,24255.539073361513
"Robusta, South-west",robusta,2020-03,2020,3,21.953309163737032,29.54336023751819,15.595624472259201,106.1035085805063,14270.908828976686
"Robusta, Busoga",robusta,2020-03,2020,3,22.9111372378375,29.295150328165118,18.738348313782097,263.342157392302,8719.211026133715
"Arabica, Mt Elgon",arabica,2020-04,2020,4,17.79472303536406,24.7141470115432,12.689146726583708,209.40485365873218,2628.709671974957
"Arabica, Rwenzori",arabica,2020-04,2020,4,18.616700797443276,26.0456469422155,13.401944884334144,180.61743609094435,2944.8618901873747
"Robusta, Greater Masaka",robusta,2020-04,2020,4,21.478534170867086,27.846191816900795,16.782444941850052,298.93954702824954,7685.258283154902
"Robusta, Central",robusta,2020-04,2020,4,22.043689676078987,29.233159196451417,16.861119442644764,206.24280224732684,24255.539073361513
"Robusta, South-west",robusta,2020-04,2020,4,21.691372031296865,29.872832395740488,15.865710368398734,178.0670469370625,14270.908828976686
"Robusta, Busoga",robusta,2020-04,2020,4,22.672926228938064,29.38431660568058,18.30979805202389,235.4971505824356,8719.211026133715
"Arabica, Mt Elgon",arabica,2020-05,2020,5,17.295522993191195,22.607895702661317,12.451017243404523,181.9821886001171,2628.709671974957
"Arabica, Rwenzori",arabica,2020-05,2020,5,18.091190846090974,24.427758236568437,12.913256272985778,131.16355414644232,2944.8618901873747
"Robusta, Greater Masaka",robusta,2020-05,2020,5,20.991335944599935,26.12557226005076,15.730220154264362,154.9762064993423,7685.258283154902
"Robusta, Central",robusta,2020-05,2020,5,21.388170831801553,27.3201923820733,16.011312324440958,110.25054099723636,24255.539073361513
"Robusta, South-west",robusta,2020-05,2020,5,21.163709309699158,28.12451305731806,15.293222344095023,49.94220443105996,14270.908828976686
"Robusta, Busoga",robusta,2020-05,2020,5,22.081924888048842,27.427096776937304,18.177839144075353,155.1942309633224,8719.211026133715
"Arabica, Mt Elgon",arabica,2020-06,2020,6,16.377887966213418,21.414684433476722,11.594224008434713,214.19921626030464,2628.709671974957
"Arabica, Rwenzori",arabica,2020-06,2020,6,17.644411588254915,24.350222991506122,12.256007331642467,83.47557046179985,2944.8618901873747
"Robusta, Greater Masaka",robusta,2020-06,2020,6,21.0199350362726,26.546366232005386,15.958225143007596,24.279666751605898,7685.258283154902
"Robusta, Central",robusta,2020-06,2020,6,21.254086992983336,27.147092203815035,16.2601626169656,52.37968873330497,24255.539073361513
"Robusta, South-west",robusta,2020-06,2020,6,21.46749736994284,28.202777232781255,15.446160663352801,33.856014736470804,14270.908828976686
"Robusta, Busoga",robusta,2020-06,2020,6,21.742580367902466,26.9507622941369,17.383609984301113,97.48757293460504,8719.211026133715
"Arabica, Mt Elgon",arabica,2020-07,2020,7,15.900488750186094,20.939698589686312,11.114925977037222,252.2349577838792,2628.709671974957
"Arabica, Rwenzori",arabica,2020-07,2020,7,17.297209928168932,23.781653853987688,12.448537639260255,32.87739575413965,2944.8618901873747
"Robusta, Greater Masaka",robusta,2020-07,2020,7,21.236836399496173,27.481169397463265,15.07815836751278,70.33276790788192,7685.258283154902
"Robusta, Central",robusta,2020-07,2020,7,21.237207092797693,27.753641089851044,15.545111719420891,83.07033774356805,24255.539073361513
"Robusta, South-west",robusta,2020-07,2020,7,21.74460098708118,29.06203246547364,15.39684440053736,16.628717011135464,14270.908828976686
"Robusta, Busoga",robusta,2020-07,2020,7,21.427613189891485,27.612654789114817,16.66193183058234,83.48875518336426,8719.211026133715
"Arabica, Mt Elgon",arabica,2020-08,2020,8,16.406596823958818,21.483903827361058,11.044367575596954,338.35054488668277,2628.709671974957
"Arabica, Rwenzori",arabica,2020-08,2020,8,17.53898435001605,24.35620418419592,12.400167291791732,105.51533995595142,2944.8618901873747
"Robusta, Greater Masaka",robusta,2020-08,2020,8,21.89162616627631,28.154015904192395,15.865768884301549,51.66736089613165,7685.258283154902
"Robusta, Central",robusta,2020-08,2020,8,21.61496322727753,28.023133563711696,16.06644134146589,126.04049087424089,24255.539073361513
"Robusta, South-west",robusta,2020-08,2020,8,22.107298977860488,29.61228308554654,15.310544046459752,65.14326129593341,14270.908828976686
"Robusta, Busoga",robusta,2020-08,2020,8,21.995807195426828,27.356021174331488,17.414147327244645,181.58656397947857,8719.211026133715
"Arabica, Mt Elgon",arabica,2020-09,2020,9,16.54871519371301,22.21842202469688,11.866805790852256,195.11394973765547,2628.709671974957
"Arabica, Rwenzori",arabica,2020-09,2020,9,17.39882280754329,24.230966084466356,12.12195505014878,136.1014957166019,2944.8618901873747
"Robusta, Greater Masaka",robusta,2020-09,2020,9,21.369147223348588,28.424824341391226,16.081825740702172,95.87887166391722,7685.258283154902
"Robusta, Central",robusta,2020-09,2020,9,21.423611568579382,28.195117319839113,16.48048549859428,144.8040954619077,24255.539073361513
"Robusta, South-west",robusta,2020-09,2020,9,21.347732297268106,29.113804475674527,15.237397584534243,98.67999078493216,14270.908828976686
"Robusta, Busoga",robusta,2020-09,2020,9,22.177940215646043,28.708592070329725,17.614968693842368,179.2542315910807,8719.211026133715
"Arabica, Mt Elgon",arabica,2020-10,2020,10,16.569625802447344,22.25439662946285,11.936521339287154,277.19650864253447,2628.709671974957
"Arabica, Rwenzori",arabica,2020-10,2020,10,17.393757697269336,24.12271796629254,12.057928660957279,230.61896062280184,2944.8618901873747
"Robusta, Greater Masaka",robusta,2020-10,2020,10,21.202383551703207,27.35263201304639,16.018782196196458,122.08440594006449,7685.258283154902
"Robusta, Central",robusta,2020-10,2020,10,21.19879262171663,27.95340605366521,16.541399369257356,144.01473235331284,24255.539073361513
"Robusta, South-west",robusta,2020-10,2020,10,20.892836764402453,27.840814662898314,15.217574120678526,187.18634092113987,14270.908828976686
"Robusta, Busoga",robusta,2020-10,2020,10,21.95307669949697,28.37299136855624,17.89783414965764,204.5176341064768,8719.211026133715
"Arabica, Mt Elgon",arabica,2020-11,2020,11,17.065746199538648,22.557905708673484,11.584347465182244,273.1757246645224,2628.709671974957
"Arabica, Rwenzori",arabica,2020-11,2020,11,17.258857363273947,23.288634375459615,12.287645578083199,158.7587783938862,2944.8618901873747
"Robusta, Greater Masaka",robusta,2020-11,2020,11,20.668807364995367,26.898662630832476,15.358140210604464,153.5418282562417,7685.258283154902
"Robusta, Central",robusta,2020-11,2020,11,21.17612580621194,27.485241615760327,15.917474792056602,229.80163452555348,24255.539073361513
"Robusta, South-west",robusta,2020-11,2020,11,20.316187995797456,26.82319577054965,14.597061757741145,108.97885935284928,14270.908828976686
"Robusta, Busoga",robusta,2020-11,2020,11,21.920112083607727,27.70485385861049,17.28261294358466,426.87412553997234,8719.211026133715
"Arabica, Mt Elgon",arabica,2020-12,2020,12,17.366135508381348,23.59961773956248,10.990233940316001,17.734479238640354,2628.709671974957
"Arabica, Rwenzori",arabica,2020-12,2020,12,17.587248381563743,24.313751226120946,11.775677937395471,168.8144709290927,2944.8618901873747
"Robusta, Greater Masaka",robusta,2020-12,2020,12,21.17780832996602,27.319356963798832,15.893595315365308,181.85727558283082,7685.258283154902
"Robusta, Central",robusta,2020-12,2020,12,21.76093550363896,28.954934687262977,15.804503328681477,85.4298288271121,24255.539073361513
"Robusta, South-west",robusta,2020-12,2020,12,21.175791466036408,28.49683192006618,14.655503788100413,136.00312212686308,14270.908828976686
"Robusta, Busoga",robusta,2020-12,2020,12,22.1831405310388,28.09387373466463,17.290921383771742,69.54725823899528,8719.211026133715
"Arabica, Mt Elgon",arabica,2021-01,2021,1,17.99424798177035,24.77308071687589,11.468551128610848,56.199622871313515,2628.709671974957
"Arabica, Rwenzori",arabica,2021-01,2021,1,18.14206834226339,25.198446487194257,12.51036734807985,80.92258303692849,2944.8618901873747
"Robusta, Greater Masaka",robusta,2021-01,2021,1,21.364691218311023,28.428000104634485,15.704107059239437,68.08679269855696,7685.258283154902
"Robusta, Central",robusta,2021-01,2021,1,22.37486881542961,29.933808621833865,16.290045825002583,71.8187254588016,24255.539073361513
"Robusta, South-west",robusta,2021-01,2021,1,21.89960614340498,30.103099509100417,15.382601039826223,63.28016653702086,14270.908828976686
"Robusta, Busoga",robusta,2021-01,2021,1,22.549939501970748,29.47410984910094,17.441831036402686,81.44232523439413,8719.211026133715
"Arabica, Mt Elgon",arabica,2021-02,2021,2,18.627793742020412,25.62334953582368,11.370496518305213,58.726467899960305,2628.709671974957
"Arabica, Rwenzori",arabica,2021-02,2021,2,19.315037999643295,25.81102932866636,13.031666376765854,60.23907075095473,2944.8618901873747
"Robusta, Greater Masaka",robusta,2021-02,2021,2,22.42964918548878,29.40506537182852,16.268345964766326,52.75090847444666,7685.258283154902
"Robusta, Central",robusta,2021-02,2021,2,23.721553996185136,31.106981594553627,16.249659891194906,44.21829058881265,24255.539073361513
"Robusta, South-west",robusta,2021-02,2021,2,23.046757696247045,31.073465078002464,16.12690316858696,50.985709569103115,14270.908828976686
"Robusta, Busoga",robusta,2021-02,2021,2,23.767931265691583,30.10008932695241,17.437892106990542,53.53346192159601,8719.211026133715
"Arabica, Mt Elgon",arabica,2021-03,2021,3,18.99589860726439,26.65239775776456,12.101700765397162,65.90995057140731,2628.709671974957
"Arabica, Rwenzori",arabica,2021-03,2021,3,18.69235239211979,26.602949858257087,13.135403321930305,142.11706128929944,2944.8618901873747
"Robusta, Greater Masaka",robusta,2021-03,2021,3,22.237920267682686,29.178633353528227,16.554001806160507,135.53921404890843,7685.258283154902
"Robusta, Central",robusta,2021-03,2021,3,23.131316069702677,31.274322734935847,17.16588589873397,103.98711752487871,24255.539073361513
"Robusta, South-west",robusta,2021-03,2021,3,22.284209211985324,30.22433930618426,15.893172322665503,103.91061159663519,14270.908828976686
"Robusta, Busoga",robusta,2021-03,2021,3,23.652937584155683,31.920958146037748,18.299108936807325,79.56455838123117,8719.211026133715
"Arabica, Mt Elgon",arabica,2021-04,2021,4,18.010400631916813,23.937414565270693,12.379708493168279,260.7852959936786,2628.709671974957
"Arabica, Rwenzori",arabica,2021-04,2021,4,18.231722945071205,24.703759537571553,13.085411727021413,146.21248822841017,2944.8618901873747
"Robusta, Greater Masaka",robusta,2021-04,2021,4,21.02017920162236,26.69826842743187,14.713917994599624,203.55496686624113,7685.258283154902
"Robusta, Central",robusta,2021-04,2021,4,21.633159133823813,27.954822101630693,16.148214622799596,194.27487301493252,24255.539073361513
"Robusta, South-west",robusta,2021-04,2021,4,21.267220564587063,28.04259467584665,14.103195383158853,123.67331447554251,14270.908828976686
"Robusta, Busoga",robusta,2021-04,2021,4,22.38536114100327,28.098439916410683,18.165147803407383,249.91262769589304,8719.211026133715
"Arabica, Mt Elgon",arabica,2021-05,2021,5,17.170307025024403,23.252430680594266,11.929153092565693,255.90577050138313,2628.709671974957
"Arabica, Rwenzori",arabica,2021-05,2021,5,17.816544052430785,24.19245341745768,12.990495376835762,92.47597790679845,2944.8618901873747
"Robusta, Greater Masaka",robusta,2021-05,2021,5,20.941156434153815,26.73923502682234,16.285375073664078,149.30905419390845,7685.258283154902
"Robusta, Central",robusta,2021-05,2021,5,21.2672858131884,27.238760410522357,15.972082084407699,121.57558678187853,24255.539073361513
"Robusta, South-west",robusta,2021-05,2021,5,21.119597313559815,28.46527946722143,15.582558625996267,64.70835468548943,14270.908828976686
"Robusta, Busoga",robusta,2021-05,2021,5,21.878576517188492,27.71185750565438,16.236741419471386,143.62105029771524,8719.211026133715
"Arabica, Mt Elgon",arabica,2021-06,2021,6,17.261871011633257,22.98827559979769,11.52724247483306,122.5114689898119,2628.709671974957
"Arabica, Rwenzori",arabica,2021-06,2021,6,17.867623408545573,24.472869137606093,12.308811574143489,63.8819585659419,2944.8618901873747
"Robusta, Greater Masaka",robusta,2021-06,2021,6,21.001443379076726,27.007531853802988,14.962604526285677,18.89060903196242,7685.258283154902
"Robusta, Central",robusta,2021-06,2021,6,21.42120264301401,27.88293456683103,15.800011999567127,42.706876623933766,24255.539073361513
"Robusta, South-west",robusta,2021-06,2021,6,21.615287715891846,29.1379153617427,14.6103770544371,20.92509612598354,14270.908828976686
"Robusta, Busoga",robusta,2021-06,2021,6,21.792530740051337,27.05777825227963,17.153351135715845,76.93006389190661,8719.211026133715
"Arabica, Mt Elgon",arabica,2021-07,2021,7,16.257892373466962,21.305289952732867,11.127827400140266,137.22861009669361,2628.709671974957
"Arabica, Rwenzori",arabica,2021-07,2021,7,17.550540553158985,23.887143661129194,12.324495837790927,43.49112813872195,2944.8618901873747
"Robusta, Greater Masaka",robusta,2021-07,2021,7,21.4631192964756,28.21277382352012,15.052183797055507,23.18736324208902,7685.258283154902
"Robusta, Central",robusta,2021-07,2021,7,21.5049191746625,28.35275188347733,15.24094575789666,48.50000387167992,24255.539073361513
"Robusta, South-west",robusta,2021-07,2021,7,22.28157082416588,29.860810439147812,15.247043492449174,20.426311595416433,14270.908828976686
"Robusta, Busoga",robusta,2021-07,2021,7,21.375194518314014,26.735520657990882,16.533567727995887,49.2843319307161,8719.211026133715
"Arabica, Mt Elgon",arabica,2021-08,2021,8,16.464695277824784,22.077102080174168,11.067359015964822,155.87460273806923,2628.709671974957
"Arabica, Rwenzori",arabica,2021-08,2021,8,17.562091334193397,24.426657528595904,11.988697049702532,115.87322946636422,2944.8618901873747
"Robusta, Greater Masaka",robusta,2021-08,2021,8,21.659655371618655,29.784323747488695,14.596237245918825,68.5202776861662,7685.258283154902
"Robusta, Central",robusta,2021-08,2021,8,21.83136657437108,29.428543723830522,15.485970659133306,122.44478420910752,24255.539073361513
"Robusta, South-west",robusta,2021-08,2021,8,21.809761390014224,30.68294200469904,14.71607860963802,89.23949342669935,14270.908828976686
"Robusta, Busoga",robusta,2021-08,2021,8,21.898029694522137,28.034291455850475,16.60190306897461,112.55378002149345,8719.211026133715
"Arabica, Mt Elgon",arabica,2021-09,2021,9,16.52867992337685,22.78670980171894,11.848439086251707,175.2844226278063,2628.709671974957
"Arabica, Rwenzori",arabica,2021-09,2021,9,17.291066621362255,23.81070655497366,11.900353067123332,149.09465020247546,2944.8618901873747
"Robusta, Greater Masaka",robusta,2021-09,2021,9,21.094144079227238,27.400227539850857,15.93038115422174,78.88220701936066,7685.258283154902
"Robusta, Central",robusta,2021-09,2021,9,21.292230724561154,28.008357980741895,16.039239924049514,102.62835050736895,24255.539073361513
"Robusta, South-west",robusta,2021-09,2021,9,21.03788962746398,28.221478740492376,15.079410831720672,97.13875521259773,14270.908828976686
"Robusta, Busoga",robusta,2021-09,2021,9,21.832630597486926,28.11526521912678,17.437438103125142,154.79288566406385,8719.211026133715
"Arabica, Mt Elgon",arabica,2021-10,2021,10,17.562545615042964,23.36182791916675,12.182135821175814,176.26298880966812,2628.709671974957
"Arabica, Rwenzori",arabica,2021-10,2021,10,17.81662553943035,24.581445117835592,12.411953726405834,197.41529644699602,2944.8618901873747
"Robusta, Greater Masaka",robusta,2021-10,2021,10,21.887926421033846,28.8010137538317,15.67647021148155,126.61696965812206,7685.258283154902
"Robusta, Central",robusta,2021-10,2021,10,22.17936259787421,29.455681123456085,15.734471470111862,129.72232230366643,24255.539073361513
"Robusta, South-west",robusta,2021-10,2021,10,21.62229305167933,28.81318779833425,15.666488354341409,126.94250438321181,14270.908828976686
"Robusta, Busoga",robusta,2021-10,2021,10,22.622522124277722,29.168845361656977,17.19635951820474,130.51092643551058,8719.211026133715
"Arabica, Mt Elgon",arabica,2021-11,2021,11,18.06833333127877,23.797785421531433,12.232567251275757,73.03357179329834,2628.709671974957
"Arabica, Rwenzori",arabica,2021-11,2021,11,17.81781481568431,23.85594997016202,12.58695534873495,158.77231052612754,2944.8618901873747
"Robusta, Greater Masaka",robusta,2021-11,2021,11,22.10514559208094,29.03896119279562,16.52982310333357,81.72203182488367,7685.258283154902
"Robusta, Central",robusta,2021-11,2021,11,22.789312491591797,30.061482323314582,17.032319635284956,112.61149049865018,24255.539073361513
"Robusta, South-west",robusta,2021-11,2021,11,21.52152655710863,28.781461364969577,15.273311995064608,115.05010730212388,14270.908828976686
"Robusta, Busoga",robusta,2021-11,2021,11,23.051753500416662,29.11573250449701,18.079938109106617,95.2320447315952,8719.211026133715
"Arabica, Mt Elgon",arabica,2021-12,2021,12,18.471048271879912,24.646647165545545,11.99976157926475,22.232115786145116,2628.709671974957
"Arabica, Rwenzori",arabica,2021-12,2021,12,18.218708980529193,23.98049817997753,13.1788142416628,154.9884529905282,2944.8618901873747
"Robusta, Greater Masaka",robusta,2021-12,2021,12,22.06137249049564,28.080814486685966,17.199635621936213,87.49211014563477,7685.258283154902
"Robusta, Central",robusta,2021-12,2021,12,23.126376480715123,29.908015593688283,17.214017877950713,77.22729480646791,24255.539073361513
"Robusta, South-west",robusta,2021-12,2021,12,21.783732807054832,28.452142969955112,15.982097637053078,108.34211974839062,14270.908828976686
"Robusta, Busoga",robusta,2021-12,2021,12,23.329558521242916,29.376306713287644,17.487793793753085,48.990823826105235,8719.211026133715
"Arabica, Mt Elgon",arabica,2022-01,2022,1,18.206419454174085,26.283219158630555,10.930915468557934,59.114046140636695,2628.709671974957
"Arabica, Rwenzori",arabica,2022-01,2022,1,18.233744302881117,25.397807162643,12.172993292402403,65.25482534041743,2944.8618901873747
"Robusta, Greater Masaka",robusta,2022-01,2022,1,22.35433422218469,30.71069192716807,16.16224786381339,94.77092790019965,7685.258283154902
"Robusta, Central",robusta,2022-01,2022,1,23.466230253342303,32.40265387931091,16.544589877152447,82.86880707506153,24255.539073361513
"Robusta, South-west",robusta,2022-01,2022,1,22.326403264795765,30.754588035273855,15.40206603002195,50.1481569497636,14270.908828976686
"Robusta, Busoga",robusta,2022-01,2022,1,23.314063498517758,32.18150365357013,17.04653894702383,99.55567450168722,8719.211026133715
"Arabica, Mt Elgon",arabica,2022-02,2022,2,18.634363156010416,25.65721760800917,11.720366039271829,78.67655206705524,2628.709671974957
"Arabica, Rwenzori",arabica,2022-02,2022,2,18.807477455020898,25.314026407208953,12.746111752107804,78.66223377341267,2944.8618901873747
"Robusta, Greater Masaka",robusta,2022-02,2022,2,22.422337635422103,29.056213358833823,17.275237285748172,85.72305725715351,7685.258283154902
"Robusta, Central",robusta,2022-02,2022,2,23.853737324598796,31.71179133527984,17.637046850889607,94.53540327696068,24255.539073361513
"Robusta, South-west",robusta,2022-02,2022,2,22.919414039460975,30.371874885470937,16.498607463124223,81.14517666902367,14270.908828976686
"Robusta, Busoga",robusta,2022-02,2022,2,23.482809238352864,30.02117956588693,18.438116108591377,135.89828741301312,8719.211026133715
"Arabica, Mt Elgon",arabica,2022-03,2022,3,19.3660393875716,27.145218479226333,12.57174850419021,93.12069543259135,2628.709671974957
"Arabica, Rwenzori",arabica,2022-03,2022,3,19.12463819152212,26.960730657825145,12.832880611993756,132.80977882767414,2944.8618901873747
"Robusta, Greater Masaka",robusta,2022-03,2022,3,22.832591416781952,30.36574416005575,16.15032200467148,120.34920083245214,7685.258283154902
"Robusta, Central",robusta,2022-03,2022,3,23.975988636331078,32.81073719082283,17.774263338307218,115.38110032856349,24255.539073361513
"Robusta, South-west",robusta,2022-03,2022,3,23.085436075428376,31.676147551856953,15.362930149531337,92.7683389652375,14270.908828976686
"Robusta, Busoga",robusta,2022-03,2022,3,24.0700740288969,32.19776298225713,18.58251478766436,109.26617670409773,8719.211026133715
"Arabica, Mt Elgon",arabica,2022-04,2022,4,18.22168508946764,25.581589455791047,12.481202385540403,176.52008956614966,2628.709671974957
"Arabica, Rwenzori",arabica,2022-04,2022,4,18.112976932573343,24.94760991672888,13.125215687875208,181.80641000876506,2944.8618901873747
"Robusta, Greater Masaka",robusta,2022-04,2022,4,21.6249350877937,29.052803072011947,16.363756048985177,287.5387602501654,7685.258283154902
"Robusta, Central",robusta,2022-04,2022,4,22.206057092307987,30.026913640661956,16.84428558105461,198.99645340512242,24255.539073361513
"Robusta, South-west",robusta,2022-04,2022,4,21.34745281339635,28.864219719121046,15.265138920518284,176.9530894719618,14270.908828976686
"Robusta, Busoga",robusta,2022-04,2022,4,22.789935383898374,30.429036670277966,18.222844405421558,188.00331529006667,8719.211026133715
"Arabica, Mt Elgon",arabica,2022-05,2022,5,17.40193003361611,22.984319334916325,11.97189013390367,211.90909780062026,2628.709671974957
"Arabica, Rwenzori",arabica,2022-05,2022,5,17.934040417525992,23.964530775422084,12.97973312630553,138.26473002929197,2944.8618901873747
"Robusta, Greater Masaka",robusta,2022-05,2022,5,21.32005102831169,27.782194068822278,16.156815854087846,122.6413452768227,7685.258283154902
"Robusta, Central",robusta,2022-05,2022,5,21.576474539208174,27.911293667836325,16.34438640438865,121.11322292496442,24255.539073361513
"Robusta, South-west",robusta,2022-05,2022,5,21.115830205119114,28.133800639784152,15.013619487842073,85.11073499746483,14270.908828976686
"Robusta, Busoga",robusta,2022-05,2022,5,22.035490147047337,28.00135622611902,17.478629008343187,174.38477256909542,8719.211026133715
"Arabica, Mt Elgon",arabica,2022-06,2022,6,16.36956957305325,22.52335423869081,11.112316472956767,89.09996028765838,2628.709671974957
"Arabica, Rwenzori",arabica,2022-06,2022,6,17.459535711695768,23.636385089969842,11.710381309610401,37.74336296362842,2944.8618901873747
"Robusta, Greater Masaka",robusta,2022-06,2022,6,21.144052667488513,27.44585557149431,14.549058224569954,18.952262163777576,7685.258283154902
"Robusta, Central",robusta,2022-06,2022,6,21.36232321957318,28.041206977593333,15.34770632591998,52.39218274794944,24255.539073361513
"Robusta, South-west",robusta,2022-06,2022,6,21.130982460815815,28.406362923009375,13.787235924701395,15.112607013708697,14270.908828976686
"Robusta, Busoga",robusta,2022-06,2022,6,21.51068821932988,27.22013560697754,16.8412448557541,75.3025429836346,8719.211026133715
"Arabica, Mt Elgon",arabica,2022-07,2022,7,16.344692287497153,21.531132646354095,10.08317154210106,120.92840963724154,2628.709671974957
"Arabica, Rwenzori",arabica,2022-07,2022,7,17.793151346531033,24.168408116691467,11.586608202306541,20.726325657965102,2944.8618901873747
"Robusta, Greater Masaka",robusta,2022-07,2022,7,21.729976218484087,28.26225017341011,14.842802635256337,6.925459590689104,7685.258283154902
"Robusta, Central",robusta,2022-07,2022,7,22.02634650496405,28.945514744234533,14.697045170028371,38.0124042438716,24255.539073361513
"Robusta, South-west",robusta,2022-07,2022,7,21.97564193923957,29.527388235620176,14.293019867455222,8.339367599933167,14270.908828976686
"Robusta, Busoga",robusta,2022-07,2022,7,21.781174692304226,27.384541230957485,15.569372136730907,48.507834801445185,8719.211026133715
"Arabica, Mt Elgon",arabica,2022-08,2022,8,16.044565427793433,20.861952263635654,10.861247427636581,306.90206256956367,2628.709671974957
"Arabica, Rwenzori",arabica,2022-08,2022,8,17.108749135869438,23.968018491976565,12.214503036693698,114.40001271763838,2944.8618901873747
"Robusta, Greater Masaka",robusta,2022-08,2022,8,21.157439818732392,28.898039153972338,14.040327600080047,74.42365539971964,7685.258283154902
"Robusta, Central",robusta,2022-08,2022,8,21.101205949062358,29.27432278061905,15.266756551967708,136.2460107948983,24255.539073361513
"Robusta, South-west",robusta,2022-08,2022,8,20.792922906232256,29.469683615000903,14.535446575760284,98.58375017203394,14270.908828976686
"Robusta, Busoga",robusta,2022-08,2022,8,21.369091093609605,27.330434598809617,15.642381633958781,185.40180732729942,8719.211026133715
"Arabica, Mt Elgon",arabica,2022-09,2022,9,16.5622283269252,22.242368136049517,11.084078930504008,150.51888994568048,2628.709671974957
"Arabica, Rwenzori",arabica,2022-09,2022,9,16.882467070237887,23.293891637169047,11.549370426306982,103.62389486122646,2944.8618901873747
"Robusta, Greater Masaka",robusta,2022-09,2022,9,21.161009591648682,27.81562231597748,15.74531388066658,71.28505024015158,7685.258283154902
"Robusta, Central",robusta,2022-09,2022,9,21.231944566889233,28.09147240179053,15.90210059028611,132.30755657188982,24255.539073361513
"Robusta, South-west",robusta,2022-09,2022,9,20.484721034817,27.172254023451103,14.333685727224312,76.17952459165902,14270.908828976686
"Robusta, Busoga",robusta,2022-09,2022,9,21.892518974361064,28.181195734829732,17.205591451769312,156.59942150330377,8719.211026133715
"Arabica, Mt Elgon",arabica,2022-10,2022,10,17.490640838917713,24.015490587421215,11.929572453629307,166.73911525492693,2628.709671974957
"Arabica, Rwenzori",arabica,2022-10,2022,10,17.557519740694413,23.531918181749337,12.3045846117512,207.28532338341725,2944.8618901873747
"Robusta, Greater Masaka",robusta,2022-10,2022,10,22.03817308408617,28.978171193865656,16.011748428138205,113.68961847800806,7685.258283154902
"Robusta, Central",robusta,2022-10,2022,10,22.18883210206485,29.51805886048689,16.65767981691825,122.45557355433068,24255.539073361513
"Robusta, South-west",robusta,2022-10,2022,10,21.3244756473756,28.608888423478767,14.838984739992586,143.56349619108195,14270.908828976686
"Robusta, Busoga",robusta,2022-10,2022,10,22.822385669662925,29.422442015677728,18.075896038985135,96.22326005380586,8719.211026133715
"Arabica, Mt Elgon",arabica,2022-11,2022,11,17.32175215152837,22.991133979109094,12.182211282321745,155.51813268348852,2628.709671974957
"Arabica, Rwenzori",arabica,2022-11,2022,11,16.605604168078056,22.77473006741629,12.507295080580025,197.51668461504752,2944.8618901873747
"Robusta, Greater Masaka",robusta,2022-11,2022,11,20.709707187705778,28.662791231116362,15.888077205945278,110.88537416239731,7685.258283154902
"Robusta, Central",robusta,2022-11,2022,11,21.00680105708328,28.563518164281383,16.49163148044812,125.81109233124057,24255.539073361513
"Robusta, South-west",robusta,2022-11,2022,11,19.965230321144713,27.048261324617688,15.045763115827224,137.82517622245973,14270.908828976686
"Robusta, Busoga",robusta,2022-11,2022,11,21.792816101152717,28.23992286471208,17.72930882550947,132.38549844695888,8719.211026133715
"Arabica, Mt Elgon",arabica,2022-12,2022,12,17.258193054619902,23.327088242042862,11.507204156953682,51.817472630713596,2628.709671974957
"Arabica, Rwenzori",arabica,2022-12,2022,12,16.664257710242463,22.682444769420393,11.238569002752742,125.75731628688051,2944.8618901873747
"Robusta, Greater Masaka",robusta,2022-12,2022,12,20.591003671341884,26.448527325032433,15.13796414788937,135.7343405651199,7685.258283154902
"Robusta, Central",robusta,2022-12,2022,12,21.31207969010183,27.851607483198006,15.774366748880585,119.8229180973184,24255.539073361513
"Robusta, South-west",robusta,2022-12,2022,12,20.114522753179106,26.21875076564867,13.965406857713862,102.20589568472366,14270.908828976686
"Robusta, Busoga",robusta,2022-12,2022,12,21.894038689580793,28.013864312997605,17.32690797887388,116.85114877418297,8719.211026133715
"Arabica, Mt Elgon",arabica,2023-01,2023,1,17.968287005924413,25.36241718234449,10.932563430196225,14.887404814419792,2628.709671974957
"Arabica, Rwenzori",arabica,2023-01,2023,1,17.74945805958439,24.747254467896376,11.573717354796973,40.47828910994168,2944.8618901873747
"Robusta, Greater Masaka",robusta,2023-01,2023,1,21.71408587418068,29.247575186056242,15.428511440816372,50.50846303329636,7685.258283154902
"Robusta, Central",robusta,2023-01,2023,1,23.073061895608145,31.25137855715957,15.97507825264827,28.148083543158176,24255.539073361513
"Robusta, South-west",robusta,2023-01,2023,1,21.562449164078725,29.68848080142121,14.563290636133555,45.966877616903865,14270.908828976686
"Robusta, Busoga",robusta,2023-01,2023,1,23.01484783419709,30.692976946781876,16.70790453295276,24.124538917243648,8719.211026133715
"Arabica, Mt Elgon",arabica,2023-02,2023,2,19.71769877780172,26.855323656613837,11.894395329826663,18.31111653275331,2628.709671974957
"Arabica, Rwenzori",arabica,2023-02,2023,2,18.96951913459869,25.917192508229242,12.36942475535742,38.77684293868278,2944.8618901873747
"Robusta, Greater Masaka",robusta,2023-02,2023,2,23.20673360913138,30.639271377773216,16.5495867964771,37.31172130817414,7685.258283154902
"Robusta, Central",robusta,2023-02,2023,2,24.40477624116771,32.93959073196482,17.096684909930413,43.81947962175666,24255.539073361513
"Robusta, South-west",robusta,2023-02,2023,2,23.422921976607324,31.575699072699727,16.262552015129014,27.359448421715456,14270.908828976686
"Robusta, Busoga",robusta,2023-02,2023,2,24.56821094972947,32.87033837295411,17.81157634590127,31.29564081128019,8719.211026133715
"Arabica, Mt Elgon",arabica,2023-03,2023,3,17.907509291946674,27.371723019976994,12.316799608679526,175.423780705663,2628.709671974957
"Arabica, Rwenzori",arabica,2023-03,2023,3,17.365525834435235,25.93760033253863,12.371281473613314,151.7748084504019,2944.8618901873747
"Robusta, Greater Masaka",robusta,2023-03,2023,3,21.155171717484006,29.75347123342906,14.867123865920293,135.30382967980037,7685.258283154902
"Robusta, Central",robusta,2023-03,2023,3,21.694008322613918,31.82328291035395,15.996265211773478,166.45300136960734,24255.539073361513
"Robusta, South-west",robusta,2023-03,2023,3,20.830981051040464,30.893939181662425,14.680688319890018,112.53582936735971,14270.908828976686
"Robusta, Busoga",robusta,2023-03,2023,3,22.31575861734244,32.12146879598439,17.57653053009537,186.06488643631243,8719.211026133715
"Arabica, Mt Elgon",arabica,2023-04,2023,4,17.513379568426345,23.656337508793015,12.449419920384678,151.6646415012497,2628.709671974957
"Arabica, Rwenzori",arabica,2023-04,2023,4,17.674552109220848,23.904334253457833,12.368776223748215,194.87201825941742,2944.8618901873747
"Robusta, Greater Masaka",robusta,2023-04,2023,4,20.972210271243654,26.925577306255835,15.802280560286587,183.98414816389936,7685.258283154902
"Robusta, Central",robusta,2023-04,2023,4,21.621654882600126,27.977749175650384,16.602150820709333,202.70554888825498,24255.539073361513
"Robusta, South-west",robusta,2023-04,2023,4,20.694252759806034,27.454134248956205,14.917738595840966,145.8425212745217,14270.908828976686
"Robusta, Busoga",robusta,2023-04,2023,4,22.269673810254147,28.420810693201933,17.450398907613145,244.39024243343772,8719.211026133715
"Arabica, Mt Elgon",arabica,2023-05,2023,5,17.820467094810777,23.478352043053516,12.27710706455095,200.71172240701648,2628.709671974957
"Arabica, Rwenzori",arabica,2023-05,2023,5,18.27645863686945,24.638132898862914,12.263245275645568,118.883794948789,2944.8618901873747
"Robusta, Greater Masaka",robusta,2023-05,2023,5,21.405877043747104,27.37401495402946,15.239104784790714,83.61766516281862,7685.258283154902
"Robusta, Central",robusta,2023-05,2023,5,21.9828330296613,28.453962938502634,16.25830306688649,108.96298270299042,24255.539073361513
"Robusta, South-west",robusta,2023-05,2023,5,21.36277003188393,28.338231929666772,14.614475270640321,69.1472923141884,14270.908828976686
"Robusta, Busoga",robusta,2023-05,2023,5,22.787659356404234,28.65431640420767,17.329527427509777,166.07481255762679,8719.211026133715
"Arabica, Mt Elgon",arabica,2023-06,2023,6,17.337342046291653,22.639932910592304,12.424594670950563,173.12686117415015,2628.709671974957
"Arabica, Rwenzori",arabica,2023-06,2023,6,17.65456709423242,23.966363662096647,12.912081707837515,49.18641234916302,2944.8618901873747
"Robusta, Greater Masaka",robusta,2023-06,2023,6,21.36688299969805,27.278343002624172,15.918651572368528,43.408046920501434,7685.258283154902
"Robusta, Central",robusta,2023-06,2023,6,21.71669799987563,28.072850419209143,16.46737853952258,75.37602872243455,24255.539073361513
"Robusta, South-west",robusta,2023-06,2023,6,21.600814242290518,28.205484058875363,15.373156333061669,26.281555449540818,14270.908828976686
"Robusta, Busoga",robusta,2023-06,2023,6,22.191553472360656,27.545448402062664,18.083348938041752,133.84882070875176,8719.211026133715
"Arabica, Mt Elgon",arabica,2023-07,2023,7,17.02138072347788,22.498720416509528,11.586438442284576,124.62939147065185,2628.709671974957
"Arabica, Rwenzori",arabica,2023-07,2023,7,18.155544130603992,25.022786349934428,11.99723319845105,21.46040442318818,2944.8618901873747
"Robusta, Greater Masaka",robusta,2023-07,2023,7,21.928181269470326,29.686017385309547,15.185281091891065,3.8774978228170913,7685.258283154902
"Robusta, Central",robusta,2023-07,2023,7,22.204575570386815,30.07436311775026,15.521521438873567,18.362089864365068,24255.539073361513
"Robusta, South-west",robusta,2023-07,2023,7,22.70754422293565,30.451673626433575,14.948737437567768,5.37747043499625,14270.908828976686
"Robusta, Busoga",robusta,2023-07,2023,7,22.136943009458285,27.99839337655696,17.200276449478658,40.08932635427213,8719.211026133715
"Arabica, Mt Elgon",arabica,2023-08,2023,8,17.583346399983043,24.58648796314408,12.223385469012763,144.9657079881223,2628.709671974957
"Arabica, Rwenzori",arabica,2023-08,2023,8,18.396536860415402,24.618842751715693,13.013478423088243,55.250492369698975,2944.8618901873747
"Robusta, Greater Masaka",robusta,2023-08,2023,8,22.653412643625234,29.533089603603084,16.56425914695792,22.091601717927826,7685.258283154902
"Robusta, Central",robusta,2023-08,2023,8,22.797620483401662,29.984869372367978,17.040328516895773,56.25812201946786,24255.539073361513
"Robusta, South-west",robusta,2023-08,2023,8,23.401682246133785,31.045634268880384,16.83549015098711,25.98686013051456,14270.908828976686
"Robusta, Busoga",robusta,2023-08,2023,8,23.0866665292095,29.918777618031434,17.669660866185456,84.91586028415836,8719.211026133715
"Arabica, Mt Elgon",arabica,2023-09,2023,9,17.57499836175491,23.72609660152716,11.673380319042085,184.23114408908748,2628.709671974957
"Arabica, Rwenzori",arabica,2023-09,2023,9,17.960370795004263,24.47048857877777,12.743262192622314,102.51859432882883,2944.8618901873747
"Robusta, Greater Masaka",robusta,2023-09,2023,9,22.320013528097093,28.806881666979095,17.14531850628921,132.82861384041186,7685.258283154902
"Robusta, Central",robusta,2023-09,2023,9,22.42360459778471,29.88097791005391,17.27625352341566,117.4344041976016,24255.539073361513
"Robusta, South-west",robusta,2023-09,2023,9,22.086282962691634,30.42419176738103,16.00321044408743,116.53643958285296,14270.908828976686
"Robusta, Busoga",robusta,2023-09,2023,9,22.758801667506038,29.42517580371705,17.551132407852094,168.52607183757507,8719.211026133715
"Arabica, Mt Elgon",arabica,2023-10,2023,10,17.909012138909755,24.10355104139801,12.861081483216964,184.4180789854686,2628.709671974957
"Arabica, Rwenzori",arabica,2023-10,2023,10,17.818021690282087,24.908458545197025,12.705337398165726,181.23557605927874,2944.8618901873747
"Robusta, Greater Masaka",robusta,2023-10,2023,10,22.192132848183082,29.15595264655021,16.144943888669,102.36130249597981,7685.258283154902
"Robusta, Central",robusta,2023-10,2023,10,22.297887928917454,29.4253233450884,17.43675436584499,145.22446141766795,24255.539073361513
"Robusta, South-west",robusta,2023-10,2023,10,21.46376582900981,28.94222259217168,15.20990079191104,134.2917763208327,14270.908828976686
"Robusta, Busoga",robusta,2023-10,2023,10,23.043636357953904,29.147190126880105,18.79744021175828,175.83420400953264,8719.211026133715
"Arabica, Mt Elgon",arabica,2023-11,2023,11,17.16361181971604,22.381787455742263,12.470762587014098,124.6331910357172,2628.709671974957
"Arabica, Rwenzori",arabica,2023-11,2023,11,17.160663384798312,23.090067177831518,12.565557400307457,194.3974930614628,2944.8618901873747
"Robusta, Greater Masaka",robusta,2023-11,2023,11,20.743522601543507,26.709501154865286,15.908089646727527,192.42688278816067,7685.258283154902
"Robusta, Central",robusta,2023-11,2023,11,21.29514560987914,27.539835012096802,16.714822567041118,189.97009256409638,24255.539073361513
"Robusta, South-west",robusta,2023-11,2023,11,20.246863996995092,26.624792519282263,14.940687889788341,154.90833711566566,14270.908828976686
"Robusta, Busoga",robusta,2023-11,2023,11,22.069236978422477,27.614057734044806,18.08825316828431,213.2543442580018,8719.211026133715
"Arabica, Mt Elgon",arabica,2023-12,2023,12,18.13643288696586,24.321404101280976,11.67708454860868,44.75273398052317,2628.709671974957
"Arabica, Rwenzori",arabica,2023-12,2023,12,17.840901214590623,24.397729630783473,12.686813301321735,138.70245223205598,2944.8618901873747
"Robusta, Greater Masaka",robusta,2023-12,2023,12,21.670629326845145,27.86190147388151,16.2795068338152,152.51438999724886,7685.258283154902
"Robusta, Central",robusta,2023-12,2023,12,22.164072536705145,28.72112938455894,17.026729447856827,99.40398375419657,24255.539073361513
"Robusta, South-west",robusta,2023-12,2023,12,21.480342488924105,27.49532571857943,15.585306689729673,132.91248392658304,14270.908828976686
"Robusta, Busoga",robusta,2023-12,2023,12,22.807022540099293,29.68141708416587,18.367317237273465,79.68498713538594,8719.211026133715
"Arabica, Mt Elgon",arabica,2024-01,2024,1,18.146093028125172,24.4678907497474,12.484151119790216,93.90404378914491,2628.709671974957
"Arabica, Rwenzori",arabica,2024-01,2024,1,18.713899548787953,24.753630536325343,13.179833467159954,26.65498077277331,2944.8618901873747
"Robusta, Greater Masaka",robusta,2024-01,2024,1,22.58492130194639,29.337654450193767,17.08121990885874,62.45501970797639,7685.258283154902
"Robusta, Central",robusta,2024-01,2024,1,23.443730882080658,30.9374514664048,17.261196714429193,59.14341432135025,24255.539073361513
"Robusta, South-west",robusta,2024-01,2024,1,22.757868386942448,30.062509426175257,16.34352998424843,32.61844333229232,14270.908828976686
"Robusta, Busoga",robusta,2024-01,2024,1,23.457368892067795,30.115049506217886,18.165360668560133,135.33086578451426,8719.211026133715
"Arabica, Mt Elgon",arabica,2024-02,2024,2,19.162525396229512,26.170391257154748,13.09265049022976,92.21016507885072,2628.709671974957
"Arabica, Rwenzori",arabica,2024-02,2024,2,19.06929659784657,25.834523948485767,13.449384080910399,58.14285347931823,2944.8618901873747
"Robusta, Greater Masaka",robusta,2024-02,2024,2,22.907351348626875,29.48701311745066,17.57472346830754,57.03783981461169,7685.258283154902
"Robusta, Central",robusta,2024-02,2024,2,24.18627107463355,31.890888084764814,18.268840693214745,54.17115018396906,24255.539073361513
"Robusta, South-west",robusta,2024-02,2024,2,23.07008718803911,30.092076328666796,16.843651690993248,47.12623161605857,14270.908828976686
"Robusta, Busoga",robusta,2024-02,2024,2,24.181975075800278,32.031429665402804,19.054182677595325,83.0302810180074,8719.211026133715
"Arabica, Mt Elgon",arabica,2024-03,2024,3,19.84770899746843,27.325657374713817,13.341256382679378,97.58685223730119,2628.709671974957
"Arabica, Rwenzori",arabica,2024-03,2024,3,19.63119821810614,27.166370359307102,13.76826679375735,113.07155354784565,2944.8618901873747
"Robusta, Greater Masaka",robusta,2024-03,2024,3,23.22477493269273,29.71512614585357,17.912273829786372,94.02603597433087,7685.258283154902
"Robusta, Central",robusta,2024-03,2024,3,24.21664521047942,31.77036223458792,18.38451886199139,69.26494399483522,24255.539073361513
"Robusta, South-west",robusta,2024-03,2024,3,23.368244869315507,31.638144175068536,16.804927471087687,75.17967652343098,14270.908828976686
"Robusta, Busoga",robusta,2024-03,2024,3,24.739706614930377,32.25868202411909,19.512395459241137,88.37074091195127,8719.211026133715
"Arabica, Mt Elgon",arabica,2024-04,2024,4,18.02924957985396,24.321064715867315,13.256025019970645,227.81759351075235,2628.709671974957
"Arabica, Rwenzori",arabica,2024-04,2024,4,18.653666040733533,25.649569333861045,13.663072360510347,164.8700077881344,2944.8618901873747
"Robusta, Greater Masaka",robusta,2024-04,2024,4,21.714310117487532,27.177990731176717,16.002037063551015,210.82104553018905,7685.258283154902
"Robusta, Central",robusta,2024-04,2024,4,22.35696686635225,28.258825774219464,17.21248865543458,173.16296980729518,24255.539073361513
"Robusta, South-west",robusta,2024-04,2024,4,21.74963680447209,29.0230432307799,15.399710370477512,141.1025352141954,14270.908828976686
"Robusta, Busoga",robusta,2024-04,2024,4,22.814777199264405,28.493635826180856,18.60865379383948,244.4587055329146,8719.211026133715
"Arabica, Mt Elgon",arabica,2024-05,2024,5,17.971837183860004,23.719431486567437,12.713337111726448,163.07222372133103,2628.709671974957
"Arabica, Rwenzori",arabica,2024-05,2024,5,18.920740345547685,25.246673356938903,14.022122835468233,135.36128723273893,2944.8618901873747
"Robusta, Greater Masaka",robusta,2024-05,2024,5,22.278013232114745,28.481900756643675,16.600100456526025,126.30948996279872,7685.258283154902
"Robusta, Central",robusta,2024-05,2024,5,22.585535887506225,28.79349383063374,17.438758055038466,91.15657059293034,24255.539073361513
"Robusta, South-west",robusta,2024-05,2024,5,22.51991003286298,30.039647258689257,16.03750317657737,66.95740697528686,14270.908828976686
"Robusta, Busoga",robusta,2024-05,2024,5,23.083474505457357,28.460386426359086,18.528722745038124,115.5688778657147,8719.211026133715
"Arabica, Mt Elgon",arabica,2024-06,2024,6,17.546253232968166,23.502195918104505,12.275141716650293,73.80367577233713,2628.709671974957
"Arabica, Rwenzori",arabica,2024-06,2024,6,18.430527124652166,24.943453114149154,11.956761613759769,36.85532757244426,2944.8618901873747
"Robusta, Greater Masaka",robusta,2024-06,2024,6,22.514167922783667,28.723975850422576,15.479307511302716,31.434813064670553,7685.258283154902
"Robusta, Central",robusta,2024-06,2024,6,22.81684046989188,29.462766630624984,16.617702592337036,51.88343526673483,24255.539073361513
"Robusta, South-west",robusta,2024-06,2024,6,23.112007284350724,30.149539995746853,14.8718376934775,14.956049646699322,14270.908828976686
"Robusta, Busoga",robusta,2024-06,2024,6,22.590628069926442,28.64015145841696,17.846141954205716,59.38335661956888,8719.211026133715
"Arabica, Mt Elgon",arabica,2024-07,2024,7,16.809961040880296,22.52505451696586,12.12799032799078,244.08170286470104,2628.709671974957
"Arabica, Rwenzori",arabica,2024-07,2024,7,17.795805866528262,24.796442814596954,12.406287812515336,53.59439062638845,2944.8618901873747
"Robusta, Greater Masaka",robusta,2024-07,2024,7,22.420461281779655,29.912300302800222,15.425619690677351,55.537272968207,7685.258283154902
"Robusta, Central",robusta,2024-07,2024,7,22.5852426988242,30.141492871651938,16.203282005904466,123.20903417131105,24255.539073361513
"Robusta, South-west",robusta,2024-07,2024,7,22.745171874842534,30.855710043387884,15.170571070605355,33.268080554814254,14270.908828976686
"Robusta, Busoga",robusta,2024-07,2024,7,22.412372653369555,28.54857948636956,17.96422871077602,134.4844180791618,8719.211026133715
"Arabica, Mt Elgon",arabica,2024-08,2024,8,16.63269448619399,22.39549871380447,11.28856979187276,185.1305659242515,2628.709671974957
"Arabica, Rwenzori",arabica,2024-08,2024,8,17.61755787547061,24.314518674353778,12.786621490386546,105.46390243907723,2944.8618901873747
"Robusta, Greater Masaka",robusta,2024-08,2024,8,22.424882762185828,29.406641348447888,16.482027567525314,52.17289731032596,7685.258283154902
"Robusta, Central",robusta,2024-08,2024,8,22.30321041328339,29.37043857155422,16.690462864922313,102.26629622280407,24255.539073361513
"Robusta, South-west",robusta,2024-08,2024,8,22.380567327331544,30.716975639519728,15.996461845675856,63.07346487289735,14270.908828976686
"Robusta, Busoga",robusta,2024-08,2024,8,22.433155723677746,29.006919169690132,17.73479441233281,100.12488611879155,8719.211026133715
"Arabica, Mt Elgon",arabica,2024-09,2024,9,17.32372938303563,23.22223124356389,12.225162994778067,162.2473484774507,2628.709671974957
"Arabica, Rwenzori",arabica,2024-09,2024,9,18.02395238196621,24.858130778142602,12.87965881907081,154.78985234827232,2944.8618901873747
"Robusta, Greater Masaka",robusta,2024-09,2024,9,22.499530643590795,30.417266954220416,16.292111572639847,77.49586478836792,7685.258283154902
"Robusta, Central",robusta,2024-09,2024,9,22.600224176559582,29.997334498385413,17.355899993192864,90.16725170368714,24255.539073361513
"Robusta, South-west",robusta,2024-09,2024,9,22.549911876959413,30.857565507061032,16.20371003777922,103.97728727371374,14270.908828976686
"Robusta, Busoga",robusta,2024-09,2024,9,23.29010751577328,29.90546078688415,18.667094420778827,117.88189649466933,8719.211026133715
"Arabica, Mt Elgon",arabica,2024-10,2024,10,17.563032092993254,23.64256108952623,12.24676370088155,191.50980539596864,2628.709671974957
"Arabica, Rwenzori",arabica,2024-10,2024,10,17.75963186703951,24.293962193240173,12.369676948409722,196.42232680609504,2944.8618901873747
"Robusta, Greater Masaka",robusta,2024-10,2024,10,21.958366902117486,29.153675982270315,16.285979699848326,93.226964870346,7685.258283154902
"Robusta, Central",robusta,2024-10,2024,10,22.17640076814412,29.367342061148793,16.89496282282013,129.6796877008436,24255.539073361513
"Robusta, South-west",robusta,2024-10,2024,10,21.626623899316595,29.052495970010554,15.309862535936308,130.90372111912956,14270.908828976686
"Robusta, Busoga",robusta,2024-10,2024,10,22.89788216133716,29.024674085103996,18.168707419334556,156.47675115164503,8719.211026133715
"Arabica, Mt Elgon",arabica,2024-11,2024,11,17.387316202040143,23.44920531136401,12.489272722851897,248.14530098763296,2628.709671974957
"Arabica, Rwenzori",arabica,2024-11,2024,11,17.2654022581504,23.946138983574848,12.131132899613897,265.1196202560486,2944.8618901873747
"Robusta, Greater Masaka",robusta,2024-11,2024,11,21.3711865771127,27.9935825901595,16.304535971719872,169.2857711046035,7685.258283154902
"Robusta, Central",robusta,2024-11,2024,11,21.774609562997373,29.081971388883794,17.024296875775242,166.83233671368325,24255.539073361513
"Robusta, South-west",robusta,2024-11,2024,11,20.78994717767614,27.63442492073896,15.424088925487263,190.7581648581862,14270.908828976686
"Robusta, Busoga",robusta,2024-11,2024,11,22.403632217963253,28.723326048715496,17.955114413952767,289.60365010272847,8719.211026133715
"Arabica, Mt Elgon",arabica,2024-12,2024,12,17.880965960441756,23.890280132737857,11.237990563686115,24.04099851904102,2628.709671974957
"Arabica, Rwenzori",arabica,2024-12,2024,12,17.644218033813953,23.79607501610533,11.986803100782506,116.51341837656634,2944.8618901873747
"Robusta, Greater Masaka",robusta,2024-12,2024,12,21.73391353895423,29.22351747150647,15.993709662140976,119.9537098291317,7685.258283154902
"Robusta, Central",robusta,2024-12,2024,12,22.17475820008753,29.945919940744748,15.77459368067782,57.08275552978229,24255.539073361513
"Robusta, South-west",robusta,2024-12,2024,12,21.45066195684275,29.50584395765523,14.678234376832123,93.77193136368611,14270.908828976686
"Robusta, Busoga",robusta,2024-12,2024,12,22.693850366148776,29.769955821702656,17.315517131266496,41.13227054602918,8719.211026133715
"Arabica, Mt Elgon",arabica,2025-01,2025,1,18.364667948236445,25.629635453833277,11.716892048031305,42.26995341004847,2628.709671974957
"Arabica, Rwenzori",arabica,2025-01,2025,1,18.668438448820424,25.14597167666356,12.538192896817177,45.90374143385659,2944.8618901873747
"Robusta, Greater Masaka",robusta,2025-01,2025,1,22.97851202049152,29.826272123273593,16.78561866752147,60.833897060914225,7685.258283154902
"Robusta, Central",robusta,2025-01,2025,1,23.811875185674854,31.40310064619168,16.853129533308554,51.289384800023996,24255.539073361513
"Robusta, South-west",robusta,2025-01,2025,1,23.2227368180989,30.762603484251407,16.032131555081012,39.84249899701277,14270.908828976686
"Robusta, Busoga",robusta,2025-01,2025,1,23.71854629642849,30.789204376952718,17.649523491761002,57.565234622426246,8719.211026133715
"Arabica, Mt Elgon",arabica,2025-02,2025,2,19.9415921838052,27.742366097864434,12.264764195924549,20.37489710888028,2628.709671974957
"Arabica, Rwenzori",arabica,2025-02,2025,2,19.835184761231055,26.86650530065167,13.337909003836913,45.64473277838053,2944.8618901873747
"Robusta, Greater Masaka",robusta,2025-02,2025,2,24.207096210158987,32.22437227497518,17.289202730524373,24.217998855738898,7685.258283154902
"Robusta, Central",robusta,2025-02,2025,2,25.1569982654784,34.50416668183622,17.297498889579284,23.254026207273945,24255.539073361513
"Robusta, South-west",robusta,2025-02,2025,2,24.443628173101526,33.37141159636156,16.815746829517256,32.942354063071726,14270.908828976686
"Robusta, Busoga",robusta,2025-02,2025,2,25.355801293207108,34.67672977941422,17.94413509896221,11.360014216624414,8719.211026133715
"Arabica, Mt Elgon",arabica,2025-03,2025,3,19.048758022597738,28.519388752988387,13.040970081154285,190.68136418016144,2628.709671974957
"Arabica, Rwenzori",arabica,2025-03,2025,3,19.32757177064001,27.56746012046397,13.836762079769889,122.48444486532068,2944.8618901873747
"Robusta, Greater Masaka",robusta,2025-03,2025,3,23.443379105177698,31.705550465360638,17.378517311929624,110.39714384034261,7685.258283154902
"Robusta, Central",robusta,2025-03,2025,3,24.148752934333075,34.071846274113085,18.157105528154652,129.9494254526057,24255.539073361513
"Robusta, South-west",robusta,2025-03,2025,3,23.49962104438453,33.22963187285896,16.411580775292933,76.9637601017777,14270.908828976686
"Robusta, Busoga",robusta,2025-03,2025,3,24.26569610600439,34.44482344286304,18.519991653049676,137.10913418683668,8719.211026133715
"Arabica, Mt Elgon",arabica,2025-04,2025,4,17.79597962993463,24.18610533839997,12.665546028263146,178.08717476147044,2628.709671974957
"Arabica, Rwenzori",arabica,2025-04,2025,4,18.066954507512733,24.66352411163593,13.26946313359639,211.78248851305483,2944.8618901873747
"Robusta, Greater Masaka",robusta,2025-04,2025,4,21.569359701001865,27.415113736319647,16.796869421036238,176.1516644567867,7685.258283154902
"Robusta, Central",robusta,2025-04,2025,4,22.110913461295144,28.70416365189624,17.078835063678717,146.7180597619007,24255.539073361513
"Robusta, South-west",robusta,2025-04,2025,4,21.332117640358664,28.599362788645454,15.652416002011513,157.4007299769619,14270.908828976686
"Robusta, Busoga",robusta,2025-04,2025,4,22.706291481220166,28.701867113135556,18.263128539562466,195.84065190440924,8719.211026133715
"Arabica, Mt Elgon",arabica,2025-05,2025,5,17.354837283811477,23.210899196058097,12.045400039151941,246.86340546614082,2628.709671974957
"Arabica, Rwenzori",arabica,2025-05,2025,5,17.992717326299097,24.290238829475243,13.05334856415961,124.69754373861268,2944.8618901873747
"Robusta, Greater Masaka",robusta,2025-05,2025,5,21.128702113868638,27.593806009232907,15.954993212982997,186.12875073465116,7685.258283154902
"Robusta, Central",robusta,2025-05,2025,5,21.634719245546652,28.058377768192234,16.58469269074838,168.02148158694717,24255.539073361513
"Robusta, South-west",robusta,2025-05,2025,5,21.233531240509453,28.323510579510277,15.04466372080541,83.1111249663136,14270.908828976686
"Robusta, Busoga",robusta,2025-05,2025,5,22.26831556881608,28.061063180825855,18.286868467035326,233.61247948863073,8719.211026133715
"Arabica, Mt Elgon",arabica,2025-06,2025,6,17.1951827728617,22.943839084005113,12.02272744365283,133.69870098131204,2628.709671974957
"Arabica, Rwenzori",arabica,2025-06,2025,6,17.751390988388113,24.018652275207945,12.720728194243577,93.34669866203504,2944.8618901873747
"Robusta, Greater Masaka",robusta,2025-06,2025,6,21.382141226894255,28.066177488703936,15.484046890087818,76.41448287112397,7685.258283154902
"Robusta, Central",robusta,2025-06,2025,6,21.715957516230286,28.69286854351384,16.38742944229406,83.55413834165401,24255.539073361513
"Robusta, South-west",robusta,2025-06,2025,6,21.596219070677467,29.015966479626915,15.062382019715061,61.71665935615655,14270.908828976686
"Robusta, Busoga",robusta,2025-06,2025,6,22.06676843043882,27.73908688123755,17.25716076163156,78.30515347674815,8719.211026133715
"Arabica, Mt Elgon",arabica,2025-07,2025,7,16.561471970628226,21.677132325902267,11.627844826829634,265.7511983787799,2628.709671974957
"Arabica, Rwenzori",arabica,2025-07,2025,7,17.392643250777436,24.039830930122434,11.885597367032934,38.06107584980318,2944.8618901873747
"Robusta, Greater Masaka",robusta,2025-07,2025,7,21.46383580592111,28.124022238165864,15.21448898385992,21.124866416349864,7685.258283154902
"Robusta, Central",robusta,2025-07,2025,7,21.650437231805892,29.010166592971157,15.83340253559028,47.39293560021564,24255.539073361513
"Robusta, South-west",robusta,2025-07,2025,7,22.021481671807305,29.81526795912998,14.862515890064975,16.49743980870493,14270.908828976686
"Robusta, Busoga",robusta,2025-07,2025,7,21.808898115196467,27.892273408769668,16.581848198023877,119.47185011447037,8719.211026133715
"Arabica, Mt Elgon",arabica,2025-08,2025,8,16.149702519005093,21.41059836987696,11.321675226124025,162.21611582625374,2628.709671974957
"Arabica, Rwenzori",arabica,2025-08,2025,8,17.035518690308837,24.044210743737736,11.940211554791459,91.72829564118445,2944.8618901873747
"Robusta, Greater Masaka",robusta,2025-08,2025,8,21.220088300217128,29.378588170607763,14.939187872192925,52.514517800678334,7685.258283154902
"Robusta, Central",robusta,2025-08,2025,8,21.270936493289387,29.380663287871805,15.359740777089913,87.29772112355663,24255.539073361513
"Robusta, South-west",robusta,2025-08,2025,8,21.25664840299666,30.238253861397116,14.32726211384773,72.90603486297317,14270.908828976686
"Robusta, Busoga",robusta,2025-08,2025,8,21.733645099961436,27.655525926388414,17.268642377576004,97.52888309105528,8719.211026133715
"Arabica, Mt Elgon",arabica,2025-09,2025,9,16.995718344673254,22.67104935634196,11.596789852990161,150.4798784523562,2628.709671974957
"Arabica, Rwenzori",arabica,2025-09,2025,9,17.83219652608975,24.63356854405035,12.114515673246535,138.43317759086722,2944.8618901873747
"Robusta, Greater Masaka",robusta,2025-09,2025,9,22.431562013900443,29.491148989722852,15.742049261413722,77.1772214523494,7685.258283154902
"Robusta, Central",robusta,2025-09,2025,9,22.37324181674218,29.19756783553764,15.699139064461994,99.71078531058005,24255.539073361513
"Robusta, South-west",robusta,2025-09,2025,9,22.474018447249374,29.99912496681073,14.687372353235942,88.9007193233542,14270.908828976686
"Robusta, Busoga",robusta,2025-09,2025,9,22.824563400682216,28.73453164239329,18.10900072965968,112.06558632775803,8719.211026133715
"Arabica, Mt Elgon",arabica,2025-10,2025,10,16.998004299340785,22.881612780383595,11.641094411133716,314.31384982817474,2628.709671974957
"Arabica, Rwenzori",arabica,2025-10,2025,10,17.45685557255974,24.097021470011388,11.913863770100763,202.5546674145715,2944.8618901873747
"Robusta, Greater Masaka",robusta,2025-10,2025,10,21.947370006965617,28.669630011964752,16.60632497140536,113.77850575669342,7685.258283154902
"Robusta, Central",robusta,2025-10,2025,10,21.903715527472016,29.131547858055647,16.751471269379014,132.3242413079151,24255.539073361513
"Robusta, South-west",robusta,2025-10,2025,10,21.132394185564433,28.09210962813831,15.098932171634825,148.98240500710804,14270.908828976686
"Robusta, Busoga",robusta,2025-10,2025,10,22.623333997795722,29.149492717418138,18.019553113433883,167.11605415951828,8719.211026133715
"Arabica, Mt Elgon",arabica,2025-11,2025,11,17.721903877114574,24.15108473534337,11.956568457103032,61.240430672492494,2628.709671974957
"Arabica, Rwenzori",arabica,2025-11,2025,11,17.592490171823258,23.728411964393484,12.50514410979723,158.17835081731747,2944.8618901873747
"Robusta, Greater Masaka",robusta,2025-11,2025,11,21.998462543223525,28.573704037606472,16.28539343846954,65.74065226630685,7685.258283154902
"Robusta, Central",robusta,2025-11,2025,11,22.414971809686833,29.4536865069284,16.54267007861176,56.63808859523589,24255.539073361513
"Robusta, South-west",robusta,2025-11,2025,11,21.416605256307733,28.34672328903924,15.453167559420914,93.0807724580679,14270.908828976686
"Robusta, Busoga",robusta,2025-11,2025,11,23.175450871918866,29.534074206728853,17.76196864060256,58.62944073430591,8719.211026133715
"Arabica, Mt Elgon",arabica,2025-12,2025,12,17.95315634194481,24.558923366752744,12.124275469364928,64.30515241702702,2628.709671974957
"Arabica, Rwenzori",arabica,2025-12,2025,12,17.494036892904994,24.41074377832999,11.995169160116143,150.96616954306566,2944.8618901873747
"Robusta, Greater Masaka",robusta,2025-12,2025,12,21.750792573673582,29.521164612964416,15.950248441271082,169.96822898214185,7685.258283154902
"Robusta, Central",robusta,2025-12,2025,12,22.60615026640942,30.558258852062117,16.65142458642262,127.57142717845645,24255.539073361513
"Robusta, South-west",robusta,2025-12,2025,12,21.316331453123393,29.82148080463982,15.058266162153368,131.07578321632857,14270.908828976686
"Robusta, Busoga",robusta,2025-12,2025,12,23.321160600905248,30.90130409652264,18.056419837093927,123.63418638063382,8719.211026133715
"Arabica, Mt Elgon",arabica,2026-01,2026,1,18.987584304868015,26.45591157917086,11.142180247676626,16.18613596773244,2628.709671974957
"Arabica, Rwenzori",arabica,2026-01,2026,1,18.698423913464797,26.459165233701647,12.380716592524035,65.4045022246436,2944.8618901873747
"Robusta, Greater Masaka",robusta,2026-01,2026,1,22.99943001021333,31.163376695343533,15.842769731973258,56.610544454670205,7685.258283154902
"Robusta, Central",robusta,2026-01,2026,1,24.026718426998432,32.97784135069875,16.30395001413664,31.92580638635044,24255.539073361513
"Robusta, South-west",robusta,2026-01,2026,1,23.095506442698287,31.71050191016418,15.1752568562963,54.524596328540504,14270.908828976686
"Robusta, Busoga",robusta,2026-01,2026,1,24.426824409525096,32.92621370944258,17.11096887491997,20.059572669607004,8719.211026133715
"Arabica, Mt Elgon",arabica,2026-02,2026,2,18.086799725566966,25.693940587553676,12.080637744107527,215.64482470097988,2628.709671974957
"Arabica, Rwenzori",arabica,2026-02,2026,2,18.015057539914828,25.46208797691231,12.239852588140614,101.63539420438768,2944.8618901873747
"Robusta, Greater Masaka",robusta,2026-02,2026,2,22.009429160114237,29.165727101376696,16.274945766873245,127.73459013004845,7685.258283154902
"Robusta, Central",robusta,2026-02,2026,2,22.60176478207142,31.388681417161862,16.80002396570661,133.3755880193946,24255.539073361513
"Robusta, South-west",robusta,2026-02,2026,2,22.00366777729227,30.757217855162935,15.614941685558536,81.89823620337667,14270.908828976686
"Robusta, Busoga",robusta,2026-02,2026,2,22.9675981338167,30.88366817899585,18.344160833564654,239.66084365859112,8719.211026133715
"Arabica, Mt Elgon",arabica,2026-03,2026,3,17.412652711345103,24.739032482653457,12.331203697182188,242.50578185541175,2628.709671974957
"Arabica, Rwenzori",arabica,2026-03,2026,3,17.652648142725255,24.802399558953237,12.576298951525843,141.93873138287657,2944.8618901873747
"Robusta, Greater Masaka",robusta,2026-03,2026,3,21.32564612746267,28.51181914045406,16.41281435191126,162.87511983886372,7685.258283154902
"Robusta, Central",robusta,2026-03,2026,3,22.09787635566356,30.320561027054048,17.059262821042086,149.73802220571727,24255.539073361513
"Robusta, South-west",robusta,2026-03,2026,3,21.137097508358465,28.976247600584394,15.038418729851236,110.1650096119019,14270.908828976686
"Robusta, Busoga",robusta,2026-03,2026,3,22.57731374426829,30.244822979421816,18.213265065301123,202.83820558779652,8719.211026133715
"Arabica, Mt Elgon",arabica,2026-04,2026,4,17.811567508741497,23.69102237295192,12.490269750689553,133.11014253239864,2628.709671974957
"Arabica, Rwenzori",arabica,2026-04,2026,4,18.061525211681882,24.350690473277165,12.821004473011872,143.15455951439074,2944.8618901873747
"Robusta, Greater Masaka",robusta,2026-04,2026,4,21.67856406424064,28.29266825289781,16.243933827975578,176.26643209972198,7685.258283154902
"Robusta, Central",robusta,2026-04,2026,4,22.37367947700996,29.066823102224998,17.14182673193755,140.37210722700829,24255.539073361513
"Robusta, South-west",robusta,2026-04,2026,4,21.533426879874188,28.490461721526863,15.422830602931256,111.57847694424132,14270.908828976686
"Robusta, Busoga",robusta,2026-04,2026,4,22.805256513197577,28.84174411467631,18.44438631569717,176.6207208022018,8719.211026133715
"Arabica, Mt Elgon",arabica,2026-05,2026,5,17.53078419666022,23.415715469474183,12.56029634107005,180.61692572249532,2628.709671974957
"Arabica, Rwenzori",arabica,2026-05,2026,5,18.154850976951536,24.336312929839075,13.33922235838454,91.47587061832427,2944.8618901873747
"Robusta, Greater Masaka",robusta,2026-05,2026,5,21.795493307399934,27.02292544983155,16.64636182305105,79.47018336350749,7685.258283154902
"Robusta, Central",robusta,2026-05,2026,5,22.06168328997615,27.92093434559055,16.92505338893795,94.7338932087852,24255.539073361513
"Robusta, South-west",robusta,2026-05,2026,5,21.786378903691983,28.029507852382388,15.99147415822362,53.172135229400844,14270.908828976686
"Robusta, Busoga",robusta,2026-05,2026,5,22.637116173242756,28.1387613721564,18.430779799035147,107.57392727659061,8719.211026133715
"Arabica, Mt Elgon",arabica,2026-06,2026,6,17.886350131511016,24.062602286669758,11.525060459717425,56.126896463680886,2628.709671974957
"Arabica, Rwenzori",arabica,2026-06,2026,6,18.41421154333307,24.533973871565497,12.558298212058254,49.760040505536466,2944.8618901873747
"Robusta, Greater Masaka",robusta,2026-06,2026,6,22.103160704401308,28.98929089748148,15.27876039775313,16.61348794023654,7685.258283154902
"Robusta, Central",robusta,2026-06,2026,6,22.745816367501195,29.754518295838608,16.017644026809734,30.850538902522523,24255.539073361513
"Robusta, South-west",robusta,2026-06,2026,6,22.49472915700504,30.03999219204535,14.945116440412134,22.566954122947998,14270.908828976686
"Robusta, Busoga",robusta,2026-06,2026,6,22.82976596084764,28.492043026707012,16.821411146671917,39.67469213411477,8719.211026133715
